task_mean__T1,task_mean__T2,task_mean__T3,task_diff_T2_T1,task_diff_T3_T1,task_diff_T3_T2,task_h_T2_T1,task_h_T3_T1,task_h_T3_T2,adj_mean_chatbot,adj_mean_dashboard,adj_diff_interface
0.8552719579264025,0.8553543754049401,0.4844795112168896,8.241747853754422e-05,-0.37079244670951295,-0.3708748641880505,0.00023428379114509568,-0.8213168614944237,-0.8215511452855688,0.7375182325199154,0.7258856638455725,0.011632568674342925
0.8951448360794856,0.8558246471403675,0.46803249958055326,-0.03932018893911804,-0.4271123364989323,-0.3877921475598143,-0.11943854744955518,-0.9752602462026891,-0.855821698753134,0.732410579449077,0.7469240757511942,-0.01451349630211729
0.9017445330400297,0.8664013431728376,0.5136187565154862,-0.03534318986719209,-0.3881257765245435,-0.3527825866573514,-0.11070128961315051,-0.9058921996718161,-0.7951909100586656,0.754995967875657,0.7661804539432451,-0.01118448606758804
0.8989171974343925,0.8345974307078087,0.4720280271083623,-0.0643197667265838,-0.4268891703260302,-0.3625694035994464,-0.1905697588057378,-0.9796676802036872,-0.7890979213979494,0.7530532867703409,0.7173084833967017,0.03574480337363917
0.8715218235821389,0.8482924102236455,0.5068833709433165,-0.023229413358493378,-0.36463845263882244,-0.34140903928032906,-0.06698041830269741,-0.8238396682582982,-0.7568592499556008,0.7456167945731426,0.7388482752595914,0.006768519313551158
0.8966105773633515,0.855652726041431,0.4869153385207416,-0.040957851321920424,-0.4096952388426099,-0.36873738752068946,-0.12472699909001506,-0.9422530602925518,-0.8175260612025368,0.7670601433798426,0.7257256179038399,0.04133452547600269
0.9177449059569007,0.8566083859681478,0.47438459472651817,-0.06113651998875291,-0.44336031123038255,-0.38222379124162964,-0.19494678706549573,-1.04027679708377,-0.8453300100182743,0.7557355777459314,0.7434230133551132,0.012312564390818181
0.912451578349543,0.8463128963984602,0.4558751935336466,-0.06613868195108286,-0.45657638481589646,-0.3904377028648136,-0.20490776126639165,-1.0583954217007716,-0.85348766043438,0.7637870974322265,0.7126393480888732,0.05114774934335331
0.8715330077487928,0.8326569224896542,0.49857696167346793,-0.03887608525913866,-0.3729560460753249,-0.33407996081618624,-0.10972614367438771,-0.8404863494878692,-0.7307602058134814,0.7485264265144415,0.7199848347601686,0.028541591754272844
0.8798356593946489,0.8310131470501217,0.46802157763607755,-0.04882251234452717,-0.41181408175857137,-0.3629915694140442,-0.139288399859971,-0.9268080687162783,-0.7875196688563073,0.7456457279634741,0.7069345280904247,0.038711199873049384
0.8636130438178561,0.8396323100876759,0.47648146204301334,-0.02398073373018017,-0.38713158177484275,-0.3631508480446626,-0.06751184723749803,-0.8613264293151728,-0.7938145820776747,0.7464408173844262,0.7067103932479372,0.039730424136489084
0.8856383750847493,0.8599070318203123,0.4514501684828789,-0.025731343264437045,-0.4341882066018704,-0.40845686333743336,-0.07731018684827573,-0.9780975087375359,-0.9007873218892601,0.7486989047431504,0.715964812182143,0.032734092561007344
0.9040465622240141,0.8499041520335839,0.4805287535470739,-0.0541424101904302,-0.4235178086769402,-0.36937539848651,-0.1657786066233249,-0.979860052997261,-0.8140814463739361,0.763032118817227,0.7266208597192212,0.0364112590980058
0.8948276965492484,0.8326691794667158,0.5110015989848732,-0.062158517082532616,-0.38382609756437525,-0.32166758048184263,-0.18230017261504683,-0.8882421603291133,-0.7059419877140665,0.7540707521185034,0.7382615645487214,0.015809187569782
0.8812146231501217,0.8869495921656769,0.5010542636370197,0.005734969015555258,-0.380160359513102,-0.38589532852865727,0.017915974326530915,-0.8649505437030545,-0.8828665180295854,0.7686218361626386,0.7441904831392403,0.024431353023398272
0.9108571053544672,0.8510578056101038,0.49719630377742324,-0.05979929974436338,-0.41366080157704394,-0.35386150183268056,-0.18604818192278838,-0.9700198666675977,-0.7839716847448093,0.7669153609742915,0.7391587821870381,0.02775657878725335
0.8787356993196583,0.8362615261367127,0.48882361501994304,-0.04247417318294566,-0.3899120842997153,-0.34743791111676964,-0.12181859051408184,-0.8817859309691327,-0.7599673404550509,0.7612813928112013,0.7079325008396746,0.0533488919715267
0.9221604437769161,0.8394488635725341,0.47568184743364106,-0.08271158020438196,-0.446478596343275,-0.36376701613889306,-0.25903618174174303,-1.053952014896074,-0.7949158331543309,0.76254318453486,0.728984251987201,0.03355893254765907
0.8833758430771789,0.8315464380207781,0.5467610243287103,-0.05182940505640077,-0.33661481874846855,-0.2847854136920678,-0.1488224912256415,-0.7801067055403026,-0.6312842143146611,0.7757581138723213,0.7320307564121236,0.043727357460197736
0.8693418814570831,0.8227835478439953,0.5126021008160622,-0.04655833361308781,-0.35673978064102096,-0.31018144702793315,-0.12934992994968075,-0.8059086694090758,-0.676558739459395,0.7434833558130987,0.7263349975983282,0.017148358214770454
0.9103651197115403,0.8630455603535876,0.49060310689862785,-0.047319559357952734,-0.4197620128129125,-0.37244245345495974,-0.15006809380622155,-0.9814829114980352,-0.8314148176918137,0.7625616537643203,0.7467808708781837,0.015780782886136602
0.9076617215883993,0.8606922839974467,0.48323560164087065,-0.04696943759095262,-0.42442611994752866,-0.37745668235657603,-0.14748807488719518,-0.9868226756254423,-0.8393346007382472,0.7661009920528026,0.734958746098342,0.03114224595446058
0.888640330515413,0.8368672471259023,0.4900861799447693,-0.0517730833895107,-0.39855415057064375,-0.34678106718113305,-0.15108114263563932,-0.9101609260528873,-0.759079783417248,0.7545356698973317,0.7225268351600579,0.032008834737273784
0.9074115783182841,0.8563150976500598,0.5054941228886827,-0.051096480668224364,-0.40191745542960144,-0.3508209747613771,-0.15918379425189233,-0.9414356075070192,-0.7822518132551268,0.7690658099945276,0.7437480559101569,0.025317754084370647
0.8955561626775831,0.8698983883230768,0.5037926887877385,-0.025657774354506335,-0.39176347388984456,-0.3661056995353382,-0.07985710216616315,-0.9050399175402557,-0.8251828153740925,0.7736706045100012,0.7391608886822646,0.03450971582773665
0.9009883591644076,0.8528244654408907,0.4687186150530113,-0.048163893723516815,-0.43226974411139624,-0.3841058503878794,-0.14725845125661863,-0.9932006772564135,-0.8459422259997949,0.7380028939774128,0.7436847324614603,-0.005681838484047463
0.9068315241059446,0.8350088198178219,0.5083593570807742,-0.07182270428812265,-0.3984721670251704,-0.32664946273704776,-0.21619314154597813,-0.9337061976684351,-0.717513056122457,0.7656646550138394,0.7344684789891874,0.031196176024651967
0.8784919465544553,0.8192702615869282,0.5037851745717875,-0.05922168496752711,-0.3747067719826678,-0.31548508701514066,-0.16608457747490313,-0.8511144874523013,-0.6850299099773982,0.7449536562667719,0.7227445988753419,0.022209057391429976
0.8713845559280816,0.8405550024461765,0.5233794105231654,-0.03082955348190508,-0.3480051454049162,-0.31717559192301115,-0.08791912790543588,-0.7904208440495328,-0.702501716144097,0.7645984862024111,0.7256141597292046,0.03898432647320649
0.9039990811735031,0.8462050080534733,0.47920355096343653,-0.05779407312002982,-0.4247955302100666,-0.3670014570900368,-0.17592252906040518,-0.9823514171918053,-0.8064288881314001,0.7654850923855846,0.7207866677413574,0.04469842464422724
0.894918466149961,0.841191358172621,0.49407981425445385,-0.05372710797733993,-0.4008386518955071,-0.3471115439181672,-0.15952582537401794,-0.9223837216638735,-0.7628578962898556,0.7580591703456798,0.7287339220390104,0.029325248306669383
0.8631289634383211,0.8481382352811844,0.4660158642301153,-0.014990728157136757,-0.3971130992082058,-0.38212237105106905,-0.04266580334703329,-0.8808832610928203,-0.838217457745787,0.741067304898549,0.710454737067865,0.030612567830684
0.9008107110559943,0.8250450496835758,0.4700206923506009,-0.07576566137241847,-0.4307900187053934,-0.35502435733297494,-0.22229947286159124,-0.9899970767637474,-0.7676976039021561,0.7603335278878811,0.7035841075055662,0.0567494203823149
0.8981116607888705,0.834527475054681,0.4930925586068026,-0.06358418573418956,-0.4050191021820679,-0.3414349164478783,-0.18809042233178053,-0.9348422295641383,-0.7467518072323578,0.7559870200615112,0.7278341095720581,0.02815291048945312
0.8802087575077818,0.8496524148474703,0.4639087926092001,-0.030556342660311486,-0.41629996489858173,-0.38574362223827025,-0.08953123607005997,-0.9362010075783758,-0.8466697715083158,0.7331768264059856,0.7293364835703158,0.0038403428356698077
0.9215788515706937,0.825758992274147,0.4751541094248205,-0.0958198592965468,-0.44642474214587324,-0.35060488284932645,-0.29354576760975526,-1.052841690377281,-0.7592959227675258,0.7405855062462826,0.7410757959334914,-0.000490289687208767
0.905709957170424,0.8414838728033166,0.507160944790128,-0.06422608436710742,-0.39854901238029605,-0.33432292801318864,-0.19475959940705767,-0.9322550865590429,-0.7374954871519852,0.7651840230834157,0.7377191600924966,0.027464862990919103
0.9118728534007368,0.8416416291943202,0.49958276665698115,-0.07023122420641659,-0.4122900867437556,-0.342058862537339,-0.2157364179871908,-0.9688207823214441,-0.7530843643342533,0.7724475930344793,0.7296172398002128,0.04283035323426654
0.8972874750326207,0.8226429835692913,0.4929584676732849,-0.07464449146332941,-0.40432900735933586,-0.32968451589600645,-0.21690964754295594,-0.9323907332257433,-0.7154810856827873,0.7534314346442039,0.7218278495392605,0.03160358510494343
0.9112460858188706,0.8576074567129279,0.5008970384105225,-0.05363862910594264,-0.4103490474083481,-0.35671041830240546,-0.16884731655505547,-0.9639847973039213,-0.7951374807488658,0.7765082244313717,0.7366588295301757,0.03984939490119599
0.8842939592045357,0.8439290665906958,0.4843405109683987,-0.04036489261383991,-0.399953448236137,-0.3595885556222971,-0.11809690391730276,-0.9079550560363094,-0.7898581521190067,0.7466203415575439,0.7284220162848762,0.018198325272667626
0.9211916875252307,0.8622390232063756,0.48666792288617605,-0.05895266431885515,-0.4345237646390547,-0.3755711003201995,-0.19141402577284472,-1.028358208254577,-0.8369441824817323,0.7721624553091797,0.7412366337693419,0.030925821539837806
0.8645925367152077,0.8352848415692012,0.5030218696251496,-0.029307695146006507,-0.36157066709005814,-0.33226297194405163,-0.08215388477881502,-0.8110865557702147,-0.7289326709913997,0.7532541905707271,0.7153453080356452,0.037908882535081845
0.8761672582268843,0.8323489753538277,0.46142152043923496,-0.04381828287305667,-0.4147457377876494,-0.3709274549145927,-0.12450917821225005,-0.9288323544258832,-0.8043231762136331,0.7507697037995189,0.6958554655471124,0.05491423825240649
0.8995771884880263,0.7987275325798258,0.49647647154569796,-0.1008496559082005,-0.4031007169423283,-0.3022510610341278,-0.2855634467507233,-0.9329342828041336,-0.6473708360534103,0.7604237141208673,0.7027637476214993,0.057659966499368
0.9129617623697265,0.8417831022269681,0.4866003203690363,-0.07117866014275842,-0.4263614420006902,-0.3551827818579318,-0.21920084398167283,-0.9986408959582547,-0.7794400519765818,0.7559671488452967,0.7382629744651903,0.017704174380106408
0.9078096943168763,0.8384941529541499,0.5074605133649671,-0.06931554136272644,-0.4003491809519092,-0.33103363958918275,-0.21013602203830084,-0.9388773242607042,-0.7287413022224034,0.7557843315098818,0.7467252422474472,0.009059089262434594
0.8946519436642276,0.8619462760970985,0.5122574777751873,-0.032705667567129115,-0.38239446588904036,-0.34968879832191124,-0.10024660119970585,-0.8851570291537516,-0.7849104279540458,0.7637244217249005,0.7488460432994416,0.014878378425458916
0.910835724682033,0.8397324623898528,0.502176787774949,-0.07110326229218022,-0.408658936907084,-0.33755567461490377,-0.21730430307485005,-0.9599838264959155,-0.7426795234210655,0.7734633689255715,0.7283666143056516,0.04509675461991991
0.8819288756975685,0.8768901964477043,0.4916497013399377,-0.005038679249864231,-0.3902791743576308,-0.3852404951077666,-0.015473430980958991,-0.8859709729956042,-0.8704975420146452,0.7632356907163647,0.7370768249404425,0.02615886577592219
0.9087710367686959,0.8610228889223378,0.46578261303702373,-0.04774814784635806,-0.44298842373167213,-0.3952402758853141,-0.15037502811587222,-1.0256180939033157,-0.8752430657874435,0.7599556555635929,0.7304287035884455,0.02952695197514743
0.8791025445947391,0.7868799620034481,0.478881333381278,-0.09222258259129101,-0.40022121121346116,-0.30799862862217015,-0.24946657572405995,-0.9028057304037709,-0.6533391546797109,0.7261905496001957,0.703718677052781,0.022471872547414673
0.9071292236869177,0.8524756785556905,0.4789035014305373,-0.05465354513122722,-0.42822572225638045,-0.3735721771251532,-0.16909605535661854,-0.9936561420365388,-0.8245600866799203,0.7716334144399257,0.7207055213421713,0.05092789309775447
0.8879597083618815,0.8221350019594079,0.4799736467681412,-0.06582470640247362,-0.40798606159374035,-0.3421613551912667,-0.18810285432654483,-0.928234681315607,-0.7401318269890622,0.7561409938349536,0.7039045775580001,0.05223641627695352
0.9122213427744448,0.8525373757349722,0.49070271505194957,-0.05968396703947254,-0.4215186277224952,-0.36183466068302267,-0.18668819021371874,-0.9878123846179072,-0.8011241944041885,0.7556939928110179,0.7479469628965598,0.007747029914458081
0.8903659394056872,0.8292696783144969,0.48208899529951216,-0.06109626109119026,-0.40827694410617504,-0.3471806830149848,-0.17696004502581664,-0.9316658936887767,-0.7547058486629601,0.7316697301588339,0.7361466785209638,-0.004476948362129973
0.8869561714556542,0.8230500154582275,0.5078920694272999,-0.06390615599742666,-0.3790641020283543,-0.3151579460309276,-0.18253217831863155,-0.8692110303037872,-0.6866788519851557,0.7496667507865413,0.7289320867742466,0.020734664012294735
0.8801815438570404,0.8290081695650209,0.4994877256859993,-0.05117337429201951,-0.3806938181710411,-0.3295204438790216,-0.14569057260176832,-0.8648965090545835,-0.7192059364528152,0.76652772877271,0.7059238972993305,0.060603831473379555
0.92314495618775,0.867586202807137,0.49459307233908156,-0.055558753380613,-0.4285518838486685,-0.3729931304680555,-0.18306091219940068,-1.019795954730923,-0.8367350425315223,0.7523115151686063,0.7712379723873729,-0.018926457218766624
0.8953624722798785,0.8366794938676753,0.4752431238995163,-0.05868297841220327,-0.42011934838036225,-0.361436369968159,-0.17324949583095384,-0.9615263172303292,-0.7882768213993754,0.7285549487752646,0.7429684445894489,-0.014413495814184274
0.9153064319150369,0.8575730606025014,0.48659984245644156,-0.05773337131253553,-0.42870658945859536,-0.3709732181460598,-0.18337423770849393,-1.0070108969444698,-0.8236366592359758,0.7575579030068225,0.7487616536424976,0.008796249364324882
0.8894346181345324,0.8628930719103474,0.4957513878752245,-0.02654154622418503,-0.3936832302593079,-0.3671416840351229,-0.08068438874330353,-0.90135820481968,-0.8206738160763765,0.7450630679212216,0.7536563173588479,-0.008593249437626294
0.8954113088100869,0.8255316912878626,0.48297291934789993,-0.06987961752222427,-0.41243838946218697,-0.3425587719399627,-0.2031672951485728,-0.9462126262379176,-0.7430453310893448,0.7406608427883281,0.7286164368422383,0.012044405946089798
0.9118458024647417,0.8283002939855139,0.485322736344908,-0.08354550847922781,-0.42652306611983365,-0.34297755764060583,-0.25158810755595074,-0.9972496422510311,-0.7456615346950803,0.760843441926788,0.7228024466033212,0.03804099532346683
0.9070927082279366,0.8760235062458901,0.5016366691367348,-0.031069201982046546,-0.40545603909120187,-0.3743868371091553,-0.1001624954169884,-0.9480514764554921,-0.8478889810385037,0.766278641383484,0.7568899476902238,0.00938869369326023
0.8969435883710577,0.8827165585961401,0.4840403657714982,-0.014227029774917632,-0.41290322259955947,-0.39867619282464184,-0.04546117142595074,-0.9490999723795572,-0.9036388009536065,0.7801074874772443,0.7290261876818863,0.051081299795358026
0.9086722943385511,0.8568763315827939,0.5033687265171428,-0.05179596275575726,-0.4053035678214083,-0.35350760506565104,-0.1619453508212656,-0.9500494358091802,-0.7881040849879146,0.7643033996033524,0.7483081686889729,0.015995230914379488
0.8848262244502237,0.8363072093492748,0.49050708605688953,-0.048519015100948915,-0.3943191383933342,-0.3458001232923853,-0.14056044606873774,-0.8972835857734287,-0.756723139704691,0.76408674990099,0.7103402633366019,0.053746486564388074
0.8979688693202441,0.8458001593406408,0.4730434438968135,-0.05216870997960332,-0.4249254254234306,-0.37275671544382727,-0.15685266153796684,-0.9744942820641311,-0.8176416205261643,0.7650711268658138,0.7128038548393183,0.052267272026495504
0.89959219118139,0.8708592979784814,0.46582147074724906,-0.028732893202908616,-0.43377072043414094,-0.40503782723123233,-0.09030799487569618,-0.9943474904903871,-0.9040394956146909,0.7653264082026787,0.7255222317354016,0.039804176467277075
0.8935525957650602,0.8570484224660561,0.47977434203115293,-0.03650417329900413,-0.41377825373390725,-0.3772740804349031,-0.11076859477116541,-0.9465640717175587,-0.8357954769463933,0.7366132421007302,0.7503036647407827,-0.013690422640052491
0.8938595854284653,0.8684402397615609,0.47486565824126187,-0.025419345666904403,-0.41899392718720346,-0.39357458152029906,-0.07865358584819715,-0.9573876242118315,-0.8787340383636344,0.766112876710719,0.7253307789101398,0.04078209780057929
0.919960702268518,0.8053699193513003,0.4846844830505602,-0.11459078291721769,-0.4352762192179578,-0.3206854363007401,-0.34014379185106236,-1.027774211152138,-0.6876304193010756,0.7596695089547254,0.7136738941588602,0.045995614795865225
0.906510982781244,0.8646076447577347,0.4773626366274508,-0.04190333802350932,-0.42914834615379316,-0.38724500813028384,-0.13214927906553964,-0.9946139754396386,-0.862464696374099,0.768592224411715,0.7303952850325718,0.03819693937914326
0.8633275217055532,0.8245123640135813,0.4703909591178164,-0.03881515769197186,-0.39293656258773674,-0.3541214048957649,-0.10713863792990885,-0.8726931615219764,-0.7655545235920675,0.7627175120613081,0.6761030511633258,0.0866144608979823
0.8820743755277999,0.8528857138401961,0.4654340137890091,-0.029188661687603812,-0.41664036173879077,-0.38745170005118695,-0.08620914596989593,-0.9389077704701145,-0.8526986245002186,0.7432304480124012,0.7236989540922688,0.019531493920132426
0.8799947919916177,0.8301652292743119,0.45539539857430356,-0.049829562717305764,-0.4245993934173141,-0.37476983070000836,-0.14203837358639815,-0.9526250425776497,-0.8105866689912515,0.7213172383268733,0.722386374899949,-0.001069136573075613
0.8737282527553833,0.8208972442514593,0.5004994213601949,-0.05283100850392408,-0.3732288313951885,-0.3203978228912644,-0.14738903734641795,-0.8432261716447702,-0.6958371342983523,0.7510823152156486,0.7123342970290432,0.03874801818660545
0.8899526963969965,0.8540055003824845,0.490080528475248,-0.03594719601451202,-0.39987216792174846,-0.36392497190723644,-0.10783690650630273,-0.914354893165374,-0.8065179866590713,0.7335724090661285,0.7557867411036908,-0.02221433203756229
0.9004781350408482,0.8350990670619933,0.485373442062382,-0.06537906797885484,-0.4151046929784662,-0.34972562499961135,-0.1944149823438308,-0.958147988870738,-0.7637330065269072,0.7498022055939746,0.7308315571828412,0.018970648411133384
0.9049638451738548,0.8935995963627105,0.49157282221100007,-0.011364248811144284,-0.4133910229628547,-0.4020267741517104,-0.03777469335587069,-0.9608839744424256,-0.9231092810865549,0.7623522341879854,0.7644052749770582,-0.0020530407890728686
0.8804720048443422,0.8848179746219499,0.4933984956662726,0.0043459697776077055,-0.3870735091780696,-0.3914194789556773,0.013503929059653696,-0.8779702379491832,-0.8914741670088369,0.7788815536901512,0.7269107630648921,0.05197079062525911
0.9051429165619921,0.8275826309622736,0.4915030371202122,-0.0775602855997185,-0.4136398794417799,-0.3360795938420614,-0.2302383426293093,-0.9616344354582989,-0.7313960928289895,0.7569848131646039,0.7258342432650481,0.03115056989955578
0.9191490160624919,0.8595191648319339,0.48944687676849535,-0.05962985123055797,-0.42970213929399653,-0.37007228806343856,-0.19173645913678916,-1.0152618422557014,-0.8235253831189122,0.7653747189984517,0.7467019861101626,0.01867273288828908
0.9017998480682303,0.8683363404461237,0.4866482877402695,-0.03346350762210659,-0.4151515603279608,-0.3816880527058542,-0.10518211078501771,-0.9600255371728776,-0.8548434263878599,0.789258348244082,0.7152646359256668,0.07399371231841523
0.8974596288484569,0.8558050868510199,0.482352182824958,-0.04165454199743701,-0.41510744602349886,-0.37345290402606185,-0.12708711024967867,-0.9541774537470995,-0.8270903434974208,0.7636545136295215,0.7267567520534349,0.036897761576086596
0.9006789482176384,0.7965941357205607,0.4884528864897465,-0.10408481249707768,-0.4122260617278919,-0.3081412492308142,-0.2945484438979835,-0.9526580859845917,-0.6581096420866082,0.7558244628051444,0.7013261841468191,0.05449827865832524
0.8929272081826066,0.8607640255481938,0.4579197890126817,-0.03216318263441287,-0.4350074191699249,-0.40284423653551205,-0.09806982083765137,-0.988336638438513,-0.8902668176008617,0.7422320683025325,0.7321752801931225,0.01005678810941002
0.8938310135348774,0.855218590119653,0.4922213938629765,-0.03861242341522442,-0.4016096196719009,-0.3629971962566765,-0.11688576978274812,-0.9225628302823357,-0.8056770604995875,0.7566197236743254,0.7375609413373458,0.01905878233697955
0.8910605732319838,0.8548051477383614,0.4633365837230608,-0.036255425493622484,-0.42772398950892304,-0.39146856401530056,-0.1091176568369785,-0.9714553243998418,-0.8623376675628633,0.7490867216761413,0.7237148147861292,0.02537190689001212
0.8858501999973085,0.8804310035354439,0.49634075752122825,-0.005419196461864617,-0.38950944247608027,-0.38409024601421565,-0.016870007483302807,-0.8888290250070836,-0.8719590175237808,0.7533816007228843,0.7550330399797694,-0.0016514392568851566
0.9010246422229115,0.8527623172439509,0.5082711414000123,-0.04826232497896055,-0.39275350082289917,-0.3444911758439386,-0.14755534555773853,-0.9141754740306676,-0.766620128472929,0.7508234657772567,0.7572152681339928,-0.006391802356736087
0.8948086617928357,0.8562735719634643,0.48485288167801227,-0.03853508982937137,-0.4099557801148234,-0.37142069028545205,-0.11706318583613484,-0.9404839609954212,-0.8234207751592864,0.756299434391154,0.7343239758983875,0.021975458492766498
0.9096284099725468,0.8189870189185141,0.5189195621749252,-0.09064139105403268,-0.3907088477976216,-0.3000674567435889,-0.2682493161083146,-0.9222656233687887,-0.6540163072604741,0.7748623593507838,0.7234943013598736,0.051368057990910265
0.8942296718927548,0.8579490505990457,0.49254335084854717,-0.036280621293709125,-0.40168632104420765,-0.3654056997504985,-0.11039062210913109,-0.92321403357342,-0.8128234114642889,0.7706433696088395,0.7258380126180589,0.04480535699078059
0.9082087799151918,0.868803482468288,0.4698841356992123,-0.0394052974469038,-0.4383246442159795,-0.3989193467690757,-0.12566032678492256,-1.0154479697220018,-0.8897876429370792,0.7599081823449174,0.7380227497102105,0.02188543263470688
0.8738496860270971,0.8303645883830596,0.48763845630194275,-0.04348509764403752,-0.38621122972515437,-0.34272613208111685,-0.12280090851185,-0.8693162882097587,-0.7465153796979087,0.7625334254288921,0.6987017283791742,0.06383169704971792
0.9101322991891054,0.8408618061911988,0.493395161063617,-0.06927049299790666,-0.4167371381254884,-0.34746664512758174,-0.2117574886701954,-0.9750835248246885,-0.7633260361544931,0.7566038320404879,0.7396556789221264,0.01694815311836151
0.8760084987733058,0.8252649075446581,0.5036343804432732,-0.05074359122864769,-0.37237411833003253,-0.32163052710138484,-0.1428349574521337,-0.843847962810579,-0.7010130053584454,0.746323031413813,0.7236154930936787,0.02270753832013428
0.8987176085326674,0.8518134789241725,0.47840546478075036,-0.04690412960849488,-0.420312143751917,-0.3734080141434221,-0.14254369933872102,-0.9662351881261901,-0.8236914887874691,0.7499686530284242,0.7359890484633027,0.013979604565121484
0.8657811037487428,0.8511470703554896,0.47692801754298103,-0.014634033393253199,-0.3888530862057618,-0.3742190528125086,-0.04199551099526433,-0.8667708824880387,-0.8247753714927744,0.7376739451987745,0.7248968492327011,0.012777095966073349
0.9162594592924054,0.8474969713338023,0.505561912240751,-0.06876248795860307,-0.4106975470516544,-0.34193505909305133,-0.21522760741321711,-0.9725150297957512,-0.7572874223825341,0.7693731092077283,0.7435057860369108,0.025867323170817524
0.8983121128171733,0.8063547802473487,0.47547013055335363,-0.09195733256982452,-0.42284198226381964,-0.3308846496939951,-0.2622053056106326,-0.9707692849992811,-0.7085639793886485,0.7485510546870804,0.7048736277248365,0.04367742696224386
0.8817580272005567,0.8370524972990467,0.49626656605908415,-0.04470552990151,-0.3854914611414726,-0.3407859312399626,-0.1289879877469664,-0.8762072552272857,-0.7472192674803193,0.7408586250308827,0.7358594353415754,0.004999189689307348
0.8915018381872167,0.8514070457315567,0.4799712680911714,-0.040094792455660055,-0.4115305700960453,-0.37143577764038527,-0.12013451381288576,-0.9395483608214907,-0.819413847008605,0.7511550944974762,0.7307650068424871,0.020390087654989064
0.9028446506095452,0.8441654833023671,0.49269801518089557,-0.05867916730717815,-0.41014663542864965,-0.3514674681214715,-0.17765256631535165,-0.9514427327820052,-0.7737901664666536,0.7397167339239816,0.7534220321378904,-0.013705298213908756
0.8711448126231641,0.8658998532904111,0.5074131791900147,-0.005244959332753041,-0.3637316334331494,-0.35848667410039636,-0.015521923967091844,-0.8216539680917232,-0.8061320441246314,0.7428887035730081,0.7534165264960521,-0.010527822923043995
0.8846869195569144,0.8567833101128944,0.5052070079317783,-0.027903609444019928,-0.37947991162513606,-0.35157630218111613,-0.08328435580257887,-0.8674461519653134,-0.7841617961627345,0.7615820790972034,0.7362027459705216,0.025379333126681836
0.9138682564091544,0.8388542666726313,0.46660418600893505,-0.07501398973652307,-0.4472640704002193,-0.37225008066369625,-0.23041980203408707,-1.0419030927161979,-0.8114832906821108,0.7666964335140997,0.7128547058797143,0.05384172763438533
0.8973035169639904,0.863505428500905,0.4982139403535035,-0.03379808846308541,-0.39908957661048683,-0.3652914881474014,-0.10440156882292362,-0.921932173713726,-0.8175306048908024,0.7529160687348373,0.7530991884774287,-0.00018311974259144215
0.8993701017722854,0.8303068701402102,0.48908739449842725,-0.06906323163207517,-0.4102827072738581,-0.34121947564178295,-0.20356249041693752,-0.9470254306379076,-0.74346294022097,0.7434430895041731,0.7357331547697754,0.007709934734397739
0.9139876675533705,0.8680728694012978,0.4808384343362411,-0.04591479815207267,-0.43314923321712934,-0.38723443506505667,-0.14812951192368695,-1.0138199751407901,-0.8656904632171032,0.7635305512207212,0.7450687629732184,0.018461788247502775
0.894865701196508,0.8533817534211048,0.4932497489588847,-0.04148394777540321,-0.4016159522376233,-0.3601320044622201,-0.1254582103888202,-0.9238719405380724,-0.7984137301492522,0.745747261974646,0.7485842070763525,-0.0028369451017065117
0.8870848138118304,0.8355342308658811,0.46826267985372483,-0.051550582945949275,-0.4188221339581055,-0.36727155101215625,-0.1497531917005288,-0.9489195319097943,-0.7991663402092655,0.7066371457034698,0.753950670650821,-0.04731352494735119
0.9169753145286712,0.8611324788140067,0.4761723685383756,-0.05584283571466453,-0.4408029459902956,-0.3849601102756311,-0.17915683614796718,-1.0339017742558063,-0.8547449381078391,0.7639735910143274,0.7388798502397083,0.025093740774619122
0.8989214462508576,0.8470887419141355,0.47992224726146127,-0.051832704336722046,-0.4189991989893963,-0.36716649465267426,-0.15643203160169517,-0.9638749118617795,-0.8074428802600844,0.752190958461128,0.7317639984898417,0.020426959971286296
0.8991618043034585,0.8275144656096575,0.4890478945470327,-0.07164733869380102,-0.4101139097564258,-0.3384665710626248,-0.2102855049653507,-0.9464123765518986,-0.7361268715865479,0.7625277863282426,0.7146216566451898,0.047906129683052745
0.8733606955086822,0.855272287737631,0.49045135383090527,-0.01808840777105125,-0.38290934167777696,-0.3648209339067257,-0.052847285769828556,-0.8622175734261097,-0.8093702876562812,0.7637086383268405,0.7156809197246383,0.04802771860220223
0.8962754162141715,0.8602925730709182,0.4922376510233686,-0.035982843143253285,-0.4040377651908029,-0.36805492204754964,-0.11033485430125944,-0.9305060456774468,-0.8201711913761873,0.752956608383216,0.7462471518224228,0.006709456560793137
0.905678061038412,0.8257332996989994,0.5026416180921853,-0.07994476133941253,-0.40303644294622665,-0.3230916816068141,-0.23695239083630915,-0.9411850666184518,-0.7042326757821427,0.7756400404162893,0.7137286121367754,0.0619114282795139
0.8900860162448722,0.8103936096521807,0.47949106128454017,-0.0796924065926915,-0.410594954960332,-0.3309025483676405,-0.22519433595245175,-0.9359701614784477,-0.7107758255259959,0.7237010363902147,0.7296127550641807,-0.005911718673966004
0.8855175954610064,0.8462749161876685,0.509184152844874,-0.03924267927333791,-0.37633344261613244,-0.33709076334279453,-0.11544739783329794,-0.8620958498258682,-0.7466484519925702,0.7343279103009014,0.7596565326947979,-0.02532862239389655
0.9013128315955692,0.8419736339733396,0.4955366544894289,-0.05933919762222961,-0.4057761771061403,-0.34643697948391067,-0.17852448336948346,-0.9406109889587708,-0.7620865055892874,0.7541428000714502,0.7384059466341082,0.01573685343734199
0.88804637138019,0.8773590770459826,0.46722644990250656,-0.010687294334207453,-0.4208199214776835,-0.41013262714347604,-0.03322166017290051,-0.9540401900065769,-0.9208185298336764,0.7582795465623542,0.7301417189900984,0.028137827572255802
0.8793176979770287,0.8128040542028465,0.46819752121378677,-0.06651364377418223,-0.411120176763242,-0.34460653298905974,-0.18530526710254103,-0.9248639678529147,-0.7395587007503737,0.7388072875154862,0.7014055614136219,0.03740172610186432
0.8400690310241995,0.8500368261768506,0.483382103212011,0.009967795152651115,-0.35668692781218847,-0.3666547229648396,0.02754968708740213,-0.7811928640897396,-0.8087425511771418,0.7483653363238225,0.700626637284885,0.04773869903893757
0.9132671163010572,0.8625259603012969,0.48692799770269835,-0.05074115599976026,-0.4263391185983588,-0.37559796259859857,-0.16181264134207574,-0.9990694063480547,-0.837256765005979,0.7691472594916315,0.7393334567117367,0.02981380277989487
0.8714312084741971,0.8414727569640567,0.5081667461520414,-0.029958451510140427,-0.3632644623221557,-0.3333060108120153,-0.08554865572409609,-0.8210018682494311,-0.735453212525335,0.7646106114283737,0.7161031962984897,0.04850741512988399
0.900261061499597,0.8767310376865076,0.4739134635639639,-0.02353002381308933,-0.42634759793563304,-0.4028175741225437,-0.0748540341291557,-0.9803626998878232,-0.9055086657586675,0.7569677794068612,0.7436359290931843,0.013331850313676896
0.9110629698421476,0.8437545881561087,0.4571015262043216,-0.06730838168603892,-0.45396144363782603,-0.3866530619517871,-0.20708187830244462,-1.0510378381621635,-0.8439559598597188,0.7571630721154063,0.7174496506863125,0.03971342142909384
0.867949428960705,0.8503526312780029,0.48931600883025594,-0.01759679768270217,-0.3786334201304491,-0.3610366224477469,-0.05060771276158693,-0.8483628618367456,-0.7977551490751587,0.7425852102064444,0.7291601691728649,0.013425041033579554
0.9065474591169689,0.8539278498178046,0.5050843647175354,-0.052619609299164316,-0.4014630943994335,-0.3488434851002692,-0.16299122038086145,-0.9392801713887333,-0.7762889510078719,0.7772983329037011,0.7330747828645047,0.044223550039196424
0.8841962800255923,0.8392866521044626,0.4753043328004636,-0.044909627921129625,-0.40889194722512867,-0.36398231930399905,-0.1305070721101136,-0.9257370803882956,-0.795230008278182,0.759742173083191,0.7061160035371545,0.053626169546036495
0.8876114886449065,0.8488977608110608,0.5075780841397044,-0.038713727833845635,-0.38003340450520207,-0.34131967667135643,-0.1147527446073604,-0.8719112565930294,-0.757158511985669,0.7732032882786858,0.7228549341184286,0.05034835416025718
0.8867025647575608,0.8672285186024132,0.49740084004687424,-0.019474046155147584,-0.3893017247106866,-0.369827678555539,-0.05932902422668418,-0.8893936448378537,-0.8300646206111695,0.7557286274799458,0.7451593214579532,0.010569306021992686
0.8931376663095036,0.8355072213470746,0.4599121714813301,-0.057630444962429084,-0.4332254948281735,-0.37559504986574443,-0.16918134306505683,-0.9850192862064098,-0.8158379431413529,0.7325246888492972,0.726513350575975,0.006011338273322231
0.8957569623944023,0.8374736012667571,0.5055524019395056,-0.058283361127645206,-0.3902045604548967,-0.3319211993272515,-0.17238906260935183,-0.9021771760720743,-0.7297881134627224,0.7604416447851862,0.7320803322819239,0.028361312503262237
0.8907912524422622,0.8269282821988972,0.5051400090208243,-0.06386297024336496,-0.38565124342143786,-0.3217882731780729,-0.18452828465630056,-0.8869184727928829,-0.7023901881365824,0.7646189084657652,0.7172874539755573,0.047331454490207925
0.8805672077936543,0.8639067734617834,0.4869432431724557,-0.01666043433187092,-0.3936239646211986,-0.37696353028932766,-0.049932124318252225,-0.8911768446320134,-0.8412447203137612,0.7571612684445833,0.7304502145073457,0.026711053937237605
0.9153822925822545,0.7947150723428826,0.47073132952685126,-0.12066722023937182,-0.4446509630554032,-0.3239837428160314,-0.3501266564836176,-1.0390507148441877,-0.68892405836057,0.7644724242229509,0.6894133720783745,0.07505905214457642
0.8923473111793401,0.8684994576531228,0.48817677649702157,-0.023847853526217322,-0.4041705346823185,-0.3803226811561012,-0.07358396402798784,-0.925851986620247,-0.8522680225922592,0.7515745969654869,0.7477744332541693,0.003800163711317639
0.8744108270178953,0.8521892962319648,0.49590042469711354,-0.022221530785930477,-0.37851040232078176,-0.3562888715348513,-0.06473505524839895,-0.8544816245728706,-0.7897465693244716,0.7416240848310651,0.740042947133584,0.0015811376974811386
0.8834314280271285,0.8547732091986735,0.4718309273686228,-0.028658218828454984,-0.4116005006585057,-0.3829422818300507,-0.08508450751051955,-0.9303068089543285,-0.8452223014438089,0.7472129833372018,0.7261440597257481,0.021068923611453627
0.8937851057423,0.8454526830222684,0.5084151765772363,-0.048332422720031576,-0.38536992916506363,-0.33703750644503205,-0.1441153446813508,-0.8900248315179602,-0.7459094868366094,0.7703105668623849,0.7281247433654848,0.04218582349690003
0.9064516027052694,0.8326603931893197,0.5158581280425562,-0.07379120951594964,-0.3905934746627132,-0.3168022651467636,-0.22119639935226942,-0.9173982466726454,-0.6962018473203759,0.7702848222585938,0.733028593699503,0.03725622855909083
0.9143352797979283,0.8661084879238232,0.4964050752997821,-0.04822679187410506,-0.41793020449814616,-0.3697034126240411,-0.1551569637863195,-0.9839182852132939,-0.8287613214269745,0.76398692112764,0.7539123075533826,0.01007461357425743
0.9018659027658774,0.8414523638940844,0.49745912373085155,-0.060413538871793016,-0.40440677903502587,-0.34399324016323285,-0.1818093433467225,-0.9386227148529962,-0.7568133715062737,0.7621230744729304,0.7317285191209449,0.03039455535198543
0.9026384237969591,0.855670517140976,0.4850420119677909,-0.04696790665598316,-0.41759641182916823,-0.3706285051731851,-0.1447378842545306,-0.9660626993094714,-0.8213248150549408,0.7611813562726427,0.7343859456645079,0.02679541060813484
0.8896120086301701,0.8776216237113241,0.4835361464289997,-0.011990384918845964,-0.40607586220117037,-0.3940854772823244,-0.03740158955604267,-0.9263604082203147,-0.8889588186642721,0.7710488767495771,0.7294643090974189,0.04158456765215823
0.8841560777939641,0.8467192522144206,0.49214409098910994,-0.03743682557954353,-0.39201198680485416,-0.35457516122531063,-0.10994957251326376,-0.8919124800596243,-0.7819629075463606,0.7457071219823175,0.7363058253493455,0.009401296632971956
0.8788024138107585,0.8355487647397701,0.5070475790260003,-0.04325364907098839,-0.37175483478475824,-0.32850118571376985,-0.12394749048455589,-0.8455400720875796,-0.7215925816030238,0.7395402804497888,0.7413922246012304,-0.0018519441514416313
0.8849741816886707,0.8684704797327091,0.5014099756739372,-0.016503701955961625,-0.3835642060147335,-0.3670605040587719,-0.05022659761867354,-0.8759402709564648,-0.8257136733377912,0.7612638516986052,0.7419725730316059,0.019291278666999312
0.9041150907525713,0.8425148865695299,0.504810389083584,-0.06160020418304146,-0.39930470166898735,-0.3377044974859459,-0.18649585423321957,-0.9315194939617406,-0.745023639728521,0.7843667791681188,0.716593465102338,0.0677733140657808
0.8976932986939001,0.8250145746148378,0.48699609268226035,-0.07267872407906228,-0.4106972060116398,-0.3380184819325775,-0.2120223595629258,-0.9456559019914417,-0.7336335424285159,0.7611056430044211,0.7120303343229113,0.04907530868150978
0.8907035020749006,0.8473953433049917,0.5140782955472505,-0.0433081587699089,-0.3766252065276501,-0.3333170477577412,-0.12878855265576483,-0.8687570681528176,-0.7399685154970528,0.7901410339291768,0.7113103933555848,0.07883064057359201
0.8762887548711252,0.840678005259848,0.47820845913431687,-0.03561074961127719,-0.39808029573680836,-0.3624695461255312,-0.10235392942156896,-0.8955644559874265,-0.7932105265658576,0.7585735905758457,0.7048765556010144,0.05369703497483136
0.9040869435297937,0.8822463955812518,0.5024244549897372,-0.021840547948541844,-0.4016624885400565,-0.37982194059151464,-0.07079068483759432,-0.9361958998946094,-0.8654052150570151,0.7680639521211633,0.7577745772793585,0.01028937484180481
0.8902827868736017,0.8366623836946078,0.48312253342778366,-0.05362040317899397,-0.4071602534458181,-0.3535398502668241,-0.15687358787989325,-0.9293314642411332,-0.77245787636124,0.7614945489310702,0.7118839203995919,0.04961062853147824
0.8874609862909177,0.8578439806430904,0.498133241639072,-0.02961700564782732,-0.3893277446518457,-0.3597107390040184,-0.08898300069062337,-0.8903251610626239,-0.8013421603720006,0.7626418833702234,0.7329835890118301,0.02965829435839329
0.9063638118728463,0.8656379125881325,0.5009190438001065,-0.04072589928471382,-0.40544476807273977,-0.36471886878802595,-0.12862783896622965,-0.9469803171512734,-0.8183524781850438,0.7823093825163718,0.7329711296576851,0.04933825285868676
0.8858893456500835,0.8653133427296682,0.4811520816936376,-0.02057600292041528,-0.4047372639564459,-0.3841612610360306,-0.06239423793092769,-0.9193383559213784,-0.8569441179904507,0.7420116869586252,0.7462248264236342,-0.004213139465009008
0.8884680730318253,0.8602687370228269,0.49360480864964706,-0.028199336008998377,-0.3948632643821782,-0.36666392837317985,-0.08520746950738056,-0.9025753186197918,-0.8173678491124112,0.7510121311248359,0.7438822813446971,0.007129849780138753
0.876417255208026,0.8518989918983813,0.49447927871181346,-0.024518263309644794,-0.3819379764962126,-0.3574197131865678,-0.07162823419176068,-0.863399598693162,-0.7917713645014013,0.7473511420808877,0.734512541797926,0.012838600282961687
0.8826336616132183,0.848086306850759,0.5139605068265759,-0.03454735476245929,-0.3686731547866424,-0.33412580002418313,-0.10140444926427783,-0.8435318687587594,-0.7421274194944816,0.7644470971641235,0.7320065530295787,0.03244054413454478
0.894035147735931,0.8457239354994485,0.5021366648243507,-0.04831121223648249,-0.39189848291158025,-0.34358727067509776,-0.1441766155436559,-0.9033945863891599,-0.759217970845504,0.7539949513706883,0.7406022140024654,0.013392737368222885
0.9030152846918524,0.8855301614913682,0.4905834016788814,-0.01748512320048423,-0.412431883012971,-0.3949467598124868,-0.05690995097427143,-0.9562489172649866,-0.8993389662907152,0.7692381717966311,0.7501810601114371,0.019057111685193973
0.8723854686682049,0.8310743253217668,0.50878918618254,-0.04131114334643804,-0.3635962824856649,-0.32228513913922685,-0.11650910959881244,-0.8226122400413705,-0.706103130442558,0.7412484146963974,0.7335842387519439,0.007664175944453455
0.8741488475685828,0.8073122072211888,0.4882232273451217,-0.066836640347394,-0.3859256202234611,-0.3190889798760671,-0.18358243532784346,-0.8690479011001968,-0.6854654657723533,0.7398157622776248,0.7066404258123041,0.03317533646532067
0.887802196634773,0.8712282021063743,0.4776100619856844,-0.016573994528398694,-0.4101921346490886,-0.3936181401206899,-0.05094223531891373,-0.9324668890362902,-0.8815246537173764,0.7536962727767895,0.7373973677077649,0.01629890506902465
0.8569058177957085,0.8300211449769215,0.47536448964647454,-0.026884672818787037,-0.38154132814923397,-0.35465665533044693,-0.07405073720024591,-0.8442167689238695,-0.7701660317236236,0.7253641873605231,0.7161634475855464,0.009200739774976707
0.9100420622195367,0.8112362650520162,0.4909895338282406,-0.09880579716752047,-0.41905252839129603,-0.32024673122377556,-0.28966005119296145,-0.9795799194131107,-0.6899198682201493,0.7478147002741856,0.7270305404590098,0.020784159815175784
0.8889966148917566,0.7998533535225917,0.48794486932791914,-0.08914326136916495,-0.4010517455638375,-0.31190848419467254,-0.2483308196849805,-0.915577960522266,-0.6672471408372855,0.752987577196283,0.6982089812985619,0.05477859589772105
0.9090752405922875,0.8408104814649386,0.5256929852062016,-0.06826475912734886,-0.38338225538608595,-0.3151174962587371,-0.2082114106435653,-0.9067784760228419,-0.6985670653792766,0.770216377213597,0.7468360942953547,0.023380282918242346
0.9066058386513146,0.8551739207413999,0.48686310824039003,-0.05143191790991475,-0.4197427304109246,-0.36831081250100983,-0.15965739200932783,-0.9759264832565961,-0.8162690912472683,0.7613493422085987,0.7377459028801376,0.023603439328461095
0.8975514696044035,0.8486781011710071,0.4754398800279585,-0.0488733684333964,-0.42211158957644496,-0.37323822114304855,-0.1474751707441584,-0.9683173086925914,-0.820842137948433,0.7565208824755173,0.7245920847267286,0.03192879774878865
0.9065072434947127,0.8278964424880658,0.4912268335355033,-0.07861080100664686,-0.4152804099592094,-0.33666960895256254,-0.23407851945524127,-0.9668581559197236,-0.7327796364644823,0.7519631210767427,0.731790558602112,0.02017256247463073
0.8910131860272933,0.841810977808942,0.49301163342164245,-0.04920220821835131,-0.39800155260565084,-0.34879934438729954,-0.1451966713178363,-0.9118877291953631,-0.7666910578775268,0.7485787321819786,0.7353117993232733,0.013266932858705283
0.8575806094435666,0.8283355364148164,0.49986137429396765,-0.029245073028750235,-0.35771923514959897,-0.32847416212084873,-0.08045848934653366,-0.7971319862600186,-0.7166734969134849,0.7312078392399671,0.7259771741949334,0.005230665045033778
0.9053459691792912,0.8453947422095018,0.48750618354584185,-0.059951226969789384,-0.41783978563344937,-0.35788855866366,-0.18275263919410012,-0.9703232290466128,-0.7875705898525127,0.7670822403044651,0.7250823563186248,0.041999883985840314
0.8914485750514732,0.8482212375451105,0.47262689570721894,-0.04322733750636276,-0.4188216793442543,-0.37559434183789153,-0.1288808875836449,-0.9540825282230885,-0.8252016406394436,0.7426490539798388,0.7322154182226961,0.010433635757142734
0.9080523456758021,0.8516490132547572,0.48838031337993737,-0.056403332421044894,-0.4196720322958647,-0.3632686998748198,-0.1746119967509392,-0.977879636447738,-0.8032676396967988,0.7724537488750122,0.7262673659986522,0.04618638287636001
0.8937237253772463,0.8508471309182579,0.49748954203423706,-0.04287659445898839,-0.39623418334300925,-0.35335758888402086,-0.1288840856382354,-0.9116777275595613,-0.7827936419213259,0.7562465317392258,0.7384604004806016,0.01778613125862427
0.8824046258209066,0.8336242936101543,0.4828919583451855,-0.048780332210752286,-0.3995126674757211,-0.35073233526496883,-0.14023654588622625,-0.9049679665132175,-0.7647314206269913,0.7507969137243062,0.7151503381265246,0.035646575597781616
0.908475453645545,0.8522893792198283,0.5034119666243567,-0.05618607442571677,-0.40506348702118833,-0.34887741259547156,-0.17427461296585633,-0.9492799866949337,-0.7750053737290774,0.7720790584735041,0.7373721411863161,0.034706917287188
0.9027657017895739,0.8747554392445968,0.5102713414179334,-0.028010262544977182,-0.39249436037164054,-0.36448409782666336,-0.08924881920000427,-0.9160275977120673,-0.826778778512063,0.7577658172229845,0.7674291710784182,-0.00966335385543371
0.8797226178739698,0.87319476693781,0.4770915932262416,-0.006527850936159818,-0.40263102464772815,-0.39610317371156833,-0.019839626837835134,-0.9082928143405546,-0.8884531875027195,0.7523971105638565,0.7342755414614911,0.018121569102365398
0.8842873072875387,0.8649500337708445,0.511432754294163,-0.01933727351669423,-0.37285455299337567,-0.35351727947668143,-0.058434416621840235,-0.8537426588751855,-0.7953082422533453,0.7650703659481473,0.7420430309535501,0.023027334994597193
0.8772573272750218,0.841374088688584,0.4839712452498044,-0.03588323858643783,-0.3932860820252174,-0.3574028434387796,-0.10339695326461218,-0.886977271045625,-0.7835803177810128,0.7557376692345904,0.7126641049076832,0.04307356432690723
0.8952884295165981,0.8358651100741754,0.5007835054041171,-0.05942331944242274,-0.39450492411248106,-0.3350816046700583,-0.17520850213867467,-0.9101834356008984,-0.7349749334622238,0.7548526732790471,0.7331053567175465,0.02174731656150064
0.9031237526145397,0.8447451379758698,0.495162267432492,-0.05837861463866989,-0.4079614851820477,-0.34958287054337783,-0.17699615765544774,-0.9474568385054472,-0.7704606808499994,0.7650362276439778,0.7303178777046231,0.03471834993935474
0.8933145436605313,0.8661695510914437,0.4639562174574236,-0.027144992569087645,-0.4293583262031077,-0.40221333363402006,-0.0835794826655607,-0.9774803718364118,-0.8939008891708511,0.7631928433042446,0.7191006981686876,0.04409214513555704
0.9237038818427259,0.7965609884156706,0.45552848219942493,-0.12714289342705531,-0.46817539964330096,-0.34103250621624565,-0.3761527562303675,-1.100144497827477,-0.7239917415971096,0.7390385355325415,0.711490366106006,0.027548169426535485
0.9232322214023736,0.863586445822941,0.4962083802522892,-0.059645775579432625,-0.4270238411500844,-0.3673780655706518,-0.19511509939084037,-1.0168929058321217,-0.8217778064412813,0.7688275933468376,0.7531904383048985,0.015637155041939077
0.9030871316491785,0.846412123570475,0.490386627322777,-0.056675008078703515,-0.41270050432640154,-0.356025496247698,-0.17225915718928908,-0.9568853553262693,-0.7846261981369802,0.751377935022741,0.7418793200055461,0.009498615017194845
0.9009002546660554,0.8681869358265755,0.496901356079694,-0.03271331883947992,-0.4039988985863614,-0.3712855797468815,-0.10260702785377829,-0.9364994264809217,-0.8338923986271434,0.7516269972100836,0.759032033838133,-0.007405036628049366
0.8845660142353289,0.855497202016672,0.4771528341263025,-0.02906881221865687,-0.4074131801090264,-0.3783443678903695,-0.08657058503257087,-0.9231921508310905,-0.8366215657985197,0.7505600322537405,0.727584001331795,0.022976030921945445
0.8978348989789507,0.8510234703832044,0.4778634954040466,-0.046811428595746385,-0.41997140357490415,-0.37315997497915776,-0.1418447177761082,-0.9644000317501449,-0.8225553139740367,0.7569480357890168,0.7275332073884508,0.029414828400565973
0.9052656742585437,0.8299283759476321,0.49375951064697676,-0.07533729831091152,-0.4115061636115669,-0.3361688653006554,-0.2244306552530233,-0.9575400591409686,-0.7331094038879453,0.7708814565452511,0.7150875840235174,0.055793872521733734
0.8643121953688832,0.8270464996377935,0.47560817706113584,-0.03726569573108962,-0.3887040183077473,-0.3514383225766577,-0.10332843835978212,-0.8651143729105062,-0.7617859345507241,0.728128583018321,0.7165159983602207,0.011612584658100222
0.9208278422647237,0.8606976372917817,0.49329566183510626,-0.06013020497294197,-0.42753218042961744,-0.36740197545667547,-0.1945269573013393,-1.0137510143597979,-0.8192240570584586,0.7695742075862255,0.7469732200081823,0.022600987578043186
0.9004345325083678,0.8572994887515835,0.5231417876356862,-0.04313504375678434,-0.3772927448726816,-0.33415770111589727,-0.13269439367236346,-0.8824449458044834,-0.7497505521321199,0.7624814179063002,0.7581024546907916,0.004378963215508569
0.9023974687989844,0.8205904794183397,0.48210841936633037,-0.08180698938064468,-0.42028904943265405,-0.33848206005200937,-0.23929369652353794,-0.9711207063414093,-0.7318270098178714,0.7313574860383667,0.738706759017403,-0.007349272979036314
0.9118004043979367,0.8979578987588821,0.47827313254915,-0.013842505639054647,-0.43352727184878675,-0.4196847662097321,-0.047212017314013366,-1.0111982142701068,-0.9639861969560934,0.7785885217737524,0.7467657686968934,0.031822753076859
0.894857999274718,0.8494462604354042,0.46329593975049393,-0.04541173883931382,-0.43156205952422405,-0.38615032068491023,-0.1364980267652509,-0.9838201292313273,-0.8473221024660764,0.7430070439716661,0.7287264223354111,0.014280621636254986
0.9076262588674083,0.8703505174203937,0.5141118906369131,-0.03727574144701462,-0.39351436823049524,-0.3562386267834806,-0.11905188683754275,-0.9249375792871748,-0.805885692449632,0.7793382192704789,0.7487208920126646,0.030617327257814297
0.8610699043722548,0.8433190346221782,0.44442523761536273,-0.01775086975007667,-0.4166446667568921,-0.39889379700681543,-0.05003618456165704,-0.9182703522537721,-0.868234167692115,0.7323269681319283,0.7002158162746023,0.03211115185732605
0.8887782243765657,0.8412849461981369,0.5224631366967772,-0.047493278178428855,-0.3663150876797885,-0.31882180950135963,-0.13949711700088452,-0.8458290521326333,-0.7063319351317487,0.7469129510657876,0.7547712537818655,-0.007858302716077903
0.8802469549537169,0.8752509135078087,0.47287572964923386,-0.00499604144590815,-0.407371225304483,-0.40237518385857485,-0.015252307585354785,-0.9183485884396245,-0.9030962808542697,0.7519689863810564,0.7336134123594498,0.01835557402160659
0.902218179288161,0.8508635428521386,0.47124668266996633,-0.05135463643602234,-0.4309714966181946,-0.3796168601821723,-0.15690725253735094,-0.9922644062597286,-0.8353571537223776,0.7648925383954914,0.7179930648113524,0.04689947358413904
0.9008861003120858,0.8158178687983207,0.5019898085732224,-0.08506823151376508,-0.39889629173886343,-0.31382806022509835,-0.24659341953814717,-0.9262751015111355,-0.6796816819729883,0.7580025300611741,0.7211266550612453,0.03687587499992884
0.9125379643419519,0.8364091783819246,0.48473902912967676,-0.07612878596002726,-0.42779893521227513,-0.3516701492522479,-0.23232476850748718,-1.0008632513089366,-0.7685384828014494,0.7693992566943687,0.719724857874667,0.049674398819701704
0.9292464596768208,0.88380481150438,0.45852135708758207,-0.045441648172440896,-0.4707251025892388,-0.4252834544167979,-0.15722046496799758,-1.1153763568630488,-0.9581558918950512,0.7544850995615486,0.75989665261764,-0.005411553056091312
0.87819004189317,0.8529673995374657,0.4696896735076109,-0.02522264235570426,-0.40850036838555903,-0.38327772602985477,-0.07401924571124274,-0.9184191899161458,-0.844399944204903,0.7587832577278992,0.7084481522309319,0.05033510549696729
0.8981031329828332,0.8356461473444756,0.4963861494538644,-0.062456985638357554,-0.4017169835289688,-0.33925999789061123,-0.18504776901441966,-0.9282264808922445,-0.7431787118778248,0.7488458182990936,0.7379111348883554,0.010934683410738222
0.8968487901977941,0.8645255387551318,0.4604013614645829,-0.03232325144266224,-0.4364474287332112,-0.40412417729054895,-0.09992899966544577,-0.9961438439810373,-0.8962148443155915,0.7458660971111374,0.7353176965005352,0.010548400610602138
0.8770505838288972,0.8293720418159661,0.4749260038237711,-0.04767854201293109,-0.40212458000512613,-0.35444603799219504,-0.13513620103520108,-0.9044534878059856,-0.7693172867707845,0.7414150625257833,0.7128173571199728,0.028597705405810414
0.8847107217215356,0.8298932450028871,0.4711557194336081,-0.05481747671864856,-0.4135550022879275,-0.35873752556927896,-0.1574002851300631,-0.9356554878337731,-0.77825520270371,0.7602246413990849,0.6969484827062692,0.06327615869281566
0.8919260358189701,0.8241825164687059,0.529201786820194,-0.06774351935026424,-0.3627242489987761,-0.29498072964851185,-0.19541033966535348,-0.8424084650654753,-0.6469981254001218,0.7592737200330495,0.7375998393721971,0.021673880660852407
0.9127444540153948,0.8478252376632869,0.47696749497412105,-0.06491921635210796,-0.4357769590412738,-0.3708577426891658,-0.2017428886860828,-1.0171491849126257,-0.8154062962265429,0.7554486437580481,0.7362428140104869,0.019205829747561243
0.8819559360103072,0.8450693155143784,0.5119589291640927,-0.036886620495928835,-0.3699970068462145,-0.33311038635028567,-0.10767286136196264,-0.845433322011758,-0.7377604606497954,0.7707461822014141,0.7219099382577714,0.04883624394364272
0.8877124750879468,0.8302098960964961,0.47334988504271536,-0.057502578991450726,-0.41436259004523146,-0.35686001105378073,-0.166010125177376,-0.9407133024299636,-0.7747031772525876,0.7664191445917908,0.6944290262263146,0.0719901183654762
0.8986832381229787,0.8480502648440241,0.47763697027856783,-0.05063297327895455,-0.42104626784441085,-0.3704132945654563,-0.15296711266129925,-0.9676597513408298,-0.8146926386795306,0.7417718688938723,0.7411417799365082,0.00063008895736405
0.9144655958992765,0.8220769152329845,0.5115307925364826,-0.09238868066629191,-0.40293480336279386,-0.31054612269650195,-0.27727765530954906,-0.9541305383888057,-0.6768528830792566,0.7697436658291559,0.7289718699500067,0.04077179587914914
0.887681057562671,0.8520779013683755,0.4992498109397238,-0.03560315619429555,-0.3884312466229472,-0.35282809042865165,-0.10605478884425912,-0.8887886772977454,-0.7827338884534862,0.7801056641505676,0.7125668490966127,0.06753881505395487
0.8771121605755132,0.8282011977309436,0.47562274832395374,-0.04891096284456964,-0.4014894122515595,-0.35257844940698985,-0.13843194181071272,-0.9032458291476182,-0.7648138873369055,0.7537308634056926,0.7002265410145809,0.05350432239111169
0.879014278383996,0.8178208439566675,0.48763770524252864,-0.0611934344273285,-0.3913765731414674,-0.3301831387141389,-0.17144566779819925,-0.8850122318726206,-0.7135665640744213,0.7639054264625316,0.6924097919262632,0.0714956345362684
0.9274112809444396,0.8575226201652102,0.4885983701823336,-0.0698886607792294,-0.438812910762106,-0.3689242499828766,-0.22851998752701297,-1.0480140425032993,-0.8194940549762864,0.7631757305955525,0.7525124502657698,0.010663280329782698
0.9118564817709454,0.8523362473627807,0.481596388988408,-0.059520234408164674,-0.43026009278253735,-0.3707398583743727,-0.1859671044173079,-1.004744103567609,-0.8187769991503011,0.7531820817127404,0.7440106637020159,0.009171418010724519
0.9047573907467099,0.8559914665529369,0.4754989316381553,-0.048765924193773014,-0.4292584591085546,-0.3804925349147816,-0.15100709502813592,-0.9923469450417826,-0.8413398500136466,0.7512072656802431,0.7396245936116249,0.011582672068618183
0.908170159180184,0.8731055564367256,0.49182710660374257,-0.03506460274345835,-0.4163430525764414,-0.38127844983298304,-0.1126937426578003,-0.9713925299646446,-0.8586987873068443,0.7548714416040686,0.7605304398763663,-0.005658998272297655
0.8930563232355359,0.8500069294974248,0.4755734624820927,-0.04304939373811101,-0.41748286075344315,-0.37443346701533214,-0.1290773249924193,-0.9533667565092563,-0.824289431516837,0.7449570202845992,0.7341341231921031,0.010822897092496064
0.9125758157786436,0.8608483216279564,0.4746647283180011,-0.051727494150687114,-0.43791108746064245,-0.38618359330995533,-0.16422031168931728,-1.0211628151647045,-0.8569425034753873,0.7556406502819267,0.7430852602011406,0.0125553900807861
0.8949843338418761,0.8434934988959206,0.47811863032044766,-0.05149083494595552,-0.4168657035214285,-0.36537486857547297,-0.15342332868037545,-0.9545346152328187,-0.8011112865524432,0.7643252784672433,0.7134056969049196,0.05091958156232368
0.8867043259957738,0.8584286911708198,0.47637508936856937,-0.028275634824953988,-0.4103292366272044,-0.3820536018022504,-0.08491640319838778,-0.9314682784448574,-0.8465518752464696,0.7534761102502903,0.7275292941064848,0.02594681614380545
0.8858421064403664,0.8366802915773985,0.48040098564212114,-0.04916181486296789,-0.4054411207982453,-0.3562793059352774,-0.14274004972271737,-0.9206930966525988,-0.7779530469298814,0.7611303477998566,0.7074852413067344,0.05364510649312215
0.885769487465729,0.8732653592102648,0.4892911669655433,-0.012504128255464209,-0.3964783205001857,-0.3839741922447215,-0.03842419578704481,-0.9026759991498015,-0.8642518033627566,0.7610421445334503,0.7378418645609077,0.023200279972542592
0.912470843256214,0.8414546371127273,0.49785149772289056,-0.0710162061434867,-0.4146193455333234,-0.3436031393898367,-0.21836120144276272,-0.9743960400043614,-0.7560348385615987,0.7611753172923003,0.740009334768921,0.021165982523379312
0.8959101016434374,0.8499219646785596,0.5066741342831241,-0.0459881369648778,-0.3892359673603133,-0.3432478303954355,-0.13860454373870068,-0.9004348561484585,-0.7618303124097578,0.7453637664521325,0.7563070339512814,-0.010943267499148868
0.8868457670793783,0.8375117693838642,0.5225844674406741,-0.049333997695514165,-0.36426129963870424,-0.3149273019431901,-0.14365062523445182,-0.8394629229424408,-0.695812297707989,0.7750680742190204,0.7228932617169243,0.0521748125020961
0.873132349104749,0.8391274988778807,0.48618305612709645,-0.03400485022686828,-0.38694929297765257,-0.3529444427507843,-0.09704745851077234,-0.8700701757292582,-0.7730227172184858,0.7447129529786453,0.7209156497611723,0.023797303217472976
0.9120175351892821,0.8280778984609481,0.4914487010810551,-0.08393963672833393,-0.420568834108227,-0.33662919737989305,-0.2527836636148084,-0.9856003145416461,-0.7328166509268377,0.7721375402293429,0.7155585495915141,0.056578990637828785
0.8580293991885752,0.8531218763073696,0.44672222782236143,-0.0049075228812056615,-0.4113071713662138,-0.40639964848500815,-0.013961344837130962,-0.9048979668525965,-0.8909366220154655,0.7198160612678435,0.7187662742776939,0.0010497869901495704
0.9179052326719692,0.8434122866477154,0.4870694144022588,-0.07449294602425383,-0.4308358182697104,-0.3563428722454566,-0.232496268706734,-1.0154713942647244,-0.7829751255579904,0.7670794628071761,0.7318451596741196,0.03523430313305653
0.9024451158209438,0.85343992831455,0.4859663622281863,-0.04900518750639382,-0.4164787535927575,-0.36747356608636367,-0.15041317524607223,-0.9635614322821675,-0.8131482570360953,0.7642440199564872,0.7303235842859662,0.03392043567052094
0.9184681106753579,0.8477206561926179,0.47209891500518114,-0.07074745448274,-0.4463691956701768,-0.3756217411874368,-0.22262718019122074,-1.0474922121244805,-0.8248650319332598,0.754331935366034,0.7378598525494039,0.01647208281663015
0.9136759136426708,0.86023509093357,0.4890174940591638,-0.05344082270910078,-0.424658419583507,-0.3712175968744062,-0.16989640101840964,-0.9963432575808739,-0.8264468565624643,0.763486592469191,0.7451324066210786,0.018354185848112436
0.9125526039239219,0.8677678442498329,0.5107437642508318,-0.044784759674089014,-0.4018088396730901,-0.3570240799990011,-0.1439313476137989,-0.9488992077205247,-0.8049678601067258,0.7789530734433258,0.7484230681730655,0.030530005270260285
0.9172222944486308,0.8738616483391572,0.4955878529374172,-0.043360646109473544,-0.4216344415112136,-0.37827379540174005,-0.14249746598852475,-0.9959485859365687,-0.8534511199480439,0.778694318374736,0.7457535454420677,0.03294077293266828
0.8981275271115893,0.8672705031322666,0.4950989195462265,-0.030857023979322662,-0.4030286075653628,-0.37217158358604013,-0.0960893453447973,-0.9308816774116386,-0.8347923320668413,0.767803358709032,0.7391946078176895,0.028608750891342516
0.8945385082808981,0.848429520491982,0.5226946765046756,-0.046108987788916145,-0.3718438317762225,-0.32573484398730634,-0.13829633368227734,-0.8639000812571511,-0.7256037475748738,0.7686194128147565,0.7418223907036137,0.026797022111142876
0.9240546308549428,0.8416208601429082,0.47780910946259453,-0.08243377071203462,-0.44624552139234824,-0.36381175068031363,-0.26021339159724555,-1.0568027652248175,-0.796589373627572,0.7592275108889252,0.7364288894180385,0.022798621470886626
0.8968624500438223,0.816670026410054,0.49733541161021333,-0.08019242363376822,-0.3995270384336089,-0.3193346147998407,-0.23104680647103848,-0.9222376559889149,-0.6911908495178765,0.7606189412576574,0.7132929841184025,0.047325957139254915
0.8906261447177624,0.8285286832972171,0.48321737959274286,-0.062097461420545286,-0.4074087651250195,-0.3453113037044742,-0.1797609223923482,-0.9302410344076864,-0.7504801120153382,0.760387172061741,0.7078609663434072,0.052526205718333774
0.8816846315854834,0.8448659587370362,0.49880777000395055,-0.0368186728484472,-0.38287686158153283,-0.34605818873308564,-0.10739430234036407,-0.8708975054397756,-0.7635032030994116,0.7635831441042591,0.7199890961133877,0.04359404799087141
0.8880191763860799,0.8756512283848817,0.4901256829317401,-0.012367948001198115,-0.3978934934543398,-0.38552554545314166,-0.03832640542217902,-0.9081097365218884,-0.8697833310997094,0.7556872430167716,0.7468434821183629,0.008843760898408659
0.9230634118499007,0.860766706625037,0.5181846813548963,-0.062296705224863747,-0.40487873049500445,-0.3425820252701407,-0.20266135014530207,-0.9722984359142874,-0.7696370857689854,0.765773727497804,0.7689028057220855,-0.003129078224281434
0.904625354438196,0.8386459173292191,0.4908631145122246,-0.06597943710897691,-0.41376223992597144,-0.34778280281699453,-0.19880015619394964,-0.9611503119669627,-0.762350155773013,0.7690146952041761,0.7204082289822503,0.04860646622192577
0.9220795752461279,0.8631866732628523,0.4784884102847006,-0.05889290198327568,-0.4435911649614273,-0.38469826297815163,-0.1919642812913187,-1.0480312098441442,-0.8560669285528255,0.7630817816402318,0.7460879908888888,0.016993790751342996
0.9086571687123406,0.8468534358473939,0.4714080427359566,-0.06180373286494667,-0.437249125976384,-0.3754453931114373,-0.1901114605516403,-1.0139495615426504,-0.8238381009910101,0.7630843398126553,0.7215280917178054,0.041556248094849924
0.9019837244788643,0.8723855583499184,0.4722967825033269,-0.029598166128945946,-0.4296869419755374,-0.40008877584659147,-0.09374530471296483,-0.9893719139910899,-0.8956266092781251,0.7498973839716945,0.7478799929163786,0.0020173910553158425
0.9008876209564358,0.8259707338475054,0.4888018141967745,-0.07491688710893041,-0.41208580675966133,-0.3371689196507309,-0.22011779718212088,-0.9526580624535479,-0.732540265271427,0.7554540444789303,0.7216527348548802,0.033801309624050035
0.912892099200215,0.8214894476179321,0.4802436051020723,-0.09140265158228289,-0.43264849409814266,-0.34124584251585977,-0.27320981198580485,-1.011114323154994,-0.7379045111691891,0.7445243504866844,0.7318924174601286,0.012631933026555853
0.9059869044971164,0.8091048071574044,0.498684583604416,-0.09688209733971198,-0.4073023208927004,-0.31042022355298843,-0.281062936318492,-0.9501566234291088,-0.6690936871106168,0.7632502503773386,0.7126006131286193,0.05064963724871929
0.8942597971724301,0.847396415130544,0.5019336302454569,-0.046863382041886115,-0.3923261669269732,-0.3454627848850871,-0.14026633424248036,-0.9045308729852068,-0.7642645387427265,0.767471585983547,0.7282549757154069,0.03921661026814016
0.9197388804807606,0.8628132190648139,0.5321767493106775,-0.05692566141594668,-0.3875621311700831,-0.3306364697541364,-0.1843770781753915,-0.9319234386986555,-0.747546360523264,0.7714862089625234,0.7716663569416448,-0.00018014797912135894
0.9038575938780202,0.8207586834420543,0.49554656116539486,-0.08309891043596596,-0.40831103271262537,-0.3252121222766594,-0.24379172621931167,-0.9491733894682122,-0.7053816632489005,0.7535389238040444,0.7265696351862687,0.0269692886177757
0.9058795291550836,0.8397559774164345,0.4860157738104931,-0.06612355173864914,-0.41986375534459053,-0.3537402036059414,-0.2000607512944388,-0.9751300650405124,-0.7750693137460736,0.7424468780897493,0.745320642164925,-0.0028737640751757
0.8987278327483447,0.8355149018427623,0.4999965395411413,-0.06321293090558233,-0.39873129320720335,-0.335518362301621,-0.18746971099467347,-0.9230734897760315,-0.7356037787813581,0.7534236793304652,0.7360691700910336,0.017354509239431604
0.9163818526952485,0.8578609265304379,0.47888160324265294,-0.05852092616481064,-0.4375002494525956,-0.37897932328778494,-0.18642392412386277,-1.026330448284839,-0.8399065241609762,0.7733920572332073,0.7286908644123524,0.04470119282085483
0.9033443382286395,0.8431824930793882,0.48503009369147626,-0.06016184514925127,-0.4183142445371632,-0.35815239938791193,-0.18204841818203077,-0.9684716420421415,-0.7864232238601108,0.7598872824084667,0.7278173342578693,0.03206994815059738
0.8681104499118971,0.8215518742949851,0.5100081469121059,-0.04655857561691201,-0.3581023029997912,-0.31154372738287917,-0.1289245391854088,-0.8074513708434099,-0.6785268316580011,0.7575193695617831,0.7089276111842089,0.048591758377574235
0.8861505338829496,0.824074041171551,0.4819729542682084,-0.06207649271139859,-0.4041775796147412,-0.3421010869033426,-0.17730545916650708,-0.9185173904238544,-0.7412119312573473,0.7599407127655065,0.7015243067829663,0.058416405982540165
0.8973611552061819,0.8416572490418829,0.4798720314264558,-0.05570390616429899,-0.4174891237797261,-0.3617852176154271,-0.16625725992284224,-0.9588167612557794,-0.7925595013329372,0.7537907152672081,0.7254695751824723,0.02832114008473574
0.8785820108778383,0.7966933301668327,0.5021516262379097,-0.08188868071100552,-0.3764303846399286,-0.2945417039289231,-0.22370080737404763,-0.854657352017959,-0.6309565446439114,0.739644854848603,0.7119731233397842,0.027671731508818742
0.8906026703379151,0.8596136419593312,0.4873658339475091,-0.03098902837858386,-0.403236836390406,-0.3722478080118221,-0.09390478317520357,-0.9218653007267767,-0.8279605175515732,0.7686040671908818,0.7231173636389551,0.045486703551926744
0.8786251283918076,0.8299569236784936,0.4929186742946211,-0.04866820471331401,-0.3857064540971865,-0.3370382493838725,-0.13838855222895008,-0.8732557671095698,-0.7348672148806197,0.7512224216012122,0.716444729308736,0.03477769229247618
0.9052058246218911,0.8625198581398649,0.4826942920701618,-0.04268596648202627,-0.42251153255172935,-0.3798255660697031,-0.13376235359056032,-0.9794727440591695,-0.8457103904686092,0.766561232183352,0.7337187510379267,0.03284248114542532
0.909498026131652,0.8727925721608633,0.525017666798897,-0.036705453970788726,-0.38448035933275493,-0.3477749053619662,-0.1182467132117333,-0.9096029429068049,-0.7913562296950716,0.7865198996948962,0.7516856103660453,0.03483428932885091
0.8932788494085224,0.8411493697734953,0.4637948935647797,-0.05212947963502712,-0.4294839558437427,-0.3773544762087156,-0.1543122365972338,-0.977688250746118,-0.8233760141488842,0.7558012919745056,0.7096807831900259,0.04612050878447971
0.8877203825385683,0.862578860808819,0.5102358552046996,-0.025141521729749372,-0.3774845273338687,-0.35234300560411935,-0.07614943028668897,-0.8669397088668398,-0.7907902785801508,0.7631700228174211,0.7438533762173034,0.01931664660011767
0.8681849476813681,0.8805269942393603,0.481321337340482,0.012342046557992203,-0.3868636103408861,-0.3992056568988783,0.03724717496463947,-0.8650552139526153,-0.9023023889172548,0.7477396958842105,0.7389491569565966,0.008790538927613945
0.8844441129117161,0.8747336198859664,0.5125388629483694,-0.009710493025749667,-0.37190524996334673,-0.36219475693759706,-0.029843517506987105,-0.852020150951738,-0.8221766334447509,0.7570694804607904,0.7574082500365776,-0.00033876957578726774
0.9146080614918326,0.8467784846065468,0.4874052198032252,-0.06782957688528579,-0.4272028416886074,-0.3593732648033216,-0.21128888431716586,-1.0028959819832044,-0.7916070976660385,0.7480144085611408,0.7511801020399287,-0.003165693478787923
0.8957212199861634,0.8611225326225944,0.4823907399987551,-0.03459868736356897,-0.4133304799874083,-0.3787317926238393,-0.10612239227196962,-0.9483910541455287,-0.8422686618735591,0.7513377690968911,0.7414852259747844,0.009852543122106705
0.8632494141058398,0.8731360715196516,0.46097092262989137,0.009886657413811784,-0.4022784914759484,-0.4121651488897602,0.029230899235979546,-0.8913506968187981,-0.9205815960547776,0.7415997003376322,0.723304571832623,0.01829512850500925
0.8831474101094147,0.8353559568898936,0.5163552512980889,-0.04779145321952105,-0.36679215881132576,-0.3190007055918047,-0.13788604527389525,-0.8403378954236729,-0.7024518501497776,0.7628787182709422,0.7270270272606558,0.0358516910102864
0.9017146759141019,0.8585986039162999,0.4687563421384734,-0.043116071997801986,-0.43295833377562853,-0.38984226177782655,-0.1332608041756398,-0.9955608349081146,-0.8623000307324749,0.7650637622937437,0.720982652352173,0.04408110994157077
0.8825162511649377,0.8466971607102481,0.46595665854047286,-0.03581909045468956,-0.41655959262446485,-0.3807405021697753,-0.10490267555806909,-0.9392311979867833,-0.8343285224287142,0.7454720266980813,0.7179746869123577,0.027497339785723662
0.8860684226860537,0.8420564556690822,0.4611306699582053,-0.04401196701697152,-0.4249377527278484,-0.3809257857108769,-0.1288102357754637,-0.9600141839003054,-0.8312039481248417,0.7497643052127663,0.7097393936627943,0.04002491154997201
0.8828480013555627,0.8768204620816366,0.49470501702055725,-0.006027539273926186,-0.3881429843350055,-0.3821154450610793,-0.01853877015099359,-0.8827128878181767,-0.8641741176671831,0.7775895091896601,0.7253261444488442,0.05226336474081583
0.8869515240149463,0.8569351970827709,0.488647176928605,-0.030016326932175375,-0.39830434708634127,-0.3682880201541659,-0.08997145269695306,-0.907688745266032,-0.817717292569079,0.7550727292534872,0.733283202764061,0.021789526489426225
0.8874970506057014,0.8759937295676455,0.46761534388301973,-0.011503321038055847,-0.41988170672268166,-0.4083783856846258,-0.03563378541225104,-0.9515204441236425,-0.9158866587113914,0.7656382123233548,0.7217658703808897,0.04387234194246514
0.9006370671413363,0.8452739953933737,0.4920873751002535,-0.05536307174796262,-0.40854969204108277,-0.35318662029312015,-0.16717537269464877,-0.9452477020339982,-0.7780723293393494,0.7642921602655092,0.7277067981577999,0.03658536210770924
0.8673216392253481,0.8457932589588023,0.47313542116531615,-0.0215283802665458,-0.39418621806003196,-0.37265783779348616,-0.06145749542737455,-0.8788957873688015,-0.8174382919414269,0.7635300505601923,0.6939701623394517,0.06955988822074055
0.9098060952551235,0.8592618245316205,0.506737823754976,-0.05054427072350298,-0.40306827150014746,-0.3525240007766445,-0.15905651564949252,-0.947257733845458,-0.7882012181959654,0.7662495633141732,0.7509542657136404,0.01529529760053272
0.9152761951555346,0.8478702992147045,0.5020050576123234,-0.06740589594083013,-0.4132711375432112,-0.3458652416023811,-0.21064834227612694,-0.9760886561530286,-0.7654403138769017,0.7713411159011471,0.7387599187538946,0.032581197147252494
0.8848776322229791,0.8410560074596363,0.5059145814450017,-0.04382162476334284,-0.37896305077797743,-0.3351414260146346,-0.12781067570625382,-0.8666282299516637,-0.7388175542454098,0.7577451178640046,0.7301536962210738,0.027591421642930714
0.8638310473247054,0.8255808875855781,0.49583275377680724,-0.038250159739127265,-0.36799829354789815,-0.3297481338087709,-0.10579319337220916,-0.8232420043688877,-0.7174488109966786,0.7444786984380756,0.7123510940199851,0.03212760441809048
0.8945499644027691,0.8331722002110606,0.5144232437858615,-0.061377764191708484,-0.38012672061690767,-0.3187489564251992,-0.1800469590031244,-0.880491843555637,-0.7004448845525126,0.7597845245592748,0.7349790810405191,0.024805443518755688
0.9055884226021572,0.8391018181856668,0.49930010888074244,-0.06648660441649046,-0.4062883137214148,-0.3398017093049243,-0.20084628408018768,-0.9475614843521776,-0.7467152002719899,0.7447129449651444,0.7512806214805665,-0.006567676515422116
0.9038704317454246,0.8288268803476647,0.4620263219190016,-0.07504355139775987,-0.44184410982642297,-0.3668005584286631,-0.22260996569314573,-1.0163305021070341,-0.7937205364138884,0.7436044116908508,0.7195446776505433,0.02405973404030748
0.8725312324922155,0.8461773392102362,0.4738848976837797,-0.026353893281979346,-0.3986463348084358,-0.37229244152645646,-0.07588119412564032,-0.8928824687113657,-0.8170012745857254,0.7715485891911932,0.6901803903996278,0.08136819879156543
0.9206403431562441,0.8641152279396839,0.47944385573026366,-0.05652511521656023,-0.44119648742598044,-0.3846713722094202,-0.18391151658517035,-1.0407717679194717,-0.8568602513343013,0.7739922020024103,0.7354740825483841,0.03851811945402617
0.8985706172274451,0.8502049590260529,0.48616784375915034,-0.04836565820139227,-0.4124027734682948,-0.3640371152669025,-0.1465739716388046,-0.9502134722780158,-0.8036395006392112,0.7579109445441745,0.7320513354642576,0.025859609079916912
0.8942224430546835,0.8263858361253151,0.4826079150012442,-0.06783660692936833,-0.41161452805343923,-0.3437779211240709,-0.1970392730326287,-0.9430678659411857,-0.746028592908557,0.7592641046958801,0.7095466914249482,0.04971741327093193
0.8895069010941307,0.8547748900204228,0.49233567637888526,-0.034732011073707825,-0.3971712247152454,-0.3624392136415376,-0.1042323290732976,-0.908420658057677,-0.8041883289843794,0.761834611300855,0.7292437003614376,0.03259091093941735
0.9193299776612002,0.8579251996370099,0.49641210592132523,-0.06140477802419031,-0.42291787173987494,-0.36151309371568463,-0.19697694644588104,-1.0019940380618813,-0.8050170916160002,0.7754559147185667,0.7403222740944567,0.03513364062410995
0.9007669201608448,0.8321117015046215,0.5041782499542096,-0.06865521865622326,-0.39658867020663524,-0.327933451550412,-0.20340153347934686,-0.9214993958779436,-0.7180978623985967,0.7591660002474803,0.7322052474989705,0.02696075274850973
0.8928078328558243,0.8515586774773761,0.49838799772015757,-0.0412491553784482,-0.39441983513566675,-0.35317067975721855,-0.12391851171652224,-0.9069145813759487,-0.7829960696594265,0.7682448179292423,0.72692485410633,0.04131996382291225
0.9032121211558298,0.8358754169219217,0.4755717016358032,-0.06733670423390814,-0.4276404195200266,-0.3603037152861185,-0.20151026672258876,-0.9869560925535437,-0.7854458258309549,0.7525660471888869,0.7238734459534829,0.02869260123540396
0.8825189226885353,0.8636444781709719,0.5033115223249421,-0.01887444451756337,-0.37920740036359313,-0.36033295584602976,-0.056736507884861176,-0.864477002757146,-0.8077404948722848,0.7627757317017255,0.7368742170879071,0.0259015146138184
0.9013103449808174,0.841861445388687,0.44416413589619186,-0.0594488995921304,-0.45714620908462555,-0.39769730949249515,-0.1788236648997401,-1.0435809840706929,-0.8647573191709528,0.7537884428406905,0.7044355080031072,0.049352934837583295
0.8834810996185809,0.8361460477655529,0.5024643289950648,-0.047335051853028,-0.38101677062351613,-0.33368171877048813,-0.13679293702198425,-0.8691649403908326,-0.7323720033688483,0.750908493720983,0.7304858238651493,0.02042266985583374
0.8680990725683182,0.8371326901472707,0.4490464070432496,-0.030966382421047545,-0.4190526655250686,-0.38808628310402105,-0.08746588867629113,-0.9295197791760328,-0.8420538904997417,0.7463925898544364,0.6897928566514558,0.05659973320298051
0.8713008624011896,0.8695578220874784,0.497084166672209,-0.0017430403137111972,-0.37421669572898064,-0.37247365541526944,-0.005190265875001376,-0.8427784548496087,-0.8375881889746073,0.750861813505743,0.7411000872681752,0.00976172623756777
0.9026730344335764,0.8580904531973292,0.4733760802618027,-0.04458258123624714,-0.42929695417177366,-0.3847143729355265,-0.1379443282783428,-0.989532053135523,-0.8515877248571802,0.7459008958328741,0.7435254827622647,0.0023754130706094
0.9005481429838746,0.8413023897681652,0.4794351954841202,-0.05924575321570946,-0.4211129474997544,-0.36186719428404496,-0.17780352011092848,-0.9702658073596597,-0.7924622872487312,0.7440991190380007,0.736758033119439,0.007341085918561752
0.8967242649694991,0.8465721632575997,0.494821151307811,-0.05015210171189943,-0.40190311366168807,-0.35175101194978864,-0.1506120040750596,-0.9268121219208194,-0.7762001178457598,0.7602972075609453,0.731781178795661,0.028516028765284362
0.9156457548507172,0.8614218551032686,0.484315108120352,-0.05422389974744857,-0.4313306467303652,-0.37710674698291663,-0.17351840836122312,-1.012802135908948,-0.839283727547725,0.7695858673994523,0.7380026113167726,0.031583256082679756
0.8910548907684639,0.8384101052585226,0.5082247553563649,-0.05264478550994134,-0.382830135412099,-0.33018534990215764,-0.15460986883307504,-0.8815941304382642,-0.7269842616051891,0.7673831633885427,0.7244100042003583,0.04297315918818445
0.8978810634832968,0.859644494121747,0.4742701657336506,-0.03823656936154973,-0.42361089774964616,-0.38537432838809643,-0.11748667585544448,-0.971747395001809,-0.8542607191463645,0.7551761246091252,0.7326876909500043,0.0224884336591209
0.9036377394775543,0.8450052322210427,0.48060220251102564,-0.05863250725651159,-0.4230355369665287,-0.3644030297100171,-0.17801745520973844,-0.9783262989515005,-0.800308843741762,0.7639838580585095,0.7221795914145726,0.041804266643936994
0.8822766007916217,0.8647610180638484,0.47691131676494464,-0.017515582727773316,-0.4053652840266771,-0.3878497012989038,-0.05272499351069726,-0.9165416555225525,-0.8638166620118553,0.7438035803055999,0.7388290434413435,0.004974536864256418
0.8787170297536872,0.8404344551221865,0.47068261885045676,-0.03828257463150064,-0.4080344109032304,-0.36975183627172975,-0.11042574824242202,-0.9180425210874836,-0.8076167728450616,0.7579698593955231,0.7019195430886972,0.05605031630682589
0.8818917699142381,0.8547560474185925,0.457598902103867,-0.027135722495645664,-0.4242928678103711,-0.39715714531472546,-0.08034901646157566,-0.9540587863468917,-0.873709769885316,0.7382254488927227,0.7246056973984089,0.013619751494313825
0.8860355010535855,0.8881878402243523,0.5199860520924218,0.002152339170766737,-0.36604944896116376,-0.3682017881319305,0.0068014519653196714,-0.8421106450322289,-0.8489120969975485,0.7758458301830748,0.7536270987304982,0.02221873145257669
0.883651243162423,0.8416673544250487,0.48608622294757114,-0.04198388873737435,-0.3975650202148519,-0.35558113147747755,-0.1223037177411399,-0.9024552297330726,-0.7801515119919327,0.7478940656031237,0.7263758147535716,0.021518250849552056
0.8803109514285438,0.8620312438490838,0.48171160578260896,-0.01827970757945996,-0.3985993456459348,-0.38031963806647484,-0.05459635197792956,-0.9008554871200636,-0.846259135142134,0.7815457690808258,0.7011567649593319,0.08038900412149397
0.8901945859616011,0.8469025728399483,0.4742342828312614,-0.04329201312165276,-0.41596030313033966,-0.3726682900086869,-0.1285285308216806,-0.9468422264199658,-0.8183136955982853,0.7592046635755422,0.7150162975129986,0.044188366062543616
0.8910033865879301,0.8716128742209017,0.5047271503799624,-0.01939051236702838,-0.3862762362079677,-0.3668857238409393,-0.0600001085182722,-0.8884246534622806,-0.8284245449440084,0.7595677923698377,0.7519944817560252,0.007573310613812501
0.9084759154111013,0.8222952060969295,0.4739372557704152,-0.08618070931417177,-0.4345386596406861,-0.34835795032651434,-0.2556181515232083,-1.008254696397418,-0.7526365448742096,0.7437712649344582,0.7260343199178388,0.017736945016619377
0.8774627698259263,0.8384431748178544,0.5078513983956867,-0.03901959500807195,-0.3696113714302396,-0.33059177642216764,-0.11201620988066452,-0.83983713046871,-0.7278209205880455,0.7597461158799683,0.7227587794796768,0.036987336400291504
0.9012172908252852,0.8378404191332763,0.4751917209263357,-0.0633768716920089,-0.4260255698989495,-0.3626486982069406,-0.1894760362659631,-0.9810008398496861,-0.791524803583723,0.7591120638211574,0.7170542234354409,0.04205784038571647
0.8828862493694928,0.8771644528547814,0.5043475830283292,-0.005721796514711386,-0.3785386663411636,-0.37281686982645224,-0.01761037956562239,-0.8635463866063424,-0.84593600704072,0.761408558534778,0.748190298300291,0.013218260234486912
0.8845293639541311,0.8268462152320389,0.4901317522217329,-0.057683148722092126,-0.3943976117323982,-0.33671446301030605,-0.16491373871556814,-0.8971049925041636,-0.7321912537885955,0.7530810598818464,0.714590494390089,0.038490565491757334
0.9094863713970222,0.8847969716822346,0.49142525678570187,-0.024689399714787563,-0.4180611146113203,-0.3933717148965327,-0.08141356852651249,-0.97676888288793,-0.8953553143614175,0.7703993948808502,0.7534063383624557,0.016993056518394445
0.908108642482184,0.8457215586309798,0.5165354326759203,-0.062387083851204284,-0.39157320980626376,-0.32918612595505947,-0.19134829538613296,-0.921756132180205,-0.7304078367940721,0.7498002664418947,0.763776822750828,-0.013976556308933352
0.8884372263386288,0.8468042996026158,0.4846354662628518,-0.04163292673601293,-0.40380176007577695,-0.362168833339764,-0.12320005818996815,-0.9204205072972438,-0.7972204491072756,0.7470258055215547,0.7328921892811762,0.014133616240378566
0.9019984906551264,0.8472448554135908,0.46802846697381045,-0.054753635241535537,-0.43397002368131593,-0.3792163884397804,-0.16627632151773453,-0.9979734750421105,-0.831697153524376,0.7504421328590273,0.7277390758359911,0.02270305702303621
0.8898123830747665,0.834936546642775,0.49623401396147226,-0.054875836431991565,-0.39357836911329425,-0.3387025326813027,-0.16002856429426604,-0.9015984581127339,-0.7415698938184678,0.7582385822994988,0.7224167134865106,0.03582186881298821
0.90242549197314,0.8423229680409743,0.4902229196983337,-0.06010252393216575,-0.41220257227480633,-0.3521000483426406,-0.18130651475853954,-0.954979742525816,-0.7736732277672764,0.7472705324137405,0.7427103873945582,0.004560145019182338
0.9101931514519546,0.8629037354093821,0.47969862464923646,-0.04728941604257242,-0.4304945268027181,-0.3832051107601457,-0.14987877902347257,-1.0027001863866734,-0.8528214073632008,0.7771538097528483,0.724709864587534,0.052443945165314365
0.8764213451511066,0.8636868352407514,0.48779481092855687,-0.012734509910355185,-0.3886265342225497,-0.37589202431219454,-0.037883332927599156,-0.8767831623318796,-0.8388998294042804,0.7531204844778375,0.732148176402439,0.020972308075398516
0.8824409888931455,0.8393635669965815,0.49711469200982256,-0.04307742189656394,-0.3853262968833229,-0.342248874986759,-0.12483007895891518,-0.876628742682765,-0.7517986637238498,0.7571090508383468,0.722170447761353,0.03493860307699381
0.8969684262311776,0.8751025772349771,0.4833228263131706,-0.021865848996200477,-0.413645599918007,-0.3917797509218065,-0.06888468248057178,-0.9506175154252958,-0.881732832944724,0.7768498869738363,0.7267459995457138,0.05010388742812244
0.9263806068778361,0.8514602255775365,0.4882521755925161,-0.07492038130029954,-0.43812843128532,-0.36320804998502043,-0.24175414343687995,-1.044747141490768,-0.8029929980538881,0.764760212412963,0.7459684596189629,0.01879175279400014
0.8929085382725648,0.8157263166670171,0.47977067778495414,-0.07718222160554766,-0.41313786048761064,-0.335955638882063,-0.22059101988153884,-0.9444858598846266,-0.7238948400030878,0.7440799412776072,0.7148570805387502,0.02922286073885705
0.8883182234479986,0.8119331973298225,0.5027192625910593,-0.0763850261181761,-0.38559896085693934,-0.30921393473876324,-0.21562849749937918,-0.8838701441155901,-0.6682416466162109,0.7470989492467217,0.7215481729991987,0.025550776247523
0.8865218795204406,0.8815532078369092,0.48352798782067336,-0.004968671683531434,-0.40299389169976724,-0.3980252200162358,-0.015519202966585599,-0.9165754218937601,-0.9010562189271745,0.7592641137832822,0.7418046030020666,0.017459510781215548
0.9007157292980107,0.8433130374079917,0.513484071005571,-0.05740269189001901,-0.38723165829243966,-0.32982896640242065,-0.17284678944845222,-0.9027133793247619,-0.7298665898763097,0.7641156224520232,0.740892936022359,0.023222686429664297
0.9132019543671386,0.8622879586914324,0.48680270374921064,-0.0509139956757062,-0.42639925061792794,-0.37548525494222174,-0.162272069386165,-0.9990885922949284,-0.8368165229087634,0.7593577519536133,0.748837325918241,0.010520426035372288
0.8915093524797552,0.8727068046483264,0.5194198875587529,-0.018802547831428762,-0.37208946492100226,-0.3532869170895735,-0.05834923803479475,-0.8606547910724835,-0.8023055530376888,0.7809022919843153,0.7415217378069077,0.0393805541774076
0.8896517441849938,0.872915958054246,0.4622396098800414,-0.016735786130747776,-0.4274121343049524,-0.4106763481742046,-0.05177071643297371,-0.9691463100956339,-0.9173755936626602,0.7495131655078735,0.7336917092383137,0.015821456269559775
0.9025908299389896,0.8625784972537779,0.4792649730934907,-0.04001233268521176,-0.42332585684549895,-0.3833135241602872,-0.12471936716099385,-0.9774636798690011,-0.8527443127080072,0.7624527531374935,0.7338367803866787,0.028615972750814844
0.897482616160424,0.8640195731030309,0.46782781458475203,-0.033463043057393116,-0.429654801575672,-0.39619175851827887,-0.10349300175848786,-0.9833391203809165,-0.8798461186224287,0.7557195701631754,0.7305004324022961,0.02521913776087925
0.9100142512309901,0.8569465195088016,0.5206006725417159,-0.05306773172218848,-0.3894135786892742,-0.3363458469670857,-0.1664187858807149,-0.9202478074783667,-0.7538290215976517,0.7749324897852066,0.7501084724024651,0.024824017382741426
0.8840324506378402,0.8552839557038753,0.46975301476598535,-0.02874849493396492,-0.41427943587185484,-0.3855309409378899,-0.08550881675811928,-0.936344743487328,-0.8508359267292087,0.7529676454040741,0.7197453020010596,0.033222343403014554
0.8963730945920538,0.8331541696242462,0.5051471746730376,-0.06321892496780768,-0.39122591991901623,-0.32800699495120855,-0.18605413686016758,-0.9050066185275616,-0.718952481667394,0.747991070954937,0.7417918883046212,0.0061991826503158265
0.8609528207153573,0.8585102349590201,0.47462598428380076,-0.0024425857563371567,-0.3863268364315565,-0.38388425067521936,-0.007033834373307624,-0.8573220679935016,-0.850288233620194,0.7579057641760544,0.7048202624627312,0.05308550171332316
0.8770184465783939,0.8424493357284417,0.46757747307852165,-0.03456911084995218,-0.40944097349987224,-0.37487186264992006,-0.09972196782507448,-0.9190771762968164,-0.8193552084717419,0.7493637551714392,0.7086664150854657,0.04069734008597348
0.9168267855913693,0.8361184747987294,0.4954743909473528,-0.08070831079263996,-0.4213523946440165,-0.34064408385137657,-0.248464177556305,-0.9947417103421234,-0.7462775327858184,0.7711600716226582,0.7277863626023092,0.04337370902034898
0.8783576973981622,0.8498869603108251,0.4630785033463448,-0.02847073708733705,-0.41527919405181735,-0.3868084569644803,-0.08319313160768393,-0.9321843697359833,-0.8489912381282994,0.7467305350238261,0.714151572346395,0.0325789626774311
0.9004467248819212,0.8072069118698322,0.49490683046203787,-0.09323981301208906,-0.40553989441988336,-0.3123000814077943,-0.26714298211231213,-0.9389722979241977,-0.6718293158118855,0.7383005761268858,0.7300730686823083,0.008227507444577564
0.892785825676716,0.8591428293588707,0.4910297206035676,-0.0336429963178454,-0.40175610507314846,-0.36811310875530306,-0.10228428677207946,-0.921560957416957,-0.8192766706448775,0.7696935352178441,0.7256120485415921,0.044081486676252
0.9114469136642106,0.8104261807554064,0.4634649238014716,-0.1010207329088042,-0.447981989862739,-0.3469612569539348,-0.2966558790619911,-1.039620743463963,-0.742964864401972,0.7545627886741633,0.7023292234732292,0.05223356520093403
0.8986814406721731,0.8922368048177618,0.4856329224428776,-0.006444635854411351,-0.41304851822929556,-0.4066038823748842,-0.021065933743056764,-0.9516509205126593,-0.9305849867696026,0.7639375394833537,0.7537632391385213,0.010174300344832465
0.9000940630653214,0.836302961132829,0.5080603253482145,-0.06379110193249238,-0.3920337377171068,-0.32824263578461443,-0.1898841378146705,-0.9114874781201485,-0.721603340305478,0.7596738387654394,0.7366310609321375,0.023042777833301886
0.8890678895394964,0.8224044106404786,0.46962409380539594,-0.0666634788990178,-0.4194437957341005,-0.3527803168350827,-0.19091914987492675,-0.9524815302468528,-0.761562380371926,0.7588069539051562,0.6952573087517578,0.06354964515339834
0.8984436717185965,0.8820024233985662,0.5066742951226618,-0.016441248320030355,-0.3917693765959347,-0.37532812827590434,-0.052627704046845025,-0.9087762663217294,-0.8561485622748843,0.7777683283559024,0.746978598470647,0.030789729885255412
0.880630320408255,0.8278272100533265,0.47908366384297635,-0.05280311035492846,-0.4015466565652786,-0.34874354621035014,-0.15020599187012307,-0.9070998809355098,-0.7568938890653867,0.7486764939533118,0.7096843022497269,0.03899219170358492
0.9121502653822803,0.8492955967599782,0.4921970533406483,-0.06285466862230205,-0.419953212041632,-0.35709854341932995,-0.19553893259868227,-0.9845721347259886,-0.7890332021273063,0.7603239486887533,0.7421046616331843,0.018219287055568967
0.9181085980787508,0.8717843139485717,0.4848567220021364,-0.04632428413017908,-0.43325187607661436,-0.3869275919464353,-0.15195696432120975,-1.0206397791098711,-0.8686828147886614,0.7658526371448732,0.7506471188747661,0.015205518270107077
0.8963044178764049,0.853710375465909,0.513992816752373,-0.042594042410495914,-0.38231160112403195,-0.33971755871353604,-0.12923356530522057,-0.8870865597793001,-0.7578529944740795,0.7628058738292335,0.7465325329005578,0.016273340928675717
0.8879027588708912,0.8235611837875418,0.49098977072244276,-0.06434157508334937,-0.39691298814844844,-0.3325714130650991,-0.18418687065712813,-0.9060121587063239,-0.7218252880491958,0.7699549910127349,0.6983474845745156,0.07160750643821934
0.8938999980769818,0.8339790778864232,0.4872964634825146,-0.05992092019055861,-0.40660353459446724,-0.34668261440390863,-0.1757672428342545,-0.9326387664343379,-0.7568715236000834,0.7679513523045834,0.708832340659363,0.05911901164522049
0.8869795519349664,0.8407721788557238,0.48302656220709617,-0.04620737307924261,-0.4039529897278702,-0.3577456166486276,-0.1351986777904961,-0.919023064775055,-0.7838243869845589,0.759712182754324,0.7141400125775336,0.04557217017679038
0.9135332214062097,0.867605529123266,0.46305729175114546,-0.04592769228294369,-0.4504759296550643,-0.4045482373721206,-0.14789058379743825,-1.047821388123915,-0.8999308043264767,0.7565013500350414,0.739629344818706,0.016872005216335362
0.8995309792656027,0.8240612378045007,0.479092928049668,-0.07546974146110197,-0.42043805121593464,-0.34496830975483267,-0.22061704248856806,-0.9675597793134005,-0.7469427368248325,0.7315273837230399,0.7369293796901408,-0.005401995967100892
0.9177027761581015,0.8432251943959065,0.48025138159548186,-0.07447758176219499,-0.4374513945626196,-0.3629738128004246,-0.2322738567611835,-1.0283777443724778,-0.7961038876112942,0.740732052953842,0.7533875151458179,-0.012655462191975886
0.9087164842029196,0.8433591167754169,0.471856893625623,-0.06535736742750275,-0.4368595905772966,-0.37150222314979386,-0.19997558045323327,-1.0132563294373753,-0.813280748984142,0.7655072308279562,0.7171144322413501,0.04839279858660617
0.8859608114624709,0.822637402941621,0.5136629510930478,-0.06332340852084983,-0.37229786036942303,-0.3089744518485732,-0.18047544502981072,-0.8545290864263033,-0.6740536413964926,0.7456957468815913,0.7358116967831684,0.00988405009842297
0.8907988319224779,0.8595315175577017,0.45881207871559204,-0.031267314364776144,-0.43198675320688584,-0.4007194388421097,-0.09476985432283946,-0.9796922654565063,-0.8849224111336669,0.7443200644173795,0.7284415543798015,0.01587851003757801
0.8977273984722632,0.796188862243103,0.48325542534761445,-0.1015385362291602,-0.4144719731246488,-0.3129334368954886,-0.2857507604548539,-0.9532530965748043,-0.6675023361199504,0.7436201148363543,0.7078276758722993,0.03579243896405493
0.9044153696716493,0.8413272361298334,0.488669915546812,-0.06308813354181586,-0.41574545412483727,-0.3526573205830214,-0.19077191488385736,-0.9648230977807415,-0.7740511828968841,0.7542333299207795,0.7353750176447504,0.018858312276029077
0.9020383482347222,0.8427049409526379,0.50843267233193,-0.05933340728208425,-0.39360567590279216,-0.3342722686207079,-0.1789543715948212,-0.9172546799678867,-0.7383003083730655,0.7797474649556384,0.7223698427238884,0.057377622231750025
0.8813301393565791,0.8496335441804127,0.5358983389638943,-0.03169659517616641,-0.34543180039268484,-0.31373520521651843,-0.09304446019099144,-0.79555768680361,-0.7025132266126186,0.7907920118638756,0.7204493364700485,0.0703426753938271
0.8654485252985662,0.8513408045226547,0.47007492644239424,-0.014107720775911492,-0.39537359885617196,-0.38126587808026047,-0.04047596550758703,-0.8795213464877669,-0.8390453809801799,0.7533489713139616,0.7045605328617818,0.04878843845217984
0.8919602700865235,0.8410594599847151,0.4819389980451948,-0.05090081010180836,-0.41002127204132865,-0.3591204619395203,-0.15029912835134152,-0.9370854281053491,-0.7867862997540076,0.754500234947922,0.7221389171297004,0.0323613178182216
0.9044400352902031,0.829561541452738,0.47770221068659435,-0.07487849383746514,-0.42673782460360876,-0.3518593307661436,-0.22259277935450195,-0.9868552582982333,-0.7642624789437313,0.7599969273053347,0.7144722643143556,0.045524662990979126
0.8894050484478676,0.8369612229317412,0.507532104846227,-0.05244382551612636,-0.3818729436016406,-0.3294291180855142,-0.15326137579138566,-0.8777018111822474,-0.7244404353908618,0.7535468851199617,0.7357186990305956,0.017828186089366094
0.8963581382056081,0.8582726962587479,0.4904770653314183,-0.038085441946860144,-0.40588107287418973,-0.3677956309273296,-0.11641499692263846,-0.9342990988769826,-0.8178841019543441,0.7674132209940856,0.7293253788697639,0.0380878421243217
0.9080133246812079,0.864850890565583,0.5097698067896624,-0.043162434115624926,-0.39824351789154544,-0.3550810837759205,-0.1366174335410073,-0.9349622834600766,-0.7983448499190693,0.7790371889966677,0.7427188256943011,0.036318363302366596
0.8999080390972719,0.8515126985907662,0.4825453511024504,-0.048395340506505735,-0.4173626879948215,-0.3689673474883158,-0.1473459988894641,-0.9619051363801829,-0.8145591374907188,0.7684347094727136,0.7208760163876123,0.0475586930851013
0.8897292439651927,0.8301253534053329,0.5067792702825059,-0.05960389055985982,-0.3829499736826868,-0.323346083122827,-0.17264842083381637,-0.8802419872417064,-0.7075935664078901,0.7461829038768264,0.7382396745585279,0.007943229318298495
0.8891040758528184,0.8475909459309372,0.4826945260531074,-0.041513129921881164,-0.40640954979971095,-0.3648964198778298,-0.12313461173358009,-0.9264253807935596,-0.8032907690599795,0.751951924604227,0.7276411072870149,0.024310817317212075
0.8745372522458688,0.8711223652098892,0.5066551925550713,-0.0034148870359795858,-0.36788205969079746,-0.3644671726548179,-0.010250096138155307,-0.8333531908879079,-0.8231030947497526,0.7599536720749439,0.7415895345989422,0.01836413747600174
0.9274799570110293,0.8638101060233978,0.47458310922703967,-0.06366985098763145,-0.4528968477839896,-0.38922699679635814,-0.21062719381547534,-1.0763292522273606,-0.8657020584118853,0.7620216327834048,0.7485604820575729,0.013461150725831983
0.8918583775687672,0.8528220490576769,0.46315137538811985,-0.03903632851109029,-0.42870700218064733,-0.38967067366955704,-0.11729565187582525,-0.9743915271859231,-0.8570958753100979,0.739903751459685,0.7319841165500243,0.007919634909660744
0.8840214592637557,0.8851602146285339,0.45832535555734477,0.0011387553647781434,-0.425696103706411,-0.4268348590711891,0.0035640213823966427,-0.9592255861199195,-0.9627896075023161,0.7489718576209011,0.7360328286788552,0.012939028942045905
0.8988214945205089,0.8314483499954749,0.49388126118663983,-0.06737314452503396,-0.404940233333869,-0.33756708880883507,-0.19869600752920036,-0.9356148739317993,-0.736918866402599,0.7614745142700045,0.7212928895317448,0.0401816247382597
0.8948394000259074,0.8566204452569041,0.48636965190407455,-0.03821895476900339,-0.4084697481218329,-0.3702507933528295,-0.11617411279272849,-0.9375493588243342,-0.8213752460316057,0.7568145659768779,0.7350717654810461,0.02174280049583177
0.8662748554627185,0.8429720252641504,0.4556897622134453,-0.02330283019856816,-0.4105850932492732,-0.38728226305070507,-0.06615978936025524,-0.9107969705626082,-0.844637181202353,0.7434608783153118,0.6998302169782309,0.043630661337080934
0.9066866192317266,0.8671181662762809,0.5090070617112765,-0.03956845295544564,-0.39767955752045003,-0.3581111045650044,-0.12538621589720478,-0.9319122437174023,-0.8065260278201976,0.7685580306491737,0.7533165341636823,0.015241496485491446
0.8937125655132819,0.8404239780114825,0.48254218438737556,-0.053288587501799434,-0.41117038112590637,-0.35788179362410694,-0.15770082985691403,-0.9415433098899368,-0.7838424800330228,0.7447098826279133,0.7330759359801798,0.011633946647733429
0.9086599679199134,0.8666344318595625,0.4630605501422215,-0.042025536060350976,-0.4455994177776919,-0.40357388171734093,-0.13362699664140942,-1.0306904237545407,-0.8970634271131313,0.7590821243491442,0.7331545089319872,0.025927615417157046
0.9102297350663373,0.8287623727756146,0.48194680520163585,-0.08146736229072271,-0.42828292986470146,-0.34681556757397874,-0.2446855101280505,-0.9983284796354694,-0.7536429695074189,0.7555118923858868,0.7251140496431717,0.030397842742715064
0.901385493007456,0.8323909429965408,0.5195695912466761,-0.06899455001091515,-0.38181590176077984,-0.3128213517498647,-0.20472604400740746,-0.8927786699891822,-0.6880526259817747,0.7561623126805708,0.7460683721532112,0.010093940527359568
0.8905275624019243,0.8732025308070562,0.4858319523536404,-0.01732503159486809,-0.4046956100482839,-0.3873705784534158,-0.05371002870708752,-0.9246935789601651,-0.8709835502530776,0.7571240423238166,0.742583988051264,0.01454005427255256
0.8799076335732634,0.8665986269363924,0.47897214790832415,-0.013309006636870957,-0.40093548566493925,-0.3876264790280683,-0.04001708081173572,-0.9050970354608998,-0.8650799546491641,0.7569059463261367,0.7267463259525162,0.03015962037362052
0.880261722020242,0.849357112151088,0.4843839770343537,-0.030904609869154,-0.3958777449858883,-0.3649731351167343,-0.09052025311689871,-0.8953560142265895,-0.8048357611096908,0.7390031179109349,0.7369987562261875,0.00200436168474738
0.907782186172625,0.8439008850808096,0.5151540703478608,-0.06388130109181533,-0.3926281158247642,-0.32874681473294887,-0.19524742099780124,-0.9233910413483535,-0.7281436203505522,0.7707423097417518,0.7404824513257784,0.03025985841597345
0.8803017971768045,0.8644219473419668,0.46930084213614137,-0.0158798498348377,-0.4110009550406631,-0.3951211052058254,-0.0476104410603897,-0.9256792940059932,-0.8780688529456036,0.7308032477596634,0.7452131433436117,-0.014409895583948229
0.8919793172543992,0.8435082208131929,0.4911524021269904,-0.048471096441206285,-0.40082691512740876,-0.35235581868620247,-0.14364183799884067,-0.9187130432125501,-0.7750712052137094,0.7640535533655919,0.7203730734307964,0.04368047993479551
0.9159435459278207,0.8375158732024959,0.48511517341561905,-0.0784276727253248,-0.43082837251220163,-0.3524006997868768,-0.24149184019263803,-1.0122736227395248,-0.7707817825468868,0.7641401302539071,0.7282429314433833,0.03589719881052389
0.9190971732248626,0.8093124618947497,0.48718801927728755,-0.10978471133011292,-0.43190915394757506,-0.32212444261746215,-0.3269725455750927,-1.019590647685063,-0.6926181021099702,0.7445706249467648,0.7324944779845015,0.012076146962263334
0.9029732722191464,0.8302405100448587,0.5116841586887653,-0.0727327621742877,-0.3912891135303811,-0.3185563513560934,-0.21581343581258183,-0.9139022118535158,-0.698088776040934,0.7401218369493174,0.7564767903525293,-0.016354953403211914
0.9010999432680852,0.8586733908356106,0.473709711698383,-0.04242655243247462,-0.4273902315697022,-0.38496367913722757,-0.1309840716569144,-0.9835755451868522,-0.8525914735299378,0.7743932524589554,0.7145954447424304,0.05979780771652499
0.9076122189129946,0.8161491621005176,0.492561758459099,-0.09146305681247702,-0.4150504604538956,-0.3235874036414186,-0.26860035687094497,-0.9679936541006766,-0.6993932972297316,0.7538367822569594,0.7237119773914482,0.030124804865511168
0.9096327785540455,0.8332818187667979,0.5269676767796982,-0.0763509597872476,-0.3826651017743472,-0.3063141419870996,-0.23053958345083947,-0.9061674824252901,-0.6756278989744506,0.767760925896925,0.7454939235034359,0.02226700239348911
0.9028266995055424,0.8432070343245505,0.4913841769173004,-0.05961966518099193,-0.411442522588242,-0.35182285740725006,-0.18023120702395534,-0.9540101345456937,-0.7737789275217384,0.7708463393601361,0.7207656011381258,0.05008073822201031
0.901659298545436,0.8577825778253575,0.5019523610654892,-0.04387672072007853,-0.3997069374799468,-0.35583021675986826,-0.13541397088373808,-0.9289420561846462,-0.7935280853009081,0.7766661921766584,0.7309299661141966,0.04573622606246186
0.8775161659468899,0.8716735787645126,0.4667149336862366,-0.00584258718237729,-0.41080123226065324,-0.40495864507827595,-0.01764295575349939,-0.9223228274585815,-0.9046798717050821,0.731384676242474,0.7458851093559521,-0.01450043311347804
0.8881232496845465,0.8177808920376559,0.5135052022863477,-0.07034235764689056,-0.3746180473981988,-0.30427568975130825,-0.19995396298397328,-0.8616762277735648,-0.6617222647895915,0.7674836305178302,0.7121225988212032,0.05536103169662698
0.9110421637909735,0.7974086961599877,0.5106257823589821,-0.11363346763098581,-0.4004163814319913,-0.2867829138010055,-0.32802372496758236,-0.9438090265953796,-0.6157853016277972,0.7530261222270394,0.7263583059795895,0.02666781624744985
0.8614081640741877,0.8299432887982489,0.4931285015483222,-0.031464875275938886,-0.3682796625258655,-0.33681478724992664,-0.08720137553045815,-0.821612600851455,-0.7344112253209969,0.7320841756958286,0.7242357939180104,0.007848381777818214
0.9065051135195339,0.841948713822591,0.5163440218013701,-0.06455639969694293,-0.3901610917181638,-0.3256046920212209,-0.19621222615814782,-0.9166097384749201,-0.7203975123167723,0.7795981525068559,0.7302670802554743,0.04933107225138167
0.9085879425234286,0.842598680285046,0.4895313307549045,-0.06598926223838253,-0.41905661176852405,-0.3530673495301415,-0.2016195572064019,-0.9774330566856473,-0.7758134994792454,0.7605752518481104,0.7332367171941423,0.027338534653968072
0.8721984488295,0.8508830173155929,0.46567542404252815,-0.021315431513907135,-0.4065230247869719,-0.38520759327306475,-0.0617577362247439,-0.9083343700802862,-0.8465766338555423,0.758347428528798,0.7008238315962828,0.057523596932515186
0.9183155700442273,0.8390246638967097,0.48646262522361733,-0.07929090614751755,-0.43185294482060993,-0.3525620386730924,-0.24599839107967414,-1.0181819078285361,-0.772183516748862,0.7665070002987352,0.7293615724776342,0.037145427821100974
0.9121166729323308,0.8521589586576218,0.4669967193516525,-0.05995771427470897,-0.4451199535806783,-0.3851622393059693,-0.18738509747992493,-1.0349015346725416,-0.8475164371926167,0.7458687496766638,0.741646150951073,0.0042225987255908315
0.8806216859307143,0.8314668546430888,0.47327189324819086,-0.049154831287625544,-0.40734979268252347,-0.3581949613948979,-0.14049785203510856,-0.9187100725375468,-0.7782122205024382,0.7527521676131593,0.7041547882681702,0.04859737934498909
0.9091650156676964,0.8415060278133661,0.4572401576048342,-0.06765898785433022,-0.45192485806286214,-0.3842658702085319,-0.20662088639280451,-1.0441236882835307,-0.8375028018907262,0.7248627792675988,0.7470780214563323,-0.022215242188733497
0.9196613238480301,0.8502899373958831,0.4856492737711631,-0.06937138645214702,-0.434012050076867,-0.36464066362472,-0.2198262419974779,-1.0247414437113511,-0.8049152017138732,0.7641589331646158,0.7395747568454349,0.02458417631918086
0.9031752388794898,0.839413333097242,0.45751237844174075,-0.06376190578224783,-0.44566286043774905,-0.3819009546555012,-0.19179175256572645,-1.0230331487171505,-0.831241396151424,0.7500346682255016,0.7166992987201468,0.03333536950535476
0.8922537237797772,0.8401856508104143,0.4820447100412966,-0.05206807296936289,-0.41020901373848057,-0.3581409407691177,-0.1536322832672523,-0.9378197436231379,-0.7841874603558856,0.7437908693218894,0.7325318537657696,0.011259015556119856
0.8917893184229599,0.8378832015804877,0.46953660341525283,-0.05390611684247226,-0.4222527150077071,-0.36834659816523485,-0.15840112382696647,-0.9613696138689434,-0.8029684900419769,0.7427957537465402,0.7233436618659267,0.019452091880613476
0.9169726572235649,0.8527162857368811,0.5065425693307463,-0.06425637148668384,-0.41043008789281865,-0.3461737164061348,-0.20318555703452468,-0.9731333124122115,-0.7699477553776868,0.7638111338978713,0.7536765409629237,0.010134592934947562
0.9088209415907219,0.8366081465981633,0.48928142677675646,-0.07221279499255862,-0.41953951481396545,-0.34732671982140684,-0.21875330808717663,-0.9787419202308514,-0.7599886121436747,0.7643355813222378,0.7254714286548567,0.03886415266738108
0.8966329075204064,0.8524164323135233,0.5112373808491416,-0.0442164752068831,-0.38539552667126475,-0.34117905146438166,-0.13396658642611525,-0.8936774406330039,-0.7597108542068887,0.7617879170278544,0.7450698967608596,0.01671802026699487
0.8932482266836236,0.8166968907042572,0.5016869414193723,-0.07655133597936636,-0.39156128526425127,-0.3150099492848849,-0.21918435920953883,-0.9017415475729746,-0.6825571883634358,0.7441960178550976,0.7302253546830711,0.013970663172026443
0.9130296245775078,0.8651239739117005,0.48270262352860144,-0.04790565066580732,-0.43032700104890637,-0.38242135038309905,-0.15339429831980578,-1.0066807664707942,-0.8532864681509884,0.7684045268494243,0.7388329544957823,0.02957157235364194
0.9038929494776806,0.8033319576762269,0.49756100816727505,-0.10056099180145373,-0.40633194131040556,-0.30577094950895184,-0.2885290554943283,-0.9452643432105725,-0.6567352877162442,0.7474399360383549,0.7224173408424334,0.025022595195921538
0.9019231064107126,0.8430648020420294,0.49271743602812396,-0.05885830436868322,-0.40920567038258865,-0.3503473660139054,-0.17757792060896005,-0.9482988922213076,-0.7707209716123475,0.7555308630124183,0.7362726999748258,0.019258163037592535
0.8956161668252528,0.8504092455031321,0.47435808071686053,-0.045206921322120674,-0.42125808610839227,-0.3760511647862716,-0.1362773322235653,-0.9641279351530871,-0.8278506029295218,0.7524528018732508,0.7278028601569128,0.024649941716338053
0.8663191585367689,0.8374023492102454,0.4770996272852569,-0.028916809326523518,-0.389219531251512,-0.36030272192498847,-0.08149022809543371,-0.8680070340066219,-0.7865168059111882,0.7177801075670472,0.7361006491211335,-0.018320541554086245
0.8777319997219396,0.8462173406828065,0.5013727145881505,-0.031514659039133086,-0.37635928513378913,-0.34484462609465605,-0.09150384639857467,-0.8536165885234288,-0.7621127421248541,0.7583872049721394,0.7251608316897918,0.033226373282347565
0.8949796630709054,0.8326732304462272,0.47882020643799006,-0.062306432624678165,-0.4161594566329153,-0.35385302400823715,-0.18278484545647267,-0.953114924913826,-0.7703300794573533,0.7504657683225856,0.7205162983141628,0.02994947000842285
0.9090432146137706,0.8756363275525874,0.47036896277690543,-0.03340688706118322,-0.43867425183686515,-0.4052673647756819,-0.10808744523560909,-1.0173725199217092,-0.9092850746861001,0.7601026335836604,0.743263036378515,0.016839597205145385
0.8950203473555621,0.8554558564534563,0.4828303792999657,-0.03956449090210579,-0.41218996805559643,-0.37262547715349065,-0.12008164316642,-0.9452213685240662,-0.8251397253576462,0.758692906010306,0.7301781493956832,0.028514756614622883
0.8843437958413563,0.8293074315752014,0.4807217994526506,-0.05503636426615488,-0.40362199638870566,-0.3485856321225508,-0.1578102593173738,-0.9153527325030031,-0.7575424731856293,0.7540002429607174,0.7089151082854214,0.04508513467529607
0.8803433877132358,0.8584035024488768,0.4779924166691843,-0.021939885264359082,-0.40235097104405154,-0.38041108577969246,-0.06515826852995765,-0.9083998626173797,-0.843241594087422,0.7441228936802051,0.7337033108739928,0.010419582806212357
0.9126274129739234,0.858410920789186,0.5051298529025556,-0.05421649218473734,-0.4074975600713677,-0.3532810678866304,-0.1714197804724895,-0.960393376094796,-0.7889735956223065,0.7869882477909547,0.7304572099861553,0.0565310378047994
0.922330260752549,0.8505329503550857,0.47062691518166877,-0.07179731039746329,-0.4517033455708802,-0.3799060351734169,-0.2290395184445222,-1.064710680715603,-0.8356711622710808,0.7606318037244229,0.7350282804684463,0.02560352325597659
0.90217791379612,0.8611395700874406,0.46918735686724167,-0.041038343708679426,-0.43299055692887833,-0.3919522132201989,-0.1274983501187097,-0.9962548342839195,-0.8687564841652098,0.7539144554960435,0.7344221050044913,0.01949235049155218
0.9037506907273757,0.8455826998710883,0.4901714546880981,-0.05816799085628743,-0.4135792360392776,-0.35541124518299017,-0.176803454869205,-0.9595621947296735,-0.7827587398604685,0.760017014162944,0.7329862160280973,0.027030798134846656
0.8958585084328151,0.8361220273827572,0.5020859951991782,-0.05973648105005791,-0.39377251323363693,-0.334036032183579,-0.1763788021203445,-0.9094425879709216,-0.7330637858505771,0.7443767602969982,0.745000927046169,-0.0006241667491708736
0.8940534820894669,0.8401333484704926,0.45754755831698685,-0.0539201336189743,-0.43650592377248004,-0.38258579015350574,-0.1596010647290158,-0.9927347251994199,-0.833133660470404,0.7431591468366643,0.717997112414633,0.025162034422031243
0.9087122531453149,0.8492833295195612,0.49486603033973786,-0.059428923625753693,-0.41384622280557704,-0.35441729917982334,-0.1835332765236144,-0.9671937831658466,-0.7836605066422322,0.7831816473420455,0.7187260946610302,0.06445555268101533
0.8887350464659485,0.8680970650162562,0.4809833681007904,-0.02063798144969231,-0.4077516783651581,-0.38711369691546577,-0.06320368700119339,-0.9286755715938055,-0.8654718845926122,0.7486481509149986,0.7432288354736648,0.005419315441333783
0.9001164338996255,0.8608469134298862,0.5060756563868458,-0.039269520469739305,-0.39404077751277966,-0.35477125704304036,-0.1214372479618846,-0.9155318196572193,-0.7940945716953347,0.7641909682871575,0.7471683675237474,0.017022600763410112
0.8881873909647745,0.8569221241812377,0.4716847525674978,-0.031265266783536805,-0.4165026383972767,-0.3852373716137399,-0.09392106821331936,-0.945554235354161,-0.8516331671408417,0.7427427736715566,0.7351200714707834,0.007622702200773213
0.8770240979295305,0.8572840455545717,0.4782447027220138,-0.019740052374958794,-0.3987793952075167,-0.3790393428325579,-0.058197283931843646,-0.8977281351357673,-0.8395308512039237,0.7447769585778483,0.7302582722262289,0.014518686351619459
0.9064673949595594,0.85574968703899,0.5082510075783646,-0.0507177079205694,-0.3982163873811948,-0.3474986794606254,-0.1575443722820995,-0.9326712921022624,-0.7751269198201629,0.7491524828943864,0.7644929101568897,-0.015340427262503287
0.9044185692381245,0.8490800375808669,0.5063893563409715,-0.05533853165725755,-0.398029212897153,-0.34269068123989543,-0.16934754265272955,-0.9293928108568101,-0.7600452682040806,0.7730033526350688,0.7335886228049063,0.039414729830162476
0.9033455196615269,0.8537959140201064,0.49296007176778694,-0.049549605641420524,-0.41038544789373993,-0.3608358422523194,-0.15244699417755747,-0.9526116746096216,-0.8001646804320641,0.7406145858525324,0.759453084447081,-0.01883849859454867
0.8981648863835028,0.8616411571601643,0.5179308626895559,-0.036523729223338464,-0.3802340236939469,-0.3437102944706084,-0.11265914419801248,-0.8853334626705587,-0.7726743184725462,0.7619984636875072,0.7564928071346416,0.005505656552865612
0.8754779440801451,0.8314970000767218,0.4808258489411136,-0.04398094400342334,-0.39465209513903154,-0.3506711511356082,-0.12469738484293069,-0.8878661400250689,-0.7631687551821382,0.7516856323051729,0.7068482297601473,0.04483740254502566
0.9098947837468077,0.8470625841821416,0.4892537887873239,-0.06283219956466601,-0.42064099495948376,-0.35780879539481775,-0.19383956241617772,-0.9825375376030505,-0.7886979751868728,0.7669054809513531,0.7305686235261621,0.036336857425190994
0.8725122485470689,0.8330880899236263,0.4991600134688975,-0.03942415862344262,-0.3733522350781714,-0.3339280764547288,-0.11150177297486552,-0.8422515394317789,-0.7307497664569134,0.7490453157442796,0.7207949188821156,0.028250396862164018
0.8722489731515337,0.8385091160559061,0.49334909964339424,-0.03373985709562766,-0.3788998735081395,-0.3451600164125118,-0.09607898124934167,-0.8530847186363024,-0.7570057373869608,0.7494166512539951,0.7199881413132275,0.029428509940767622
0.8880786917022345,0.8489355586407511,0.47615307198782186,-0.039143133061483426,-0.41192561971441266,-0.37278248665292923,-0.11612776972478178,-0.9362605286039427,-0.8201327588791609,0.735054618974343,0.7403902625795286,-0.005335643605185569
0.8600897464284366,0.8425110593897899,0.46961988102138086,-0.017578687038646734,-0.39046986540705575,-0.372891178368409,-0.049426938982130686,-0.8648586845991648,-0.8154317456170341,0.7144219989014027,0.7337251256583355,-0.019303126756932798
0.8853158037361702,0.8414403756357001,0.4992814976046944,-0.04387542810047018,-0.3860343061314758,-0.34215887803100564,-0.12813288023287672,-0.8812686613892733,-0.7531357811563966,0.7585172397876356,0.7255078781967408,0.03300936159089485
0.8816899383010383,0.8628859542703395,0.47822276956976756,-0.018803984030698717,-0.4034671687312707,-0.384663184700572,-0.05637367717770747,-0.9120977167975877,-0.8557240396198802,0.7628321059149269,0.7190336688458363,0.04379843706909059
0.8706764378818151,0.8569986301679393,0.48234352312740597,-0.013677807713875834,-0.3883329147544092,-0.37465510704053334,-0.039893104495834386,-0.8704042788144966,-0.8305111743186622,0.7461035937623799,0.7272421336890605,0.018861460073319347
0.9015404143946932,0.8759574078799445,0.4783876223155415,-0.025583006514748763,-0.42315279207915174,-0.397569785564403,-0.08148587440848898,-0.9756858805446402,-0.8942000061361512,0.7624254347638704,0.7414981949629159,0.020927239800954456
0.8919551422841389,0.8224793623267921,0.49250292456906175,-0.06947577995734677,-0.3994522177150771,-0.32997643775773033,-0.19996977402790783,-0.9159337588318566,-0.7159639848039487,0.7492702433520749,0.7220213761012537,0.027248867250821207
0.9021199235464831,0.8210812426172261,0.5045219940594764,-0.08103868092925692,-0.3975979294870067,-0.31655924855774975,-0.23707935885965004,-0.9253511853341121,-0.6882718264744621,0.7473983167718685,0.7377504567102553,0.009647860061613223
0.8930815701580209,0.8592999996854438,0.4881167354380867,-0.03378157047257713,-0.4049648347199342,-0.3711832642473571,-0.10278886975773993,-0.928344693857504,-0.825555824099764,0.7377945036223459,0.7558710332320215,-0.01807652960967565
0.9094772188704606,0.8382489933322704,0.4993865195432285,-0.07122822553819019,-0.41009069932723213,-0.33886247378904194,-0.21658977044491978,-0.9608136180213667,-0.7442238475764469,0.7670266512893664,0.7310485032079396,0.03597814808142685
0.8847524587506885,0.8461115413853633,0.5146135982269087,-0.03864091736532527,-0.37013886052377987,-0.3314979431584546,-0.11350064438047536,-0.8488342173727859,-0.7353335729923105,0.7425967625305319,0.7543883030447753,-0.01179154051424347
0.8654463283447467,0.8291775362658984,0.4917880191106517,-0.036268792078848255,-0.373658309234095,-0.33738951715524673,-0.10099765357673851,-0.8360536729154877,-0.7350560193387492,0.7554080343067404,0.7021998881741239,0.053208146132616485
0.8859226105812539,0.8129480745008657,0.4813108200920278,-0.07297453608038817,-0.4046117904892261,-0.3316372544088379,-0.20545816662327132,-0.9191252864581465,-0.7136671198348752,0.7201920118886319,0.733262324894133,-0.0130703130055011
0.8780585637817031,0.8022084173202021,0.47091859712033046,-0.07585014646150101,-0.40713996666137264,-0.33128982019987163,-0.20832578892910592,-0.91555509669065,-0.7072293077615441,0.733196795713104,0.7009269231017196,0.032269872611384476
0.8903621977900175,0.8708594254649036,0.48514071127569947,-0.019502772325113882,-0.405221486514318,-0.3857187141892041,-0.06019477316734312,-0.9255471967164539,-0.8653524235491108,0.7696251483569948,0.7279497413300855,0.041675407026909306
0.8731895131925052,0.858410341819951,0.48539699100769756,-0.014779171372554134,-0.3877925221848076,-0.37301335081225345,-0.043372719940030446,-0.8718147123225573,-0.8284419923825268,0.7524121776524633,0.7255857196943059,0.026826457958157413
0.8777480708407018,0.8474685075011116,0.48313741923549786,-0.030279563339590254,-0.394610651605204,-0.3643310882656137,-0.08807877554866428,-0.8901426383061348,-0.8020638627574705,0.7530620728311166,0.7191739255537575,0.033888147277359115
0.8597135458750904,0.8010974607350205,0.47864331613518957,-0.058616085140069885,-0.38107022973990085,-0.32245414459983096,-0.156729532244698,-0.8457034913588084,-0.6889739591141104,0.744965689562495,0.6813371922677054,0.06362849729478959
0.8986546730722103,0.8870547615366469,0.5061609047099686,-0.01159991153556339,-0.3924937683622417,-0.3808938568266783,-0.03751686625183526,-0.9105019859726144,-0.8729851197207792,0.7844130603267159,0.7435004992191678,0.04091256110754804
0.8689965636549346,0.8210071873598935,0.48484604440612716,-0.047989376295041075,-0.38415051924880744,-0.33616114295376637,-0.13296877092184411,-0.8604040651817086,-0.7274352942598645,0.7390880116973572,0.7108118519166132,0.028276159780743937
0.8822773511343207,0.8663537778171493,0.49804548765771844,-0.015923573317171424,-0.38423186347660226,-0.36830829015943084,-0.0480581952938004,-0.8742592251133667,-0.8262010298195663,0.765639182286408,0.7321452287863842,0.03349395350002382
0.8901562454533936,0.8688550600938906,0.482653205059055,-0.021301185359502983,-0.40750304039433854,-0.38620185503483556,-0.06549311614758269,-0.9298658888448847,-0.8643727726973021,0.7597989969668205,0.734644010104072,0.02515498686274853
0.8723179948122423,0.8475322790545828,0.4905105501367409,-0.02478571575765942,-0.3818074446755014,-0.35702172891784195,-0.07147962507340466,-0.8589693565753957,-0.7874897315019911,0.7542141632636599,0.7193597194053841,0.03485444385827574
0.8826800958743379,0.840912756565777,0.4611590113405591,-0.041767339308560913,-0.42152108453377884,-0.37975374522521793,-0.12134552797522913,-0.9493611127705066,-0.8280155847952775,0.7409656484634676,0.7155355940569816,0.025430054406485936
0.8864776083130067,0.8728861233002864,0.4644015423329542,-0.013591485012720339,-0.4220760659800525,-0.40848458096733214,-0.041792598415943516,-0.9547430707513995,-0.912950472335456,0.7348412968784075,0.7476688857524239,-0.01282758887401636
0.9084117359258062,0.8447535494741101,0.5239925249025862,-0.06365818645169607,-0.38441921102321996,-0.3207610245715239,-0.19507474497900068,-0.9078795530099093,-0.7128048080309086,0.7849155341938922,0.7331896726744429,0.051725861519449245
0.8834443840297236,0.810616702900599,0.49376883081735234,-0.07282768112912463,-0.38967555321237124,-0.3168478720832466,-0.20366349608351664,-0.8864418535042002,-0.6827783574206836,0.7648744763462365,0.6936788021522132,0.07119567419402328
0.9201650416038764,0.8196265700190836,0.5068148412046367,-0.10053847158479279,-0.41335020039923964,-0.31281172881444685,-0.30436520137174483,-0.9842617561411369,-0.679896554769392,0.769069587599038,0.7286680476193601,0.04040153997967788
0.8833876072341882,0.8490551969367772,0.5073475792357505,-0.034332410297410965,-0.3760400279984377,-0.34170761770102676,-0.10104733773581742,-0.859106588434128,-0.7580592506983106,0.7604851980724988,0.7327083908653119,0.027776807207186893
0.8792074903466974,0.8614885831297332,0.48306330877054393,-0.01771890721696423,-0.3961441815761535,-0.37842527435918927,-0.05277585287655784,-0.8947576639178851,-0.8419818110413273,0.7413375296607524,0.7411687251705638,0.0001688044901886343
0.87422922307044,0.809361743511087,0.4858571020869192,-0.06486747955935301,-0.38837212098352086,-0.32350464142416785,-0.17861774738610503,-0.8740241069454668,-0.6954063595593618,0.7457185805647611,0.7005801318808696,0.0451384486838915
0.9026481307176646,0.8597154718027427,0.49562354450446705,-0.04293265891492193,-0.40702458621319754,-0.3640919272982756,-0.1331923330898892,-0.9449280265680404,-0.8117356934781512,0.7798871060705366,0.7254376586127128,0.05444944745782376
0.9008273639808004,0.8217116775961463,0.45381592226354517,-0.07911568638465416,-0.44701144171725526,-0.3678957553326011,-0.23109629392068554,-1.0225581987358392,-0.7914619048151537,0.7495673642409003,0.7013359449860943,0.04823141925480601
0.8969414142837695,0.8553422294667059,0.4778364600029868,-0.041599184817063595,-0.4191049542807827,-0.3775057694637191,-0.12669747995207237,-0.9615097396796122,-0.8348122597275398,0.7528226426731063,0.733924093162535,0.01889854951057124
0.897818728438988,0.8544808581978132,0.47011124606247007,-0.04333787024117486,-0.42770748237651796,-0.3843696121353431,-0.13203426576104427,-0.9798723227967436,-0.8478380570356994,0.7535607039946371,0.7280465178048772,0.02551418618975998
0.8951718974799772,0.8476949737147834,0.5177725477626095,-0.047476923765193746,-0.37739934971736766,-0.3299224259521739,-0.14240755986539,-0.8758173577751878,-0.7334097979097978,0.7691561707962379,0.7379367751753422,0.031219395620895707
0.9023311639196684,0.8446291453826097,0.5030885926921582,-0.0577020185370587,-0.39924257122751017,-0.34154055269045147,-0.17464169876290603,-0.9289292965994924,-0.7542875978365864,0.7698450374977075,0.7301875638319169,0.039657473665790643
0.8897539538078354,0.8428780193748473,0.49938914487895447,-0.0468759344329881,-0.3903648089288809,-0.3434888744958928,-0.1382378886771103,-0.8951015456657851,-0.7568636569886749,0.756523422081482,0.7314906566262762,0.02503276545520583
0.8539066230247853,0.8237348775436371,0.5000500486093682,-0.030171745481148204,-0.35385657441541707,-0.32368482893426886,-0.0821381549310991,-0.7862976581276253,-0.7041595031965262,0.747882520677994,0.703911845440533,0.04397067523746101
0.9010748296379372,0.8477631930128899,0.4859980735978956,-0.05331163662504723,-0.4150767560400416,-0.36176511941499434,-0.16173433111505897,-0.9588941040803256,-0.7971597729652666,0.760248308427803,0.7296424224046787,0.030605886023124307
0.8820365209135747,0.8346130458306765,0.5078247483449904,-0.047423475082898126,-0.3742117725685843,-0.32678829748568616,-0.13643646840107193,-0.853953114282338,-0.7175166458812661,0.7632962206619581,0.719686656064203,0.04360956459775511
0.8991320462106541,0.8430658605180871,0.4901143088559278,-0.05606618569256705,-0.4090177373547263,-0.35295155166215925,-0.168249354978959,-0.9441802642486092,-0.7759309092696502,0.763657816706627,0.7245503270164858,0.03910748969014122
0.8944079626098528,0.8463158874130426,0.48185251018667485,-0.048092075196810136,-0.4125554524231779,-0.3644633772263678,-0.14374873358942786,-0.9451830764013345,-0.8014343428119066,0.7569149841895101,0.7248025892835368,0.032112394905973285
0.9126127813971884,0.8308018331935311,0.5182971230159076,-0.08181094820365731,-0.3943156583812808,-0.3125047101776235,-0.2476460611693696,-0.9339990302896355,-0.6863529691202659,0.7659347169194137,0.7418731081516708,0.02406160876774288
0.8697162798840093,0.8357906055253,0.49128984110274515,-0.0339256743587093,-0.3784264387812642,-0.3445007644225549,-0.09588629023392192,-0.8496483051697228,-0.7537620149358009,0.7570784329797847,0.7074527180282518,0.049625714951532895
0.9077807292772626,0.8453481249770942,0.4663244922604337,-0.06243260430016839,-0.4414562370168289,-0.3790236327166605,-0.19124736989114188,-1.0211008275743607,-0.8298534576832188,0.7358060255203213,0.7438295388228725,-0.008023513302551244
0.8965253939828631,0.8736551886685017,0.4669290590101739,-0.022870205314361458,-0.42959633497268923,-0.4067261296583278,-0.07179594944342149,-0.9819912244319544,-0.9101952749885329,0.7620482333069704,0.7293581944673886,0.03269003883958177
0.9057891321861564,0.8563893135834713,0.513809336911358,-0.049399818602685164,-0.3919797952747984,-0.34257997667211326,-0.15339656600527052,-0.9192262627581032,-0.7658296967528326,0.7776932292467807,0.7396319592072096,0.03806127003957116
0.9035024257393274,0.8731981859556484,0.5033902200808865,-0.03030423978367902,-0.40011220565844086,-0.36980796587476183,-0.09643195032310059,-0.9322820623238541,-0.8358501120007535,0.7679153705635858,0.7521451839536558,0.015770186609930015
0.9040314797358443,0.8258732185672303,0.4672432382719677,-0.07815826116861402,-0.4367882414638766,-0.3586299802952626,-0.23097165874729608,-1.0064169816619057,-0.7754453229146097,0.7563006992159346,0.7084645918340935,0.047836107381841075
0.9071945812680384,0.8421835860783837,0.511800324964834,-0.0650109951896547,-0.39539425630320446,-0.33038326111354976,-0.1979403951925991,-0.9280729859277923,-0.7301325907351932,0.7633792176812401,0.7440731105262641,0.019306107154975938
0.8791949345339771,0.8308702300498623,0.5148146428221624,-0.048324704484114855,-0.36438029171181474,-0.3160555872276999,-0.1377014435596613,-0.8312056503952823,-0.693504206835621,0.7814955016502345,0.7017577032871,0.07973779836313455
0.8627004773385903,0.8497643951292437,0.5070771529947737,-0.012936082209346611,-0.3556233243438166,-0.34268724213447,-0.03687883792530977,-0.7974619434530599,-0.7605831055277501,0.7592569892706474,0.7204376943710913,0.038819294899556156
0.8952146402756158,0.8815421747778657,0.4959532549151993,-0.013672465497750141,-0.3992613853604165,-0.38558891986266636,-0.04343739647869338,-0.9196030646263518,-0.8761656681476584,0.7658227114908558,0.7493173351549309,0.01650537633592486
0.9118368271893899,0.8553431759631458,0.4698715315173697,-0.05649365122624406,-0.44196529567202014,-0.3854716444457761,-0.17738590023513856,-1.0281527027391335,-0.850766802503995,0.7700644720772585,0.7213032177026785,0.04876125437458001
0.9297014406024546,0.8642924119874287,0.47460362928714134,-0.06540902861502595,-0.4550978113153133,-0.38968878270028734,-0.21784708771837114,-1.0849152840772782,-0.8670681963589071,0.774279185645954,0.7381191356053957,0.036160050040558334
0.8838898106620057,0.8338314811725245,0.48717166395008665,-0.05005832948948119,-0.396718146711919,-0.3466598172224378,-0.14430331606893088,-0.9010279313490053,-0.7567246152800744,0.7585946247426125,0.7113340124471321,0.0472606122954804
0.8551534774528954,0.8445700136484304,0.506981567776622,-0.010583463804464954,-0.34817190967627343,-0.3375884458718085,-0.029632591690802013,-0.7759706064825789,-0.7463380147917769,0.7618653090826831,0.7092713968359485,0.0525939122467346
0.9143775914411949,0.8882380629076071,0.5000081130211164,-0.026139528533587808,-0.41436947842007854,-0.38822994988649073,-0.08782533736395504,-0.9768633488595031,-0.8890380114955481,0.7634840803312191,0.7715984312487265,-0.008114350917507451
0.8985512323431746,0.8500406567671436,0.4950761268159463,-0.048510575576031,-0.40347510552722826,-0.35496452995119726,-0.14697005758897985,-0.9323293278215412,-0.7853592702325614,0.7739421705591149,0.7218365067250616,0.05210566383405324
0.9094725450119052,0.8476054203562428,0.4763903370005052,-0.061867124655662464,-0.4330822080114,-0.37121508335573755,-0.19085718774644,-1.0068072585930283,-0.8159500708465883,0.7638358269098372,0.7251430413359318,0.03869278557390543
0.8826015416407456,0.8530332887092046,0.4805996701682114,-0.029568252931540973,-0.40200187147253413,-0.37243361854099316,-0.08742854836629554,-0.9101671233337996,-0.822738574967504,0.7501701352565561,0.7273195317555515,0.02285060350100454
0.9000356964599199,0.8339928661509411,0.5009513347270452,-0.06604283030897873,-0.39908436173287465,-0.3330415314238959,-0.19591544339023814,-0.9255115450398337,-0.7295961016495955,0.7740042039340957,0.715982394291175,0.058021809642920696
0.9048001565207127,0.9011616454485778,0.50514869177283,-0.0036385110721348646,-0.3996514647478827,-0.39601295367574785,-0.012293448996075096,-0.9331733103928399,-0.9208798613967648,0.7748537744846861,0.7658865546767274,0.00896721980795867
0.8706087931438615,0.8340854607895727,0.5097324807507704,-0.03652333235428884,-0.36087631239309115,-0.3243529800388023,-0.10313476302069846,-0.815416224293702,-0.7122814612730035,0.7474051995072788,0.728879290282191,0.01852590922508779
0.8901771802392792,0.8516629782272612,0.48554667874829993,-0.03851420201201794,-0.40463050149097923,-0.3661162994789613,-0.1151668244293722,-0.924142957470917,-0.8089761330415448,0.7389795386201308,0.745945019523096,-0.0069654809029652265
0.8996295670292311,0.8548893095717935,0.47481167836114446,-0.04474025745743759,-0.4248178886680867,-0.3800776312106491,-0.13687756813721785,-0.9764594312395698,-0.8395818631023519,0.7478895979542151,0.7383307720205644,0.00955882593365065
0.8992160398005258,0.8683151502544011,0.4841918799047211,-0.030900889546124688,-0.41502415989580466,-0.38412327034967997,-0.09661239147624823,-0.9563080608937378,-0.8596956694174895,0.756500301067337,0.744648412239095,0.011851888828242063
0.8996595180776462,0.8631006287278884,0.5192945251575558,-0.03655888934975782,-0.3803649929200904,-0.3438061035703326,-0.11338102097082148,-0.88756250145318,-0.7741814804823586,0.7521899382575115,0.7691798430512153,-0.01698990479370388
0.8769494508160786,0.8381318380259709,0.47828227682730845,-0.03881761279010765,-0.3986671739887701,-0.35984956119866246,-0.1112977626599907,-0.8974256466052304,-0.7861278839452397,0.7401227363274204,0.722119640785485,0.018003095541935465
0.9158493287457239,0.8363409881870372,0.46815178934819196,-0.07950834055868672,-0.44769753939753193,-0.3681891988388452,-0.24433263215783274,-1.0458996739865793,-0.8015670418287466,0.7621244412440572,0.7181036296099113,0.04402081163414595
0.8997471586210407,0.8357535018358015,0.5197473795467088,-0.06399365678523916,-0.3799997790743319,-0.31600612228909275,-0.19021222008088,-0.8869478524555536,-0.6967356323746736,0.7788029664845221,0.7246957268511789,0.054107239633343185
0.9043331115688727,0.8394359769051006,0.5082116403925221,-0.06489713466377212,-0.39612147117635066,-0.33122433651257854,-0.1956560422859437,-0.9254572540868709,-0.7298012118009272,0.7517530230119713,0.7495674628990256,0.0021855601129456836
0.8891289053174718,0.8352688994465012,0.45962057974973725,-0.05386000587097062,-0.42950832556773455,-0.37564831969676393,-0.1569531284871335,-0.9727334806611403,-0.8157803521740068,0.748911802040616,0.7071004543018573,0.04181134773875872
0.8894274076009084,0.8506827072215517,0.47501241685698053,-0.038744700379356733,-0.4144149907439279,-0.37567029036457117,-0.11552662996739382,-0.9428338773743716,-0.8273072474069778,0.7353661256699782,0.7413822287829823,-0.0060161031130041565
0.8791929125484073,0.8401033932757496,0.4934893736472516,-0.03908951927265769,-0.38570353890115566,-0.34661401962849797,-0.11278836886732213,-0.8738546894046109,-0.7610663205372887,0.7477979322651811,0.7273925207157578,0.020405411549423325
0.9105489229038602,0.826730242098804,0.5086548915489607,-0.08381868080505628,-0.40189403135489954,-0.31807535054984326,-0.2511847362275237,-0.9460211068632314,-0.6948363706357077,0.7529100077013869,0.7443793633330297,0.008530644368357265
0.926508563186939,0.8495713824791515,0.5131050103459258,-0.07693718070778743,-0.41340355284101316,-0.3364663721332257,-0.24754166555381696,-0.9955264755514313,-0.7479848099976143,0.7810161913266485,0.7451071126813622,0.03590907864528625
0.9055732249086103,0.8572405984654748,0.5201289714907563,-0.04833262644313541,-0.38544425341785393,-0.3371116269747185,-0.15022741550779495,-0.9058409026417522,-0.7556134871339573,0.7808356104297384,0.741126252813489,0.039709357616249386
0.8695000706685462,0.8502405201722554,0.44816840023560406,-0.0192595504962908,-0.4213316704329421,-0.4020721199366513,-0.05551371858144716,-0.935434793906256,-0.8799210753248088,0.7198246152591334,0.7254480454584704,-0.005623430199336976
0.9114809445049916,0.8573315482848359,0.5042645763240993,-0.05414939622015569,-0.40721636818089235,-0.35306697196073666,-0.17046287538199723,-0.9580759511472279,-0.7876130757652307,0.7748028459981909,0.7405818667444272,0.03422097925376377
0.8835351146139604,0.8393313659360401,0.4875149743301564,-0.04420374867792032,-0.396020140283804,-0.3518163916058837,-0.12832166236293396,-0.8992346338706632,-0.7709129715077292,0.7474624331422548,0.7261252034445166,0.021337229697738214
0.9153057067544127,0.8652568560084379,0.5071687957833904,-0.05004885074597476,-0.40813691097102234,-0.3580880602250476,-0.16113086689720646,-0.9658666852311879,-0.8047358183339814,0.7605689592887905,0.7645852797420367,-0.0040163204532461805
0.8824544236212605,0.8555135850728933,0.4998472441547421,-0.026940838548367152,-0.3826071794665184,-0.35566634091815125,-0.0799418927732698,-0.8712053191218361,-0.7912634263485663,0.7555905927281469,0.7362862425044503,0.019304350223696587
0.8569971608789669,0.842548211671572,0.4581448500231625,-0.014448949207394923,-0.3988523108558044,-0.3844033616484095,-0.040450622144117876,-0.8789950551384496,-0.8385444329943317,0.7228200900522138,0.7156400583302539,0.007180031721959912
0.9064689543129756,0.8921444878328463,0.48458398180998585,-0.014324466480129305,-0.42188497250298973,-0.4075605060228604,-0.04763019835610205,-0.9800163350388964,-0.9323861366827944,0.7620757204609018,0.7600558955096366,0.002019824951265181
0.8769698045994868,0.857027413855645,0.48021851005396166,-0.019942390743841854,-0.39675129454552516,-0.3768089038016833,-0.05876539136631154,-0.8936118017197805,-0.834846410353469,0.7620220905928452,0.7141217284132171,0.04790036217962812
0.8880031399455439,0.8455437475177414,0.49202268976492375,-0.0424593924278025,-0.39598045018062017,-0.35352105775281767,-0.12531637467579637,-0.9042642635004063,-0.77894788882461,0.756838330902142,0.7268747205833308,0.02996361031881123
0.9080682351007349,0.8344162377535241,0.5084717572994712,-0.07365199734721073,-0.3995964778012636,-0.3259444804540529,-0.22205597923498566,-0.9377488374578171,-0.7156928582228315,0.7785467881255499,0.7220906986436036,0.05645608948194625
0.8714369598129831,0.8441999776717108,0.5085933732525343,-0.027236982141272237,-0.3628435865604488,-0.33560660441917656,-0.07807248269495703,-0.8201656767521133,-0.7420931940571562,0.7715195359221964,0.7113006712359559,0.06021886468624049
0.9023229447195964,0.86034612094828,0.47839296376369994,-0.041976823771316396,-0.42392998095589646,-0.38195315718458006,-0.1302784954673526,-0.9783063691074303,-0.8480278736400777,0.7663817477818532,0.7276596051725313,0.03872214260932194
0.8835904667079755,0.839012041461891,0.4883885558578865,-0.04457842524608446,-0.395201910850089,-0.3506234856040045,-0.12936344580327797,-0.8976595347865013,-0.7682960889832233,0.760160445075089,0.7138335976100796,0.04632684746500937
0.8833439024997491,0.848919741836766,0.47964710798263865,-0.03442416066298315,-0.4036967945171105,-0.36927263385412734,-0.1012894807603657,-0.9143831509666465,-0.8130936702062808,0.7605948361458519,0.7140123320669172,0.04658250407893472
0.8930832840474009,0.8803240322817724,0.48957281441673345,-0.012759251765628532,-0.40351046963066745,-0.3907512178650389,-0.040270635546032274,-0.9254373562422413,-0.885166720696209,0.7613063011900738,0.7473471193071973,0.013959181882876481
0.8920547996798407,0.8253783513447036,0.5072880018122746,-0.06667644833513708,-0.38476679786756607,-0.318090349532429,-0.19267952510852515,-0.8866836142236638,-0.6940040891151387,0.7582039400856935,0.7249434951388523,0.03326044494684122
0.9137987382939313,0.8239768258625143,0.47540678409680565,-0.08982191243141702,-0.4383919541971257,-0.34857004176570866,-0.269919233537395,-1.024020250621857,-0.754101017084462,0.7397908688762707,0.7356640299592304,0.004126838917040243
0.9104464868285842,0.8468556011670205,0.4732990222380784,-0.06359088566156368,-0.4371474645905058,-0.3735565789289421,-0.19634393021885232,-1.0164002879664948,-0.8200563577476425,0.7550825458317737,0.7319848609906817,0.02309768484109198
0.8909852837354564,0.8220984483295517,0.47771434056896905,-0.06888683540590468,-0.4132709431664873,-0.34438410776058265,-0.19784818978422347,-0.9424070969134324,-0.7445589071292089,0.7533656667957911,0.7071663816268602,0.046199285168930904
0.8825510328534573,0.8684858270810036,0.5047870150903425,-0.014065205772453626,-0.37776401776311475,-0.3636988119906611,-0.04262078623371224,-0.8616256485682352,-0.819004862334523,0.7540083927846084,0.7498741905652605,0.0041342022193479044
0.8809738725913498,0.8424205772321371,0.4781308170695168,-0.0385532953592127,-0.402843055521833,-0.3642897601626203,-0.11192958557639532,-0.910067598449495,-0.7981380128730997,0.7508026026773125,0.71688090858469,0.03392169409262247
0.8932456646082536,0.8596133211213984,0.5213904045995342,-0.033632343486855176,-0.3718552600087194,-0.3382229165218642,-0.10241856773364733,-0.8623132703960696,-0.7598947026624223,0.7715609216828976,0.7446053385365599,0.026955583146337725
0.9070788412374222,0.8439274853850979,0.4765457925042247,-0.06315135585232434,-0.43053304873319753,-0.3673816928808732,-0.1927473598698417,-0.9982026897102207,-0.805455329840379,0.7605123087563713,0.7245224373281252,0.03598987142824617
0.9168183557841897,0.8819293322173201,0.4797161802985332,-0.034889023566869626,-0.4371021754856565,-0.40221315191878687,-0.11638882850767507,-1.026238617385817,-0.9098497888781418,0.7658595526834424,0.7531163595165862,0.012743193166856237
0.8923709410649562,0.8570153395430602,0.47229101529760587,-0.035355601521895985,-0.4200799257673503,-0.38472432424545433,-0.10704096962862408,-0.9577259537931697,-0.8506849841645456,0.7361387207791098,0.7449794764913049,-0.008840755712195114
0.909451061548061,0.8514119481381995,0.4996653828481798,-0.058039113409861454,-0.4097856786998812,-0.35174656529001974,-0.18013605399698474,-0.9601647341205419,-0.7800286801235572,0.7542811593789881,0.7527377689773057,0.0015433904016823874
0.8993031213189063,0.8724660949793164,0.4852405582470219,-0.026837026339589953,-0.41406256307188444,-0.3872255367322945,-0.08454268076133431,-0.9544990453626427,-0.8699563646013084,0.7494189643962994,0.7552542186338639,-0.00583525423756448
0.8764754687200538,0.8534052400687091,0.5159919850820198,-0.02307022865134467,-0.36048348363803395,-0.3374132549866893,-0.06755561582675718,-0.8205454082012495,-0.7529897923744924,0.7474050557798991,0.7498434068006227,-0.0024383510207235393
0.8953005065332884,0.855233194914737,0.49064997231070434,-0.04006731161855137,-0.40465053422258407,-0.3645832226040327,-0.12162916555438974,-0.9304910374721453,-0.8088618719177556,0.7738850651374831,0.7202373840350037,0.053647681102479416
0.9004040373386822,0.831506928012004,0.48897041207443737,-0.06889710932667825,-0.4114336252642449,-0.3425365159375666,-0.20380564978554894,-0.9507041862153387,-0.7468985364297898,0.7475825940539745,0.7330049908961078,0.014577603157866714
0.900741578828892,0.8415556710065302,0.5138886698546901,-0.05918590782236188,-0.386852908974202,-0.3276670011518401,-0.17775676599648627,-0.9019903240464386,-0.7242335580499524,0.7554124354988281,0.7487115109612467,0.006700924537581421
0.8949959996493204,0.8574968996065145,0.472548070048658,-0.03749910004280588,-0.4224479296006624,-0.38494882955785653,-0.11418071088091342,-0.9657274294727785,-0.851546718591865,0.7657028171329426,0.7176578290700527,0.048044988062889926
0.8927860562967236,0.860693815475361,0.4721368027727269,-0.03209224082136264,-0.4206492535239967,-0.38855701270263404,-0.09781623989510857,-0.959375458743573,-0.8615592188484644,0.762793556338404,0.720950893358137,0.041842662980266954
0.9080015233065033,0.8215927606417497,0.5017560191030715,-0.08640876266475361,-0.40624550420343175,-0.31983674153867814,-0.2558110568213072,-0.9509502621655817,-0.6951392053442744,0.7766386208214432,0.7109282478794398,0.06571037294200344
0.8958582698041476,0.8074430332873284,0.4833512865055497,-0.08841523651681926,-0.4125069832985979,-0.32409174678177866,-0.2513723234926837,-0.9469173921943868,-0.6955450687017031,0.7409753960974949,0.7167929969671889,0.024182399130305954
0.891126198656611,0.8581351287642426,0.4754611898363457,-0.03299106989236844,-0.4156650088202653,-0.38267393892789686,-0.09983055711610911,-0.9473706252727867,-0.8475400681566776,0.7498216613168527,0.7333266835212803,0.016494977795572408
0.9142077421445733,0.8506709857548531,0.4941980964494894,-0.06353675638972023,-0.4200096456950839,-0.3564728893053637,-0.1989944540310784,-0.9878768890587439,-0.7888824350276655,0.7638153192569234,0.7422358969756874,0.021579422281235994
0.8973994646750159,0.8722317479793383,0.4797333732651903,-0.025167716695677522,-0.4176660914098256,-0.39249837471414806,-0.07894525929806084,-0.9592205457153946,-0.8802752864173338,0.7520524808267829,0.7475239097862468,0.004528571040536056
0.8841561482980189,0.8375690849299172,0.49078523464536805,-0.0465870633681017,-0.39337091365265087,-0.34678385028454917,-0.1350482492928835,-0.8946308099519178,-0.7595825606590343,0.7439458648293763,0.7310611137528265,0.01288475107654985
0.8939619431403745,0.8494837628616649,0.5246747447788955,-0.044478180278709534,-0.36928719836147894,-0.3248090180827694,-0.1334773619521865,-0.8580605855786567,-0.7245832236264702,0.7563114190251342,0.7557688814954893,0.0005425375296449486
0.9188773095373564,0.8754234567193749,0.4571481764977159,-0.04345385281798142,-0.46172913303964047,-0.41827528022165905,-0.1438146678986798,-1.0789670033374499,-0.9351523354387701,0.7598073711110849,0.7411585907252133,0.01864878038587159
0.9066551937325261,0.8644129729159987,0.4644997375746739,-0.0422422208165274,-0.44215545615785223,-0.39991323534132484,-0.1332136295055979,-1.0208796242024665,-0.8876659946968686,0.7601836375199222,0.7301949652955434,0.029988672224378843
0.8880946783017176,0.8481570146661689,0.4928712136496089,-0.03993766363554874,-0.3952234646521087,-0.35528580101656,-0.11835020858057055,-0.9028573375574818,-0.7845071289769112,0.7635200799757343,0.7225618577692624,0.04095822220647194
0.8839250648891415,0.8401779142620059,0.5257566861799569,-0.04374715062713552,-0.3581683787091846,-0.3144212280820491,-0.12723045266724098,-0.8239423150513308,-0.6967118623840898,0.7728700338422918,0.7270364097117779,0.04583362413051395
0.8929253360354037,0.8493639599145754,0.5006402106985902,-0.04356137612082833,-0.3922851253368135,-0.34872374921598515,-0.13045271325756014,-0.9027900709859227,-0.7723373577283625,0.7568136610654386,0.738472676700274,0.018340984365164514
0.914784030517421,0.8341992532945967,0.48463456476509525,-0.08058477722282431,-0.4301494657523257,-0.3495646885295014,-0.24628013265023663,-1.0090694269453426,-0.762789294295106,0.7625506075638085,0.7265279581542669,0.036022649409541696
0.8637789991918193,0.8528431501416054,0.4729170463572349,-0.010935849050213942,-0.3908619528345844,-0.3799261037843705,-0.0313643571878206,-0.8689480985574949,-0.8375837413696743,0.7566760086557508,0.7030167884713556,0.05365922018439517
0.9108240215378632,0.8617940431720552,0.4908111944309001,-0.049029978365808025,-0.42001282710696314,-0.3709828487411551,-0.15530971945092054,-0.9826749963321413,-0.8273652768812207,0.7762945582940962,0.7326582811331157,0.04363627716098051
0.8953430590477773,0.8585564912434825,0.47151816649338174,-0.03678656780429479,-0.4238248925543956,-0.3870383247501008,-0.11227776644100418,-0.9689234083057074,-0.8566456418647033,0.7850834615306198,0.6985283496591409,0.08655511187147891
0.9130562293389265,0.8548052595612966,0.47050069235435066,-0.05825096977762989,-0.44255553698457584,-0.38430456720694595,-0.18322824674364568,-1.031206425182785,-0.8479781784391394,0.7571267070900998,0.735114747079616,0.022011960010483778
0.8744351904744868,0.805543232900751,0.5062568865397145,-0.06889195757373578,-0.36817830393477236,-0.29928634636103657,-0.18892348402804338,-0.8338418053740577,-0.6449183213460143,0.7150176748478746,0.7424725317620936,-0.027454856914219006
0.9024325061728753,0.8497503919725253,0.47099948314148515,-0.05268211420034996,-0.43143302303139014,-0.3787509088310402,-0.1607492800148158,-0.9934815770491563,-0.8327322970343405,0.7600427398401529,0.7220788476844375,0.037963892155715384
0.866014511424341,0.8474788237626395,0.5149288092684428,-0.01853568766170155,-0.3510857021558983,-0.33255001449419674,-0.052934485776573226,-0.7914334278082471,-0.7384989420316739,0.7471145475830723,0.7385002153872099,0.008614332195862384
0.8998049278679001,0.863884949397837,0.5137940600194625,-0.03591997847006312,-0.38601086784843763,-0.3500908893783745,-0.11158066699638125,-0.8990536383353469,-0.7874729713389657,0.7677596611763711,0.7505629636804285,0.017196697495942548
0.8994973880702632,0.8234398115026033,0.47673570700852547,-0.07605757656765999,-0.4227616810617378,-0.3467041044940778,-0.22213621523710936,-0.9721671019252001,-0.7500308866880907,0.7443254520822951,0.7221231523052996,0.022202299776995504
0.8751261846193894,0.852011823130918,0.5112851347486639,-0.023114361488471458,-0.3638410498707255,-0.34072668838225406,-0.06739630499717864,-0.8258715217697936,-0.758475216772615,0.7628262143453755,0.7294558806539386,0.033370333691436826
0.9049101704505139,0.8296872503359423,0.4882156183510681,-0.07522292011457166,-0.41669455209944584,-0.3414716319848742,-0.22385934826681986,-0.9674167650531593,-0.7435574167863395,0.7651484144433484,0.7167269449816677,0.04842146946168069
0.88824402029285,0.865860369285211,0.4811367165729344,-0.02238365100763895,-0.4071073037199156,-0.38472365271227665,-0.06823006319675562,-0.9268086676128249,-0.8585786044160693,0.7535458998182754,0.7366148376157216,0.016931062202553804
0.8918734814640887,0.8785478453116312,0.4743198900805383,-0.01332563615245752,-0.4175535913835504,-0.4042279552310929,-0.04182002033082677,-0.9520588655693656,-0.9102388452385388,0.75269320691345,0.7438009376573889,0.008892269256061125
0.8785617836663939,0.8474647659198518,0.4770049649233941,-0.031097017746542166,-0.4015568187429998,-0.37045980099645764,-0.09057679147374476,-0.9049049874414477,-0.8143281959677029,0.7208528230635111,0.7478348532762488,-0.026982030212737707
0.8807152589626948,0.8290562530050163,0.4886556867922298,-0.05165900595767847,-0.39205957217046494,-0.34040056621278647,-0.14720790820130825,-0.8882075874668189,-0.7409996792655107,0.758306503719406,0.7073116287872211,0.05099487493218491
0.8851291018955756,0.8394708128662683,0.5071705060951813,-0.04565828902930724,-0.37795859580039426,-0.332300306771087,-0.13292580802170928,-0.8649044270366555,-0.7319786190149462,0.7375322358300719,0.7503147114079448,-0.012782475577872932
0.8958721877693694,0.8445810415035627,0.4657631107881049,-0.051291146265806664,-0.4301090769812645,-0.37881793071545783,-0.1533273350251454,-0.9821867768547943,-0.8288594418296489,0.7294474167032396,0.7413634766707853,-0.011916059967545634
0.9035245125479113,0.8596250187914637,0.5182049799447501,-0.04389949375644764,-0.3853195326031612,-0.34142003884671357,-0.13641511373115023,-0.9027193503472419,-0.7663042366160917,0.7797289153134873,0.7411740922092629,0.03855482310422442
0.8892433787512275,0.8474767137657221,0.4928553959289226,-0.04176666498550541,-0.3963879828223049,-0.3546213178367995,-0.1238961465243884,-0.906540970733553,-0.7826448242091646,0.7682092765875514,0.7181743823763632,0.05003489421118823
0.8876188326468497,0.8159651081196879,0.5000607504512824,-0.07165372452716179,-0.3875580821955673,-0.3159043576684055,-0.20305004668252868,-0.8869697566165939,-0.6839197099340653,0.7629360686223434,0.7061603921895365,0.0567756764328069
0.887083780711253,0.8157687681809814,0.5038132496203319,-0.07131501253027162,-0.38327053109092113,-0.3119555185606495,-0.2018642781167208,-0.877772353194272,-0.6759080750775512,0.7564450734329957,0.7146654589087151,0.041779614524280584
0.8993380590822306,0.8268727706664358,0.4914486202839118,-0.0724652884157948,-0.40788943879831885,-0.33542415038252404,-0.21256832195718056,-0.9421955759698408,-0.7296272540126603,0.7522660007630385,0.7261736325920136,0.026092368171024893
0.8953376150738509,0.789441342183833,0.4672375821209361,-0.1058962728900179,-0.4281000329529148,-0.3222037600628969,-0.29455333115760407,-0.977482920698669,-0.682929589541065,0.7361607410597313,0.6985169518593485,0.037643789200382805
0.895489929392419,0.8539398206297197,0.4871510767646925,-0.04155010876269927,-0.4083388526277265,-0.36678874386502724,-0.12591708229780485,-0.9381095087759108,-0.812192426478106,0.7742740465584529,0.7167798379661012,0.05749420859235166
0.9015572437080506,0.8678944177679473,0.4837452715491379,-0.03366282594010328,-0.4178119721589127,-0.3841491462188094,-0.10567336767960889,-0.965019328449352,-0.8593459607697431,0.7624050516988307,0.7397262369845928,0.022678814714237827
0.9050299239696443,0.8635065726024649,0.5109232511588869,-0.04152335136717944,-0.3941066728107574,-0.35258332144357796,-0.13029236653334175,-0.922405936602533,-0.7921135700691913,0.7665485949186963,0.7530912369019679,0.013457358016728427
0.899895018778804,0.8661878072781857,0.4692467680943797,-0.033707211500618284,-0.43064825068442425,-0.39694103918380597,-0.1051409977241109,-0.9884906724562355,-0.8833496747321246,0.7634922701314938,0.7267274593027525,0.03676481082874128
0.901474715748861,0.8598995579621852,0.4828300282849367,-0.041575157786675754,-0.41864468746392425,-0.3770695296772485,-0.12871428000488372,-0.9665738693867403,-0.8378595893818566,0.7342954217836196,0.7618407795470357,-0.027545357763416045
0.903032974789176,0.8364096669911797,0.5103783977913056,-0.0666233077979963,-0.39265457699787043,-0.32603126919987413,-0.19946126513177997,-0.9167160997668244,-0.7172548346350445,0.7712055762977352,0.728675116750039,0.04253045954769619
0.902665539132069,0.8468940698482307,0.49541204595682237,-0.05577146928383836,-0.4072534931752467,-0.3514820238914083,-0.1694979185067642,-0.9454097686551175,-0.7759118501483533,0.764185232750201,0.7324625372078805,0.031722695542320545
0.889183155055333,0.8636975522206538,0.5149377008008857,-0.025485602834679155,-0.3742454542544472,-0.34875985141976806,-0.0775411395767982,-0.8621795527715603,-0.7846384131947621,0.7704080354046623,0.7414709033132527,0.02893713209140958
0.9105106064640521,0.845239680490845,0.5112550876543571,-0.06527092597320716,-0.399255518809695,-0.33398459283648785,-0.2010459721160207,-0.9406854325318845,-0.7396394604158638,0.7688645696630046,0.7424723467431649,0.02639222291983978
0.8993879660251631,0.8584339373084361,0.5054088111932418,-0.04095402871672704,-0.39397915483192136,-0.3530251261151943,-0.12595836661491422,-0.9144400371525669,-0.7884816705376527,0.7783853153643293,0.7304351609868981,0.04795015437743122
0.9150680360491251,0.8463897012654156,0.47629795370125844,-0.06867833478370955,-0.4387700823478667,-0.37009174756415714,-0.21401560767503325,-1.0267735535000049,-0.8127579458249716,0.7724205297719087,0.7194165975719572,0.053003932199951476
0.9075785062255554,0.8353363462584887,0.4844684550268644,-0.07224215996706662,-0.42311005119869094,-0.3508678912316243,-0.2178848984234456,-0.9840682972066097,-0.7661833987831641,0.7540312246218057,0.7308909803854664,0.023140244236339313
0.8892278433758245,0.8358174462253571,0.48509716016566645,-0.05341039715046736,-0.40413068321015805,-0.3507202860596907,-0.15578850576121628,-0.9220118699185385,-0.7662233641573222,0.7508743996482182,0.7225539001963474,0.028320499451870873
0.8928293197649589,0.8608571495884971,0.5046446047913821,-0.03197217017646181,-0.38818471497357687,-0.35621254479711506,-0.09748427170640284,-0.8944706876977195,-0.7969864159913167,0.7737190809210993,0.7318349685087928,0.041884112412306496
0.8922558384314513,0.8921474322152543,0.4898403671127915,-0.00010840621619701007,-0.4024154713186598,-0.4023070651024628,-0.0003495558745520988,-0.922228925442309,-0.921879369567757,0.7871398049686427,0.7290226202043554,0.05811718476428729
0.9228515426294002,0.8277837864221109,0.4945828481570066,-0.09506775620728924,-0.4282686944723936,-0.33320093826510433,-0.2929472966392832,-1.0187158039908282,-0.725768507351545,0.7731065598587215,0.7237055582802903,0.04940100157843119
0.9304718326863175,0.8756149137166073,0.5137569687848995,-0.05485691896971023,-0.416714863901418,-0.36185794493170775,-0.18719845382198574,-1.0096044121462298,-0.822405958324244,0.7770693865194894,0.7694930902723933,0.007576296247096104
0.9260417666404599,0.85649371813617,0.46367488582160227,-0.06954804850428986,-0.46236688081885763,-0.39281883231456777,-0.22620357506297006,-1.0926675003493678,-0.8664639252863977,0.7444024379527151,0.7530711424461064,-0.0086687044933913
0.908063612455518,0.859289432514999,0.4896753275474496,-0.048774179940519025,-0.41838828490806845,-0.36961410496754943,-0.1529204969581457,-0.9753279764823439,-0.8224074795241982,0.7529113058197787,0.7517742758588657,0.0011370299609130274
0.9012175841645269,0.8307808325561586,0.5107505425831214,-0.07043675160836826,-0.39046704158140555,-0.3200302899730373,-0.20846550825961518,-0.909862142401511,-0.7013966341418958,0.7475607948227945,0.7476051780464102,-4.438322361577374e-05
0.8704812576456289,0.8567468684333726,0.48998563376884224,-0.013734389212256337,-0.38049562387678665,-0.3667612346645303,-0.040030535216912355,-0.8545325810020676,-0.8145020457851553,0.7641024604502717,0.7140400461149576,0.05006241433531411
0.8876193730339187,0.8271476939214429,0.49073621592234745,-0.06047167911247575,-0.39688315711157124,-0.3364114779990955,-0.17384245602146065,-0.9056215968157659,-0.7317791407943053,0.748687353125623,0.7216481687928499,0.02703918433277308
0.9028299462269299,0.8502089694390951,0.4814385846634599,-0.05262097678783484,-0.42139136156347,-0.3687703847756352,-0.16080570098289648,-0.9739199595562991,-0.8131142585734026,0.7637157641352431,0.72593590275108,0.037779861384163116
0.914010339074043,0.8624448221372146,0.4787680071977773,-0.051565516936828426,-0.43524233187626576,-0.38367681493943734,-0.16469413970505098,-1.0180450788826334,-0.8533509391775824,0.7604606659318804,0.7430214463408095,0.017439219591070976
0.8757276912661585,0.8108693804240809,0.4978962635797657,-0.0648583108420776,-0.3778314276863928,-0.31297311684431517,-0.1793044091255256,-0.8544726493079056,-0.67516824018238,0.7607390943823326,0.6955897957976709,0.06514929858466167
0.8850272647302199,0.8568215040598405,0.5099907595949086,-0.028205760670379387,-0.3750365051353113,-0.3468307444649319,-0.08424157917391284,-0.8589437705020897,-0.7747021913281769,0.7775505117123762,0.7236758405442697,0.053874671168106514
0.8955512215378949,0.8756274612991662,0.4384522336178257,-0.01992376023872866,-0.4570989879200692,-0.43717522768134054,-0.06264782187390949,-1.0360177513171438,-0.9733699294432343,0.7354676934412387,0.7376195841953525,-0.0021518907541137056
0.8862697872751539,0.8751845613581353,0.4758206381648035,-0.01108522591701866,-0.4104491491103504,-0.39936392319333175,-0.034210701703917046,-0.9312086103623363,-0.8969979086584192,0.7545462079088905,0.7369704499565046,0.017575757952385862
0.8900316166635791,0.8463317142486161,0.5027006123370121,-0.04369990241496302,-0.387331004326567,-0.34363110191160395,-0.12959159550601784,-0.889365619957452,-0.7597740244514342,0.7521868165531579,0.7405224789463136,0.011664337606844266
0.8853259868775891,0.8655539697661937,0.5132121520906345,-0.019772017111395424,-0.3721138347869546,-0.35234181767555917,-0.05991915261920777,-0.8534362345670998,-0.7935170819478921,0.7462174004945583,0.76317733866172,-0.01695993816716168
0.8956641377179229,0.8389907965943226,0.5327829947039212,-0.05667334112360023,-0.36288114301400165,-0.3062078018904014,-0.16796518963722384,-0.8473654405225173,-0.6794002508852934,0.766684827094139,0.744940458916639,0.02174436817750003
0.8692210883211816,0.8840026326041286,0.47668363362752364,0.014781544282946979,-0.392537454693658,-0.40731899897660495,0.044963491831305546,-0.8774068524376388,-0.9223703442689444,0.7615184339115108,0.7250864691237114,0.03643196478779931
0.9092168001250392,0.8559901808169794,0.44853294871563787,-0.05322661930805983,-0.4606838514094014,-0.40745723210134155,-0.166365218339656,-1.061796384234508,-0.8954311658948519,0.7340516050392131,0.7417750147325578,-0.007723409693344729
0.858204004837084,0.8199642119873698,0.462835998910032,-0.03823979284971424,-0.395368005927052,-0.3571282130773378,-0.10423503089381914,-0.8730367599358528,-0.7688017290420337,0.7307418562661444,0.696594287556846,0.03414756870929836
0.926510400016838,0.873369753113137,0.4824903728326809,-0.053140646903701017,-0.4440200271841571,-0.3908793802804561,-0.1786001815459084,-1.0567729532690258,-0.8781727717231174,0.7663769565178117,0.7552033941239591,0.011173562393852587
0.8858727945001388,0.8416624788544158,0.526901510219639,-0.044210315645722975,-0.35897128428049974,-0.31476096863477676,-0.12927452178171883,-0.827752519053021,-0.6984779972713022,0.7723816060179175,0.7305762496982118,0.04180535631970572
0.8868387950060821,0.8271059027867531,0.471947685802317,-0.05973289221932898,-0.4148911092037651,-0.3551582169844361,-0.17148522815860057,-0.9407593261801412,-0.7692740980215407,0.7446365994794159,0.7126249895840189,0.032011609895396975
0.8846126491666889,0.8156976315668863,0.4607116053275254,-0.06891501759980256,-0.4239010438391635,-0.35498602623936093,-0.19427669186062646,-0.956285731657432,-0.7620090397968056,0.7465289218757235,0.6941523354983438,0.05237658637737974
0.8471646774564116,0.8426753059078764,0.5132134191241803,-0.004489371548535126,-0.33395125833223127,-0.32946188678369615,-0.012402527961010712,-0.7410576711939936,-0.7286551432329829,0.7418419014944566,0.7268603668311888,0.014981534663267793
0.9053068591445451,0.8435931295994872,0.4886317807800532,-0.06171372954505794,-0.4166750783644919,-0.354961348819434,-0.18759059235800812,-0.9679378037638369,-0.7803472114058287,0.7689605261856453,0.722727320163745,0.046233206021900286
0.8881201067647094,0.8688157657157182,0.4743008270808269,-0.019304341048991258,-0.41381927968388255,-0.3945149386348913,-0.05912412791038202,-0.9401009504442759,-0.8809768225338939,0.7545212161861161,0.7329699168547201,0.02155129933139599
0.8828819831357954,0.8007896709244936,0.4943389608073587,-0.08209231221130175,-0.3885430223284367,-0.30645071011713493,-0.2267516437877295,-0.883550715157311,-0.6567990713695815,0.7499395414958796,0.7020675350825523,0.04787200641332734
0.8850894699058253,0.8555996561927303,0.47745556642745357,-0.029489813713095003,-0.4076339034783717,-0.3781440897652767,-0.08791889406287501,-0.9242258085755057,-0.8363069145126307,0.7465121401964218,0.7322509881542512,0.0142611520421706
0.8755362681088444,0.8434619716416288,0.532257889014864,-0.0320742964672156,-0.3432783790939804,-0.3112040826267648,-0.09243729757813757,-0.7851244778978785,-0.692687180319741,0.7669330405597444,0.7339043786171469,0.03302866194259757
0.8885358239221683,0.8391145975823686,0.5045677675508561,-0.04942122633979973,-0.38396805637131226,-0.33454683003151253,-0.14464964366166821,-0.8808641794473011,-0.7362145357856329,0.7759120237563284,0.7122334356139335,0.06367858814239491
0.8944819820524437,0.8430150193942083,0.4665633424304038,-0.05146696265823536,-0.42791863962203985,-0.3764516769638045,-0.15310254523627131,-0.9760442783758232,-0.8229417331395519,0.7606362607079495,0.7087373018767544,0.05189895883119511
0.9072414808759877,0.8620721204995765,0.4833350923065883,-0.04516936037641117,-0.4239063885693994,-0.3787370281929882,-0.1420447574220134,-0.9851734688438551,-0.8431287114218418,0.7555823711775377,0.746183424610564,0.00939894656697371
0.8938923439576919,0.8590135936262733,0.49752126196762053,-0.03487875033141863,-0.39637108199007137,-0.36149233165865274,-0.10624038659971546,-0.9121616020966863,-0.8059212154969708,0.7549336915807651,0.7453511081202919,0.009582583460473137
0.9071327734905522,0.8363481893926505,0.4921203151294207,-0.07078458409790167,-0.4150124583611315,-0.3442278742632298,-0.21361591156167314,-0.9672228682026007,-0.7536069566409276,0.7596130249697398,0.7307878270386757,0.028825197931064084
0.8913815198520457,0.8443999783637642,0.4908747413221287,-0.046981541488281486,-0.400506778529917,-0.3535252370416355,-0.13926100039442968,-0.9173449363055743,-0.7780839359111447,0.7608744610824122,0.7235630319428805,0.03731142913953167
0.8817181964206074,0.830427100560914,0.47794904993783555,-0.05129109585969349,-0.4037691464827719,-0.3524780506230784,-0.14666062581027983,-0.912733180376831,-0.7660725545665512,0.7624245374432082,0.6976383605030299,0.0647861769401783
0.9120389267437784,0.8419258555597947,0.4818950686022478,-0.07011307118398369,-0.4301438581415306,-0.3600307869575469,-0.21554368342424635,-1.0047901838920343,-0.789246500467788,0.7723229065960426,0.7182503273411712,0.05407257925487141
0.8824504584258356,0.8709941737013766,0.5020069682229474,-0.011456284724459032,-0.38044349020288815,-0.3689872054784291,-0.03485612956463546,-0.8668735486690164,-0.832017419104381,0.7706865613424811,0.7329478388909586,0.037738722451522544
0.8907770770968794,0.8710198402008898,0.4837291198276996,-0.019757236895989516,-0.40704795726917975,-0.38729072037319023,-0.0610452861544899,-0.9297007314918337,-0.8686554453373438,0.7596901886771837,0.7373271694064621,0.022363019270721596
0.9125781659933443,0.8707410449109823,0.470644300677234,-0.04183712108236204,-0.4419338653161103,-0.40009674423374825,-0.13520234614955706,-1.0292240656574139,-0.8940217195078568,0.7602909352336563,0.7423514058207172,0.01793952941293908
0.9176640326357842,0.8722217178004186,0.4971493883552939,-0.04544231483536565,-0.42051464428049035,-0.3750723294451247,-0.14902838598436485,-0.9944305207888073,-0.8454021348044425,0.7668847088286055,0.7578053836990589,0.009079325129546567
0.9162508399119276,0.8546582367701991,0.48077686177756945,-0.06159260314172843,-0.4354739781343581,-0.3738813749926297,-0.19507992386605322,-1.0220637214338892,-0.826983797567836,0.7528583412298597,0.7482656177432709,0.00459272348658879
0.9061945440913556,0.8569480641980286,0.48199122411866263,-0.04924647989332698,-0.42420331997269295,-0.37495684007936597,-0.15319116324451,-0.9842629512289613,-0.8310717879844514,0.7570362025925867,0.7397196856794447,0.017316516913142066
0.8736061432323301,0.8687745088367578,0.4570706705640472,-0.004831634395572326,-0.4165354726682829,-0.41170383827271056,-0.014423841271697935,-0.9298219606627105,-0.9153981193910126,0.7530592394955838,0.7132416422598395,0.039817597235744295
0.8830222025890222,0.8476596590535679,0.49955868455535685,-0.035362543535454316,-0.38346351803366535,-0.34810097449821104,-0.10380046260983367,-0.873547197975439,-0.7697467353656053,0.7378541327054449,0.7489728980931861,-0.011118765387741258
0.9171884817570324,0.8457039545457934,0.49916078015771276,-0.07148452721123899,-0.4180277015993196,-0.34654317438808063,-0.22356547831815599,-0.9886799175188661,-0.7651144392007101,0.7606234425392809,0.747412035101078,0.013211407438202927
0.9231278888890729,0.8500098595704618,0.4624319701058486,-0.07311802931861111,-0.46069591878322436,-0.38757788946461325,-0.23349270684996837,-1.0841247520104147,-0.8506320451604463,0.7441908283634127,0.7461889840135096,-0.0019981556500969777
0.9098668729267456,0.8464345820514668,0.468759620176568,-0.0634322908752788,-0.4411072527501776,-0.3776749618748988,-0.19548543120406148,-1.0234674737793972,-0.8279820425753357,0.755022816051095,0.728351234052092,0.02667158199900299
0.8979156148015626,0.8622343234676406,0.48622586234861015,-0.03568129133392195,-0.4116897524529524,-0.37600846111903047,-0.1101158690981725,-0.9479308614562911,-0.8378149923581186,0.7795276413403568,0.7180562257381853,0.06147141560217151
0.8988356395416959,0.825268315840275,0.50272304599437,-0.07356732370142083,-0.39611259354732586,-0.32254526984590504,-0.2151331920701094,-0.9179778787791479,-0.7028446867090385,0.7661284616453573,0.7184228726055366,0.047705589039820695
0.8456683730330743,0.8724669029802813,0.4486647751157104,0.026798529947206995,-0.3970035979173639,-0.4238021278645709,0.07709811174061088,-0.866189192473213,-0.9432873042138239,0.7438032763003691,0.700730091119008,0.04307318518136116
0.884851741248458,0.8506514996613282,0.49944640866049256,-0.034200241587129754,-0.38540533258796544,-0.3512050910008357,-0.10115285678322916,-0.8794837357940124,-0.7783308790107832,0.7473782378219201,0.7425881952249324,0.004790042596987787
0.8480544833622012,0.8391097352115919,0.4826893603546872,-0.008944748150609305,-0.36536512300751406,-0.35642037485690475,-0.02462644129083591,-0.8045916050939184,-0.7799651638030825,0.7559901012415794,0.6905789513774075,0.06541114986417185
0.9073473141427743,0.8267517037044348,0.49043521223535586,-0.0805956104383394,-0.4169121019074184,-0.336316491469079,-0.2399986730029373,-0.9713331397764136,-0.7313344667734762,0.7386948212643265,0.7443279987907166,-0.005633177526390143
0.8782609947367398,0.8499319494152423,0.4712357333060123,-0.028329045321497492,-0.4070252614307275,-0.37869621610923,-0.08277137645532928,-0.9155386239332441,-0.8327672474779149,0.7595223040331248,0.7067634809388716,0.05275882309425317
0.8979370469293985,0.8778824102780697,0.48530677446685805,-0.020054636651328783,-0.4126302724625404,-0.39257563581121163,-0.06362861482499405,-0.9498405753874302,-0.8862119605624361,0.7658394269087424,0.7415780608741417,0.024261366034600718
0.9023996507443827,0.8350869189864495,0.49914102173428143,-0.06731273175793318,-0.40325862901010123,-0.33594589725216806,-0.20089427529637938,-0.9370552139014467,-0.7361609386050674,0.7639399843144612,0.7271450766622811,0.036794907652180076
0.8736514453963525,0.83362835723319,0.5210379949701834,-0.04002308816316258,-0.3526134504261691,-0.3125903622630065,-0.11347423639271792,-0.8019053903695943,-0.6884311539768764,0.7641994696138432,0.7213457287859739,0.0428537408278693
0.9149596115136176,0.8852897057859155,0.48407474930939914,-0.029669905727702117,-0.43088486220421846,-0.40121495647651634,-0.09921312087453016,-1.0108187659485526,-0.9116056450740224,0.7618653546610419,0.7610173564115794,0.0008479982494624672
0.9026148615916427,0.8328272791494146,0.4892769421057814,-0.06978758244222816,-0.41333791948586135,-0.3435503370436332,-0.20769218855170068,-0.9575105421942913,-0.7498183536425906,0.7659354221033927,0.7172106331278331,0.04872478897555965
0.902811909741143,0.8689653061954895,0.4769732782049242,-0.0338466035456535,-0.4258386315362188,-0.3919920279905653,-0.10672882867049172,-0.9827974428587976,-0.8760686141883058,0.7362462893306978,0.7629207067636733,-0.026674417432975495
0.9165556568775247,0.8463058919540519,0.4542295479086291,-0.07024976492347279,-0.4623261089688956,-0.3920763440454228,-0.21960558167013255,-1.0763784931450886,-0.856772911474956,0.7527746428166204,0.7252860883435167,0.02748855447310372
0.8944651939995593,0.8728644193001639,0.4732365141930023,-0.021600774699395364,-0.421228679806557,-0.3996279051071616,-0.06743826141361975,-0.9626189410951433,-0.8951806796815236,0.7557278859915574,0.7379828656702595,0.017745020321297877
0.8926160991039304,0.8503019120306006,0.4855535300389118,-0.04231418707332979,-0.4070625690650186,-0.3647483819916888,-0.12682766398747258,-0.9319679955860432,-0.8051403315985706,0.7509659444858693,0.7346817496297593,0.01628419485610999
0.8954266645275673,0.8603329203496074,0.45473126112797363,-0.03509374417795985,-0.4406954033995936,-0.40560165922163377,-0.10743980186382229,-1.0028636855047697,-0.8954238836409474,0.7452764455108603,0.7283841184925719,0.016892327018288356
0.9003634452346875,0.8402323688207514,0.47467888548773646,-0.06013107641393611,-0.425684559746951,-0.3655534833330149,-0.1801110234291805,-0.9791715829807337,-0.7990605595515532,0.7551556669138924,0.7216941327815577,0.03346153413233466
0.8660203722598895,0.8153935496973403,0.4760899503713293,-0.050626822562549134,-0.3899304218885602,-0.33930359932601106,-0.13874553525687539,-0.8691510336151456,-0.7304054983582702,0.7257629070705,0.712573007815206,0.013189899255293902
0.9191685213371059,0.8470284753919659,0.5042090331170775,-0.07214004594514001,-0.41495948822002837,-0.34281944227488836,-0.22711644720238322,-0.9858074178310849,-0.7586909706287017,0.771672390534576,0.7419316293628568,0.0297407611717192
0.920342757304434,0.8598758688688679,0.49960114301197395,-0.060466888435566135,-0.4207416142924601,-0.36027472585689396,-0.1951032355961555,-0.9993455949736774,-0.8042423593775219,0.7604281989886502,0.7594516471348672,0.0009765518537829809
0.8842683221871592,0.8075379122582781,0.47332173100783564,-0.07673040992888114,-0.4109465911793236,-0.33421618125044245,-0.21406868204481322,-0.9299326992761652,-0.715864017231352,0.7463963980958029,0.6970222455397124,0.04937415255609057
0.8901664278719874,0.8693110556207272,0.48090316634025915,-0.020855372251260218,-0.40926326153172826,-0.38840788928046804,-0.06417381884433704,-0.933400858781896,-0.869227039937559,0.7598846405146642,0.733702459373985,0.02618218114067916
0.9003247022768587,0.8457162244549209,0.4801282520974386,-0.054608477821937784,-0.4201964501794201,-0.3655879723574823,-0.16490837514951506,-0.9681323072655459,-0.8032239321160308,0.7457939777623273,0.7383188081238182,0.007475169638509027
0.9096235384188097,0.8634865765198418,0.5376694206022898,-0.046136961898967876,-0.3719541178165199,-0.325817155917552,-0.14619322473732632,-0.8846864987365992,-0.7384932739992729,0.7796264035760648,0.7608932867845628,0.018733116791502025
0.8891686873360718,0.817601702689294,0.4686635069022018,-0.0715669846467778,-0.42050518043387,-0.3489381957870922,-0.20374145984929237,-0.9547273999749877,-0.7509859401256953,0.7296226874984981,0.7206665771198801,0.008956110378617987
0.915177388609817,0.8619841452797528,0.4845565652845448,-0.053193243330064255,-0.4306208233252722,-0.37742757999520793,-0.17020643127305624,-1.0106358394551849,-0.8404294081821286,0.7635428493956965,0.7442692167203798,0.019273632675316676
0.8697845400581649,0.8681750739345261,0.46889962838706817,-0.0016094661236387697,-0.4008849116710967,-0.3992754455474579,-0.004769905433632982,-0.8946708343107421,-0.8899009288771091,0.7479378481993456,0.7233016467204936,0.024636201478852038
0.8910286893370215,0.8475884941160782,0.4856591958004065,-0.043440195220943334,-0.405369493536615,-0.36192929831567167,-0.12929420711966833,-0.9266458350272673,-0.797351627907599,0.756696647032454,0.7261542724698837,0.03054237456257025
0.8941821198089918,0.8496746768810511,0.4912897462991442,-0.04450744292794062,-0.4028923735098476,-0.35838493058190696,-0.1336587626769279,-0.9255669672847504,-0.7919082046078225,0.759004950900253,0.7310927444258719,0.027912206474381085
0.8909249774439583,0.8575427618855235,0.49413760613750435,-0.03338221555843479,-0.3967873713064539,-0.3634051557480191,-0.10088108504393833,-0.9093525854144964,-0.808471500370558,0.7718231536952037,0.7232470766161203,0.0485760770790834
0.904905850987365,0.8518161358823784,0.4807841437233876,-0.05308971510498661,-0.42412170726397735,-0.37103199215899074,-0.1633346354257954,-0.9822722736089682,-0.8189376381831728,0.7664061838792919,0.7252645698494617,0.04114161402983019
0.9060354247032077,0.8659631889240789,0.5178233126495301,-0.040072235779128884,-0.38821211205367767,-0.3481398762745488,-0.12654722889511572,-0.9120378801986213,-0.7854906513035056,0.7738035951910445,0.7527443556601663,0.021059239530878182
0.9181712362950416,0.8640069393112491,0.43958782999538365,-0.05416429698379255,-0.47858340629965795,-0.4244191093158654,-0.17515666368912175,-1.1116973356716031,-0.9365406719824814,0.750433866316535,0.7307434707512479,0.019690395565287067
0.9046127324738846,0.8610737045365278,0.4852218770298813,-0.04353902793735687,-0.41939085544400334,-0.3758518275066465,-0.1359308819750149,-0.9723931049006183,-0.8364622229256033,0.7707854559655143,0.7298200867280147,0.040965369237499605
0.921784479486703,0.8271642008338135,0.49362846336536315,-0.09462027865288947,-0.4281560161213398,-0.33353573746845033,-0.2906006172504685,-1.0166382040064739,-0.7260375867560054,0.7603130933895501,0.7347383357343694,0.02557475765518069
0.9250141021560543,0.8112398378685635,0.522374845860792,-0.11377426428749082,-0.4026392562952623,-0.2888649920077715,-0.34413174630551957,-0.9712741961579054,-0.6271424498523859,0.7566997399795804,0.749052783944026,0.007646956035554431
0.9042848606872781,0.853409553045212,0.47018438108435906,-0.05087530764206605,-0.43410047960291903,-0.383225171960853,-0.15672583571070664,-1.0013838825980377,-0.844658046887331,0.7536684833558389,0.7315840465220605,0.022084436833778365
0.8849353610662182,0.8726239091469404,0.5025354595727106,-0.012311451919277738,-0.38239990149350755,-0.3700884495742298,-0.03773213650997809,-0.873567619605534,-0.8358354830955559,0.7525248421550811,0.7542049777021651,-0.0016801355470840162
0.9151449011201713,0.8548006163109351,0.47042138680446927,-0.06034428480923626,-0.44472351431570206,-0.3843792295064658,-0.19069536242353902,-1.0388192496401718,-0.8481238872166328,0.7448681841669177,0.7487097519901325,-0.0038415678232147643
0.8885405811465023,0.8545119109100565,0.48183727727572,-0.034028670236445735,-0.40670330387078224,-0.3726746336343365,-0.10190200152692475,-0.9263483971684592,-0.8244463956415344,0.7539961893224947,0.7292636568990246,0.024732532423470066
0.8574878058199844,0.8457731677544404,0.4780033772432561,-0.011714638065543959,-0.3794844285767283,-0.36776979051118436,-0.032961603648100635,-0.8405966716744442,-0.8076350680263435,0.7320951536066622,0.7220810802717917,0.010014073334870477
0.9000577002539779,0.8547989362966881,0.519219332852834,-0.04525876395728978,-0.38083836740114396,-0.3355796034438542,-0.13856024336028172,-0.8890394391256486,-0.7504791957653669,0.7736286373112354,0.7424220089577644,0.03120662835347099
0.9283442511406782,0.8280860345922645,0.49688948148210943,-0.10025821654841371,-0.43145476965856877,-0.33119655311015506,-0.31308055685083325,-1.035036416810481,-0.7219558599596478,0.7701024315690433,0.7321107465743248,0.0379916849947185
0.8640397110857467,0.8473678198909631,0.47630128849772707,-0.016671891194783628,-0.38773842258801966,-0.37106653139323603,-0.047463724607040625,-0.8629312055343263,-0.8154674809272857,0.7243371656832115,0.7341353806330797,-0.009798214949868211
0.8995595983912809,0.8316449315700305,0.46431344822020804,-0.06791466682125036,-0.4352461501710728,-0.36733148334982246,-0.20062232040166172,-0.9972624860859864,-0.7966401656843247,0.7534986692167287,0.710179982904284,0.04331868631244473
0.9219910912637304,0.8518477590308781,0.48054495162983163,-0.0701433322328523,-0.4414461396338987,-0.37130280740104643,-0.2240792542062633,-1.0435846471514663,-0.819505392945203,0.753863399186542,0.7490591354297512,0.004804263756790772
0.8840085392707461,0.8129321254670591,0.5079385061053047,-0.07107641380368701,-0.3760700331654414,-0.3049936193617544,-0.19949998783317158,-0.8598614600380878,-0.6603614722049163,0.745155146047845,0.7247643011808949,0.020390844866950197
0.8808398266817541,0.8583673843220768,0.4631469085325138,-0.02247244235967727,-0.4176929181492403,-0.39522047578956304,-0.06679281278720461,-0.9396745055275482,-0.8728816927403436,0.7430872786180132,0.7251488010728834,0.017938477545129783
0.863255770210533,0.8465193185816948,0.4741894508459517,-0.01673645162883819,-0.3890663193645813,-0.3723298677357431,-0.04753593700774861,-0.864875606469139,-0.8173396694613904,0.7418807180747433,0.7140956416840429,0.02778507639070038
0.8649160051562145,0.8418751783020059,0.48034038918952393,-0.023040826854208607,-0.38457561596669054,-0.36153478911248194,-0.06518636992044069,-0.8574055451941283,-0.7922191752736876,0.754914505305713,0.7031732097927835,0.0517412955129295
0.8779010426016466,0.8648465238588664,0.4770586788169283,-0.013054518742780186,-0.40084236378471827,-0.3877878450419381,-0.03900525179661729,-0.9027769428838497,-0.8637716910872324,0.7689980180548188,0.7108728121301422,0.058125205924676626
0.9055588282888004,0.8540088082287784,0.47377809114756947,-0.05155002006002196,-0.43178073714123094,-0.380230717081209,-0.15937338713931748,-0.998528384529529,-0.8391549973902115,0.7468389333196679,0.7420582184570976,0.004780714862570257
0.8877114945154697,0.8193405492202396,0.47752203242784313,-0.06837094529523013,-0.4101894620876266,-0.34181851679239644,-0.19460168922563081,-0.9323557893342556,-0.7377541001086247,0.727112976332314,0.7292697411100542,-0.0021567647777401833
0.8985635149945443,0.8192808729058149,0.43794992923321285,-0.07928264208872948,-0.4606135857613315,-0.381330943672602,-0.22989419653973586,-1.0469430156769204,-0.8170488191371845,0.7418138038772525,0.6953824075451287,0.04643139633212379
0.8908159556627915,0.8731799683630411,0.46826343629359435,-0.017635987299750355,-0.42255251936919713,-0.4049165320694468,-0.05470202062475282,-0.960793703330858,-0.9060916827061052,0.7621115639820428,0.7260613428975752,0.03605022108446765
0.8662526851001585,0.8333793409208108,0.4964299299269737,-0.03287334417934773,-0.3698227551731848,-0.3369494109938371,-0.09214383431468898,-0.8291351494867953,-0.7369913151721064,0.7434016392830133,0.7206396646822821,0.02276197460073115
0.8828112014710572,0.8558872436092445,0.46717876828856836,-0.026923957861812675,-0.4156324331824888,-0.38870847532067615,-0.07998702693383208,-0.9376980012319909,-0.8577109742981588,0.7479528241674905,0.7226319847450894,0.025320839422401153
0.8821230724001347,0.8622451205268561,0.4670970190390194,-0.019877951873278565,-0.41502605336111525,-0.3951481014878367,-0.05957705599979812,-0.9357251645413451,-0.876148108541547,0.7497349386109582,0.7245752026997153,0.025159735911242875
0.8915733106366411,0.8639259293503514,0.4818059190673434,-0.02764738128628974,-0.40976739156929776,-0.382120010283008,-0.08452591252513564,-0.9361062153546724,-0.8515803028295368,0.7410560318015196,0.7504807409013712,-0.009424709099851603
0.907753344278296,0.8714961141139442,0.46623720631228066,-0.036257230164351784,-0.44151613796601535,-0.40525890780166357,-0.11607413021979207,-1.0211811561191106,-0.9051070258993186,0.76643509912801,0.7305560106750041,0.035879088453005914
0.8821236037294616,0.8706172243554713,0.48831121548423084,-0.01150637937399035,-0.3938123882452308,-0.38230600887124044,-0.034965727039277805,-0.8932529618323912,-0.8582872347931134,0.7365446470880891,0.7574900486246869,-0.020945401536597852
0.8901311700318674,0.8552852396368534,0.5091516295814974,-0.034845930395013935,-0.38097954045036997,-0.34613361005535603,-0.10477649972334113,-0.8767808667954882,-0.772004367072147,0.7819498536863293,0.7210955058138164,0.06085434787251287
0.8943851878752352,0.8078360658100039,0.5030618849320591,-0.08654912206523135,-0.3913233029431762,-0.30477418087794483,-0.24556737917050508,-0.9026822098925291,-0.657114830722024,0.7636100760730604,0.7065786830051383,0.057031393067922154
0.8926244836653524,0.853118304002291,0.500856941317422,-0.03950617966306136,-0.39176754234793043,-0.3522613626848691,-0.11892980784909701,-0.9013842330183215,-0.7824544251692245,0.7665657928333897,0.7311673598233208,0.03539843301006884
0.8911671399736251,0.8810285259653968,0.4852253568995073,-0.010138614008228242,-0.40594178307411777,-0.3958031690658895,-0.031920664644548236,-0.9279583219104777,-0.8960376572659294,0.7728404540880713,0.732106894470948,0.04073355961712333
0.8765432084389421,0.8574815455296311,0.4682586158112709,-0.019061662909310995,-0.4082845926276712,-0.3892229297183602,-0.05616941522911967,-0.9162662158856978,-0.8600968006565781,0.7604497402690724,0.7077391729174901,0.052710567351582305
0.9067071755544812,0.8606028648768091,0.478481589172798,-0.04610431067767207,-0.42822558638168323,-0.38212127570401117,-0.14445670039198122,-0.9930481346310234,-0.8485914342390422,0.7595255045032434,0.7376689152328154,0.021856589270427995
0.8561730215929987,0.852557013201344,0.5002918914404441,-0.003616008391654657,-0.3558811301525546,-0.35226512176089997,-0.010251384108232564,-0.792251539962624,-0.7820001558543914,0.7457928968664358,0.7268883872900884,0.018904509576347373
0.8953038819376928,0.811532771587166,0.4977389718776443,-0.08377111035052687,-0.3975649100600485,-0.31379379970952165,-0.2391450210014736,-0.9163229885394697,-0.6771779675379961,0.7752697141329359,0.6944473694687331,0.0808223446642028
0.8894915811757981,0.8533388532126899,0.4819922854002326,-0.0361527279631082,-0.4074992957755655,-0.3713465678124573,-0.10825100110417019,-0.9290657648615783,-0.8208147637574081,0.7697874559809746,0.7134276905448392,0.05635976543613541
0.8969646883636307,0.8221892717704093,0.48345683003163664,-0.0747754165932214,-0.4135078583319941,-0.3387324417387727,-0.2170343532226906,-0.95033706446605,-0.7333027112433594,0.7445453419190389,0.7238618515247457,0.02068349039429318
0.8991038319171119,0.8095424599672102,0.46080984836647393,-0.08956137194990166,-0.4382939835506379,-0.34873261160073626,-0.256736970901569,-1.0027746925772265,-0.7460377216756575,0.753420898410557,0.6928831950899736,0.06053770332058339
0.8894989070250646,0.8752302831097277,0.4679378684428728,-0.014268623915336898,-0.42156103858219185,-0.40729241466685495,-0.044307246907669295,-0.9572342020010263,-0.912926955093357,0.74586501353899,0.7425796921794534,0.0032853213595366304
0.8927291296081027,0.8497244635436824,0.4809923883948083,-0.04300466606442033,-0.4117367412132944,-0.36873207514887407,-0.1288100717849452,-0.9414605890039225,-0.8126505172189773,0.7554535599637343,0.7268437610673278,0.02860979889640647
0.8885836640298391,0.8451535658218786,0.4766737903423404,-0.04343009820796051,-0.4119098736874987,-0.3684797754795382,-0.12823840577524237,-0.9368212297702383,-0.8085828239949959,0.765179567630351,0.708427779165688,0.056751788464663
0.8891105341885547,0.8269654900775363,0.5028854853704421,-0.0621450441110184,-0.3862250488181126,-0.3240800047070942,-0.17905934249032107,-0.8860570842197852,-0.7069977417294642,0.7505934211078537,0.7287142519831683,0.02187916912468535
0.8679012415477004,0.82954486241833,0.5110081091235614,-0.0383563791293704,-0.356893132424139,-0.3185367532947686,-0.10724317843069642,-0.8048329303785504,-0.697589751947854,0.7619744877924028,0.7103283209339918,0.05164616685841106
0.8935591382725158,0.8274546957352288,0.4980171563522233,-0.06610444253728698,-0.39554198192029244,-0.32943753938300546,-0.19206021454737243,-0.9100886275276381,-0.7180284129802657,0.7493247560614534,0.7300292375118584,0.019295518549594992
0.9092128127210617,0.8338131394871642,0.49375981261292845,-0.07539967323389751,-0.41545300010813324,-0.34005332687423573,-0.22764990519879058,-0.9711464577098468,-0.7434965525110562,0.7473172354219976,0.743873274458772,0.003443960963225523
0.8866159598673615,0.8271809789690933,0.4804973852505674,-0.059434980898268264,-0.4061185746167941,-0.34668359371852586,-0.1705835639249238,-0.9229372343545807,-0.752353670429657,0.7303997118594935,0.7324631708651881,-0.002063459005694601
0.8662625543419685,0.8349521854967165,0.47803478228312807,-0.03131036884525207,-0.38822777205884046,-0.3569174032135884,-0.08794396627767131,-0.8659685216652495,-0.7780245553875782,0.7398933561277115,0.7129396586201637,0.026953697507547725
0.891949906547621,0.8715516059749611,0.4857881531336629,-0.0203983005726599,-0.40616175341395805,-0.38576345284129815,-0.06322632789227267,-0.9293497029614262,-0.8661233750691535,0.7769205370261741,0.722605906744656,0.05431463028151817
0.9157025851047818,0.8471712473947512,0.4927549558093395,-0.0685313377100305,-0.4229476292954423,-0.35441629158541177,-0.2141258765362215,-0.9961223171019506,-0.7819964405657291,0.7577869567092791,0.7459655688299693,0.011821387879309753
0.9046406340589762,0.8384264899984395,0.5058272094099435,-0.06621414406053672,-0.3988134246490327,-0.33259928058849597,-0.19944851470952552,-0.9312728619774568,-0.7318243472679313,0.757126501951888,0.7421363870263514,0.01499011492553659
0.8598941662091469,0.8333742100669129,0.477072256425363,-0.026519956142234014,-0.38282190978378394,-0.35630195364154993,-0.07366001386389431,-0.8493689318841364,-0.7757089180202421,0.7419275211910793,0.7049662339432025,0.03696128724787684
0.9076314692614916,0.8499662551009456,0.49834195389360386,-0.05766521416054604,-0.40928951536788777,-0.3516243012073417,-0.177880107481605,-0.9564992021391436,-0.7786190946575386,0.7706840985113915,0.7332756869926358,0.037408411518755735
0.8998740597706646,0.8454894071205488,0.4981864303027483,-0.05438465265011583,-0.4016876294679163,-0.3473029768178005,-0.16403329925965382,-0.9305026819953273,-0.7664693827356734,0.7540975450322456,0.7416023864303957,0.01249515860184991
0.9144598691368446,0.8362761091105883,0.5029102725152279,-0.07818376002625638,-0.4115495966216167,-0.33336583659536034,-0.23952157320429768,-0.971353114062808,-0.7318315408585103,0.765444416006158,0.7369864178356161,0.028457998170541843
0.8989934442481449,0.8452311365515983,0.45918346875432703,-0.05376230769654655,-0.43980997549381784,-0.3860476677972713,-0.16181958313450906,-1.0056714993895552,-0.8438519162550462,0.7360644853071288,0.7328742143955848,0.003190270911544002
0.9328748024975895,0.8423304710346587,0.5071249189797942,-0.09054433146293073,-0.4257498835177953,-0.3352055520548646,-0.29250780797320175,-1.0323958965748705,-0.7398880886016688,0.7680219312328778,0.7535315304418172,0.014490400791060565
0.8982320423078436,0.849873579234675,0.5007975544051997,-0.0483584630731686,-0.3974344879026439,-0.3490760248294753,-0.14638145610306008,-0.9198298556726165,-0.7734483995695565,0.7474249289744191,0.7518438549907265,-0.004418926016307334
0.8888799911429653,0.8556330433469291,0.4767819546459498,-0.03324694779603621,-0.41209803649701554,-0.37885108870097933,-0.09979644956084188,-0.9375469912892904,-0.8377505417284485,0.755070052108338,0.7257932739822246,0.0292767781261134
0.903922941279802,0.8212684110531683,0.47885628851002127,-0.08265453022663372,-0.42506665276978073,-0.342412122543147,-0.24268373898731221,-0.9827881411764297,-0.7401044021891174,0.7619815980224162,0.7073834958729116,0.05459810214950456
0.9070005420629332,0.8662812248165098,0.496422672892781,-0.040719317246423414,-0.4105778691701522,-0.3698585519237288,-0.12892860905922898,-0.9581621232449171,-0.8292335141856881,0.7707462948591234,0.742389998322359,0.028356296536764414
0.9010898473915834,0.8461411116354145,0.4815801237497191,-0.054948735756168876,-0.4195097236418643,-0.3645609878856954,-0.16629000852166653,-0.9677849824174729,-0.8014949738958064,0.7685111222320726,0.7173629329524054,0.051148189279667244
0.8972040151902044,0.799009056812561,0.4975109331108083,-0.09819495837764347,-0.39969308207939613,-0.30149812370175266,-0.27700629089334416,-0.923010490756478,-0.6460041998631338,0.7443942974333185,0.7180883726423971,0.02630592479092142
0.90521706134447,0.8647043089162579,0.48056093060080995,-0.04051275242821206,-0.42465613074366004,-0.384143378315448,-0.12743571790746167,-0.9837807143075932,-0.8563449964001315,0.7576768766677934,0.7426446572398985,0.0150322194278949
0.8985028900026175,0.8528701508516883,0.4965849206710817,-0.04563273915092925,-0.40191796933153584,-0.3562852301806066,-0.13885379183437108,-0.9291515356474362,-0.7902977438130652,0.7642493752682274,0.7343892657486975,0.029860109519529998
0.9015689239480864,0.8488253287733809,0.500019723072215,-0.052743595174705504,-0.4015492008758714,-0.3488056057011659,-0.16043031021350806,-0.9325039043297076,-0.7720735941161996,0.7717412674299521,0.7285347164325024,0.04320655099744963
0.8916401031275786,0.8585192943691073,0.48015706393530805,-0.03312080875847123,-0.4114830391922705,-0.3783622304337993,-0.10038048231998387,-0.9396211674880441,-0.8392406851680603,0.7393932970184625,0.7474843439362,-0.008091046917737543
0.9045546838953918,0.8516311544359004,0.5033009651503402,-0.052923529459491414,-0.40125371874505167,-0.34833018928556025,-0.16265903591980324,-0.936032989860029,-0.7733739539402258,0.7718605244945157,0.7344640111599062,0.03739651333460947
0.922579175326783,0.8458216320078613,0.47310687688789105,-0.0767575433189217,-0.44947229843889197,-0.37271475511997026,-0.24309953200420287,-1.0606735618774488,-0.8175740298732459,0.7672307570777652,0.7271076990705917,0.04012305800717353
0.8748190147628352,0.8103352603167325,0.48334049677082797,-0.06448375444610266,-0.3914785179920072,-0.32699476354590457,-0.1779174087504347,-0.8808401751437149,-0.7029227663932802,0.7438426827957513,0.7018204984378459,0.04202218435790539
0.9047709570676865,0.8514596194575286,0.47655792437395844,-0.05331133761015794,-0.42821303269372807,-0.37490169508357013,-0.1638779099736043,-0.9902727370212616,-0.8263948270476573,0.7618916232011977,0.7266340440649179,0.035257579136279804
0.9183933252551135,0.8802947960153685,0.478831824855923,-0.038098529239744994,-0.4395615003991905,-0.4014629711594455,-0.12716704111011756,-1.033736817503602,-0.9065697763934844,0.7669479937966307,0.7513986369543061,0.015549356842324613
0.9136194130283135,0.7888675313064449,0.4976405631107852,-0.12475188172186857,-0.4159788499175283,-0.29122696819565974,-0.3582242649815872,-0.9788942172828798,-0.6206699523012926,0.7375344132215251,0.7292172584088373,0.0083171548126878
0.8762464991322938,0.8310250732143305,0.49795744494593386,-0.0452214259179633,-0.37828905418635994,-0.33306762826839664,-0.12828826871325516,-0.8559243571037836,-0.7276360883905284,0.7539567693630987,0.7161959088319401,0.03776086053115868
0.8856519383855285,0.8485932671991495,0.5076280783700259,-0.037058671186378955,-0.3780238600155026,-0.34096518882912363,-0.10942180853598948,-0.8656304840415494,-0.7562086755055599,0.7648879890574616,0.7296942002456744,0.03519378881178714
0.8972499080036629,0.8999026657149001,0.4654074498899364,0.002652757711237186,-0.4318424581137265,-0.4344952158249637,0.008787372979438768,-0.9874238803049749,-0.9962112532844136,0.7604375772833593,0.7479357717889737,0.01250180549438551
0.9138942812589756,0.8418934216680181,0.46875871688848747,-0.07200085959095759,-0.4451355643704882,-0.3731347047795306,-0.22221465327798828,-1.0376777649421942,-0.8154631116642059,0.7393519994946313,0.7436789470490229,-0.004326947554391669
0.9018961805882221,0.8259264488621738,0.4979376874587802,-0.07596973172604826,-0.4039584931294419,-0.3279887614033936,-0.22361750169350048,-0.9377673598208627,-0.7141498581273622,0.787893946366866,0.6959462649059179,0.09194768146094812
0.8769213832446342,0.8546969260033247,0.4763569450366996,-0.022224457241309503,-0.4005644382079346,-0.3783399809666251,-0.06525326882217497,-0.90119484160249,-0.835941572780315,0.7605934533419872,0.7113900495144518,0.04920340382753541
0.8864536896497187,0.8373599813758275,0.4692094907844642,-0.04909370827389126,-0.4172441988652545,-0.36815049059136323,-0.14282525324277673,-0.9450304797838551,-0.8022052265410784,0.7422346056846695,0.7197808355220041,0.022453770162665365
0.9020404222436824,0.8589320409808754,0.4996334332139258,-0.04310838126280703,-0.40240698902975663,-0.3592986077669496,-0.1333983954878697,-0.9348609349559673,-0.8014625394680976,0.7668485107154319,0.7402220869102237,0.026626423805208188
0.8816079931888251,0.8550714656823497,0.481117379097055,-0.026536527506475394,-0.4004906140917701,-0.3739540865852947,-0.07857459255949717,-0.906050016496009,-0.8274754239365119,0.7589428391023368,0.7195883862098165,0.039354452892520375
0.8998224124192805,0.8420300610968656,0.5007831391196601,-0.05779235132241489,-0.3990392732996204,-0.3412469219772055,-0.17338909141237036,-0.9251372139107659,-0.7517481224983955,0.7635545262954412,0.7315358821284296,0.03201864416701161
0.9231836323095247,0.8669243461952024,0.45754055862824855,-0.05625928611432229,-0.46564307368127617,-0.40938378756695387,-0.18515679306868194,-1.0941483838912547,-0.9089915908225727,0.7708194276250482,0.7276129304636022,0.04320649716144598
0.8933002907282628,0.8640961654539987,0.47227045307307775,-0.02920412527426408,-0.42102983765518504,-0.39182571238092095,-0.08960331327289905,-0.9607716201526599,-0.8711683068797609,0.7566731734405752,0.7297714327296508,0.026901740710924327
0.8795132922401531,0.8368302269836083,0.4839131337755413,-0.04268306525654475,-0.3956001584646118,-0.352917093208067,-0.1226660290767696,-0.8939959699526561,-0.7713299408758865,0.7466973658709336,0.7201404027952683,0.026556963075665352
0.9008997674448933,0.8683042046424845,0.45264239541415685,-0.03259556280240883,-0.44825737203073646,-0.41566180922832763,-0.10225867743586248,-1.025157866852497,-0.9228991894166345,0.7617096465852743,0.7195212650824153,0.042188381502858974
0.9089145549966549,0.8432113763649655,0.47733350981099226,-0.0657031786316894,-0.4315810451856626,-0.3658778665539732,-0.20107003709449556,-1.0029769291641173,-0.8019068920696217,0.7372801618362794,0.7490261322787958,-0.011745970442516351
0.8609077766907073,0.8237868642089374,0.4665889086500887,-0.03712091248176985,-0.3943188680406186,-0.35719795555884876,-0.1020260111011364,-0.8732940630490578,-0.7712680519479214,0.7269893406653233,0.7071996923678322,0.01978964829749108
0.8973089413256143,0.8406765198505292,0.4704446567246368,-0.05663242147508518,-0.42686428460097753,-0.37023186312589235,-0.1687683393645174,-0.9775230797032448,-0.8087547403387274,0.7562429241323324,0.7160438211348543,0.04019910299747809
0.9295145257352819,0.8765816599759078,0.49095116081699636,-0.05293286575937417,-0.43856336491828557,-0.3856304991589114,-0.18051236283983263,-1.051468655058941,-0.8709562922191083,0.7794743963732246,0.7518905013122325,0.027583895060992125
0.9059721786272158,0.8731672060159481,0.48697927728437385,-0.03280497261126769,-0.41899290134284195,-0.38618792873157426,-0.10493782540173102,-0.9735197215569922,-0.8685818961552612,0.7491435366000841,0.7616022380182744,-0.012458701418190277
0.9110218485085216,0.8480138296845574,0.519424556430834,-0.06300801882396423,-0.3915972920776877,-0.32858927325372345,-0.19514067344888675,-0.9261319421557761,-0.7309912687068894,0.7712076890621248,0.7477658006871505,0.023441888374974296
0.8651132881773442,0.826128309308265,0.4770755533545324,-0.038984978869079256,-0.38803773482281184,-0.3490527559537326,-0.10809581534912915,-0.8645185011171088,-0.7564226857679797,0.7594520877882653,0.6860926794384956,0.07335940834976973
0.8986712516351815,0.8280980198739709,0.4790064237910184,-0.07057323176121055,-0.4196648278441631,-0.34909159608295254,-0.20711249545832366,-0.964878543024696,-0.7577660475663723,0.7488686525656719,0.721648477634442,0.027220174931229968
0.9089497115107498,0.8446970242629644,0.47092436982808167,-0.06425268724778532,-0.4380253416826681,-0.3737726544348828,-0.1970983869477223,-1.0159346874758914,-0.8188363005281691,0.7679912675710837,0.7150561361634469,0.05293513140763684
0.8943390374625102,0.8586819832940625,0.450462430487842,-0.035657054168447666,-0.4438766069746682,-0.4082195528062205,-0.10864456943279688,-1.0078938178523145,-0.8992492484195176,0.7406121787511992,0.7283767887450772,0.01223539000612206
0.9104160792174079,0.8947372019215717,0.47389611077504656,-0.01567887729583617,-0.4365199684423613,-0.4208410911465251,-0.0529142316535105,-1.0150979593719502,-0.9621837277184397,0.7720358795321044,0.7473303817439129,0.024705497788191533
0.8871625742626154,0.8575336483285234,0.5060719460009722,-0.029628925934091943,-0.3810906282616432,-0.35146170232755125,-0.08892755490349691,-0.8735037341313894,-0.7845761792278925,0.7812761358684146,0.7192359765263261,0.06204015934208851
0.901794053210378,0.8207691336084642,0.4609739327733403,-0.08102491960191383,-0.44082012043703767,-0.35979520083512384,-0.23679755164473004,-1.0114310685709003,-0.7746335169261702,0.7502627556108705,0.7054286574505846,0.04483409816028594
0.8789400023604947,0.845169516815081,0.4901047926827515,-0.03377048554541373,-0.38883520967774327,-0.35506472413232953,-0.09809983030616864,-0.8798490962371479,-0.7817492659309793,0.7630605728130269,0.7130823017591912,0.04997827105383568
0.8918401274650927,0.8520512906875228,0.4907045426866806,-0.039788836777569836,-0.40113558477841205,-0.3613467480008422,-0.11941008178159418,-0.9191606251741316,-0.7997505433925374,0.757132515492943,0.7325981250665877,0.0245343904263553
0.8860236658312985,0.8357583437446497,0.51832867595236,-0.0502653220866488,-0.36769498987893856,-0.31742966779228976,-0.14580242232131013,-0.8453905905873862,-0.6995881682660761,0.7788188282191387,0.7145882954664001,0.0642305327527386
0.9226806375568957,0.8621417687006245,0.47656998072847157,-0.06053886885627113,-0.4461106568284241,-0.38557178797215297,-0.19724637856885918,-1.0541183089970785,-0.8568719304282193,0.7498578334512009,0.757737091206127,-0.007879257754926039
0.8878766830575725,0.8895383545888983,0.4861528092402743,0.0016616715313257924,-0.4017238738172982,-0.403385545348624,0.005283669694417181,-0.9156059989745178,-0.920889668668935,0.7763911961979673,0.732654035059863,0.04373716113810422
0.896869211288756,0.852475694894402,0.5041842025329157,-0.04439351639435396,-0.3926850087558402,-0.34829149236148627,-0.13457607855228026,-0.9085621823770409,-0.7739861038247606,0.7589941030114221,0.7433586361326269,0.015635466878795246
0.8789078366628101,0.8364626856056434,0.4958518062633395,-0.04244515105716673,-0.3830560303994706,-0.3406108793423039,-0.12180232565795501,-0.8682552696180177,-0.7464529439600627,0.7409002903826835,0.7332479286385121,0.007652361744171388
0.9046822352846351,0.8117363416836969,0.45585090307478504,-0.09294589360093819,-0.44883133220985005,-0.35588543860891186,-0.2698926680340077,-1.031482534091351,-0.7615898660573432,0.7430173152878152,0.7051623380742627,0.037854977213552576
0.8800042833880636,0.8448667534015625,0.5090811770685869,-0.035137529986501104,-0.37092310631947667,-0.33578557633297557,-0.10220536047333839,-0.8451629435079797,-0.7429575830346413,0.7601207408875617,0.7291807350179135,0.03094000586964818
0.8731177123040603,0.8145596202969877,0.47242686384383636,-0.058558092007072626,-0.40069084846022396,-0.34213275645315133,-0.16196919020454947,-0.8975630549509834,-0.735593864746434,0.7374718255183688,0.7025976387782207,0.03487418674014808
0.8922610924425142,0.8396502809538469,0.4994133117341928,-0.05261081148866731,-0.3928477807083214,-0.3402369692196541,-0.15511608747018046,-0.9030985834851415,-0.747982496014961,0.7637852226405865,0.7237645674464493,0.04002065519413711
0.9066178603927952,0.8452155593318922,0.4800776798694053,-0.06140230106090305,-0.42654018052338993,-0.3651378794624869,-0.18760614466137504,-0.9895461818989162,-0.8019400372375411,0.7563339227048771,0.7316068103578511,0.02472711234702596
0.9143685226382642,0.8537827461325546,0.49656464494359726,-0.06058577650570962,-0.4178038776946669,-0.3572181011889573,-0.19080007517895492,-0.9837179287741102,-0.7929178535951553,0.7814236798264573,0.7283869293164866,0.0530367505099707
0.9014642877296594,0.8588160254032153,0.4919199616167676,-0.04264826232644403,-0.40954432611289177,-0.36689606378644773,-0.13179601074234348,-0.9483529636988872,-0.8165569529565437,0.7552744325953573,0.7461924172377374,0.009082015357619877
0.9178098082880192,0.8297292644162493,0.4779853851405222,-0.08808054387176989,-0.439824423147497,-0.3517438792757271,-0.2691615695862333,-1.0333032808986484,-0.7641417113124152,0.7628351375296152,0.7208478343669119,0.04198730316270327
0.9093373986744469,0.8603291692382877,0.5016769761655449,-0.04900822943615912,-0.407660422508902,-0.3586521930727429,-0.15434809127733695,-0.9557455690109942,-0.8013974777336572,0.7661725620397136,0.7480564673458059,0.018116094693907736
0.911351982603743,0.8683568327574793,0.48940403827070783,-0.042995149846263625,-0.4219479443330351,-0.3789527944867715,-0.13795390735619595,-0.9873448523848094,-0.8493909450286135,0.7788735392108317,0.7338683632104551,0.04500517600037657
0.8829027192453638,0.8495815335848932,0.5130562201517921,-0.0333211856604706,-0.3698464990935717,-0.3365253134331011,-0.0980666548200082,-0.8461774744223143,-0.7481108196023061,0.7561377022396898,0.7408892797483427,0.015248422491347058
0.9034577223607405,0.8648303589110546,0.49547429456020725,-0.03862736344968587,-0.40798342780053326,-0.3693560643508474,-0.12108551868999129,-0.9479627075006947,-0.8268771888107034,0.7747314562090186,0.7344434610123161,0.040287995196702564
0.9168293404809298,0.8179153589332235,0.5010449733656414,-0.09891398154770625,-0.41578436711528843,-0.3168703855675822,-0.29661527876669913,-0.9836096724818135,-0.6869943937151144,0.7545318687548622,0.735994579765001,0.018537288989861178
0.8937797516984942,0.8302287970299352,0.5032821746857762,-0.06355095466855898,-0.39049757701271803,-0.32694662234415905,-0.18541058107357644,-0.900274206099632,-0.7148636250260556,0.7710836970672994,0.7137767852088376,0.05730691185846182
0.9037305549627949,0.8286462511137603,0.5008182336391384,-0.07508430384903453,-0.4029123213236565,-0.327828017474622,-0.22261504401543375,-0.9381991007742938,-0.71558405675886,0.7563756009297101,0.7324210922140854,0.023954508715624767
0.895626756349051,0.8477288050441422,0.5030994303001823,-0.047897951304908815,-0.39252732604886864,-0.3446293747439598,-0.14379968307804392,-0.9066573244219367,-0.7628576413438928,0.7669234250275802,0.730713236101337,0.03621018892624317
0.8725728612163823,0.8540190335193318,0.4550893632788641,-0.018553827697050496,-0.4174834979375182,-0.3989296702404677,-0.05403725175425622,-0.930695812694748,-0.8766585609404918,0.7448512649841329,0.7096029070255859,0.03524835795854697
0.8876013444597511,0.8500996250382215,0.4928850745094964,-0.03750171942152969,-0.3947162699502547,-0.35721455052872503,-0.11135934740472786,-0.901266219350007,-0.7899068719452791,0.7479191088870752,0.7391382537845707,0.008780855102504592
0.8962279962630028,0.818953644598878,0.48886521223237567,-0.07727435166412477,-0.4073627840306271,-0.3300884323665023,-0.22304742481669093,-0.9370966316570948,-0.7140492068404038,0.7663892483289535,0.7029753204005508,0.06341392792840272
0.8986505394442504,0.8209137008642913,0.4855019993474152,-0.07773683857995917,-0.4131485400968352,-0.33541170151687605,-0.2259315136001807,-0.9518104760890971,-0.7258789624889164,0.7625756118848559,0.707468547885782,0.055107063999073946
0.8908144447088234,0.8449434791752123,0.5044512186687881,-0.04587096553361114,-0.38636322604003537,-0.3404922605064242,-0.13594014479259453,-0.8883704782334907,-0.7524303334408962,0.7455508404554151,0.7479219212464674,-0.0023710807910523046
0.9155736742957448,0.8559865878730263,0.44745603675443724,-0.05958708642271848,-0.46811763754130753,-0.40853055111858905,-0.18886371046431805,-1.0864502131056637,-0.8975865026413457,0.753568601213257,0.7257755980688819,0.02779300314437505
0.9030512979713632,0.8572578041935867,0.4768384430587308,-0.04579349377777653,-0.4262128549126324,-0.38041936113485586,-0.14160481248076096,-0.9838760064417191,-0.8422711939609582,0.7672760035275101,0.724155693288277,0.04312031023923313
0.9084679500690124,0.8236489908318316,0.5000962040977465,-0.08481895923718075,-0.4083717459712659,-0.32355278673408516,-0.2520437267385751,-0.955885543053316,-0.7038418163147409,0.7520098278036895,0.7361322688620376,0.01587755894165188
0.893059662173489,0.8754210300291128,0.49180376352171795,-0.01763863214437622,-0.401255898651771,-0.3836172665073948,-0.0551689578435024,-0.9208982396963563,-0.8657292818528539,0.7597672669647502,0.747089036851463,0.01267823011328717
0.8846650701110989,0.8269050005735834,0.4602850509952844,-0.057760069537515446,-0.42438001911581447,-0.366619949578299,-0.16518310334457498,-0.9573056089876639,-0.792122505643089,0.7455477671646032,0.702355647288708,0.04319211987589522
0.8679983324746777,0.8599471782344893,0.47838539971041477,-0.00805115424018843,-0.38961293276426295,-0.3815617785240745,-0.023487614998643824,-0.8703803922617299,-0.8468927772630861,0.7362094167621089,0.7346778568509458,0.0015315599111631606
0.860172310468171,0.8560181544698093,0.4656809855956049,-0.004154155998361664,-0.3944913248725661,-0.39033716887420444,-0.011904940546280773,-0.8729910751860843,-0.8610861346398035,0.7396042534897321,0.714976713532658,0.024627539957074118
0.9007320070564606,0.8405543766329464,0.5032181247168988,-0.060177630423514206,-0.39751388233956186,-0.33733625191604766,-0.18046334272703923,-0.9233029321993156,-0.7428395894722764,0.7551241837694828,0.7412121551680544,0.013912028601428372
0.9179236744118021,0.8529601274517016,0.46255587029864814,-0.06496354696010054,-0.455367804113154,-0.39040425715305344,-0.20595295724852924,-1.0646329591358283,-0.8586800018872991,0.7403502499606103,0.7486095314808243,-0.008259281520214046
0.9169467185838445,0.824658093357741,0.5094396229320312,-0.09228862522610348,-0.4075070956518133,-0.31521847042570983,-0.2794398741664663,-0.9672444570148304,-0.6878045828483641,0.7449954383859461,0.7557008515297984,-0.010705413143852316
0.8864198525309789,0.8207564043840743,0.5099462725936446,-0.06566344814690461,-0.3764735799373343,-0.3108101317904297,-0.18683509993631997,-0.8634099684363512,-0.6765748685000312,0.752867936785255,0.7252137495538769,0.027654187231378136
0.8836890507130445,0.8672047245046045,0.4701711431032549,-0.01648432620843998,-0.41351790760978957,-0.3970335814013496,-0.049945844363400216,-0.9344351609812616,-0.8844893166178613,0.7565517606680606,0.7241581848792087,0.032393575788851936
0.892047818210927,0.8601825853407339,0.5023273011061127,-0.03186523287019316,-0.38972051710481437,-0.3578552842346212,-0.096908971194126,-0.896583017050794,-0.799674045856668,0.7632154903778537,0.7398229793939954,0.023392510983858306
0.9011140706934446,0.8583380185477232,0.47602879238684437,-0.042776052145721444,-0.42508527830660026,-0.3823092261608788,-0.13199364297314187,-0.9789788351369044,-0.8469851921637626,0.7568098680283706,0.7335107197236375,0.02329914830473312
0.895990452540295,0.8637725934415268,0.47374726023718355,-0.032217859098768176,-0.4222431923031114,-0.39002533320434324,-0.09930969086227837,-0.9665763204948477,-0.8672666296325693,0.759562821410711,0.7294440494019593,0.030118772008751682
0.8630634663593549,0.8612284379270813,0.4856213542900573,-0.0018350284322736776,-0.3774421120692976,-0.37560708363702394,-0.005322857619504795,-0.8414332656569858,-0.836110408037481,0.7440789129521647,0.7291965927654976,0.01488232018666702
0.8912599238707957,0.8452064223912962,0.4925623414528414,-0.04605350147949949,-0.3986975824179543,-0.3526440809384548,-0.13664313302018183,-0.9135785844723983,-0.7769354514522164,0.7546603499910355,0.7313587751522532,0.023301574838782257
0.8833239717020706,0.8513488113080274,0.4792531235618081,-0.031975160394043134,-0.40407084814026245,-0.3720956877462193,-0.09442207966567251,-0.9151097007211451,-0.8206876210554725,0.7571069825241394,0.7188436218571314,0.038263360667008084
0.8986039762523514,0.8789629131090743,0.47317159575378037,-0.019641063143277182,-0.42543238049857107,-0.4057913173552939,-0.06252850791453879,-0.9763387249372293,-0.9138102170226905,0.769912678990039,0.7305796444200983,0.03933303456994075
0.8971543006296357,0.8445980226630295,0.4974400260037028,-0.052556277966606224,-0.39971427462593295,-0.34715799665932673,-0.15748974061818322,-0.9229886238291491,-0.7654988832109659,0.7809498664940654,0.7118450330368467,0.06910483345721874
0.9092071775648234,0.8417691470624886,0.4931410021210285,-0.06743803050233477,-0.4160661754437949,-0.3486281449414601,-0.20604690014829696,-0.9723645714788924,-0.7663176713305955,0.775775047676757,0.72030317015547,0.055471877521287016
0.9081228662319104,0.8657403651938566,0.48108282926711654,-0.042382501038053855,-0.42704003696479387,-0.38465753592674,-0.13439124254531976,-0.9927256427618794,-0.8583344002165596,0.7690792181768769,0.7342181556183788,0.03486106255849808
0.8724539783280328,0.8557347099478447,0.5212624402440564,-0.016719268380188113,-0.3511915380839764,-0.3344722697037883,-0.04880981216968516,-0.7978591613622703,-0.7490493491925851,0.7703609202633129,0.729273165416643,0.04108775484666993
0.9011657052227986,0.8268429278327837,0.48744817650127864,-0.07432277739001492,-0.41371752872151996,-0.33939475133150504,-0.2187462415236161,-0.9562973145906519,-0.7375510730670358,0.7533416863699715,0.7236295200012691,0.02971216636870233
0.8999729411025856,0.8394787894877694,0.4870540668470256,-0.060494151614816194,-0.41291887425556,-0.3524247226407438,-0.18086317508538396,-0.9530997872146731,-0.7722366121292892,0.7498684024746815,0.7344687958169057,0.015399606657775733
0.9211460529347929,0.8580749871315363,0.4789772563192671,-0.06307106580325661,-0.4421687966155258,-0.3790977308122692,-0.20325117625223665,-1.0435794325257792,-0.8403282562735426,0.7622137392450329,0.7432517916786978,0.01896194756633507
0.9138643653614575,0.8683570414429995,0.4879948180090564,-0.04550732391845802,-0.4258695473524011,-0.3803622234339431,-0.1468497827830335,-0.9990605066180118,-0.8522107238349783,0.7516143359556858,0.7618631472533233,-0.010248811297637439
0.9001130193465692,0.8607898088753186,0.5104033404240883,-0.039323210471250536,-0.3897096789224809,-0.35038646845123034,-0.12159083754294864,-0.9068638614258469,-0.7852730238828982,0.7769247132741511,0.7372793991564998,0.039645314117651376
0.9189781754544476,0.8463631841681127,0.47207232612897587,-0.07261499128633486,-0.4469058493254717,-0.37429085803913686,-0.22826509344329837,-1.049412067799111,-0.8211469743558126,0.7446511612642874,0.7469579625700699,-0.0023068013057824244
0.900530342975608,0.8290711194263946,0.49256542273226395,-0.07145922354921341,-0.407964920243344,-0.3365056966941306,-0.21071652064716284,-0.9439348197038442,-0.7332182990566813,0.7400514521139573,0.7413931379755538,-0.0013416858615965532
0.9014429785825977,0.8545055249642268,0.49570089627037756,-0.04693745361837087,-0.40574208231222014,-0.35880462869384927,-0.1440258433606605,-0.9407190021582494,-0.796693158797589,0.7638787990808199,0.7372208007973147,0.026657998283505235
0.8984176063310708,0.8355225272377299,0.4772268201336667,-0.06289507909334091,-0.42119078619740413,-0.3582957071040632,-0.18642153950469842,-0.9676010888600586,-0.7811795493553602,0.7482651104082052,0.7258461920601064,0.022418918348098837
0.909029096421447,0.8393799063262488,0.4789805880571157,-0.06964919009519821,-0.43004850836433134,-0.36039931826913313,-0.21195409134323073,-1.0000778216498791,-0.7881237303066484,0.75639683723454,0.7285295566353343,0.027867280599205735
0.9042689021557665,0.8534948951076695,0.463627265317287,-0.05077400704809698,-0.4406416368384795,-0.38986762979038253,-0.15643027917215413,-1.014472789004103,-0.8580425098319489,0.7510667241611807,0.7298606508926346,0.021206073268546066
0.8844360287982794,0.8351511134221568,0.47051028782788684,-0.04928491537612267,-0.4139257409703926,-0.3646408255942699,-0.14245924131699983,-0.9360888912993641,-0.7936296499823643,0.7503813741603891,0.7096835792051595,0.04069779495522963
0.9068788252905642,0.8425325202783062,0.46702313766115194,-0.06434630501225802,-0.43985568762941224,-0.3755093826171542,-0.19589546436888572,-1.0165900755920794,-0.8206946112231936,0.7423003322543975,0.7353226565656173,0.0069776756887801605
0.8916206186819751,0.8340563220405335,0.47521773246006616,-0.05756429664144158,-0.4164028862219089,-0.3588385895804673,-0.1681928630311229,-0.9494470400607897,-0.7812541770296668,0.7552023969549053,0.7120607185001446,0.04314167845476069
0.9090096150003373,0.8423609728726649,0.49597429122329395,-0.06664864212767241,-0.41303532377704333,-0.3463866816493709,-0.2037367540489612,-0.9660103679355183,-0.7622736138865571,0.764583261550949,0.7336466578465817,0.03093660370436735
0.8625434380152482,0.8338949837589665,0.49080931049337145,-0.028648454256281708,-0.3717341275218768,-0.3430856732655951,-0.07992479852655698,-0.8295429529404321,-0.7496181544138751,0.735485582001045,0.7226795728440125,0.01280600915703245
0.8496592240545185,0.8680718919385355,0.5029159905114637,0.018412667884016964,-0.3467432335430548,-0.36515590142707177,0.05291147778446881,-0.7686115648130245,-0.8215230425974933,0.7701758616249662,0.710255542711379,0.05992031891358718
0.9124951441989434,0.8312900779983998,0.4744999419499207,-0.08120506620054357,-0.4379952022490227,-0.35679013604847915,-0.24592663846075347,-1.02120726617351,-0.7752806277127566,0.766492789255867,0.7123639868423088,0.05412880241355811
0.8873946574576589,0.8378803959956193,0.473125378199447,-0.04951426146203963,-0.4142692792582119,-0.36475501779617225,-0.14438545285597604,-0.9401569375868815,-0.7957714847309054,0.7342964255501494,0.731303862218334,0.002992563331815412
0.91428757466582,0.8059035257059505,0.494856149992721,-0.10838404895986953,-0.419431424673099,-0.3110473757132295,-0.3182148668267035,-0.9868458212247961,-0.6686309543980926,0.763366130453193,0.7133320364564679,0.05003409399672509
0.9056868049794685,0.8736321602801944,0.4619111077918196,-0.032054644699274104,-0.4437756971876489,-0.4117210524883748,-0.10256248289789349,-1.0227498995124469,-0.9201874166145534,0.7470841952439328,0.7470691867903889,1.5008453543852163e-05
0.8867011326553641,0.8298658996407965,0.46987534764495525,-0.05683523301456761,-0.41682578501040884,-0.35999055199584123,-0.16372896494028977,-0.9444765982290191,-0.7807476332887293,0.7486499541750142,0.7089782991190631,0.03967165505595116
0.8981879916012202,0.8337392161764596,0.45835905337028393,-0.06444877542476057,-0.4398289382309363,-0.3753801628061757,-0.19046199593895485,-1.0046577484092707,-0.8141957524703158,0.7595080695306452,0.7006827712346639,0.058825298295981265
0.8708595323441569,0.8361201155207595,0.46580583045670804,-0.03473941682339743,-0.4050537018874489,-0.37031428506405145,-0.09839916505161383,-0.9040715484262263,-0.8056723833746124,0.7444949615030142,0.704028690711402,0.04046627079161225
0.895334549196701,0.8085446053203174,0.4761453750505398,-0.08678994387638361,-0.4191891741461612,-0.3323992302697776,-0.24686286725356466,-0.9596284578514607,-0.712765590597896,0.7443341356842187,0.7090155506941533,0.03531858499006535
0.8998704041941062,0.8682845347373291,0.5058338138258205,-0.031585869456777105,-0.39403659036828576,-0.36245072091150865,-0.0988797310362286,-0.915195463911131,-0.8163157328749024,0.7778654994915806,0.73812700234659,0.03973849714499056
0.9142478390086227,0.8418582918639277,0.4611224171958862,-0.07238954714469503,-0.4531254218127365,-0.3807358746680415,-0.22357247649607848,-1.0542497397062716,-0.8306772632101931,0.7613796822795063,0.7167726830994515,0.04460699918005473
0.8626526771842014,0.8596367232176428,0.5099288610079235,-0.0030159539665585156,-0.3527238161762779,-0.3497078622097194,-0.00872190381135729,-0.7916188169295899,-0.7828969131182326,0.7560025028109572,0.7321430047955547,0.023859498015402436
0.897014807759014,0.8724495473346956,0.500537903249505,-0.02456526042431839,-0.396476904509509,-0.3719116440851906,-0.0770259802547133,-0.9163337596861241,-0.8393077794314108,0.7654013532627103,0.7479334856327662,0.017467867629944123
0.8889015207333322,0.8597819737813579,0.519967237122345,-0.029119546951974273,-0.3689342836109871,-0.33981473665901285,-0.0879885207174671,-0.8512176069680755,-0.7632290862506084,0.7828825381247562,0.7295512829666004,0.05333125515815573
0.9249698736412177,0.8343065385760745,0.44710632511824666,-0.09066333506514324,-0.4778635485229711,-0.38720021345782785,-0.28352882592609197,-1.1218565861380818,-0.8383277602119898,0.7442364327983421,0.7266853920920173,0.01755104070632474
0.8646800112960583,0.8398450919784225,0.4979361504564632,-0.024834919317635817,-0.3667438608395951,-0.3419089415219593,-0.07004585082701054,-0.82151373277351,-0.7514678819464995,0.744708643097248,0.723598859390048,0.02110978370720007
0.9015084489297017,0.8605091196517979,0.47832483623251854,-0.04099932927790384,-0.4231836126971832,-0.38218428341927935,-0.12706967511584244,-0.9757042882370828,-0.8486346131212403,0.7483573725336565,0.745204230675689,0.0031531418579675563
0.9039725795533528,0.8346265615009999,0.4987380153318265,-0.06934601805235285,-0.40523456422152626,-0.3358885461691734,-0.20745340216790797,-0.9431805346654856,-0.7357271324975776,0.7615913118436275,0.7299667924138252,0.03162451942980227
0.9219572142533553,0.8246338525095652,0.4912021072230027,-0.09732336174379008,-0.4307551070303526,-0.3334317452865625,-0.29791721478205124,-1.022135112366337,-0.7242178975842857,0.7590178715012633,0.7328442444893525,0.02617362701191084
0.8952027642968109,0.8217186060732327,0.48530917114737315,-0.07348415822357823,-0.40989359314943774,-0.3364094349258595,-0.2124907131346463,-0.9408565985224784,-0.7283658853878321,0.7483950283514448,0.7197586659934998,0.028636362357944978
0.9270466042835172,0.8392312175571516,0.5128814912263436,-0.08781538672636557,-0.4141651130571735,-0.32634972633080794,-0.2781372661408046,-0.9980390752127832,-0.7199018090719786,0.7772813377520513,0.7421582042926235,0.03512313345942786
0.9036842596230837,0.8761629638815682,0.5092676232074489,-0.027521295741515517,-0.39441663641563485,-0.36689534067411933,-0.08809303395934176,-0.9211423233225433,-0.8330492893632016,0.7510727393369067,0.7750038251378273,-0.023931085800920626
0.8646861541292659,0.8540846712011158,0.47494949831398353,-0.010601482928150108,-0.38973665581528233,-0.3791351728871322,-0.030501997039539486,-0.8675259671480429,-0.8370239701085034,0.7542441329009639,0.7082360828619462,0.046008050039017756
0.8897741605677568,0.8426031170895298,0.4763560657858612,-0.04717104347822698,-0.4134180947818956,-0.36624705130366864,-0.13905754153355954,-0.9412498655290829,-0.8021923239955233,0.7294223382464023,0.7430665573823629,-0.013644219135960589
0.8934413814041003,0.8435020756334314,0.5088082327499878,-0.04993930577066896,-0.3846331486541126,-0.3346938428834436,-0.1483830203897738,-0.8881238156843381,-0.7397407952945643,0.7617301700896755,0.7354376231020039,0.026292546987671583
0.8998958441159711,0.8545657208855992,0.4740065610940953,-0.04533012323037189,-0.42588928302187584,-0.38055915979150395,-0.1386825312128961,-0.978958435303241,-0.8402759040903449,0.7632735159427336,0.7223719014543768,0.04090161448835683
0.8847031846222987,0.8458639666397023,0.4910013934512339,-0.038839217982596375,-0.3937017911710648,-0.3548625731884684,-0.11403222711760597,-0.8959094663317615,-0.7818772392141555,0.7646543215363734,0.7163913749391165,0.04826294659725683
0.8969516734555607,0.8652880927508306,0.4914754887751702,-0.03166358070473008,-0.4054761846803905,-0.3738126039756604,-0.09803648608659632,-0.9342517231158696,-0.8362152370292733,0.7773884634505843,0.72508837320379,0.05230009024679427
0.8908900202761698,0.8530654492366274,0.4936804539875996,-0.0378245710395424,-0.39720956628857024,-0.35938499524902784,-0.11349639143912071,-0.9101548274241367,-0.796658435985016,0.7574370066470455,0.7343202756865526,0.023116730960492937
0.9034500238634443,0.8220511356486268,0.5200877680106502,-0.08139888821481756,-0.38336225585279415,-0.3019633676379766,-0.23903599840506473,-0.8986987547617364,-0.6596627563566717,0.7788979801434952,0.7181613048716523,0.0607366752718429
0.8769240065442704,0.8227589987886229,0.48783504061082444,-0.054165007755647476,-0.38908896593344594,-0.33492395817779846,-0.1521977545976756,-0.878231396960107,-0.7260336423624314,0.76493691810821,0.6934084458542684,0.07152847225394154
0.895326269861703,0.8809985611086859,0.5202873475239138,-0.014327708753017143,-0.37503892233778924,-0.3607112135847721,-0.045482524826288895,-0.8712882085374831,-0.8258056837111942,0.7801780283318526,0.7508967573310159,0.02928127100083666
0.9107421612033351,0.8442136003196814,0.5136847403594356,-0.06652856088365366,-0.3970574208438995,-0.33052885996024584,-0.20469082831456875,-0.9366362794297698,-0.731945451115201,0.7648063376255946,0.7476206636293737,0.01718567399622084
0.8922388957267118,0.8636478472240797,0.5023800549957139,-0.028591048502632055,-0.38985884073099786,-0.3612677922283658,-0.08748021368705006,-0.8970934912826911,-0.8096132775956411,0.7725592064275826,0.7329519922034209,0.03960721422416169
0.903719718018213,0.8350730740054766,0.48085030396466105,-0.06864664401273646,-0.422869414053552,-0.35422277004081554,-0.20539315525527835,-0.9781075908282566,-0.7727144355729783,0.7609708515048083,0.7187912124874255,0.04217963901738275
0.8912226858990726,0.839672633021139,0.4928599633993536,-0.05155005287793357,-0.398362722499719,-0.3468126696217854,-0.1517130744438675,-0.9128636703751276,-0.7611505959312601,0.7592673252385147,0.7232361963078624,0.0360311289306523
0.8926929049492146,0.8524448823709498,0.4712077101339863,-0.040248022578264764,-0.4214851948152283,-0.3812371722369635,-0.12105143015423181,-0.9609356057754879,-0.8398841756212561,0.7565615925621475,0.7210020724072865,0.03555952015486097
0.900120254236283,0.8093349637277856,0.5011471004325113,-0.09078529050849737,-0.39897315380377163,-0.30818786329527426,-0.26064755615512913,-0.9254019697654863,-0.6647544136103571,0.7724662759646587,0.7012686029663945,0.07119767299826418
0.8954088864840486,0.812541555600039,0.47741498117266096,-0.08286733088400955,-0.41799390531138764,-0.3351265744273781,-0.23690595898472155,-0.9573293760937189,-0.7204234171089974,0.7451286343739556,0.7117816477972103,0.033346986576745286
0.8839734560157305,0.882077173705909,0.5121598397734087,-0.0018962823098215287,-0.3718136162423218,-0.36991733393250026,-0.005900295849235793,-0.8513075074116634,-0.8454072115624276,0.7785603314632005,0.740246648200165,0.038313683263035525
0.8779853797543431,0.844707966929754,0.4822885667713512,-0.03327741282458907,-0.3956968129829919,-0.36241940015840285,-0.09645339224008254,-0.8925660999912839,-0.7961127077512014,0.7459876774156305,0.7240002648880016,0.021987412527628925
0.9029376400243669,0.8316078001221818,0.47437268405027727,-0.07132983990218511,-0.42856495597408967,-0.35723511607190456,-0.21204518890589918,-0.988429384801419,-0.7763841958955198,0.7511631921764294,0.7214488906214547,0.029714301554974676
0.8779004720232763,0.848951644218065,0.4805156406476964,-0.02894882780521124,-0.39738483137557984,-0.3684360035703686,-0.0844107221693613,-0.8958550318545953,-0.811444309685234,0.7445167355687022,0.7270617690239894,0.01745496654471279
0.8894086983256037,0.8161119218320857,0.46797047995586954,-0.07329677649351796,-0.4214382183697341,-0.34814144187621615,-0.20835809718872822,-0.9568811611845867,-0.7485230639958584,0.7486091691382479,0.7003848976041247,0.04822427153412323
0.9053032792651877,0.8539417393335269,0.46216891808237115,-0.051361539931660816,-0.44313436118281657,-0.39177282125115576,-0.1586899956468848,-1.0209217210721997,-0.8622317254253149,0.7522398853534314,0.7287027391006259,0.023537146252805563
0.9078450022268244,0.8327325473369891,0.4896279204498293,-0.07511245488983531,-0.4182170817769951,-0.3431046268871598,-0.22580422549542867,-0.9746666107370701,-0.7488623852416414,0.7687575679436494,0.7180460787321125,0.0507114892115369
0.8991242452532334,0.8247307583229165,0.4781295222725863,-0.07439348693031689,-0.4209947229806471,-0.3466012360503302,-0.21750563128298417,-0.9681366060104906,-0.7506309747275064,0.7610166694656857,0.7069730144334719,0.054043655032213755
0.8729840717027159,0.8375657731540069,0.46946570116117353,-0.035418298548708926,-0.4035183705415423,-0.3681000719928334,-0.10084436105810957,-0.9030939883267368,-0.8022496272686273,0.7188002108680647,0.7345434864771995,-0.0157432756091348
0.8876364572695913,0.8373946528642481,0.504211445156786,-0.050241804405343204,-0.38342501211280533,-0.3331832077074621,-0.14646788735100325,-0.8787240728101857,-0.7322561854591825,0.7569868256883296,0.7291748778387541,0.027811947849575525
0.9009844552875567,0.8770192587863441,0.4783557749730152,-0.023965196501212538,-0.4226286803145415,-0.39866348381332894,-0.07639488699349517,-0.9738859331619034,-0.8974910461684082,0.7624779047745665,0.7417617545900442,0.02071615018452222
0.8686747019391862,0.8702571490941874,0.4691801456026133,0.001582447155001221,-0.3994945563365729,-0.4010770034915741,0.004697240809393044,-0.8908168822142599,-0.895514123023653,0.7662630884649971,0.7058115759589941,0.060451512506003
0.9108032124013111,0.8610936410978838,0.49201611761694664,-0.04970957130342735,-0.4187870947843645,-0.36907752348093714,-0.1572640236594096,-0.980191782673254,-0.8229277590138444,0.7730216759025662,0.7362536381748612,0.03676803772770498
0.9042307487935617,0.880210228795528,0.513561191953291,-0.024020519998033674,-0.3906695568402707,-0.36664903684223704,-0.07757304786701491,-0.9144076318955878,-0.8368345840285729,0.7813215024979787,0.7506799438636084,0.030641558634370347
0.897069149195225,0.8171977237912792,0.4534051711600442,-0.07987142540394576,-0.44366397803518076,-0.363792552631235,-0.2303621858909617,-1.0109134464374359,-0.7805512605464742,0.7473065141487165,0.6978081819489823,0.04949833219973421
0.8539746298135472,0.8274858448621628,0.4861765930147417,-0.026488784951384403,-0.3677980367988055,-0.3413092518474211,-0.07244516349558605,-0.8142406558727853,-0.7417954923771992,0.7271684797859042,0.717922898674397,0.009245581111507195
0.8924069691691848,0.8755123367110507,0.47875703200754327,-0.016894632458134162,-0.41364993716164156,-0.3967553047035074,-0.05278323723148226,-0.9448945683966143,-0.8921113311651321,0.7642585487338037,0.7335256765247153,0.03073287220908838
0.9019563606432771,0.8576604849634163,0.47160611894878907,-0.04429587567986082,-0.43035024169448804,-0.3860543660146272,-0.1367617501574263,-0.9906633957077668,-0.8539016455503405,0.7854390960686114,0.7020428803017101,0.08339621576690126
0.930444754937785,0.8114520352372162,0.5025556509839948,-0.1189927197005688,-0.4278891039537902,-0.3088963842532214,-0.36456590255310095,-1.0319040491329075,-0.6673381465798065,0.7509332813343259,0.7453683461050048,0.005564935229321111
0.8875927141666132,0.8519857092830067,0.4848669184232036,-0.035607004883606574,-0.4027257957434096,-0.36711879085980303,-0.10603470125250647,-0.9172793509712376,-0.8112446497187311,0.7736192427988206,0.7093443184497285,0.0642749243490921
0.8788964756816552,0.836820744116037,0.48569054682922086,-0.04207573156561817,-0.3932059288524343,-0.35113019728681616,-0.12079897032894449,-0.8885467775335518,-0.7677478072046073,0.7495838348666807,0.7180213428845945,0.03156249198208616
0.8729269973234167,0.8273239185967537,0.4750330854245082,-0.04560307872666303,-0.39789391189890855,-0.3522908331722455,-0.12809932410161506,-0.891770589255497,-0.763671265153882,0.7362819761230922,0.7139073581066934,0.02237461801639884
0.9156671822532079,0.8489487156335512,0.4962683741092133,-0.06671846661965664,-0.41939880814399455,-0.3526803415243379,-0.20904676564604863,-0.9889676300406378,-0.7799208643945892,0.7391008706945049,0.7681553106361433,-0.029054439941638366
0.8764297762138737,0.8229149924182467,0.5111062103092349,-0.05351478379562702,-0.3653235659046389,-0.31180878210901186,-0.15028608844765046,-0.8301817306229784,-0.6798956421753279,0.7593661315475938,0.7142678544133096,0.04509827713428416
0.9228577496399919,0.8519137488553986,0.4958937010932061,-0.07094400078459329,-0.4269640485467858,-0.35602004776219254,-0.2271333071840136,-1.0161172412142534,-0.7889839340302398,0.7586124426268075,0.7551643570989236,0.003448085527883893
0.8940504149088291,0.8280136984569048,0.4919658041102644,-0.06603671645192433,-0.40208461079856467,-0.33604789434664034,-0.192174451590013,-0.9237866160766606,-0.7316121644866476,0.751010654921349,0.7250092900626498,0.026001364858699194
0.8821243894216537,0.855709956768746,0.4873383022386421,-0.02641443265290777,-0.3947860871830116,-0.36837165453010384,-0.07835909000440067,-0.8952018023207395,-0.8168427123163389,0.7653602601215906,0.7180881721644373,0.04727208795715332
0.8979927572077535,0.8401548444408378,0.4628223964483903,-0.057837912766915744,-0.4351703607593632,-0.3773324479924475,-0.1724488507914228,-0.9950578337529532,-0.8226089829615304,0.7566332250795424,0.7106801069851122,0.045953118094430256
0.8926733444842273,0.8406228685376101,0.4977888841099276,-0.05205047594661716,-0.3948844603742997,-0.34283398442768254,-0.15379296713618507,-0.9076782027261343,-0.7538852355899492,0.7544460545832965,0.7329440101712134,0.021502044412083143
0.8795136327472135,0.8355760714651894,0.469182313023317,-0.043937561282024085,-0.4103313197238965,-0.36639375844187244,-0.1260558556107525,-0.9234921956110878,-0.7974363400003353,0.7485606153505584,0.7076207294732547,0.04093988587730368
0.8854632380835571,0.8680855343771952,0.4848000958458323,-0.017377703706361936,-0.4006631422377248,-0.3832854385313629,-0.052899113201077874,-0.9106989763791116,-0.8577998631780337,0.7599374448073843,0.732295134063672,0.027642310743712373
0.909220206121176,0.8421592799787525,0.5073556352118223,-0.06706092614242354,-0.4018645709093538,-0.33480364476693025,-0.205022729542661,-0.9439796917977299,-0.7389569622550689,0.7664933015086812,0.7393301126991524,0.027163188809528838
0.8909563428161613,0.8256181300953939,0.4804668951580067,-0.06533821272076745,-0.4104894476581546,-0.34515123493738714,-0.18851578161339289,-0.9368043048789116,-0.7482885232655188,0.7518805181068083,0.7128137272728994,0.03906679083390896
0.9031865700004043,0.8362988203552209,0.4709092640317911,-0.0668877496451834,-0.43227730596861313,-0.36538955632342973,-0.20028012721316069,-0.9962079722001238,-0.7959278449869631,0.7410774140131876,0.7325190222450899,0.008558391768097695
0.8441192868154829,0.8067264659015616,0.48461865361501033,-0.037392820913921265,-0.35950063320047254,-0.3221078122865513,-0.09863282452654998,-0.7898258633316542,-0.6911930388051042,0.7165114947125164,0.7071314428421869,0.009380051870329531
0.8710319474477133,0.8442242591524297,0.4551524036097551,-0.02680768829528357,-0.41587954383795817,-0.3890718555426746,-0.0767963196660566,-0.9259599613861496,-0.849163641720093,0.7341044741391018,0.7128345993341636,0.02126987480493825
0.9068968516521269,0.8556598905093774,0.49553384340507817,-0.05123696114274945,-0.4113630082470487,-0.36012604710429924,-0.15927633900726068,-0.9595829075226046,-0.8003065685153439,0.7732765665556258,0.732117157155429,0.0411594094001968
0.895933884412562,0.8181573665124727,0.4726763415885374,-0.07777651790008933,-0.42325754282402467,-0.34548102492393534,-0.22414979907167565,-0.9685359576499608,-0.7443861585782852,0.7448566789949662,0.7129883826807483,0.03186829631421795
0.9051262505714669,0.8659326219270107,0.46965828137021387,-0.03919362864445619,-0.435467969201253,-0.39627434055679683,-0.12352770260629065,-1.0053035601095606,-0.8817758575032699,0.7555048692568651,0.7383065666555959,0.0171983026012692
0.8905700223424315,0.8665665764466263,0.5046970046611036,-0.024003445895805275,-0.385873017681328,-0.3618695717855227,-0.07357210645528012,-0.8870955432175296,-0.8135234367622495,0.7653236827751526,0.7425653861916217,0.0227582965835309
0.892067080420881,0.8386401077465112,0.502975682575573,-0.0534269726743698,-0.389091397845308,-0.3356644251709382,-0.15724013589537922,-0.8953483103059887,-0.7381081744106095,0.7501177367620295,0.7390041770666137,0.011113559695415831
0.9006341043579627,0.8179599885990703,0.4879936257359286,-0.08267411575889239,-0.41264047862203407,-0.3299663628631417,-0.24021189357646078,-0.9534269444351373,-0.7132150508586765,0.7434009605160034,0.7276575186126376,0.01574344190336574
0.9102259072050135,0.8595277813320937,0.4780020263947204,-0.050698125872919775,-0.4322238808102931,-0.38152575493737334,-0.159758483020088,-1.0062110023716346,-0.8464525193515466,0.7595960728444787,0.7389077371100728,0.02068833573440587
0.8711863606159715,0.8302659782646694,0.4988246173838468,-0.04092038235130213,-0.37236174323212473,-0.3314413608808226,-0.11507782562606295,-0.838955654835889,-0.723877829209826,0.7449858063477408,0.7218654978285846,0.023120308519156252
0.9086739838179965,0.8383389575529864,0.4865505578515539,-0.07033502626501009,-0.4221234259664426,-0.3517883997014325,-0.21355157034830174,-0.9836949337057388,-0.770143363357437,0.7664673063838109,0.7225750264312135,0.04389227995259737
0.8591292273663758,0.8495172925150695,0.5073444852608759,-0.009611934851306292,-0.3517847421054998,-0.3421728072541935,-0.02724951045915258,-0.7866065509718172,-0.7593570405126646,0.7553398169861053,0.7219875197754425,0.033352297210662796
0.9117387289258946,0.8452826555402989,0.48549525704709373,-0.06645607338559567,-0.42624347187880085,-0.3597873984932052,-0.2052429761343535,-0.9965268982569773,-0.7912839221226238,0.7829102938190725,0.7121008005231192,0.07080949329595332
0.8824928276118571,0.8668895590183433,0.49735961972150056,-0.015603268593513797,-0.38513320789035654,-0.36952993929684275,-0.04715115626450306,-0.8762998423714292,-0.8291486861069262,0.7663633233680225,0.7314646808664449,0.03489864250157759
0.8914640230269114,0.8347913353141547,0.47729363354889787,-0.056672687712756686,-0.41417038947801355,-0.35749770176525686,-0.16571183200539918,-0.9447869536860054,-0.7790751216806062,0.7303500423666791,0.7386826188932968,-0.008332576526617674
0.9005972581531432,0.8435434166927105,0.49789735850670397,-0.057053841460432686,-0.4026998996464392,-0.3456460581860065,-0.17181676620300523,-0.9334940246042811,-0.7616772584012759,0.7722265249423295,0.7224654972927087,0.04976102764962076
0.880403127430737,0.8278782019560071,0.48940542122296926,-0.05252492547472987,-0.39099770620776775,-0.3384727807330379,-0.14937047434131,-0.8857452988082182,-0.7363748244669082,0.757154529259015,0.7079699711474605,0.04918455811155453
0.9024371773007672,0.8387244526734117,0.46962886707610735,-0.06371272462735555,-0.4328083102246599,-0.3690955855973043,-0.19117483314425465,-0.9962433965115989,-0.8050685633673442,0.7470963766952915,0.7267639546715657,0.02033242202372576
0.9161695154408234,0.8488450647408843,0.4807856959595744,-0.06732445069993909,-0.435383819481249,-0.3680593687813099,-0.21114631741985912,-1.0217525265117064,-0.8106062090918473,0.7601963390447763,0.7370038450494116,0.023192493995364716
0.8468987452805683,0.8490679458297623,0.4970069565639429,0.002169200549194006,-0.3498917887166254,-0.3520609892658194,0.0060417532053658185,-0.7727349200779716,-0.7787766732833374,0.7413900240849282,0.7205924076979207,0.0207976163870075
0.8893799602871585,0.8276960677120851,0.48463334222603105,-0.06168389257507334,-0.40474661806112744,-0.3430627254860541,-0.17798491208942835,-0.9234247575008936,-0.7454398454114652,0.7501299231932805,0.7176763236235691,0.03245359956971139
0.9057354886531279,0.8497174836631164,0.48215914027027257,-0.05601800499001153,-0.42357634838285535,-0.3675583433928438,-0.17205823922564356,-0.9823541336926291,-0.8102958944669856,0.7538692466297723,0.737872161761239,0.01599708486853324
0.8986588461661021,0.836899996651232,0.4930709180780812,-0.061758849514870096,-0.40558792808802097,-0.34382907857315087,-0.18349845267013887,-0.936696542809277,-0.7531980901391382,0.7681705702705538,0.7175826036597232,0.05058796661083065
0.9006569123071045,0.8461053754753358,0.5055194327402195,-0.05455153683176872,-0.39513747956688505,-0.34058594273511633,-0.164940288632065,-0.9184490436810391,-0.7535087550489741,0.7495117794745276,0.7520093675405789,-0.0024975880660512706
0.8790026449242989,0.8531386700568231,0.4997057261431847,-0.025863974867475825,-0.3792969187811142,-0.3534329439136384,-0.07602360652948414,-0.8608379977584424,-0.7848143912289582,0.7349380217943788,0.7529600056218255,-0.018021983827446686
0.8980534826786373,0.799898294379343,0.5025439643840358,-0.09815518829929426,-0.39550951829460146,-0.2973543299953072,-0.27758773923111146,-0.9157466574890085,-0.6381589182578971,0.7440403938243847,0.7229567671369597,0.021083626687425028
0.9046000119479519,0.8464456354687266,0.47131634202171674,-0.05815437647922528,-0.4332836699262352,-0.3751292934470099,-0.1772980333393428,-1.000188079965507,-0.8228900466261642,0.758758554279784,0.7228161053458126,0.03594244893397136
0.8645794422427218,0.8320923269412599,0.4825604915869693,-0.032487115301461866,-0.3820189506557525,-0.3495318353542906,-0.09068943754295677,-0.8519781550612773,-0.7612887175183205,0.7330522396815862,0.7197692674990477,0.013282972182538488
0.8869105195651019,0.8531267071762878,0.4922927755203553,-0.033783812388814116,-0.39461774404474664,-0.3608339316559325,-0.10065961671763679,-0.9002667236802515,-0.7996071069626147,0.7498732097137552,0.7383467917940747,0.011526417919680454
0.8954930894526881,0.8091615282842141,0.4681257580303409,-0.08633156116847407,-0.42736733142234723,-0.34103577025387316,-0.24581197719719983,-0.9762109034786286,-0.7303989262814288,0.7430238552230808,0.7054963952884143,0.03752745993466644
0.9021031050041463,0.8469188694308459,0.48532312373198805,-0.05518423557330032,-0.4167799812721582,-0.3615957456988579,-0.1675340137049881,-0.9636966694546303,-0.7961626557496422,0.7615433731160501,0.7280200256619366,0.03352334745411356
0.8788842817386139,0.8533173493193228,0.4884318763557917,-0.02556693241929109,-0.39045240538282217,-0.3648854729635311,-0.07515582701123646,-0.8830248994010379,-0.8078690723898014,0.7490531344471397,0.7313692038286791,0.01768393061846063
0.8541486951510294,0.8442742099989289,0.4760445165130227,-0.009874485152100543,-0.3781041786380067,-0.3682296934859062,-0.027597867721230962,-0.8350126752543305,-0.8074148075330996,0.7575280106565819,0.6921169371187389,0.06541107353784303
0.9067415154551914,0.8176755789765439,0.4729545578445077,-0.08906593647864758,-0.43378695761068375,-0.3447210211320362,-0.26165292563115106,-1.0042333927313452,-0.7425804671001941,0.7535045111214372,0.7114099237293913,0.04209458739204597
0.8884713894586822,0.8426209565490986,0.48959745029785423,-0.04585043290958357,-0.398873939160828,-0.3530235062512444,-0.13485932138005285,-0.910601723215374,-0.7757424018353212,0.7459561903022456,0.7345036739015108,0.011452516400734747
0.8972665874156895,0.8526955523342408,0.49238843747480915,-0.04457103508144877,-0.4048781499408804,-0.3603071148594316,-0.13526363801540242,-0.9334621155586027,-0.7981984775432003,0.7611614837281444,0.7337389010883485,0.02742258263979591
0.9050229519436866,0.8439963564986859,0.49466615513949097,-0.061026595445000775,-0.4103567968041957,-0.3493302013591949,-0.18551091698063926,-0.9548982883041424,-0.7693873713235031,0.7666586817622221,0.7291316272923533,0.037527054469868815
0.8938484509919998,0.8769106029110193,0.4965795428724004,-0.016937848080980533,-0.3972689081195994,-0.3803310600386189,-0.053203319016237316,-0.9139025652939687,-0.8606992462777314,0.7676635734048392,0.7438954911121073,0.023768082292731862
0.896768866932439,0.860827258304003,0.49189417470388547,-0.035941608628435984,-0.4048746922285535,-0.3689330836001175,-0.11041142076544208,-0.9328131774712847,-0.8224017567058426,0.7608844953660151,0.7387757045942027,0.02210879077181238
0.8821982212401759,0.8867514030851734,0.4590880934682634,0.004553181844997534,-0.4231101277719125,-0.42766330961691,0.014244707233901366,-0.9520200871120004,-0.9662647943459017,0.7423492908931925,0.7430091876358826,-0.0006598967426901803
0.8833985339667391,0.8275098591830634,0.4915284609233969,-0.05588867478367565,-0.39187007304334215,-0.3359813982596665,-0.15962760460560288,-0.8907802095757966,-0.7311526049701937,0.7734095981539485,0.6948816378948512,0.07852796025909725
0.9202379602170679,0.8446208417429135,0.49366632561933455,-0.07561711847415442,-0.4265716345977334,-0.350954516123579,-0.23771905098041834,-1.0108286393890256,-0.7731095884086072,0.7519392852835458,0.753744133102665,-0.0018048478191191597
0.8968727978720986,0.8347088223518477,0.49189552803496034,-0.06216397552025088,-0.4049772698371383,-0.3428132943168874,-0.18351787692657195,-0.9331521319295013,-0.7496342550029294,0.7477118704788194,0.7346062283604518,0.013105642118367622
0.8545817995943684,0.8291086201187149,0.4839001079760288,-0.02547317947565353,-0.37068169161833964,-0.3452085121426861,-0.06986297188772372,-0.8205165411995621,-0.7506535693118384,0.732389291477729,0.7126710603150125,0.019718231162716537
0.8946629522752269,0.8366184954439206,0.47728643003273896,-0.05804445683130621,-0.4173765222424879,-0.3593320654111817,-0.1711324855882701,-0.9551530787730389,-0.7840205931847688,0.7466897747733681,0.7256888103945562,0.021000964378811826
0.8878638989829859,0.8332376485941805,0.4771887107213792,-0.05462625038880542,-0.4106751882616067,-0.3560489378728013,-0.15839662275394772,-0.9335059793758678,-0.77510935662192,0.7580595809433708,0.7074672579223262,0.05059232302104455
0.8766729143429235,0.8542624716097003,0.4965133950704001,-0.022410442733223235,-0.3801595192725234,-0.35774907653930016,-0.06572934499046168,-0.8601083753195826,-0.7943790303291209,0.7655698642270057,0.7193959897883436,0.046173874438662055
0.8980579996015708,0.8266992920066537,0.4975913893529777,-0.07135870759491714,-0.40046661024859315,-0.329107902653676,-0.20878428997268328,-0.925666776410278,-0.7168824864375947,0.7624146882733179,0.7191510990341502,0.04326358923916773
0.8600080158827225,0.8179218725713969,0.4945817610007076,-0.04208614331132554,-0.36542625488201486,-0.3233401115706893,-0.11472420005572292,-0.8146621106962197,-0.6999379106404968,0.7452286321761367,0.7031124674604147,0.04211616471572199
0.8769454236889076,0.8365632436821694,0.4964860727405399,-0.04038218000673821,-0.3804593509483677,-0.3400771709416295,-0.11553589165194023,-0.8609921839651782,-0.745456292313238,0.7390402516367647,0.7342895751043134,0.0047506765324513145
0.8989597283517862,0.8556933320329781,0.4739882763545496,-0.04326639631880802,-0.42497145199723657,-0.38170505567842855,-0.13236631976254198,-0.9758825604508388,-0.8435162406882968,0.7503900229790862,0.7353708681804564,0.015019154798629808
0.8830667094324864,0.8350116926660187,0.5389183163484547,-0.04805501676646773,-0.3441483930840318,-0.29609337631756405,-0.13856276991397243,-0.7948876152753048,-0.6563248453613324,0.7883972219047244,0.7162672570599155,0.07212996484480894
0.9176688341461094,0.8634818049267603,0.5088621765380613,-0.05418702921934915,-0.40880665760804813,-0.354619628388699,-0.17485706486424357,-0.971021453533379,-0.7961643886691354,0.7811646684181414,0.7455105419891462,0.035654126428995125
0.9102688542135068,0.8534793865088531,0.5029796334476436,-0.05678946770465365,-0.40728922076586316,-0.3504997530612095,-0.17716223447853174,-0.9563918024489471,-0.7792295679704153,0.7660566708583287,0.7450952452550068,0.020961425603321926
0.9208454651197978,0.8424894734314575,0.5143711775462383,-0.07835599168834029,-0.4064742875735595,-0.32811829588521924,-0.24583240594290068,-0.9716608935786832,-0.7258284876357826,0.7841806665477706,0.7342900775172252,0.04989058903054544
0.892864162617306,0.8584721992709904,0.4813552164315988,-0.03439196334631556,-0.41150894618570716,-0.3771169828393916,-0.1044634110209155,-0.9411708931161611,-0.8367074820952456,0.7510626145401531,0.73739843767311,0.013664176867043132
0.8864374050690516,0.8563250124797211,0.47686216288991984,-0.030112392589330406,-0.4095752421791317,-0.3794628495898013,-0.09009059951938525,-0.9296513522347742,-0.839560752715389,0.7484221006477524,0.7313276196447094,0.017094481003043005
0.9141785315078339,0.8660215278260276,0.5023689363089174,-0.04815700368180631,-0.41180959519891647,-0.36365259151711016,-0.15485244463860637,-0.9714306367822325,-0.8165781921436261,0.7856070195320534,0.7361056442297993,0.04950137530225407
0.8958061758041715,0.8692326516740337,0.4861684264687445,-0.026573524130137804,-0.40963774933542707,-0.38306422520528927,-0.08265177759271847,-0.941109953000357,-0.8584581754076386,0.745805971120343,0.7549988648442902,-0.00919289372394727
0.9016561332294256,0.8648514102033941,0.4996644123019221,-0.03680472302603155,-0.4019917209275035,-0.36518699790147197,-0.11494893141162255,-0.9335073338606144,-0.8185584024489918,0.750704520607547,0.760076783215614,-0.009372262608067006
0.8904966254106904,0.8550116096262894,0.46404895881175934,-0.035485015784401,-0.4264476665989311,-0.3909626508145301,-0.1067234304400726,-0.9682187942803928,-0.8614953638403202,0.7305749138572841,0.7424632153752089,-0.011888301517924749
0.8626318892349383,0.8694136605391642,0.4936017805318874,0.00678177130422597,-0.36903010870305086,-0.37581188000727683,0.019911089398071624,-0.8242142417965808,-0.8441253311946524,0.7570881824430055,0.7266767044276544,0.030411478015351046
0.9001314727996514,0.8599786467858358,0.47781149854166355,-0.040152826013815646,-0.4223199742579879,-0.38216714824417225,-0.12399280683654812,-0.9721251700413536,-0.8481323632048055,0.7742684520227626,0.7176792933953381,0.05658915862742453
0.8814654243058929,0.8380409786096228,0.4767353826966558,-0.04342444569627013,-0.40473004160923715,-0.361305595912967,-0.1254024986519613,-0.9143806552883149,-0.7889781566363536,0.7370150546894118,0.7271461357187026,0.009868918970709184
0.8752681061086055,0.836840586889105,0.5247653566362408,-0.038427519219500494,-0.3505027494723647,-0.3120752302528642,-0.10969443717339367,-0.7993221408045392,-0.6896277036311456,0.7741528968816876,0.7170964695409463,0.057056427340741345
0.9080269779521547,0.8687404653752925,0.4968640363497321,-0.03928651257686222,-0.4111629416024226,-0.3718764290255604,-0.1252175827491202,-0.9608223525940143,-0.8356047698448941,0.7552146878627386,0.7605396319220477,-0.005324944059309056
0.9083623792444616,0.8687685354534332,0.46980796072234926,-0.03959384379102837,-0.43855441852211235,-0.398960574731084,-0.12629601328685336,-1.0161327784455794,-0.889836765158726,0.7655965692943075,0.7323626809858551,0.03323388830845242
0.9045585716459281,0.8126946083357482,0.5097813570732054,-0.09186396331017987,-0.39477721457272275,-0.30291325126254287,-0.2670179706825171,-0.9230842374394936,-0.6560662667569765,0.7570209609792982,0.7276687303906231,0.029352230588675088
0.9038995135283902,0.8049996507819959,0.4832731877760543,-0.09889986274639428,-0.42062632575233583,-0.32172646300594154,-0.28434890183067596,-0.9738684788408425,-0.6895195770101665,0.7411633217871888,0.7202849129371047,0.020878408850084074
0.9250558581270202,0.853608068403443,0.4879443798150748,-0.07144778972357713,-0.43711147831194536,-0.36566368858836823,-0.2306445753054276,-1.0403109800325752,-0.8096664047271476,0.7689876807678083,0.7420845234625506,0.02690315730525772
0.8624756311650159,0.8419138801946342,0.4939062278414819,-0.02056175097038171,-0.368569403323534,-0.3480076523531523,-0.05796773985075854,-0.8231514803615385,-0.76518374051078,0.7543283600703812,0.7112021327303734,0.04312622734000782
0.8959310246971235,0.858408570858551,0.46889493311740443,-0.037522453838572445,-0.42703609157971906,-0.3895136377411466,-0.11462529869323257,-0.9761023700275819,-0.8614770713343494,0.7542562703066436,0.7279000821420757,0.026356188164567862
0.8885284692776303,0.8449383728049312,0.4916576969509927,-0.04359009647269907,-0.3968707723266376,-0.3532806758539385,-0.12865769122041693,-0.9066618523731345,-0.7780041611527175,0.73591222386624,0.7475041354894628,-0.011591911623222817
0.8723435730119998,0.8713498211820547,0.4832332856118905,-0.0009937518299450998,-0.38911028740010933,-0.38811653557016423,-0.002972991927343571,-0.8736056793653104,-0.8706326874379668,0.7546296394060203,0.7299881471312764,0.024641492274743992
0.9108927431197683,0.8208007731434186,0.5376389677695789,-0.09009196997634972,-0.37325377535018944,-0.2831618053738397,-0.2679531140745297,-0.8891883083485472,-0.6212351942740175,0.7782585297197756,0.7346297929687349,0.04362873675104073
0.8890345913480111,0.8445843199042185,0.47926076157632597,-0.044450271443792655,-0.40977382977168514,-0.3653235583278925,-0.1312451727172852,-0.933076643126129,-0.8018314704088438,0.7667863289760961,0.708466786242941,0.058319542733155094
0.8840969631906367,0.8572831051599802,0.4775885202667993,-0.0268138580306565,-0.40650844292383737,-0.37969458489318086,-0.08001149700925403,-0.9208533066069604,-0.8408418095977064,0.753122584015139,0.7261898083964715,0.02693277561866747
0.8704332845951759,0.8356666510642257,0.48861542359696536,-0.03476663353095022,-0.3818178609982105,-0.3470512274672603,-0.09835337156504886,-0.8571307677412636,-0.7587773961762148,0.7563083278928923,0.7068352449446856,0.049473082948206626
0.8558791366292506,0.8566032568714432,0.4648751369695887,0.0007241202421925941,-0.3910039996596619,-0.3917281199018545,0.0020639335913559265,-0.8623058300513391,-0.864369763642695,0.7209761012972727,0.7305955856829157,-0.009619484385642973
0.9164066638156564,0.8481257668644431,0.48360779278247656,-0.06828089695121331,-0.4327988710331798,-0.3645179740819665,-0.21400871983901926,-1.0169610137682663,-0.802952293929247,0.7540602798654255,0.7446998691096254,0.009360410755800075
0.8768763322424697,0.8308854067242505,0.48877769035778734,-0.04599092551821926,-0.3880986418846824,-0.34210771636646314,-0.13057565713458086,-0.8762004769932581,-0.7456248198586772,0.730452612528414,0.7339070070212577,-0.003454394492843682
0.9177016697107087,0.8685923262516456,0.48711298462145614,-0.04910934345906304,-0.4305886850892525,-0.3814793416301895,-0.15997198990780426,-1.014643089973393,-0.8546711000655887,0.7768662162759122,0.7387384374466281,0.03812777882928409
0.8947713434854585,0.8769048286291116,0.4557863136050639,-0.017866514856346938,-0.4389850298803946,-0.4211185150240477,-0.056222757673312085,-0.9986064826161183,-0.9423837249428062,0.7549921732592323,0.7299828172205237,0.025009356038708574
0.8763218039195995,0.8359992093380959,0.47758649993524394,-0.04032259458150356,-0.3987353039843555,-0.35841270940285197,-0.11516390140210087,-0.8969099735706634,-0.7817460721685625,0.742995993648239,0.7169423484803873,0.02605364516785169
0.8814240413198222,0.8532553135634293,0.5070010028195733,-0.028168727756392897,-0.37442303850024894,-0.34625431074385604,-0.08315117011574902,-0.8537041361479465,-0.7705529660321975,0.7681094912941532,0.7263440805077299,0.04176541078642326
0.9058413660127327,0.8596756284237917,0.46914041331890927,-0.046165737588940936,-0.4367009526938234,-0.3905352151048825,-0.14415933120918822,-1.0087857042681576,-0.8646263730589694,0.7400897888204265,0.7496818163498626,-0.009592027529436109
0.8810449921751283,0.8771680751315188,0.4845123846681752,-0.0038769170436094846,-0.3965326075069531,-0.39265569046334364,-0.011892612879037756,-0.8975151168671591,-0.8856225039881214,0.7463785701530705,0.7487717311634776,-0.0023931610104070966
0.9036405878159167,0.8605334361549206,0.527573002707469,-0.0431071516609961,-0.37606758510844773,-0.33296043344745163,-0.1341897331398969,-0.8843566237802181,-0.7501668906403212,0.7662492867161106,0.7615820644027604,0.00466722231335015
0.8866646317242178,0.8703562229014056,0.4699438228148353,-0.01630840882281226,-0.4167208089093825,-0.40041240008657025,-0.04994542399780011,-0.9442242470722388,-0.8942788230744387,0.7538661790046584,0.7307769392889808,0.023089239715677556
0.8871388430934174,0.8768438964562292,0.4942733451145371,-0.010294946637188218,-0.3928654979788803,-0.3825705513416921,-0.03191765984138906,-0.8970264831437986,-0.8651088233024096,0.7740223604100926,0.7314816960326966,0.04254066437739601
0.904911274779551,0.830203394104458,0.49588908715798324,-0.07470788067509304,-0.4090221876215678,-0.33431430694647474,-0.22248922357291834,-0.9520715022003499,-0.7295822786274315,0.7646629616244913,0.7226728757368367,0.04199008588765463
0.9118812972173347,0.8200695983638298,0.4895492826726798,-0.09181169885350493,-0.4223320145446549,-0.33052031569115,-0.2733366658971197,-0.9889190593213162,-0.7155823934241965,0.7522316863469241,0.728768432488972,0.023463253857952004
0.8963960659186427,0.8737673936882309,0.5037071803714155,-0.022628672230411873,-0.39268888554722725,-0.3700602133168154,-0.0710336630219306,-0.9079620959183912,-0.8369284328964606,0.7651141422041275,0.7507996177813984,0.01431452442272918
0.9055155781128157,0.8727592862378474,0.49130154534602005,-0.03275629187496831,-0.41421403276679564,-0.3814577408918273,-0.10460004512902099,-0.9633104058819664,-0.8587103607529454,0.7663705470375223,0.7466803927602665,0.019690154277255734
0.8981820909942516,0.80057659386693,0.4664929991180953,-0.09760549712732158,-0.43168909187615634,-0.33408359474883476,-0.27631639502095595,-0.988324031030835,-0.712007636009879,0.7482978614140036,0.6952032612388476,0.05309460017515599
0.9219696492257351,0.8465218525295597,0.4885701025702461,-0.0754477966961754,-0.433399546655489,-0.3579517499593136,-0.23888213074637044,-1.0274465645278867,-0.7885644337815163,0.7586505937759146,0.7460571424411128,0.01259345133480183
0.8924603243125756,0.8478838608115656,0.4925716192675142,-0.044576463501009966,-0.3998887050450614,-0.35531224154405144,-0.13307984600877498,-0.917425355226839,-0.784345509218064,0.7509000394814298,0.7377104967796738,0.013189542701755985
0.8996090877096047,0.8801840240995498,0.4626010000965439,-0.019425063610054916,-0.43700808761306076,-0.41758302400300584,-0.062113708955394475,-1.0008612285395613,-0.9387475195841668,0.7646543799325781,0.730275028004554,0.034379351928024104
0.8903848264800648,0.8436464490320652,0.49451253265216877,-0.04673837744799958,-0.395872293827896,-0.34913391637989644,-0.13814106052772424,-0.9068718275223298,-0.7687307669946055,0.7706181684877486,0.7150777036217841,0.05554046486596442
0.8776803525876095,0.8597287191881618,0.48208205569447193,-0.01795163339944761,-0.3955982968931375,-0.3776466634936899,-0.05318356269616675,-0.8920479432588748,-0.8388643805627081,0.7654767925449051,0.7141839591019239,0.05129283344298119
0.8669892468411172,0.8310222078566004,0.4765749726114009,-0.03596703898451681,-0.3904142742297163,-0.3544472352451995,-0.10061809059871996,-0.8710286215548604,-0.7704105309561404,0.7210685812440575,0.7286557036286885,-0.007587122384630995
0.866983234431176,0.8614179042483603,0.5106535340066741,-0.0055653301828156865,-0.35632970042450185,-0.35076437024168616,-0.016246344539221358,-0.8028350256051258,-0.7865886810659044,0.7625623715546676,0.7301407435694728,0.03242162798519477
0.8926904816185679,0.8447761210546881,0.49074175862181263,-0.047914360563879765,-0.40194872299675527,-0.3540343624328755,-0.14244070184060265,-0.92182886484931,-0.7793881630087074,0.7684675656034972,0.7170046752598822,0.05146289034361495
0.8746688788414059,0.8629217864854616,0.45895052142623854,-0.011747092355944289,-0.41571835741516733,-0.40397126505922304,-0.03480145471581064,-0.9292528959973083,-0.8944514412814977,0.7486620761697058,0.7156987149990315,0.03296336117067433
0.9052806283477225,0.804248188712542,0.4988137966465674,-0.1010324396351805,-0.4064668317011551,-0.3054343920659746,-0.2909454004878662,-0.9474822315144902,-0.656536831026624,0.7411952311611556,0.7310331779767323,0.010162053184423314
0.8756805248509647,0.8366607043680473,0.4964847403897251,-0.03901982048291741,-0.3791957844612396,-0.34017596397832217,-0.11143021317895307,-0.8571527774892225,-0.7457225643102694,0.7537705602014971,0.7187800862043279,0.03499047399716926
0.8979939957524778,0.8661753945432599,0.5020108011480872,-0.03181860120921798,-0.3959831946043907,-0.3641645933951727,-0.09887012786312832,-0.9166164201639813,-0.8177462923008529,0.7672439556094881,0.7435428386863951,0.023701116923092957
0.9006366312216315,0.8236346399385892,0.5024735244699325,-0.0770019912830423,-0.39816310675169897,-0.32116111546865667,-0.22542376397764397,-0.9244732653001371,-0.6990495013224931,0.7730834895538911,0.7114130408662108,0.061670448687680235
0.8823241410225307,0.8734829309474941,0.4505097516391108,-0.008841210075036576,-0.43181438938341987,-0.4229731793083833,-0.02700864156561833,-0.9696382215902422,-0.9426295800246238,0.7495250516254813,0.7213528307806089,0.028172220844872475
0.911373272096438,0.8317227897639238,0.4782080705042581,-0.07965048233251426,-0.4331652015921799,-0.35351471925966566,-0.2408118265588386,-1.0098239165841603,-0.7690120900253217,0.7527371000042415,0.7281323215721718,0.024604778432069763
0.9050398200718639,0.8543095894939515,0.4918675017380192,-0.05073023057791237,-0.4131723183338447,-0.36244208775593234,-0.15674862218164654,-0.9605536467131148,-0.8038050245314683,0.7544369536525907,0.7463743205499658,0.008062633102624894
0.9118187091415961,0.880018125338956,0.5303089989734803,-0.03180058380264017,-0.38150971016811586,-0.3497091263654757,-0.1044264496191678,-0.9071401599679423,-0.8027137103487745,0.7882651999380025,0.7598320223646856,0.02843317757331687
0.8855170571539293,0.8590311037403697,0.4691521920125742,-0.026485953413559526,-0.41636486514135507,-0.38987891172779554,-0.07944946212313386,-0.9421983202277686,-0.8627488581046348,0.7491011992432892,0.7266990360279597,0.022402163215329507
0.9093859988772355,0.8415225790904252,0.46244592968940035,-0.06786341978681032,-0.44694006918783513,-0.3790766494010248,-0.20734495969321154,-1.0344477484120185,-0.8271027887188069,0.757363975131768,0.7182056966396062,0.0391582784921618
0.8725607291591762,0.8236209874378628,0.4844091043399794,-0.04893974172131332,-0.38815162481919674,-0.3392118830978834,-0.1367561885074644,-0.8719037850102205,-0.7351475965027561,0.7488661623572285,0.7048610516007837,0.044005110756444754
0.895680468618728,0.8399109923744718,0.47599399936898457,-0.05576947624425621,-0.4196864692497434,-0.3639169930054872,-0.1655120481067014,-0.9610623881403804,-0.795550340033679,0.7398966324986874,0.7344936744094356,0.005402958089251841
0.8590889220321845,0.8833840566973122,0.4942466288879813,0.024295134665127782,-0.36484229314420313,-0.3891374278093309,0.07261101405824189,-0.8126871957188178,-0.8852982097770596,0.7575961431120973,0.7335502619662214,0.024045881145875914
0.8881317900791044,0.8279926406763397,0.5271165623906677,-0.06013914940276466,-0.36101522768843664,-0.300876078285672,-0.17322973117374918,-0.8344572666671173,-0.6612275354933681,0.7552380063668511,0.74025598906389,0.014982017302961115
0.901075126091777,0.8167775172184761,0.5264358776317098,-0.08429760887330084,-0.37463924846006713,-0.2903416395867663,-0.2447481042579569,-0.8779911632966944,-0.6332430590387375,0.75371469776869,0.7424776495259519,0.01123704824273819
0.8847417715890122,0.8319744462089089,0.5041118698356784,-0.052767325380103314,-0.3806299017533339,-0.3278625763732306,-0.15194481080036804,-0.8698082763979955,-0.7178634655976275,0.7479715589275063,0.7325804994948932,0.015391059432613097
0.9111836894180406,0.8610970999633663,0.4905411102546896,-0.05008658945467437,-0.420642579163351,-0.37055598970867665,-0.15859018739659136,-0.984478412224082,-0.8258882248274906,0.7633739627110381,0.7451739703796927,0.018199992331345394
0.8931404176327038,0.8639183171431482,0.48533223390919406,-0.029222100489555647,-0.40780818372350974,-0.3785860832339541,-0.08960448429820422,-0.9341061302403206,-0.8445016459421164,0.7632231329118224,0.731704179544875,0.03151895336694743
0.9156039698158557,0.8283429038262474,0.4857640865256396,-0.08726106598960826,-0.42983988329021605,-0.3425788173006078,-0.264861088471259,-1.0097525468613109,-0.7448914583900519,0.7557312502166379,0.7307427232285237,0.024988526988114157
0.8920964498701754,0.8363992917968718,0.5145990952842698,-0.055697158073303665,-0.3774973545859056,-0.32180019651260194,-0.16340929316447106,-0.8721920252291868,-0.7087827320647158,0.7663777676880819,0.7290187902794629,0.03735897740861893
0.8880225616645026,0.8432148413227492,0.5088034417758796,-0.0448077203417534,-0.379219119888623,-0.3344113995468696,-0.1318026540072763,-0.8707627603979622,-0.7389601063906859,0.7449480102820268,0.7484125528933939,-0.003464542611367083
0.9203064711794536,0.8474503008877569,0.49890744182899993,-0.07285617029169678,-0.4213990293504537,-0.3485428590587569,-0.23013221311822196,-1.0005989980095773,-0.7704667848913553,0.757554903191235,0.753554572739572,0.004000330451662926
0.9068129013614309,0.8405325552808088,0.49439184989128754,-0.06628034608062205,-0.41242105147014335,-0.3461407053895213,-0.20114534630314695,-0.9615781603698417,-0.7604328140666947,0.7495935178147044,0.744898019874314,0.00469549794039037
0.9048810154107327,0.8629332629177945,0.48028348939803406,-0.04194775249293825,-0.4245975260126987,-0.3826497735197604,-0.1314530911180305,-0.9831896835786664,-0.8517365924606359,0.7612137716694831,0.7375180734815578,0.023695698187925274
0.9045678629199486,0.8298160637130427,0.4922021362556814,-0.07475179920690589,-0.41236572666426724,-0.33761392745736135,-0.22235062653370896,-0.9582761819739005,-0.7359255554401916,0.752106529525939,0.7322841790665093,0.019822350459429705
0.8935252935179979,0.8371525007830567,0.49832643410305355,-0.056372792734941224,-0.39519885941494437,-0.33882606668000315,-0.1659900522005966,-0.9093603328931819,-0.7433702806925853,0.7576678728146492,0.7283349461214229,0.02933292669322629
0.8990501780525543,0.8378537187008189,0.5118387883964951,-0.061196459351735344,-0.38721138965605917,-0.3260149303043238,-0.18221184688966208,-0.9004560044854719,-0.7182441575958098,0.7779614398522089,0.7212003502477032,0.056761089604505655
0.9020342091360077,0.8082001569087088,0.5050744219075698,-0.0938340522272989,-0.39695978722843794,-0.30312573500113904,-0.2699438412928945,-0.9239578823120711,-0.6540140410191766,0.7627951707441979,0.7140773545573263,0.04871781618687154
0.8917262017224278,0.8625008348102676,0.49025710181533694,-0.029225366912160156,-0.40146909990709084,-0.3722437329949307,-0.08916509240537174,-0.9196889405255559,-0.8305238481201842,0.7578564682299593,0.7384662906687288,0.019390177561230515
0.8917869089321525,0.8563246811789272,0.4818305667263212,-0.03546222775322527,-0.4099563422058313,-0.37449411445260605,-0.10712970516848275,-0.9367441760862001,-0.8296144709177173,0.758392865896376,0.7282352386618914,0.030157627234484563
0.8961828338607422,0.8451356541802441,0.4938876106565912,-0.0510471796804981,-0.40229522320415095,-0.35124804352365285,-0.1528131848346055,-0.9269022217804366,-0.7740890369458311,0.7373120635464344,0.7528253355852841,-0.015513272038849668
0.8832745450679625,0.8220707584152159,0.49347852487983146,-0.06120378665274662,-0.3897960201881311,-0.32859223353538447,-0.17354967061797621,-0.8864934051667428,-0.7129437345487666,0.7477180778307949,0.7181644744112117,0.02955360341958324
0.8979449092914904,0.8334100916236385,0.5188095964181334,-0.06453481766785185,-0.379135312873357,-0.31460049520550515,-0.19054222573975999,-0.8828477934205337,-0.6923055676807737,0.7557117396406356,0.7443979919148725,0.011313747725763101
0.8789049297530117,0.8252547873408062,0.49563034306767534,-0.05365014241220556,-0.38327458668533637,-0.3296244442731308,-0.1516946962852801,-0.8686893016321717,-0.7169946053468916,0.7673667042578629,0.6991600025164659,0.06820670174139698
0.8750144963174874,0.85878420997352,0.4990656930010354,-0.016230286343967393,-0.375948803316452,-0.3597185169724846,-0.04780110395885728,-0.8499745279002036,-0.8021734239413463,0.7580911360780475,0.7304851301166478,0.027606005961399616
0.9220940322616439,0.8339285265905553,0.5469091435441212,-0.0881655056710886,-0.37518488871752265,-0.28701938304643404,-0.27372281347480065,-0.9110922192940454,-0.6373694058192447,0.7845036526282899,0.7507841489692572,0.03371950365903276
0.8739689271280007,0.8360112893991729,0.5154088256920714,-0.037957637728827764,-0.3585601014359293,-0.32060246370710155,-0.10801322353698328,-0.8141273623763119,-0.7061141388393286,0.7500876884849167,0.7335050063279132,0.016582682157003537
0.8656045505311982,0.8581887210101995,0.5100591979644895,-0.007415829520998729,-0.3555453525667087,-0.34812952304571,-0.021496412292713263,-0.7999729944183449,-0.7784765821256316,0.7431673930345477,0.7460675866360438,-0.0029001936014960705
0.9097776956827802,0.8496615478729425,0.47816987553750534,-0.06011614780983776,-0.4316078201452749,-0.3714916723354371,-0.18618457546156186,-1.0043087881193138,-0.8181242126577519,0.7503581163597849,0.7413812963690337,0.008976819990751173
0.9083432797078983,0.8510569470104571,0.46907306174241703,-0.05728633269744121,-0.43927021796548127,-0.38198388526804006,-0.17728389578889248,-1.0175391328417913,-0.8402552370528988,0.7614890874556764,0.724159771518172,0.03732931593750444
0.9136230023878369,0.820293767766673,0.5102645636340708,-0.09332923462116394,-0.4033584387537661,-0.31002920413260215,-0.278924946722511,-0.9536575335078943,-0.6747325867853833,0.7647170432305261,0.7314038459618608,0.03331319726866533
0.906084550764091,0.8382336528459915,0.45872925456981445,-0.0678508979180995,-0.44735529619427655,-0.37950439827617705,-0.20490521970975806,-1.0304959525135307,-0.8255907328037726,0.7518149366825452,0.7168833687707195,0.03493156791182572
0.880941212241062,0.8418138259917505,0.4759908025794716,-0.03912738624931156,-0.40495040966159046,-0.3658230234122789,-0.1134927465189346,-0.9142512883754343,-0.8007585418564998,0.7360209717486059,0.7298095887929167,0.0062113829556892375
0.9219332615474972,0.8376165558317513,0.5064067085564972,-0.0843167057157459,-0.41552655299100005,-0.33120984727525415,-0.26316843343380336,-0.9916353610484325,-0.7284669276146292,0.7544356160098996,0.7562020679472643,-0.001766451937364688
0.9071794100775384,0.8081602599530923,0.48025510833299245,-0.09901915012444618,-0.426924301744546,-0.3279051516200998,-0.28756181468201847,-0.9911235977548207,-0.7035617830728023,0.7601206538584832,0.7036091983839324,0.05651145547455072
0.8944018499407214,0.8342379872837136,0.4767313260174967,-0.060163862657007794,-0.4176705239232247,-0.3575066612662169,-0.17670249217457457,-0.9554143952070926,-0.778711903032518,0.7434662990475641,0.7267811431137239,0.016685155933840234
0.8931262215999323,0.8269163605562558,0.48226092931648157,-0.06620986104367643,-0.4108652922834507,-0.34465543123977427,-0.19208156391071451,-0.940206026935096,-0.7481244630243815,0.752052795091273,0.7161495458905068,0.03590324920076615
0.89417040777115,0.8218262129673976,0.4482020554103708,-0.07234419480375243,-0.4459683523607792,-0.37362415755702677,-0.20884633088059656,-1.011889594796013,-0.8030432639154164,0.7381375833526356,0.7046615340799766,0.033476049272659014
0.9073467131542785,0.8514654392642974,0.4834480557666169,-0.0558812738899811,-0.4238986573876616,-0.3680173834976805,-0.17269047729673304,-0.9853102622724947,-0.8126197849757617,0.7471525191903157,0.7476876195998127,-0.0005351004094970024
0.8901258212047138,0.8199239382658874,0.5071650334300422,-0.07020188293882645,-0.3829607877746717,-0.31275890483584523,-0.20076774322786095,-0.8807374870345257,-0.6799697438066648,0.7637113947693561,0.7144318004977395,0.049279594271616656
0.9111245800036255,0.8681983877297378,0.48127272992479814,-0.04292619227388772,-0.42985185007882737,-0.38692565780493965,-0.1376228293146271,-1.002815056458744,-0.8651922271441168,0.7637067026730702,0.7433570957657042,0.02034960690736598
0.8511733150374011,0.859568844560453,0.4873689350803492,0.008395529523051892,-0.36380437995705195,-0.37219990948010384,0.023871798383039433,-0.803953568377149,-0.8278253667601885,0.7424195688911702,0.7229878275609656,0.019431741330204644
0.8904902179934276,0.8532416328256329,0.4952000168231115,-0.03724858516779472,-0.39529020117031616,-0.35804161600252143,-0.11171732660383071,-0.9058342080044184,-0.7941168814005877,0.772673490248081,0.7199477548467003,0.0527257354013807
0.8817211578418113,0.8374720133400275,0.480042364337083,-0.044249144501783744,-0.40167879350472824,-0.3574296490029445,-0.12773730022947172,-0.9085520196803556,-0.7808147194508839,0.7376247507877205,0.728532272891561,0.009092477896159523
0.9212284317936261,0.8243596151188592,0.5042382689359814,-0.09686881667476688,-0.4169901628576447,-0.3201213461828778,-0.295927001324769,-0.993350641630385,-0.697423640305616,0.773339508510843,0.7265447020548016,0.04679480645604139
0.9150281894297947,0.8620989444330802,0.4686150664055149,-0.052929244996714475,-0.44641312302427977,-0.3934838780275653,-0.1693382568209394,-1.0420199321273225,-0.8726816753063831,0.7687134486040667,0.7284480182415265,0.040265430362540156
0.9078845375108091,0.8500948532870863,0.4921893475207644,-0.05778968422372277,-0.41569518999004473,-0.35790550576632196,-0.1783944877994852,-0.9696796017043579,-0.7912851139048727,0.7443877181923503,0.7557247740200896,-0.011337055827739362
0.8899742066082679,0.8678016064695785,0.47056379204448934,-0.02217260013868938,-0.41941041456377853,-0.39723781442508915,-0.06802666843896432,-0.9534898627473194,-0.8854631943083551,0.754873805914569,0.730685930833655,0.024187875080914023
0.904487185668071,0.8765121628542305,0.45664884203167977,-0.027975022813840456,-0.4478383436363912,-0.41986332082255073,-0.08975892459646406,-1.0292165978688117,-0.9394576732723476,0.7611716887989586,0.7305937715703623,0.030577917228596263
0.8814548134279527,0.8441341717252964,0.49634926087355397,-0.037320641702656365,-0.38510555255439877,-0.3477849108517424,-0.10870243757394471,-0.8751033323872934,-0.7664008948133487,0.7717603930982059,0.7095317709196628,0.06222862217854308
0.8874222464813768,0.8413094568582848,0.4701647817830969,-0.046112789623091954,-0.4172574646982799,-0.37114467507518795,-0.13512864712016492,-0.9461749649092381,-0.8110463177890732,0.7236062695435657,0.7423247205382733,-0.01871845099470759
0.882986173308835,0.860313228922307,0.4773826434977325,-0.022672944386528004,-0.4056035298111025,-0.3829305854245745,-0.06784701832467732,-0.9178026248621411,-0.8499556065374638,0.7303299759047668,0.7501247212478162,-0.01979474534304937
0.9116055973144768,0.8531114384107327,0.5184505482918728,-0.0584941589037441,-0.393155049022604,-0.3346608901188599,-0.18289527668121153,-0.9301347141572596,-0.747239437476048,0.7791098726840937,0.7430018499939612,0.03610802269013247
0.8901698848586301,0.8509386330431493,0.4861168599375839,-0.039231251815480817,-0.4040530249210462,-0.3648217731055654,-0.11717936214657776,-0.9229788046482685,-0.8057994425016908,0.7561814704378271,0.7286354481217483,0.027546022316078833
0.8941033637708923,0.8792972061336826,0.4597690945571593,-0.014806157637209716,-0.43433426921373297,-0.41952811157652325,-0.046736447800574954,-0.9884384748248138,-0.9417020270242389,0.7558040869449837,0.7329756893628392,0.0228283975821445
0.8892950652207594,0.8431071371904204,0.48613558853554023,-0.046187928030339,-0.4031594766852192,-0.3569715486548802,-0.13614426497149168,-0.9201483661444729,-0.7840041011729812,0.7533384375226272,0.7256867564418531,0.027651681080774093
0.9120937685270513,0.8625190777787685,0.497803352992058,-0.0495746907482828,-0.41429041553499324,-0.36471572478671044,-0.15767626084730857,-0.9731593632586837,-0.8154831024113751,0.7796199579478832,0.7353241749173687,0.04429578303051451
0.9048118637909942,0.8655301967605639,0.50041004261389,-0.039281667030430345,-0.4044018211771042,-0.36512015414667387,-0.12363599077322451,-0.9426906814462477,-0.8190546906730232,0.7574528820691093,0.7563818533745229,0.0010710286945864178
0.872471462848568,0.85110093161243,0.49280491578691243,-0.02137053123613808,-0.3796665470616556,-0.3582960158255175,-0.061963884892282106,-0.8548399499025283,-0.7928760650102462,0.7542431659127639,0.7233417075858432,0.030901458326920705
0.902203272848167,0.8560167982144176,0.49914863976791946,-0.046186474633749475,-0.4030546330802476,-0.3568681584464981,-0.14228560969744564,-0.9363785647134188,-0.7940929550159732,0.7636834663922337,0.7412290074947689,0.02245445889746478
0.9013452170599083,0.8631644171350819,0.4856742247528202,-0.03818079992482648,-0.41567099230708815,-0.37749019238226167,-0.11882707159992778,-0.9604482473631037,-0.841621175763176,0.7546552943685566,0.7454672782633172,0.00918801610523945
0.8802963164334137,0.8596846657330792,0.49571390193946485,-0.02061165070033444,-0.3845824144939488,-0.36397076379361437,-0.06133148401893029,-0.8727977537088394,-0.8114662696899091,0.7716467793145301,0.7188164767561085,0.05283030255842158
0.8877731379881014,0.8666646127090752,0.49229636233142515,-0.02110852527902618,-0.39547677565667627,-0.3743682503776501,-0.06437403257460472,-0.902987852482861,-0.8386138199082562,0.7805950174834236,0.7172277245356442,0.06336729294777943
0.910849945423819,0.8371391823159702,0.5003971675650628,-0.07371076310784885,-0.4104527778587562,-0.33674201475090737,-0.22440024633485356,-0.9635929830963734,-0.7391927367615199,0.7595959547142064,0.7393282421556949,0.020267712558511453
0.8805899876668608,0.8563339467534343,0.5057340845906008,-0.02425604091342648,-0.37485590307626004,-0.35059986216283356,-0.07183659092989725,-0.8536621883580269,-0.7818255974281296,0.7682723451409382,0.7268330008663256,0.0414393442746126
0.9107463380079645,0.8703656681236487,0.5112026839179489,-0.04038066988431577,-0.3995436540900156,-0.3591629842056998,-0.12986550224991156,-0.9416165851541967,-0.8117510829042851,0.7754052383107476,0.7528045550556272,0.022600683255120435
0.8757898619721982,0.8324440365315807,0.4799712936269074,-0.04334582544061749,-0.39581856834529083,-0.35247274290467334,-0.12310968075032536,-0.8905217752176244,-0.7674120944672991,0.7460361854830316,0.7127672759374262,0.03326890954560546
0.9031750767738375,0.8340271797118595,0.5076609684576284,-0.06914789706197799,-0.39551410831620903,-0.32636621125423104,-0.2063637636909852,-0.9226322224584178,-0.7162684587674326,0.7700922851096953,0.7264831981858549,0.04360908692384036
0.8527681940492644,0.8540412095412575,0.4809498398833293,0.0012730154919931014,-0.3718183541659351,-0.3730913696579282,0.0035991263157835185,-0.8212892952661537,-0.8248884215819372,0.7353340567879972,0.7231721055279038,0.012161951260093451
0.8942956951198954,0.860444527936094,0.4854097805619982,-0.03385116718380132,-0.4088859145578972,-0.37503474737409587,-0.10343061129129127,-0.9376994729623149,-0.8342688616710237,0.7557105040337648,0.7377228317115604,0.01798767232220444
0.9020219153156602,0.864690443170214,0.48156622919508674,-0.03733147214544619,-0.4204556861205735,-0.3831242139751273,-0.11664902633184848,-0.9709414440947628,-0.8542924177629143,0.7605247737710898,0.7383276180162174,0.022197155754872466
0.9076999008463615,0.8159198846540843,0.48107347305259945,-0.09178001619227727,-0.4266264277937621,-0.3348464116014848,-0.26949497010589063,-0.9912815839615132,-0.7217866138556226,0.7487043572846968,0.7210911484173335,0.027613208867363292
0.8692470752766795,0.8159712232744891,0.499344045690291,-0.05327585200219043,-0.36990302958638854,-0.3166271775841981,-0.14677728996786366,-0.83214619043173,-0.6853689004638663,0.7271232354664484,0.7292516606945246,-0.002128425228076214
0.8951905033981122,0.8203047681032631,0.4712742476861505,-0.0748857352948491,-0.42391625571196173,-0.34903052041711263,-0.2161388750182578,-0.9689138391226673,-0.7527749641044095,0.7568842508835375,0.7009620952414796,0.055922155642057936
0.9177366151199238,0.8132068849116717,0.5009569252895806,-0.10452973020825207,-0.4167796898303432,-0.3122499596220911,-0.3120494513862817,-0.9870795233378864,-0.6750300719516047,0.7673351969962465,0.7205984198845375,0.04673677711170898
0.9125826824977428,0.8312799207425952,0.496735522000305,-0.08130276175514761,-0.41584716049743775,-0.33454439874229014,-0.24626362025941795,-0.9770238775107767,-0.7307602572513587,0.7699255533906016,0.7238065301031605,0.04611902328744111
0.9039458333243179,0.8757156168013874,0.493790203865773,-0.02823021652293045,-0.4101556294585449,-0.38192541293561444,-0.0903372253545629,-0.9529857004698787,-0.8626484751153158,0.7682353775899234,0.7473990584043954,0.020836319185528085
0.9055901083113771,0.8580862268048444,0.49493531383912254,-0.04750388150653273,-0.41065479447225456,-0.36315091296572183,-0.14786488749460558,-0.9562970122989363,-0.8084321248043307,0.7533345928232373,0.7524065064803251,0.0009280863429121933
0.8829582347978269,0.8631533604705062,0.4668201532715686,-0.0198048743273207,-0.41613808152625825,-0.39633320719893755,-0.05953202583101058,-0.9388740520624446,-0.879342026231434,0.742845651633648,0.7324421807262861,0.010403470907361934
0.8699760715983226,0.8593079413760265,0.47295025589301415,-0.010668130222296068,-0.3970258157053084,-0.38635768548301236,-0.031189312772335054,-0.8871251222518548,-0.8559358094795197,0.7634765268028527,0.704679652442056,0.058796874360796725
0.8988310548837064,0.8417633103615489,0.5062405330314814,-0.05706774452215746,-0.392590521852225,-0.3355227773300675,-0.17082554143712692,-0.9109274038824318,-0.7401018624453048,0.7677833543988895,0.7301065777856017,0.03767677661328772
0.9025235668587502,0.8513039656493891,0.48243052630279515,-0.05121960120936109,-0.4200930405559551,-0.368873439346594,-0.15669902073328146,-0.9709011018727374,-0.8142020811394559,0.7655964156360524,0.7252422902379038,0.040354125398148644
0.8929715475380007,0.849573508350451,0.4954805510410598,-0.0433980391875497,-0.39749099649694086,-0.35409295730939117,-0.13001617886970473,-0.9132589790464658,-0.7832428001767611,0.751575524010199,0.7404415472761416,0.01113397673405736
0.8973030170427053,0.8446875584936913,0.46888694837491574,-0.05261545854901406,-0.4284160686677896,-0.3758006101187755,-0.15773231777037422,-0.9806247308496829,-0.8228924130793087,0.7558095947796264,0.7181087544945818,0.03770084028504461
0.9025810583518232,0.8290817061230403,0.4826559423987674,-0.0734993522287829,-0.4199251159530558,-0.3464257637242729,-0.21757205665095336,-0.9706438517178737,-0.7530717950669203,0.7522798108857202,0.7239326603633671,0.028347150522353037
0.8756807949173594,0.8218628048542586,0.49516216768524285,-0.05381799006310084,-0.38051862723211655,-0.3267006371690157,-0.15076621600584428,-0.8597988344739464,-0.7090326184681022,0.7616809538258651,0.7001228911453755,0.06155806268048958
0.8902837043200966,0.8467605208617082,0.4860710691497577,-0.04352318345838846,-0.40421263517033895,-0.3606894517119505,-0.1292080508654827,-0.9234345194486002,-0.7942264685831175,0.7512578222810026,0.7308190406067056,0.020438781674297024
0.8899107327323491,0.84515434045673,0.5021130161716483,-0.04475639227561912,-0.38779771656070083,-0.3430413242850817,-0.1324649618862943,-0.8901545235928934,-0.7576895617065991,0.7696037554986404,0.7218483040751779,0.04775545142346249
0.8808388482760959,0.8672645223380713,0.4908139762622543,-0.013574325938024656,-0.3900248720138416,-0.37645054607581696,-0.040926016320211644,-0.8842714840412189,-0.8433454677210073,0.7570860893272859,0.735525475256995,0.021560614070290973
0.881920179721171,0.840090262161814,0.4756534986478168,-0.041829917559356944,-0.4062666810733542,-0.36443676351399723,-0.1212337784727624,-0.9179549166674028,-0.7967211381946404,0.7733986926397756,0.6917106010474257,0.08168809159234991
0.8848959296426165,0.8350145508320931,0.4767472853197891,-0.04988137881052346,-0.40814864432282744,-0.358267265512304,-0.1442670092840217,-0.9250372079291427,-0.780770198645121,0.7515931000137357,0.71284541051593,0.038747689497805715
0.9127132094552295,0.8701835145069309,0.4984188755564869,-0.04252969494829861,-0.4142943338987426,-0.371764638950444,-0.13734095890664344,-0.9741194166675984,-0.8367784577609549,0.7716388007270729,0.7492382656186918,0.022400535108381137
0.8946792393540403,0.8466902152358164,0.48782893715220704,-0.04798902411822381,-0.4068503022018332,-0.3588612780836094,-0.1435935109982296,-0.9341078868864905,-0.7905143758882609,0.7467140146991026,0.7394182464622734,0.007295768236829203
0.8810023526539088,0.816969930500505,0.5113931688565176,-0.06403242215340377,-0.36960918379739116,-0.3055767616439874,-0.17976626394174922,-0.84361492002091,-0.6638486560791608,0.7580494555855575,0.7148608457550635,0.043188609830493996
0.9010011933575486,0.8562794044165752,0.475679274742535,-0.04472178894097334,-0.42532191861501356,-0.3806001296740402,-0.13750146516664774,-0.9793006456086064,-0.8417991804419587,0.7589349915424749,0.7297049234686313,0.02923006807384365
0.8701206189030595,0.8333797913319706,0.46197062702713176,-0.036740827571088874,-0.4081499918759277,-0.37140916430483883,-0.10357676700271146,-0.9095613600344941,-0.8059845930317826,0.7568097900865812,0.6868375680881933,0.06997222199838793
0.9227358259676405,0.8458829837279607,0.49140592429178637,-0.07685284223967981,-0.4313299016758541,-0.3544770594361743,-0.24351603715281778,-1.0246367581346634,-0.7811207209818456,0.7669936109746184,0.7396895450169731,0.02730406595764523
0.8814805124389551,0.8697921485250181,0.4978917443536814,-0.011688363913937017,-0.3835887680852737,-0.3719004041713367,-0.03542877346913009,-0.872097818108847,-0.8366690446397169,0.7735030545702144,0.725939882308222,0.04756317226199236
0.9071261662842681,0.8683621755221688,0.4806834355830349,-0.038763990762099354,-0.42644273070123323,-0.3876787399391339,-0.12322684490129499,-0.9900828276925795,-0.8668559827912845,0.7667973209437515,0.7373171973158965,0.029480123627855015
0.9045488776697701,0.8065453456516861,0.5066477650245279,-0.09800353201808398,-0.3979011126452422,-0.2998975806271582,-0.2826483225037575,-0.9293192860402404,-0.6466709635364829,0.7282945581013941,0.7502001007959289,-0.02190554269453482
0.8907218468198789,0.8459628842310346,0.48699420580177527,-0.044758962588844264,-0.4037276410181036,-0.35896867842925934,-0.13282313804375034,-0.9229907008899645,-0.7901675628462141,0.7677092597852727,0.7147433647831865,0.05296589500208626
0.893145340334528,0.8608626668543639,0.5017337995474812,-0.032282673480164115,-0.39141154078704676,-0.35912886730688265,-0.09849062271223774,-0.9013147174267793,-0.8028240947145415,0.76282459378947,0.741003277368112,0.021821316421357984
0.8873189811293481,0.8584196015115333,0.4729431890222584,-0.028899379617814858,-0.41437579210708975,-0.3854764124892749,-0.08688403499214958,-0.9402824832232997,-0.8533984482311501,0.7513237649170564,0.7277974161917034,0.023526348725353086
0.8862430663271627,0.8293305620191861,0.5027537641703823,-0.056912504307976564,-0.38348930215678034,-0.3265767978488038,-0.1637088656381791,-0.8772393017170805,-0.7135304360789014,0.7579385791232942,0.7209463492211932,0.03699222990210105
0.9371371948089813,0.8407692842690432,0.4766002106864604,-0.0963679105399381,-0.46053698412252086,-0.36416907358258277,-0.31407594929823723,-1.110755705111847,-0.7966797558136098,0.7553865593822271,0.7476179004607629,0.007768658921464167
0.9028147961171008,0.8634294359329023,0.49966041471669587,-0.03938536018419847,-0.40315438140040494,-0.36376902121620647,-0.1230002955008338,-0.9374166193541842,-0.8144163238533504,0.7719019718425666,0.7387011260018993,0.03320084584066729
0.91201001384121,0.8372740688057777,0.4714814320848653,-0.07473594503543235,-0.44052858175634474,-0.3657926367209124,-0.22811788871226346,-1.0255384384909039,-0.7974205497786404,0.7444805644055836,0.7360297787489851,0.008450785656598514
0.8955642466540692,0.8363023348149827,0.4812978533219086,-0.05926191183908647,-0.4142663933321606,-0.3550044814930741,-0.1749288041857966,-0.950064821540747,-0.7751360173549504,0.7608257136976035,0.7146172428297033,0.04620847086790025
0.8803118501308429,0.8138717168910078,0.4749871687806872,-0.06644013323983511,-0.4053246813501557,-0.3388845481103206,-0.18562240020859067,-0.9143198580619647,-0.728697457853374,0.7346472926423518,0.7114665312260069,0.023180761416344953
0.8788231856821141,0.8330229413177754,0.4941016032344481,-0.045800244364338716,-0.3847215824476661,-0.33892133808332736,-0.1308042500561286,-0.8714964141631973,-0.7406921641070687,0.7514239118099355,0.7192079083462896,0.03221600346364595
0.8998905713352209,0.8275806196606726,0.4482051333031681,-0.07230995167454823,-0.4516854380320528,-0.37937548635750457,-0.21253451994269623,-1.0307064455710142,-0.818171925628318,0.7385045993905961,0.7119462834754448,0.026558315915151343
0.8899381557142194,0.856498238725616,0.4862431358007519,-0.03343991698860338,-0.4036950199134675,-0.37025510292486413,-0.10070565600158066,-0.92198538730123,-0.8212797312996494,0.7657824741393288,0.7226705460210627,0.04311192811826603
0.8922976295944605,0.8774010587552692,0.4990593077342045,-0.01489657083919127,-0.393238321860256,-0.3783417510210647,-0.04669066293177293,-0.9039244437427081,-0.8572337808109352,0.7755969508435396,0.7369083798790831,0.03868857096445655
0.8973705627024049,0.847372967773842,0.48527617503832315,-0.04999759492856293,-0.41209438766408174,-0.3620967927355188,-0.15051433430231098,-0.948032849709691,-0.7975185154073801,0.7663840296644339,0.7202957740119459,0.046088255652487975
0.8648193220406724,0.8209286978024959,0.4849289546412954,-0.04389062423817647,-0.379890367399377,-0.3359997431612005,-0.12087536406782373,-0.8479400311690835,-0.7270646671012597,0.7472659641664526,0.6998520188231898,0.04741394534326282
0.8985145938489392,0.8375905207047424,0.5133399170253952,-0.06092407314419679,-0.385174676823544,-0.3242506036793472,-0.18114997723076431,-0.8956770809063432,-0.7145271036755789,0.7619137214490929,0.7377162996036248,0.024197421845468026
0.9018215048716679,0.8533548510956614,0.49835846532008965,-0.04846665377600645,-0.40346303955157825,-0.3549963857755718,-0.1485549503429291,-0.936674792051404,-0.7881198417084749,0.7627860574371148,0.7395704900878314,0.023215567349283428
0.8997627305389689,0.8274351147687101,0.47276629491345246,-0.07232761577025881,-0.4269964356255165,-0.35466881985525767,-0.2124938413912929,-0.9809991138803797,-0.7685052724890868,0.7516924153944856,0.7149503447529355,0.036742070641550106
0.8898028531787547,0.8339041847216435,0.47781015038688457,-0.05589866845711122,-0.41199270279187017,-0.35609403433475895,-0.16277551788389077,-0.9384302606644301,-0.7756547427805394,0.7470051003120468,0.7206730252128084,0.026332075099238406
0.8830890327239944,0.8255194084810604,0.5035126964234189,-0.05756962424293399,-0.3795763363005755,-0.32200671205764153,-0.16392031118682526,-0.865847080557052,-0.7019267693702267,0.7551976381068448,0.7195497869788045,0.035647851128040364
0.8894685684393119,0.8723893679216559,0.5079348453272601,-0.01707920051765599,-0.3815337231120518,-0.3644545225943958,-0.05276594365242859,-0.8770987909964314,-0.8243328473440028,0.7606286497167664,0.7525665380753856,0.00806211164138071
0.9115722291780242,0.8235968686960228,0.47025348407826256,-0.08797536048200139,-0.4413187450997616,-0.3533433846177602,-0.2630291808240415,-1.026454835319873,-0.7634256544958316,0.7537226120705408,0.7165591092309989,0.03716350283954195
0.9277688071580832,0.8691297069538674,0.5117688009991518,-0.05863910020421581,-0.4160000061589314,-0.3573609059547156,-0.19610212770952185,-1.0030485598498244,-0.8069464321403026,0.7959477914207491,0.7431637519866523,0.05278403943409682
0.884291499916287,0.8250863019232104,0.5109249854307765,-0.05920519799307655,-0.3733665144855105,-0.31416131649243395,-0.16881167859943869,-0.8547715575384056,-0.6859598789389669,0.7550831384042577,0.7251187197759248,0.02996441862833288
0.9070999356377033,0.8718656829540579,0.47488460356138473,-0.03523425268364544,-0.43221533207631857,-0.39698107939267313,-0.11271467805539004,-1.0016016571995112,-0.8888869791441212,0.7568001525662815,0.7457666622024823,0.011033490363799192
0.8880285319712365,0.8315842321845055,0.48698782238083815,-0.056444299786731045,-0.4010407095903984,-0.34459640980366735,-0.16334536891916196,-0.9144167806977768,-0.7510714117786148,0.7291766878338463,0.7418903698572074,-0.012713682023361095
0.8963074737002095,0.8181885668606327,0.48286951642123793,-0.07811890683957678,-0.41343795727897154,-0.33531905043939475,-0.22529337281968687,-0.9493535445657066,-0.7240601717460198,0.7506672040824223,0.7142431672389644,0.03642403684345785
0.9005174258126554,0.81060928685499,0.4985307170577845,-0.08990813895766536,-0.40198670875487086,-0.3120785697972055,-0.2587251902605989,-0.9319605294387372,-0.6732353391781383,0.7482298243110456,0.7248751288392411,0.023354695471804465
0.8883442318682772,0.8509743406744631,0.48805506538195137,-0.037369891193814064,-0.4002891664863258,-0.3629192752925117,-0.11126141473392881,-0.9132834156479257,-0.8020220009139969,0.7666261657995698,0.7182895928168913,0.04833657298267846
0.899062127491801,0.8503703710511151,0.49644153445464795,-0.04869175644068591,-0.4026205930371531,-0.3539288365964672,-0.14774018880182282,-0.931292451007327,-0.7835522622055042,0.7582364549270562,0.7390129004046533,0.019223554522402875
0.9058536348055387,0.8557031455066939,0.4891044542536334,-0.0501504892988448,-0.4167491805519053,-0.3665986912530605,-0.15557206456844153,-0.9688621065597833,-0.8132900419913418,0.7416927142629958,0.758748108780915,-0.017055394517919265
0.8619229427552574,0.8475037216227297,0.5044876855664695,-0.014419221132527693,-0.3574352571887879,-0.3430160360562602,-0.040929947719754,-0.8003847090081844,-0.7594547612884304,0.7560563274666489,0.719886572496322,0.03616975497032682
0.8554110156259268,0.8144804773106228,0.4689998137035426,-0.04093053831530402,-0.3864112019223842,-0.3454806636070802,-0.11045023439942447,-0.8527063844895577,-0.7422561500901332,0.7143799772283682,0.7115475605316931,0.0028324166966751108
0.8934216547654027,0.8476268711723041,0.4672820827109445,-0.04579478359309863,-0.4261395720544582,-0.38034478846135955,-0.1369043956812379,-0.9711598845064404,-0.8342554888252025,0.7548160312029221,0.7174043745628456,0.03741165664007651
0.8737759879830771,0.8237301808584022,0.5051725996252636,-0.05004580712467488,-0.3686033883578135,-0.3185575812331386,-0.14012146500527045,-0.8340233559130437,-0.6939018909077732,0.7528983416383043,0.7155541706728576,0.03734417096544662
0.8884567353908114,0.8716773333997678,0.49894897386769144,-0.016779401991043552,-0.38950776152311994,-0.3727283595320764,-0.05167687287020506,-0.891850625212034,-0.8401737523418289,0.7473997965808892,0.7586555651912912,-0.011255768610402006
0.8858845393453849,0.8559104962190157,0.4629788623202708,-0.0299740431263692,-0.4229056770251141,-0.3929316338987449,-0.08953098127943449,-0.9557285654593086,-0.8661975841798741,0.7475804146920443,0.7222688505644034,0.025311564127640906
0.8982325002759739,0.8569888488715455,0.4865239534854756,-0.04124365140442843,-0.4117085467904983,-0.37046489538606986,-0.12626354291227848,-0.9483818370567887,-0.8221182941445102,0.7605864250526272,0.7339104433693694,0.0266759816832578
0.8711467093879647,0.8538835468394697,0.49878745630191573,-0.017263162548495026,-0.37235925308604895,-0.3550960905375539,-0.05015410821340449,-0.8389116208224092,-0.7887575126090047,0.7574276617442054,0.7251174799420279,0.032310181802177484
0.8936002721983218,0.8485823708838973,0.48055652885863137,-0.04501790131442451,-0.41304374333969046,-0.36802584202526595,-0.1348212935160511,-0.9451530689537659,-0.8103317754377148,0.779003541277376,0.7028225733498576,0.07618096792751838
0.92094721524885,0.8317192411038994,0.4762467049007676,-0.08922797414495065,-0.44470051034808245,-0.3554725362031318,-0.2753792634858918,-1.048308676682233,-0.7729294131963411,0.7544277043595885,0.7315144031427563,0.022913301216832216
0.8695742201336498,0.8047485357005474,0.5133184588584927,-0.06482568443310244,-0.3562557612751571,-0.2914300768420547,-0.1763791232169627,-0.805165111249609,-0.6287859880326463,0.7587649635436516,0.6996625129181417,0.059102450625509895
0.8919163185071678,0.8710767713057364,0.4702590522389143,-0.02083954720143144,-0.4216572662682535,-0.40081771906682206,-0.06453618612754486,-0.9603310211990954,-0.8957948350715506,0.7661250239209033,0.722709737446976,0.04341528647392734
0.9011514658010333,0.8384428683598897,0.5051903918655221,-0.06270859744114365,-0.3959610739355113,-0.3332524764943676,-0.18761978863167528,-0.920762348562657,-0.7331425599309818,0.7521633942609217,0.7443597564233749,0.007803637837546784
0.904470725902018,0.8494561424445561,0.5004045421462644,-0.05501458345746191,-0.40406618375575365,-0.34905160029829174,-0.16847376126653524,-0.9415402023629924,-0.7730664410964572,0.7741125811469006,0.7287750258483253,0.045337555298575305
0.9000500313102838,0.8609192528844453,0.48710446588225237,-0.039130778425838564,-0.41294556542803146,-0.3738147870021929,-0.12100679186938068,-0.9532559359545714,-0.8322491440851907,0.773002261746583,0.7257135716380712,0.04728869010851189
0.8807347544535524,0.8568001126069991,0.4729429876447747,-0.02393464184655336,-0.4077917668087777,-0.38385712496222435,-0.07095319620492058,-0.9197176346978342,-0.8487644384929136,0.7524023516629423,0.721249551473942,0.03115280018900035
0.8984328399068968,0.8267116371548204,0.4898537374508192,-0.07172120275207639,-0.4085791024560776,-0.3368578997040012,-0.20999153219086297,-0.9423833125903804,-0.7323917803995175,0.7501889181066815,0.7264765582350093,0.023712359871672195
0.9116603275723226,0.8506436449899277,0.5072999475262409,-0.0610166825823949,-0.40436038004608177,-0.34334369746368687,-0.19003536014052846,-0.9526366057410838,-0.7626012456005553,0.7747548568996804,0.7383144231593138,0.03644043374036654
0.8897951762478904,0.8252274579526323,0.5156928143625125,-0.06456771829525809,-0.37410236188537793,-0.30953464359011984,-0.18582824900919181,-0.8626206807004857,-0.6767924316912939,0.7689336388103564,0.7182099935650006,0.050723645245355775
0.8899747392647357,0.829506996801149,0.4868944860648745,-0.06046774246358666,-0.4030802531998612,-0.3426125107362745,-0.17507803183213566,-0.9207991176755601,-0.7457210858434244,0.7579004271478339,0.7130170542726721,0.04488337287516175
0.9217210659265559,0.8444038339207014,0.4923514841204123,-0.0773172320058545,-0.4293695818061436,-0.3520523498002891,-0.24381561962476006,-1.018956290066197,-0.775140670441437,0.7691853010363017,0.7364656216088117,0.03271967942748999
0.8904939858891169,0.8412745972345712,0.4699173426523017,-0.04921938865454567,-0.4205766432368152,-0.37135725458226954,-0.14500114601090397,-0.9564478324668093,-0.8114466864559053,0.7488953789160199,0.7188952382679732,0.03000014064804668
0.9162209243711599,0.829658598699189,0.4872395679849123,-0.08656232567197086,-0.42898135638624757,-0.3424190307142767,-0.26358972862831465,-1.009023617342417,-0.7454338887141023,0.7549264566797417,0.733819604023766,0.021106852655975672
0.9136880876142931,0.8194223173761148,0.4852735985074619,-0.09426577023817828,-0.4284144891068312,-0.33414871886865294,-0.28142427091956623,-1.003876891473718,-0.7224526205541517,0.7484491456329802,0.7304735233655998,0.017975622267380365
0.8664610728485242,0.8435884300202794,0.48881334588925585,-0.02287264282824486,-0.3776477269592684,-0.35477508413102354,-0.06501149451187738,-0.8449825454525415,-0.7799710509406641,0.7492672818005739,0.7166412840381325,0.03262599776244135
0.9150076005750056,0.8547327556333433,0.4730236578522379,-0.06027484494166235,-0.44198394272276775,-0.3817090977811054,-0.19039543873786258,-1.0331138323977407,-0.8427183936598781,0.7578145398444927,0.7373614695292318,0.02045307031526089
0.9175732060142002,0.8382490285232091,0.46853140513621294,-0.07932417749099108,-0.4490418008779873,-0.3697176233869962,-0.24540193984355252,-1.051377735710795,-0.8059757958672424,0.7557823679232603,0.7271200585258212,0.02866230939743908
0.9060855232043509,0.8655005614578841,0.4999838240864643,-0.04058496174646675,-0.40610169911788657,-0.3655167373714198,-0.12807586667364124,-0.9478961313259979,-0.8198202646523567,0.7643243561139383,0.7500555830518612,0.014268773062077189
0.9033850176043224,0.8493908088055717,0.5183337496735966,-0.05399420879875072,-0.38505126793072586,-0.33105705913197514,-0.16497219255443563,-0.9019893149616498,-0.7370171224072142,0.7766670273358056,0.7374060233865215,0.03926100394928411
0.8905744033501948,0.8586662609673533,0.47777706920462004,-0.03190814238284145,-0.41279733414557473,-0.3808891917627333,-0.09653755303948541,-0.9409642324529188,-0.8444266794134334,0.7574321888553753,0.7272463001594035,0.03018588869597183
0.9017977983519049,0.8165774227761526,0.49811285480740813,-0.08522037557575224,-0.40368494354449674,-0.3184645679687445,-0.2476897042621955,-0.937086349598677,-0.6893966453364815,0.7558709648633092,0.7217877524270012,0.034083212436307964
0.9157462423666932,0.8653841390487457,0.49300094185014665,-0.05036210331794755,-0.4227453005165466,-0.372383197198599,-0.1623421260762803,-0.9957874482918276,-0.8334453222155473,0.7514579737979624,0.764629575045761,-0.013171601247798592
0.9000016652533717,0.8487352920622396,0.5083449460957722,-0.05126637319113203,-0.3916567191575995,-0.34039034596646744,-0.15543904325719193,-0.9106101017428376,-0.7551710584856457,0.7712212842288907,0.7334999847120317,0.037721299516858986
0.9273152847618208,0.836073188246548,0.5037066976957143,-0.09124209651527282,-0.4236085870661065,-0.33236649055083367,-0.2877350772543652,-1.0174254713128343,-0.7296903940584691,0.7650654201716763,0.7463313602977124,0.018734059873963926
0.8880360498302363,0.8010973934816517,0.49239290577685535,-0.08693865634858466,-0.39564314405338097,-0.3087044877047963,-0.24216590418991757,-0.9036281039304377,-0.6614621997405201,0.7583187472733743,0.6960321521191211,0.06228659515425328
0.8713163075816766,0.8490484373231661,0.4562248901220589,-0.022267870258510403,-0.41509141745961764,-0.39282354720110724,-0.0642568232655405,-0.9246553330116605,-0.86039850974612,0.7441615960706709,0.7068981606139303,0.0372634354567406
0.8622088806756052,0.8001509600287109,0.5010323884574062,-0.062057920646894305,-0.36117649221819903,-0.2991185715713047,-0.16631085071075002,-0.8081246346295115,-0.6418137839187614,0.751879126658425,0.6903823594493899,0.061496767209035186
0.9081868433742412,0.8379647842830548,0.494595552854107,-0.0702220590911864,-0.41359129052013416,-0.34336923142894776,-0.21287847255431336,-0.9659128959631091,-0.7530344234087958,0.7616217277802527,0.7322097258940159,0.029412001886236827
0.9025253863138808,0.8539316554019775,0.5075338051770941,-0.04859373091190333,-0.3949915811367867,-0.34639785022488334,-0.1492924224696126,-0.9206928729142192,-0.7714004504446066,0.7733096697554196,0.7360175615065485,0.03729210824887108
0.9027496212517897,0.849615669739349,0.47488241382351354,-0.053133951512440714,-0.42786720742827616,-0.37473325591583545,-0.16219572866429832,-0.9867737772990985,-0.8245780486348002,0.7435550919786216,0.7412767112311465,0.002278380747475106
0.8670043849993447,0.8286576647854672,0.48609677128248274,-0.03834672021387753,-0.380907613716862,-0.34256089350298446,-0.10695517558431078,-0.8520160323868269,-0.7450608568025161,0.7343313689969369,0.7201745117145931,0.014156857282343727
0.8958157736815895,0.8383792834319553,0.5217258363921369,-0.05743649024963415,-0.3740899372894526,-0.31665344703981846,-0.17012391350843314,-0.8700093353371341,-0.699885421828701,0.7717231380107473,0.7322241243263738,0.039499013684373474
0.8748215907064117,0.8319344043200742,0.4720674721738674,-0.042887186386337595,-0.40275411853254434,-0.35986693214620674,-0.12154257745552588,-0.9034169396359399,-0.7818743621804141,0.7338883985093126,0.7186605796242562,0.015227818885056421
0.8867705485045585,0.8430182632415354,0.4978867942685429,-0.043752285263023105,-0.3888837542360156,-0.3451314689729925,-0.1283824281118382,-0.8886362431577401,-0.760253815045902,0.7539462500379245,0.7311708206385001,0.02277542939942434
0.8901111725626466,0.8723319634845847,0.5298398898556865,-0.017779209078061853,-0.36027128270696007,-0.3424920736288982,-0.054990031194927624,-0.8353059417196274,-0.7803159105246997,0.7741647190741151,0.7540239648611635,0.020140754212951584
0.8712416003323745,0.8758223551876279,0.5044093706437262,0.004580754855253333,-0.36683222968864837,-0.3714129845439017,0.013782364931894442,-0.8279509447546585,-0.8417333096865529,0.7683403224332339,0.7326418950092519,0.03569842742398199
0.9024606652813553,0.8114219698073455,0.48885566559288735,-0.09103869547400978,-0.4136049996884679,-0.32256630421445814,-0.26317026933321497,-0.9578333927920839,-0.6946631234588689,0.7435552587381558,0.7249369417162363,0.018618317021919406
0.8764059785769601,0.8310118075720082,0.49983327566714203,-0.04539417100495191,-0.3765727029098181,-0.3311785319048662,-0.12880810096144346,-0.852657116550749,-0.7238490155893056,0.7482822660191,0.7232184418583069,0.025063824160793113
0.8924961297502151,0.8354572011281008,0.5138919244659771,-0.05703892862211424,-0.378604205284238,-0.32156527666212376,-0.16724241049483357,-0.8748962075360236,-0.70765379704119,0.7530124074541906,0.7415510961086714,0.011461311345519198
0.8887835869931846,0.8528023480654899,0.4868609500660868,-0.03598123892769467,-0.4019226369270978,-0.3659413979994031,-0.10751136450605703,-0.917068633883442,-0.8095572693773849,0.7530868899652836,0.7325443667845574,0.020542523180726247
0.8796158600966341,0.826659989553593,0.47348264996670525,-0.05295587054304107,-0.4061332101299288,-0.35317733958688774,-0.1501704061036504,-0.9151914149930418,-0.7650210088893914,0.7405197875695679,0.7126525455083872,0.02786724206118074
0.9051606887155257,0.8312349455905955,0.5164934412442825,-0.07392574312493017,-0.38866724747124315,-0.314741504346313,-0.22058917756480012,-0.9117074786047898,-0.6911183010399897,0.7648420901916222,0.7370839601753137,0.027758130016308447
0.8955840464747178,0.8602184104913898,0.5166709736962166,-0.03536563598332798,-0.37891307277850117,-0.3435474367951732,-0.10828457256988822,-0.8793684176716232,-0.771083845101735,0.7756443256995335,0.7393379614086829,0.036306364290850546
0.902808157959526,0.8662480141993795,0.5049640546074987,-0.03656014376014649,-0.39784410335202725,-0.36128395959188075,-0.11473381256200277,-0.9267867664320344,-0.8120529538700316,0.774419577684887,0.7415939068260488,0.03282567085883825
0.9174769825052244,0.8686861044898844,0.4906754555235476,-0.04879087801533999,-0.4268015269816768,-0.3780106489663368,-0.15887729456995503,-1.006699298716,-0.8478220041460449,0.7703639948187702,0.747528366860334,0.02283562795843619
0.8793447892388084,0.8307021011013547,0.4717781584060667,-0.04864268813745376,-0.40756663083274175,-0.358923942695288,-0.1386097986645991,-0.9177729100716292,-0.7791631114070301,0.7303001606970162,0.7242498718004702,0.006050288896546019
0.8966169816452606,0.8577408735408969,0.5167472541348073,-0.038876108104363705,-0.37986972751045334,-0.34099361940608963,-0.1187883626403039,-0.8826010099309516,-0.7638126472906477,0.7836400450875807,0.7304300277930625,0.05321001729451813
0.9112611499116839,0.8224131739628628,0.5282216797457001,-0.0888479759488211,-0.38303947016598383,-0.29419149421716273,-0.26503578126417393,-0.9093584747102623,-0.6443226934460884,0.7787075812684561,0.7292230878117084,0.04948449345674766
0.9065340169950529,0.794555618030689,0.46342622926216454,-0.1119783989643639,-0.44310778773288834,-0.33112938876852444,-0.3194443805508165,-1.0226158242359358,-0.7031714436851193,0.7427331097692216,0.7002774664227162,0.04245564334650542
0.899502913337341,0.837251055358088,0.47461010699177575,-0.062251857979253034,-0.42489280634556525,-0.3626409483663122,-0.18534999107411654,-0.9764417227317863,-0.7910917316576698,0.7412576483666486,0.7329850687581545,0.008272579608494146
0.8438181280413238,0.8413450948330558,0.48521409521595543,-0.002473033208268083,-0.3586040328253684,-0.3561309996171003,-0.006790461291612093,-0.7878045363148454,-0.7810140750232333,0.7464987155252205,0.700419496535003,0.046079218990217496
0.8806451754935009,0.8472307219707902,0.499608387453161,-0.03341445352271066,-0.38103678804033986,-0.3476223345176292,-0.0976296697474397,-0.8660840418976694,-0.7684543721502297,0.753452530849187,0.7315369924291145,0.021915538420072433
0.8829721080560784,0.8597477879843316,0.4924999336606418,-0.023224320071746796,-0.3904721743954366,-0.3672478543236898,-0.06943298514953344,-0.8875094101892596,-0.8180764250397261,0.7570498493621018,0.7330967037719325,0.023953145590169367
0.9084434875395354,0.8484765747449755,0.47872884763436907,-0.0599669127945599,-0.42971463990516634,-0.36974772711060644,-0.1848532006782051,-0.9985482720051961,-0.813695071326991,0.7574328248071648,0.7329997818054219,0.02443304300174287
0.8853869495208514,0.8444706039468434,0.484045078894706,-0.04091634557400803,-0.4013418706261454,-0.3604255250521374,-0.12002769993036067,-0.9119702254579409,-0.7919425255275803,0.7525427586587257,0.723392329582875,0.029150429075850637
0.8980838215903715,0.8619770516613806,0.4827201773451038,-0.03610676992899087,-0.41536364424526767,-0.3792568743162768,-0.1114178232283991,-0.9555014114089411,-0.844083588180542,0.7445166554934883,0.7506707115710822,-0.006154056077593895
0.9018753730884076,0.832178058356039,0.47385419772729054,-0.06969731473236862,-0.42802117536111706,-0.35832386062874844,-0.2069407657017286,-0.9858882396331834,-0.7789474739314548,0.7592384984345496,0.7126999210132752,0.04653857742127443
0.8914788214684458,0.8436949908462398,0.49503893882109057,-0.047783830622206036,-0.39643988264735525,-0.3486560520251492,-0.14151689889728702,-0.9093284584619497,-0.7678115595646626,0.7568777159036871,0.729930784853497,0.02694693105019008
0.9036934106823908,0.8362197875893651,0.48656581784540903,-0.06747362309302574,-0.4171275928369818,-0.3496539697439561,-0.20220973074630955,-0.966581248027695,-0.7643715172813854,0.7516378124300385,0.7326815316480711,0.018956280781967316
0.9334022079384483,0.8407451924163659,0.5192460891760755,-0.09265701552208239,-0.4141561187623728,-0.3214991032402904,-0.29896044932259525,-1.0102559939282176,-0.7112955446056224,0.7763444171393638,0.7525845758812296,0.02375984125813413
0.8853910927370316,0.8594126927516544,0.4552722351212259,-0.02597839998537721,-0.43011885761580576,-0.40414045763042855,-0.07795676154544351,-0.9696432415279268,-0.8916864799824833,0.755961928912755,0.7107554181605195,0.045206510752235585
0.8948585605287697,0.82170629603573,0.46913296525144127,-0.07315226449303969,-0.4257255952773284,-0.3525733307842887,-0.21139991150821835,-0.9721210977136034,-0.7607211862053851,0.7654751643669723,0.691656716843655,0.07381844752331723
0.900895848211091,0.8248582527015837,0.49539091366257176,-0.07603759550950728,-0.40550493454851927,-0.329467339039012,-0.22307590702743418,-0.9395056549734708,-0.7164297479460366,0.7594180789944123,0.7213452640557521,0.038072814938660215
0.8956612811174479,0.8360221412819423,0.497170695845061,-0.05963913983550562,-0.3984905852723869,-0.3388514454368813,-0.17600317428017753,-0.9186277919459183,-0.7426246176657407,0.7559147430692386,0.7299880024270623,0.02592674064217626
0.9137814160932787,0.8598268556298105,0.4919630068183215,-0.05395456046346814,-0.4218184092749572,-0.36786384881148904,-0.1714487936392719,-0.9908269264965268,-0.8193781328572549,0.7564184902152937,0.7539623621456469,0.00245612806964679
0.9053670309728348,0.8333315629944673,0.5270027274653811,-0.07203546797836746,-0.37836430350745365,-0.3063288355290862,-0.21568204073246156,-0.8913732052522989,-0.6756911645198374,0.7553530111564993,0.7551145364652896,0.00023847469120974463
0.9104679880075626,0.8413117942817571,0.4986785210609674,-0.0691561937258055,-0.4117894669465952,-0.3426332732207897,-0.2117014104129682,-0.9656911829605874,-0.7539897725476192,0.7534305770536176,0.7468749585132404,0.006555618540377228
0.8660070129065515,0.8419071423274159,0.5198596910767451,-0.02409987057913554,-0.34614732182980634,-0.3220474512506708,-0.06829604569074821,-0.7815436380600309,-0.7132475923692827,0.7655688070025283,0.7196137572046133,0.04595504979791498
0.9129844196335088,0.8574368952349962,0.5034416999655472,-0.05554752439851263,-0.40954271966796163,-0.353995195269449,-0.17547511038339048,-0.9650352541443112,-0.7895601437609208,0.7651030894784114,0.7508055870776235,0.014297502400787976
0.8915080810739099,0.8462706792925645,0.48618361536205623,-0.04523740178134539,-0.40532446571185365,-0.36008706393050827,-0.13449420585133343,-0.9271365369272606,-0.7926423310759272,0.7555272220699164,0.7271143617491042,0.02841286032081225
0.8930335120052201,0.8928593614996522,0.5129188604905668,-0.0001741505055679049,-0.3801146515146533,-0.3799405010090854,-0.0005632633648100516,-0.878579822248504,-0.8780165588836939,0.773645412698697,0.7588957432982624,0.01474966940043465
0.8668117206088636,0.8066716524476227,0.5007928808135487,-0.060140068161240845,-0.3660188397953149,-0.30587877163407406,-0.1633521026786524,-0.8220530243709423,-0.6587009216922899,0.725300415992815,0.7242170865872083,0.0010833294056067366
0.898257202452401,0.8568816940685576,0.4998047727068601,-0.04137550838384341,-0.39845242974554096,-0.35707692136169755,-0.12665128516491198,-0.921898641561357,-0.7952473563964451,0.7562874429414866,0.7470083365437256,0.009279106397761083
0.8987760159795674,0.8301832983102998,0.5013207382836254,-0.06859271766926756,-0.3974552776959419,-0.32886256002667436,-0.2019194598462537,-0.920584817794724,-0.7186653579484703,0.7525304346176268,0.7343229337647016,0.018207500852925218
0.9005745864739231,0.8593488335201813,0.46725146798856804,-0.04122575295374176,-0.43332311848535504,-0.3920973655316133,-0.12728544864355795,-0.9947569428299448,-0.8674714941863868,0.7612905599705554,0.7234926986845598,0.037797861285995604
0.8779463022742379,0.8510348204407249,0.4953485175054676,-0.026911481833512996,-0.38259778476877027,-0.35568630293525727,-0.07871673152144965,-0.8663195362988789,-0.7876028047774293,0.7571953204791048,0.7256911063345155,0.03150421414458926
0.9030841635894511,0.8549560029596256,0.5179399820632012,-0.0481281606298255,-0.38514418152624985,-0.33701602089642435,-0.14827413115546673,-0.9017597255103271,-0.7534855943548604,0.7774064433784893,0.7399136556963626,0.037492787682126716
0.8715851925875485,0.8500201332201246,0.46752498669102577,-0.021565059367423922,-0.40406020589652275,-0.38249514652909883,-0.06234235767309704,-0.902792019006162,-0.840449661333065,0.7375065160314745,0.7219136923009912,0.015592823730483318
0.8882232043656456,0.8644314979520563,0.49234170585232223,-0.023791706413589297,-0.3958814985133234,-0.3720897920997341,-0.07234728592085338,-0.9043242671442608,-0.8319769812234075,0.7579326622944274,0.7387316098189222,0.019201052475505187
0.8809482658672569,0.7998417107492373,0.5030235071828508,-0.08110655511801967,-0.3779247586844061,-0.29681820356638644,-0.22313075709742014,-0.8601891502406367,-0.6370583931432166,0.7193398721122751,0.7365357837539549,-0.017195911641679773
0.8945968642579725,0.8554979344115389,0.47975759693858616,-0.039098929846433594,-0.4148392673193863,-0.3757403374729527,-0.11858164989853615,-0.9499909241387914,-0.8314092742402552,0.7587599980594405,0.7278082656792911,0.030951732380149366
0.8814115244391164,0.8733838904937997,0.49411236017058097,-0.008027633945316692,-0.38729916426853545,-0.37927153032321875,-0.024479015116105618,-0.8794434347136091,-0.8549644195975035,0.7557317644089635,0.7435400856600345,0.012191678748929013
0.8767817602488647,0.894726440072607,0.49961493559070824,0.01794467982374237,-0.37716682465815643,-0.3951115044818988,0.05645093772966714,-0.8542363281320058,-0.9106872658616729,0.7556485315887435,0.7584335590193765,-0.0027850274306330247
0.9072350366276579,0.8528247165294528,0.4992924213185819,-0.05441032009820512,-0.407942615309076,-0.3535322952108709,-0.16847598551027376,-0.9532304233008613,-0.7847544377905875,0.7568842802978657,0.7493505026859293,0.00753377761193641
0.889523866001925,0.8040917003742908,0.45659359706458724,-0.08543216562763423,-0.43293026893733777,-0.34749810330970354,-0.23937544192834848,-0.9800677471728578,-0.7406923052445094,0.7398696080641394,0.6936031675630627,0.046266440501076644
0.8757783471583271,0.8145512932151326,0.49043251151718986,-0.0612270539431945,-0.3853458356411373,-0.3241187816979428,-0.1700205525695102,-0.8695548753232514,-0.6995343227537412,0.743210534457047,0.7106309001367194,0.03257963432032762
0.9009082689565292,0.8723610851962024,0.48294061396034227,-0.028547183760326833,-0.41796765499618693,-0.3894204712358601,-0.09021047939040105,-0.9644543165159594,-0.8742438371255583,0.7631729580520316,0.7409670206900176,0.022205937362013928
0.8915652199554044,0.8735059652513842,0.48430951896714647,-0.018059254704020145,-0.4072557009882579,-0.3891964462842378,-0.056127958235151265,-0.9310701118360734,-0.8749421536009221,0.7559867626210254,0.7436003734949312,0.012386389126094133
0.9158056456910706,0.8311976000819717,0.5070280873705881,-0.08460804560909885,-0.40877755832048246,-0.3241695127113836,-0.25799130452004126,-0.9679461308955033,-0.709954826375462,0.7701231415795257,0.7325644138495613,0.03755872772996438
0.8862665446632962,0.8566797946771393,0.4696057058323331,-0.029586749986156957,-0.41666083883096316,-0.3870740888448062,-0.08854027075335047,-0.9436468939833038,-0.8551066232299533,0.7488268662685558,0.7262078305132901,0.022619035755265693
0.8828345811775681,0.8539960329054838,0.48922155192043876,-0.02883854827208432,-0.3936130292571293,-0.364774480985045,-0.08543006574860268,-0.8936395617972215,-0.8082094960486188,0.7539653499447176,0.7300694273909429,0.023895922553774707
0.8815354788170874,0.8550270746963605,0.499521709140455,-0.02650840412072686,-0.38201376967663236,-0.3555053655559055,-0.07847626187757184,-0.8690079507926767,-0.7905316889151048,0.7413326406527493,0.7493902011165192,-0.00805756046376993
0.9196115504382234,0.8565204816281026,0.4790168771390688,-0.06309106881012083,-0.4405946732991546,-0.37750360448903375,-0.20202698352958004,-1.0378315350241425,-0.8358045514945625,0.7612703921730466,0.7421622139638833,0.01910817820916333
0.8786964241309055,0.8510430853942741,0.5011655197899302,-0.02765333873663145,-0.37753090434097536,-0.3498775656043439,-0.0809880732813566,-0.856979950082567,-0.7759918768012104,0.7713537118706847,0.7159163076727216,0.05543740419796306
0.9096997574436744,0.824260956122413,0.5018871968741196,-0.08543880132126136,-0.4078125605695547,-0.32237375924829337,-0.2547216433940305,-0.9565882707293316,-0.7018666273353011,0.7607495308046592,0.7298157428221456,0.030933787982513672
0.9013849474734476,0.8623974939965844,0.4958398585313907,-0.038987453476863165,-0.4055450889420569,-0.3665576354651937,-0.12118924001328768,-0.940246401275898,-0.8190571612626103,0.7663493299934928,0.740065536674122,0.026283793319370807
0.9168121365982564,0.8499425664732732,0.47477119719764116,-0.06686957012498329,-0.4420409394006153,-0.375171369275632,-0.21040065911778694,-1.0361163631212962,-0.8257157040035092,0.7763219437808693,0.718028656398578,0.058293287382291226
0.8504917452840155,0.8454672899689649,0.4927307594481575,-0.00502445531505058,-0.357760985835858,-0.35273653052080745,-0.013994545077801845,-0.7913145833802351,-0.7773200383024332,0.7389551226510332,0.7201714071497253,0.018783715501307974
0.8995475877335659,0.8500451147752851,0.5138501135845479,-0.04950247295828081,-0.385697474149018,-0.3361950011907372,-0.15026483855011552,-0.8980849188263762,-0.7478200802762607,0.7701477306348319,0.7388141467607672,0.03133358387406471
0.9032251596180078,0.8610436958697171,0.5078119686813544,-0.04218146374829068,-0.3954131909366534,-0.3532317271883627,-0.13130922492256714,-0.9224995648586121,-0.7911903399360449,0.7778327775227177,0.7368877719233349,0.040945005599382855
0.9018529430108709,0.8169905692100262,0.5076524453545553,-0.08486237380084471,-0.3942004976563156,-0.3093381238554709,-0.2468070390645578,-0.9181918906442561,-0.6713848515796983,0.7726171198758437,0.7117135185077915,0.060903601368052174
0.8733351088406035,0.8500340968953531,0.491510281009029,-0.02330101194525036,-0.3818248278315745,-0.35852381588632415,-0.06754919537368265,-0.8600224408144193,-0.7924732454407366,0.7557021762868956,0.7208841482097619,0.034818028077133745
0.8967239392250811,0.8621615743109426,0.5224404008117356,-0.034562364914138444,-0.3742835384133455,-0.33972117349920705,-0.10640099297102967,-0.8715572864955445,-0.7651562935245149,0.7851803155887205,0.7357036273097858,0.0494766882789347
0.8940718781123201,0.8090367467092626,0.5132940456329397,-0.08503513140305752,-0.38077783247938046,-0.29574270107632294,-0.24149758877630045,-0.8811960480751988,-0.6396984592988983,0.7497963713218511,0.7278054089811639,0.021990962340687203
0.8940503143691813,0.8717552526493013,0.47119677283017714,-0.02229506171987994,-0.4228535415390041,-0.4005584798191242,-0.06941249923874349,-0.9653555693077216,-0.8959430700689781,0.7595796423101923,0.7317552509222476,0.02782439138794468
0.8716789459390633,0.8143889361938996,0.478666829814965,-0.05729000974516363,-0.39301211612409825,-0.3357221063789346,-0.15809600567809712,-0.8807558160979758,-0.7226598104198787,0.7605628315022618,0.6825936431296901,0.07796918837257172
0.883861174596179,0.8289847959579415,0.47658691652762586,-0.054876378638237466,-0.4072742580685531,-0.35239787943031564,-0.15715975207137411,-0.9221223568039165,-0.7649626047325424,0.7366149494774025,0.7230069752437616,0.013607974233640907
0.9010005153411726,0.8191274774931424,0.48960651774195113,-0.08187303784803024,-0.4113939975992215,-0.3295209597511913,-0.23840840127990193,-0.9514261853927557,-0.7130177841128538,0.747253181227633,0.7259031591565445,0.021350022071088492
0.8853645599297323,0.8558071361847609,0.4857226764159772,-0.02955742374497139,-0.39964188351375507,-0.3700844597687837,-0.08819147306970576,-0.9085432124791499,-0.8203517394094442,0.7508468747331226,0.7337493736205244,0.017097501112598223
0.9115324384846117,0.846399496468353,0.4984491987103701,-0.06513294201625874,-0.41308323977424166,-0.3479502977579829,-0.20142326989774384,-0.9698881245767026,-0.7684648546789588,0.7697877804356896,0.7344663086732003,0.03532147176248934
0.8932859634908735,0.8190935519624607,0.49582619125902205,-0.07419241152841283,-0.39745977223185147,-0.32326736070343864,-0.2130964648024487,-0.9135853664730216,-0.7004889016705729,0.7505499702989802,0.7215871675092573,0.028962802789722852
0.8909751629873119,0.8564296690178842,0.45626825438451646,-0.03454549396942774,-0.4347069086027955,-0.40016141463336774,-0.10422157138091537,-0.985363924809,-0.8811423534280847,0.7454264894202332,0.723688901506242,0.021737587913991163
0.8923698927858512,0.8593884302562712,0.4919055638267093,-0.03298146252958001,-0.4004643289591419,-0.3674828664295619,-0.10023478458333157,-0.9184657760055208,-0.8182309914221892,0.751422473849149,0.744353450730072,0.007069023119076978
0.9200256551337773,0.8493170032912919,0.5018096039214507,-0.07070865184248543,-0.41821605121232663,-0.3475073993698412,-0.22389128353246823,-0.9937585796289246,-0.7698672960964563,0.7629779910342183,0.7511235171967949,0.01185447383742333
0.8856390671434017,0.8558807340423039,0.4840513352975874,-0.029758333101097767,-0.40158773184581426,-0.3718293987447165,-0.08884404483702335,-0.912749528563259,-0.8239054837262356,0.7432402811420211,0.7404738098468407,0.0027664712951803727
0.9212661847086245,0.8323541281983475,0.46920425974975644,-0.088912056510277,-0.4520619249588681,-0.3631498684485911,-0.2748641925128048,-1.063597931264977,-0.7887337387521722,0.7630031502731558,0.718879898164663,0.04412325210849277
0.8882061682193052,0.8520198691132618,0.4920145563083235,-0.03618629910604343,-0.3961916119109817,-0.36000531280493825,-0.10788295208972087,-0.9049245808471171,-0.7970416287573963,0.7548971704673387,0.7332632252932549,0.02163394517408379
0.8849275956941002,0.8417394925258534,0.46447173088907107,-0.04318810316824673,-0.4204558648050291,-0.3772677616367824,-0.126096232033309,-0.9497306945449255,-0.8236344625116165,0.7444468337754835,0.7163123789638662,0.02813445481161725
0.9067894185654397,0.8454791088359191,0.4707450001747862,-0.06131030972952056,-0.4360444183906535,-0.37473410866113294,-0.18746710460945515,-1.0088242830479384,-0.8213571784384832,0.7471060534538342,0.7349029649302624,0.01220308852357177
0.8952947461822058,0.849206741043211,0.4777231184829834,-0.0460880051389948,-0.41757162769922246,-0.37148362256022766,-0.13859273887485957,-0.9563395941595711,-0.8177468552847116,0.7735129297315066,0.7079701407407603,0.06554278899074639
0.9135260614850822,0.8454052383768355,0.4950757372675131,-0.06812082310824674,-0.4184503242175691,-0.35032950110932237,-0.21123371780356948,-0.9836917915895076,-0.7724580737859381,0.7719705144774652,0.730700843608822,0.04126967086864319
0.9062072951561285,0.8801127990668023,0.4914008051486521,-0.026094496089326236,-0.41480649000747644,-0.3887119939181502,-0.08462104248790459,-0.9654805807719593,-0.8808595382840547,0.7601291770378448,0.7583514225432105,0.0017777544946342427
0.8925138370785739,0.8827465625718506,0.5049191179236739,-0.009767274506723322,-0.38759471915489996,-0.37782744464817664,-0.030933435081524685,-0.8929024058079233,-0.8619689707263987,0.775557681682577,0.7445619967001553,0.030995684982421667
0.8860504469796626,0.8470387126116232,0.5301665449418489,-0.0390117343680394,-0.3558839020378137,-0.31687216766977433,-0.11500286009172278,-0.8217706837805041,-0.7067678236887813,0.7718134178247734,0.7370237185306496,0.03478969929412379
0.89300702462029,0.8331497563390841,0.4932961253502959,-0.059857268281205966,-0.39971089926999415,-0.3398536309887882,-0.17509954757909574,-0.9177428745314169,-0.7426433269523212,0.7611371630932582,0.7184981077798551,0.04263905531340306
0.8974902670938466,0.831104762753629,0.4818893589088599,-0.06638550434021762,-0.4156009081849867,-0.34921540384476907,-0.1952118450624667,-0.9552046977812025,-0.7599928527187358,0.7556860528507825,0.7179702063201078,0.037715846530674724
0.9014317475401533,0.8086268194267878,0.48840272509410815,-0.09280492811336549,-0.41302902244604517,-0.3202240943326797,-0.26683581111112353,-0.9552796400766803,-0.6884438289655568,0.7336037772779704,0.7320370840960624,0.001566693181908052
0.9160437303438805,0.8524617619331848,0.48484095469446403,-0.06358196841069574,-0.4312027756494165,-0.36762080723872076,-0.20054541084000688,-1.013183466402081,-0.812638055562074,0.7618680476193701,0.7403629170283162,0.021505130591053856
0.8954031389445485,0.8401867756922511,0.47303017598799907,-0.055216363252297396,-0.4223729629565494,-0.367156599704252,-0.16385295543899625,-0.9660910214430527,-0.8022380660040564,0.7581800623019811,0.7142333314478848,0.04394673085409628
0.8836935628069841,0.8636247546518869,0.4829877211130036,-0.02006880815509715,-0.4007058416939805,-0.38063703353888334,-0.060449962648907896,-0.9087872032030857,-0.8483372405541778,0.753687632539837,0.7331830598414129,0.020504572698424095
0.918160546285596,0.851432244374467,0.49677977491898745,-0.066728301911129,-0.4213807713666085,-0.3546524694554795,-0.21112156239327184,-0.996978567340169,-0.7858570049468971,0.7774899895305403,0.7334250541888264,0.04406493534171385
0.8934194823704995,0.8325077344910916,0.4703783797613504,-0.060911747879407896,-0.4230411026091491,-0.3621293547297412,-0.17815569129728104,-0.9649481722420283,-0.7867924809447473,0.7476779088605459,0.7165258222214153,0.031152086639130605
0.8871322415298897,0.8628259283486966,0.4467800191787287,-0.02430631318119303,-0.44035222235116095,-0.4160459091699679,-0.0735707578159226,-0.992194038046488,-0.9186232802305654,0.7326365217467026,0.7318556042915075,0.0007809174551950404
0.9093645798724056,0.8317077963840406,0.4836913648932981,-0.07765678348836502,-0.4256732149791075,-0.34801643149074246,-0.23381985516196968,-0.9918172560680185,-0.7579974009060488,0.750645613535408,0.7325302138977547,0.018115399637653296
0.8956754789570227,0.843767076676476,0.4996543119137002,-0.05190840228054672,-0.3960211670433225,-0.3441127647627758,-0.15492780090453495,-0.9137069748472384,-0.7587791739427034,0.7602738593093793,0.7324573857220866,0.027816473587292667
0.9058960744124629,0.852617006061169,0.5402659403149936,-0.05327906835129392,-0.36563013409746925,-0.3123510657461753,-0.16446146694853603,-0.866595447517474,-0.7021339805689379,0.777242511669992,0.7552768355224249,0.02196567614756717
0.9032690909653228,0.8588737007327827,0.46284020097914597,-0.04439539023254013,-0.44042888998617685,-0.3960334997536367,-0.13771092490002168,-1.0126609297840141,-0.8749500048839924,0.7465995274439887,0.7367224676741789,0.009877059769809793
0.8904466784634882,0.8606126982671768,0.4828784835816936,-0.02983398019631145,-0.40756819488179463,-0.3777342146854832,-0.09052497337658627,-0.9303444092002477,-0.8398194358236615,0.7582594759786198,0.731032430896286,0.027227045082333756
0.900414009322477,0.8546304917280368,0.4865938953969044,-0.045783517594440104,-0.41382011392557255,-0.36803659633113245,-0.14022719652799243,-0.9554919442863163,-0.8152647477583239,0.7531592996991283,0.7412662979324842,0.011893001766644096
0.8866203532803146,0.8451583848960608,0.5088277150082745,-0.04146196838425387,-0.3777926382720401,-0.33633066988778626,-0.12200917770641162,-0.86627961698244,-0.7442704392760284,0.7619189869049389,0.7318186485514945,0.03010033835344439
0.8940472063144173,0.8501045945701693,0.49876420664243004,-0.04394261174424796,-0.3952829996719872,-0.35134038792773925,-0.1320166455666416,-0.910178696864629,-0.7781620512979874,0.7389365415781566,0.7563407967731878,-0.017404255195031193
0.8769068942057086,0.8386474170697231,0.49616806755263393,-0.03825947713598543,-0.3807388266530746,-0.3424793495170892,-0.10976754569988101,-0.861510930206101,-0.75174338450622,0.7592341042896682,0.7152474815957093,0.04398662269395892
0.9230601659264935,0.8604965315850743,0.4791552498961816,-0.0625636343414192,-0.44390491603031196,-0.38134128168889275,-0.20342927759264606,-1.0503652269048676,-0.8469359493122215,0.7559776445253359,0.7524969870798305,0.0034806574455054085
0.8779404939482598,0.8522911549027131,0.46068464429814515,-0.02564933904554667,-0.41725584965011464,-0.39160651060456797,-0.07516432919370297,-0.9357106575592522,-0.8605463283655492,0.7329021834548569,0.727708678644555,0.005193504810301897
0.9028873388572223,0.8299334823651783,0.4898513547995217,-0.072953856492044,-0.4130359840577006,-0.3400821275656566,-0.21634069968152403,-0.9572810771211686,-0.7409403774396446,0.7730845548288433,0.708696895852438,0.0643876589764053
0.882304915864542,0.8573030830809535,0.4956455638825232,-0.025001832783588473,-0.3866593519820188,-0.3616575191984303,-0.07437478104546891,-0.879144707668996,-0.8047699266235271,0.7634721401493519,0.7266969017359939,0.03677523841335806
0.9085267559557512,0.8160915436785089,0.5022679460848533,-0.09243521227724227,-0.4062588098708979,-0.31382359759365563,-0.2719143809885014,-0.9517460021846855,-0.6798316211961841,0.741208702511891,0.7433821279675179,-0.0021734254556269317
0.9247439416163454,0.866055954316898,0.49453335683339783,-0.058687987299447464,-0.4302105847829476,-0.37152259748350014,-0.19359674017510464,-1.0259473996731017,-0.832350659497997,0.7711268432026126,0.752428658641815,0.018698184560797637
0.874275492456027,0.835468672056999,0.47361952266660023,-0.03880682039902794,-0.40065596978942675,-0.3618491493903988,-0.1104019259096245,-0.8986595504761108,-0.7882576245664863,0.7465281953755348,0.7090475960775493,0.03748059929798553
0.9010692529124414,0.8426020127307007,0.48569737478216735,-0.058467240181740765,-0.4153718781302741,-0.35690463794853333,-0.1759841298133562,-0.9594770643563304,-0.7834929345429742,0.7533145199032778,0.7329312403802617,0.020383279523016107
0.8947268639639945,0.8445166903270931,0.5159004626993418,-0.05021017363690139,-0.3788264012646527,-0.32861622762775133,-0.14976407802722935,-0.8781122302673292,-0.7283481522400999,0.7736183652826081,0.7298109793776781,0.04380738590492994
0.9006167830488838,0.8628620569605606,0.48523882959741765,-0.0377547260883232,-0.41537795345146616,-0.37762322736314297,-0.11726766495468688,-0.9588806195878588,-0.8416129546331719,0.7692235606756408,0.7299215523956006,0.03930200828004016
0.8682899188379004,0.836583318743576,0.48432998623644563,-0.031706600094324355,-0.3839599326014548,-0.3522533325071304,-0.08951687328396041,-0.8593447063093778,-0.7698278330254174,0.745047682595507,0.7144211332831077,0.030626549312399276
0.901602405226523,0.8902954821975696,0.49420215661836536,-0.01130692302895342,-0.40740024860815766,-0.39609332557920424,-0.037045012226312846,-0.944251697899676,-0.9072066856733632,0.7654108842798725,0.7586558117484328,0.006755072531439699
0.9130870675381499,0.8431577472771665,0.4918733494786412,-0.06992932026098342,-0.42121371805950875,-0.3512843977985253,-0.2158721026002821,-0.9885370055818115,-0.7726649029815293,0.7617943033049058,0.7369511395577326,0.024843163747173214
0.9079622701943368,0.8561150291052534,0.49742206489339935,-0.05184724108908345,-0.4105402053009375,-0.35869296421185404,-0.16165643229892757,-0.9594824009313325,-0.797825968632405,0.7588365438727284,0.7488296989225979,0.010006844950130489
0.8799007546860647,0.8567564778293124,0.48425424024209135,-0.023144276856752244,-0.3956465144439733,-0.37250223758722106,-0.06850835931705124,-0.894504490131357,-0.8259961308143058,0.7619866016625031,0.7186210468424759,0.04336555482002724
0.8955079297125922,0.814454257263729,0.4752526913422984,-0.08105367244886319,-0.42025523837029377,-0.3392015659214306,-0.23231913918588676,-0.9619825226565586,-0.7296633834706718,0.7581488781523367,0.6986610407267432,0.05948783742559349
0.8906675431266495,0.841586873246926,0.46981881556042704,-0.04908066987972348,-0.4208487275662225,-0.371768057686499,-0.14470221695622865,-0.9572012255781437,-0.812499008621915,0.7281586014335691,0.7398902198557658,-0.01173161842219661
0.8725472076678364,0.8387991486561585,0.4933543971189235,-0.03374805901167799,-0.37919281054891296,-0.345444751537235,-0.09618439222864028,-0.8539679879570516,-0.7577835957284114,0.749742089849976,0.7200584124453026,0.02968367740467348
0.9112403737333135,0.8423749432954363,0.4869177923529389,-0.06886543043787718,-0.42432258138037454,-0.35545715094249736,-0.21149834190506,-0.9919261913297686,-0.7804278494247086,0.762153459753332,0.7315352798344602,0.030618179918871835
0.8820651405872458,0.862738910732759,0.4895739566920603,-0.019326229854486843,-0.39249118389518556,-0.3731649540406987,-0.05796357915216355,-0.8905455778356721,-0.8325819986835086,0.7547912211667541,0.734794117507956,0.019997103658798143
0.8760350737544478,0.849881760843085,0.48576491945362515,-0.026153312911362803,-0.3902701543008226,-0.3641168413894598,-0.07613101182348414,-0.8796714348554489,-0.8035404230319647,0.7683443976569296,0.7061101050438424,0.062234292613087216
0.8895159108383092,0.8391262183922109,0.4864661095521812,-0.050389692446098255,-0.40304980128612794,-0.3526601088400297,-0.14773832376833385,-0.9201912371356769,-0.772452913367343,0.7669250235727639,0.7098138022823702,0.0571112212903937
0.8963830696156636,0.8307037013625516,0.4914634996847983,-0.06567936825311205,-0.4049195699308653,-0.33924020167775326,-0.19264019762244544,-0.9324077096066028,-0.7397675119841574,0.7587769439665817,0.7202565698087606,0.03852037415782106
0.8871465285213158,0.8686257052738092,0.5058651702873824,-0.01852082324750659,-0.3812813582339334,-0.3627605349864268,-0.05660419199809885,-0.873866602167213,-0.8172624101691142,0.7730221520342897,0.7347361173540483,0.03828603468024139
0.8890566034787648,0.8480525046651834,0.47784316472997473,-0.04100409881358136,-0.41121343874879007,-0.3702093399352087,-0.12169845525946599,-0.9359845353023868,-0.8142860800429208,0.7471994484289903,0.7294354001536248,0.017764048275365485
0.8814278121674454,0.843571612185723,0.5022640473532333,-0.037856199981722405,-0.3791637648142121,-0.3413075648324897,-0.11016868555662418,-0.8631901532761965,-0.7530214677195723,0.7538845790113607,0.7309577354595734,0.022926843551787313
0.9012919339181108,0.8457131425953441,0.4757040058711451,-0.05557879132276666,-0.4255879280469657,-0.37000913672419905,-0.168152678707858,-0.9802252440591572,-0.8120725653512992,0.7605574536553278,0.7212486012677388,0.039308852387588966
0.8801201743615746,0.83414219151549,0.48484687847106683,-0.045977982846084675,-0.3952732958905078,-0.34929531304442313,-0.13178284311110255,-0.8939938902510525,-0.7622110471399499,0.7577992268105044,0.7082736027549166,0.0495256240555878
0.889814331530329,0.843314098304877,0.47317132913887616,-0.04650023322545194,-0.4166430023914528,-0.37014276916600086,-0.13723171710447302,-0.9477557601912261,-0.8105240430867531,0.7499140742298359,0.7209524317528858,0.0289616424769501
0.8891149156871662,0.820897633549088,0.49336687808936036,-0.0682172821380782,-0.3957480375978058,-0.3275307554597276,-0.1950050486785293,-0.9051086741249867,-0.7101036254464574,0.7522398724163081,0.7166797458007679,0.0355601266155402
0.8784875712301728,0.8372285444797082,0.49396142947249166,-0.04125902675046467,-0.3845261417576812,-0.3432671150072165,-0.118442401122552,-0.8707489518796001,-0.7523065507570481,0.7568725439625608,0.7162458194923543,0.04062672447020643
0.8961142253360446,0.8677061411534827,0.5111884073264359,-0.02840808418256191,-0.3849258180096087,-0.35651773382704677,-0.0881773352254358,-0.892073560067143,-0.8038962248417072,0.7697657804072118,0.746906735470097,0.02285904493711477
0.901327420960556,0.820527993636709,0.481628691285963,-0.08079942732384693,-0.419698729674593,-0.33889930235074606,-0.23585973284802897,-0.9684839886060943,-0.7326242557580653,0.7417769522927313,0.7272124516294205,0.014564500663310831
0.8750962010339512,0.8301589421992243,0.4445102168454922,-0.04493725883472699,-0.43058598418845906,-0.38564872535373207,-0.1271110401562785,-0.9595616624739292,-0.8324506223176507,0.7375159088733111,0.6956609978458006,0.04185491102751049
0.9089915897663836,0.8426513765344016,0.45599186845689704,-0.06634021323198203,-0.45299972130948657,-0.38665950807750454,-0.2028768508414034,-1.0460264932591297,-0.8431496424177263,0.7448640557662503,0.7268925007388712,0.017971555027379016
0.8985875696046083,0.8257230157003426,0.4673141566430274,-0.07286455390426572,-0.4312734129615809,-0.3584088590573152,-0.21311295844370592,-0.9880201219685605,-0.7749071635248546,0.7312140674591705,0.7298690938394817,0.0013449736196887718
0.8816530748706882,0.8334285631003674,0.4780755295194251,-0.04822451177032083,-0.4035775453512631,-0.3553530335809423,-0.13843213061117954,-0.9122783490699222,-0.7738462184587427,0.7475356045775063,0.7145691737494808,0.03296643082802553
0.8760901072946028,0.8513567968169646,0.5041035463026265,-0.02473331047763816,-0.37198656099197625,-0.3472532505143381,-0.07216004283784949,-0.8431572577666813,-0.7709972149288318,0.7560780325453349,0.7316222677307943,0.024455764814540593
0.9124956361472185,0.8272826034300416,0.47473155737825395,-0.08521303271717695,-0.43776407876896456,-0.3525510460517876,-0.2565793982610738,-1.0207451781405175,-0.7641657798794437,0.7704264363206641,0.7059134283163453,0.0645130080043188
0.8854094718584609,0.8553921425677931,0.5068412658606404,-0.030017329290667805,-0.3785682059978205,-0.3485508767071527,-0.08951311227643499,-0.866442711509491,-0.776929599233056,0.7713017314515048,0.727126855406425,0.04417487604507986
0.8890852250304054,0.8340306172206305,0.4958495273069314,-0.05505460780977489,-0.39323569772347405,-0.33818108991369916,-0.16014725287172915,-0.9000485280946124,-0.7399012752228833,0.7517822058670001,0.7275280405049783,0.02425416536202174
0.8633783726421674,0.8477299979980248,0.4655522640259233,-0.015648374644142593,-0.3978261086162441,-0.38217773397210153,-0.04452860091066668,-0.8825385546714537,-0.838009953760787,0.7453547720191217,0.7057523177582886,0.039602454260833087
0.9007431259931404,0.8505100804785936,0.48421755365029734,-0.05023304551454688,-0.4165255723428431,-0.3662925268282962,-0.1529494017155706,-0.9613465480275822,-0.8083971463120116,0.7618525260005433,0.7284613140808109,0.03339121191973238
0.8972588777772176,0.8470190391880492,0.48129467637467754,-0.05023983858916836,-0.41596420140254003,-0.3657243628133717,-0.15113008766006075,-0.9556323888304501,-0.8045023011703893,0.740637755766493,0.7430773064601364,-0.002439550693643322
0.8603299422704597,0.8311514049946968,0.4588888223895971,-0.029178537275762917,-0.40144111988086256,-0.37226258260509965,-0.08086552156693516,-0.8870689488535108,-0.8062034272865757,0.7464716473809451,0.687108465722224,0.05936318165872112
0.9033982164412385,0.8487092337739678,0.48963808944234327,-0.054688982667270736,-0.41376012699889525,-0.3590711443316245,-0.16692071155899724,-0.959435018335661,-0.7925143067766638,0.7606915207828607,0.7338055056555055,0.026886015127355223
0.9051860813418442,0.8496718209757178,0.44398728313097646,-0.05551426036612639,-0.46119879821086773,-0.40568453784474134,-0.17030819294433952,-1.0570480991334514,-0.8867399061891119,0.7469091484364536,0.718987641862572,0.027921506573881594
0.8896821410736148,0.8585520952768323,0.5181940895097619,-0.03113004579678247,-0.3714880515638529,-0.3403580057670704,-0.09401206928346806,-0.8572543638176826,-0.7632422945342145,0.771203634700585,0.7397485825395542,0.03145505216103073
0.8868076254131745,0.8507162323490541,0.4942968868859066,-0.03609139306412035,-0.39251073852726787,-0.3564193454631475,-0.10712151066056386,-0.8959333097488913,-0.7888117990883274,0.7636713373511692,0.7242091590809211,0.039462178270248116
0.8817307171334158,0.8411749157472864,0.5180246630115856,-0.04055580138612935,-0.3637060541218302,-0.32315025273570086,-0.11768348060093858,-0.8325986046502252,-0.7149151240492866,0.7774789858503124,0.716474544744546,0.061004441105766416
0.8974013106204312,0.863129694831084,0.5030996992006646,-0.03427161578934712,-0.3943016114197666,-0.3600299956304195,-0.10581759215941045,-0.9124828304292771,-0.8066652382698667,0.7709640030952097,0.738123133339577,0.03284086975563272
0.8822119273898661,0.8512347637217751,0.49481267558188613,-0.030977163668091,-0.38739925180797996,-0.35642208813988896,-0.09128579755818134,-0.8805220466926778,-0.7892362491344964,0.7397233417009457,0.7457829027614058,-0.006059561060460128
0.8914473916943311,0.8472803641396978,0.49789554279698045,-0.04416702755463331,-0.3935518488973506,-0.3493848213427173,-0.13149599036978232,-0.9035140583719974,-0.7720180680022151,0.7444641580341232,0.7466180410532162,-0.002153883019092917
0.8803009490508884,0.8530730021411486,0.5058833785922096,-0.027227946909739842,-0.37441757045867885,-0.347189623548939,-0.0801993827527836,-0.8524726951130046,-0.772273312360221,0.755180787791113,0.7376574320650515,0.01752335572606145
0.864673608583649,0.8370661902332422,0.4758574874471503,-0.0276074183504067,-0.38881612113649866,-0.36120870278609196,-0.07757789719668162,-0.8656711114501072,-0.7880932142534256,0.7377515306305306,0.7139799935454971,0.023771537085033434
0.9017684716542036,0.846765483136708,0.4802378803375659,-0.05500298851749563,-0.42153059131663767,-0.36652760279914204,-0.16683473054131825,-0.9727480459064379,-0.8059133153651197,0.7674807073684947,0.7183671827171569,0.04911352465133778
0.907040119027773,0.8545784357690842,0.5063904068358187,-0.05246168325868883,-0.40064971219195433,-0.3481880289332655,-0.16284204228796906,-0.9383625288000483,-0.7755204865120793,0.7593799043009976,0.7526260701207864,0.006753834180211138
0.8964034754602319,0.8335184456447474,0.49311270247602557,-0.0628850298154845,-0.40329077298420635,-0.34040574316872185,-0.18517636371456803,-0.9291758694839352,-0.7439995057693671,0.7404866921124417,0.7415363902748948,-0.0010496981624531498
0.9252032919830004,0.7888866516326742,0.4920969303345037,-0.1363166403503262,-0.43310636164849675,-0.29678972129817055,-0.40075968749831725,-1.0325643975050145,-0.6318047100066972,0.7518570527172977,0.7189341965828212,0.03292285613447654
0.8977470967507155,0.874663990514397,0.5040396099387625,-0.023083106236318485,-0.393707486811953,-0.3706243805756345,-0.0727760303272178,-0.9117433887331421,-0.8389673584059243,0.7678015670691475,0.7498322310667693,0.017969336002378156
0.9055537617741731,0.8530255990972343,0.4940128591951384,-0.05252816267693883,-0.41154090257903475,-0.3590127399020959,-0.16213671684843423,-0.9580177402852672,-0.795881023436833,0.7738884728724273,0.7278396738386034,0.04604879903382397
0.900146491998325,0.8587775674090489,0.4695084951290294,-0.0413689245892761,-0.43063799686929555,-0.38926907228001945,-0.1274979491589212,-0.9888045554519485,-0.8613066062930272,0.7601958901114675,0.7254258129128013,0.034770077198666205
0.8901736678875253,0.8315729814483022,0.4837372759742334,-0.058600686439223115,-0.4064363919132919,-0.3478357054740688,-0.17020699918445548,-0.927752239958461,-0.7575452407740055,0.7501633792314553,0.7201592376419188,0.03000414158953646
0.9294525513088414,0.8577476438059701,0.49938359950686223,-0.07170490750287128,-0.4300689518019792,-0.3583640442991079,-0.23579511236147033,-1.0343607168986868,-0.7985656045372165,0.7713223469455625,0.7530668494688866,0.018255497476675875
0.8920079717991395,0.8480603029482737,0.5131226768874619,-0.04394766885086576,-0.37888529491167755,-0.3349376260608118,-0.13112962440376386,-0.8748608744641608,-0.743731250060397,0.75697572934054,0.7451515717493765,0.011824157591163509
0.8625873866837765,0.8805609151913322,0.49942949114541263,0.017973528507555625,-0.3631578955383639,-0.38113142404591954,0.053752775554700705,-0.8124292010000131,-0.8661819765547139,0.7644813799305525,0.730570482083128,0.033910897847424515
0.9039267765330682,0.8470649709948928,0.5038153474125945,-0.056861805538175436,-0.4001114291204737,-0.34324962358229827,-0.1732905899737962,-0.9328703502646616,-0.7595797602908654,0.7793493167743405,0.7238554131860301,0.05549390358831041
0.9036489529687795,0.8194983831515515,0.4858673481147206,-0.0841505698172279,-0.41778160485405885,-0.33363103503683095,-0.2463656491339239,-0.9678280358550888,-0.7214623867211649,0.74076593899467,0.7319105171620311,0.008855421832638877
0.8902505697480178,0.8414360257155918,0.47421402012767216,-0.04881454403242591,-0.4160365496203456,-0.3672220055879197,-0.14378017480002736,-0.9470618896479086,-0.8032817148478812,0.7343535806910313,0.7362468297031565,-0.0018932490121251755
0.8722096297315937,0.8709920214865441,0.48185900884903704,-0.0012176082450495729,-0.3903506208825566,-0.38913301263750705,-0.003639726706151869,-0.8759546196721175,-0.8723148929659656,0.7524375090588933,0.7309362643192232,0.021501244739670078
0.9105885237840908,0.8473055841613577,0.5091069638411022,-0.06328293962273313,-0.4014815599429886,-0.3381986203202555,-0.19559127284211764,-0.9452555922048267,-0.749664319362709,0.7551740385171468,0.7561600093405535,-0.0009859708234066789
0.9068135202803509,0.8140018201224096,0.5246592489198958,-0.09281170015794127,-0.3821542713604551,-0.28934257120251383,-0.2713785275237326,-0.9010252412997515,-0.6296467137760189,0.7764718938307158,0.7205111657177218,0.05596072811299402
0.9065990061883942,0.8311112933902961,0.4767188993465803,-0.07548771279809807,-0.4298801068418139,-0.3543923940437158,-0.22584511920680228,-0.9962052383060762,-0.7703601190992739,0.7541870581117207,0.7220990745051263,0.03208798360659437
0.8831898765559608,0.8515105859139959,0.5029824690004157,-0.03167929064196495,-0.38020740755554516,-0.3485281169135802,-0.093549634071735,-0.8672214646422576,-0.7736718305705226,0.7567162230945075,0.7350723978857409,0.02164382520876662
0.9108023516724205,0.8360027708620156,0.4734952630976322,-0.07479958081040494,-0.43730708857478834,-0.3625075077643834,-0.22730665544101436,-1.0172546508695584,-0.789947995428544,0.7417701608161492,0.7384300962718965,0.00334006454425273
0.8657269538249377,0.8512792498428146,0.4889881558392708,-0.014447703982123139,-0.3767387979856669,-0.36229109400354376,-0.041465256878120194,-0.8424771591477582,-0.801011902269638,0.7353579442625476,0.7353049620754677,5.2982187079941845e-05
0.8963597092998765,0.8170914213712289,0.4669868840708921,-0.0792682879286476,-0.4293728252289844,-0.3501045373003368,-0.22830604530660192,-0.9813315318604194,-0.7530254865538175,0.7299728448046303,0.7236524983567011,0.006320346447929226
0.8673899916209503,0.8517878010749911,0.4922797162927743,-0.015602190545959238,-0.37511027532817603,-0.3595080847822168,-0.044925552716150285,-0.8407834426593435,-0.7958578899431932,0.7637706652230118,0.7105343407694652,0.053236324453546646
0.8899706537226755,0.8450922647923556,0.48446166378359184,-0.044878388930319923,-0.40550898993908363,-0.3606306010087637,-0.13282800562442532,-0.9256537083136247,-0.7928257026891994,0.7518886670141847,0.7277943878515641,0.024094279162620524
0.869526350436634,0.8555787238784672,0.5353857323379584,-0.013947626558166726,-0.33414061809867557,-0.32019299154050884,-0.04051984262642838,-0.7608323720454215,-0.7203125294189932,0.7692724145890194,0.7377214565130202,0.03155095807599917
0.8866089635063368,0.834766311630719,0.48018723712937944,-0.05184265187561776,-0.40642172637695734,-0.3545790745013396,-0.15032065687073315,-0.9235359446088953,-0.7732152877381622,0.74547879750828,0.722229544002677,0.023249253505602918
0.8780836517014671,0.8638975191543914,0.44979199973326994,-0.01418613254707568,-0.42829165196819713,-0.41410551942112145,-0.04233487241888634,-0.9580216475723264,-0.9156867751534401,0.7419999033554472,0.7191822103706385,0.022817692984808735
0.8889567439411726,0.8890048832788521,0.5092635743312313,4.813933767944256e-05,-0.37969316960994137,-0.3797413089476208,0.00015323391552080068,-0.8728102414443881,-0.8729634753599089,0.7768496006764699,0.7479672003577006,0.02888240031876932
0.9108827189256896,0.8463634778150473,0.4991004521449375,-0.06451924111064233,-0.41178226678075214,-0.3472630256701098,-0.19923898165899745,-0.9663014353278667,-0.7670624536688693,0.7629077107308873,0.7413233885262288,0.021584322204658446
0.8972730170090187,0.857034313933071,0.5265610682533484,-0.04023870307594779,-0.3707119487556704,-0.3304732456797226,-0.12296676537808882,-0.8651124268261146,-0.7421456614480257,0.7774700259601115,0.7431089068368469,0.03436111912326456
0.8830261069891866,0.8297859139696253,0.47887182637562925,-0.05324019301956129,-0.40415428061355735,-0.35091408759399606,-0.15242774628188904,-0.9149456482405824,-0.7625179019586934,0.755648072117121,0.7054744927725065,0.05017357934461453
0.8914313492047784,0.8539842844893661,0.524838387072239,-0.03744706471541226,-0.36659296213253945,-0.3291458974171272,-0.11263590315515692,-0.8495563336486704,-0.7369204304935135,0.761876403677363,0.7516262768335592,0.010250126843803775
0.8720985767831482,0.8814638561620769,0.4997413251287687,0.009365279378928726,-0.3723572516543795,-0.3817225310333082,0.028497666810579414,-0.8398494468802526,-0.8683471136908321,0.753156192899713,0.7490463124829496,0.004109880416763412
0.8809618132682993,0.8368358538831758,0.48807384305995377,-0.044125959385123426,-0.3928879702083455,-0.34876201082322206,-0.12711215215454263,-0.8901326110896155,-0.7630204589350729,0.7657094617194833,0.7048715450881361,0.06083791663134719
0.8993396554070227,0.8375603391807123,0.479416606717616,-0.06177931622631039,-0.41992304868940666,-0.3581437324630963,-0.18396901253009457,-0.9662757112139826,-0.782306698683888,0.7611859817184898,0.7163584191517444,0.04482756256674547
0.9051399196428563,0.8848626454633395,0.48529028858379775,-0.020277274179516858,-0.4198496310590586,-0.39957235687954173,-0.06621874934130068,-0.974053132174258,-0.9078343828329574,0.7561446729883992,0.7607172294715963,-0.004572556483197099
0.8920550336966326,0.8549042643825773,0.4641152313253969,-0.037150769314055365,-0.42793980237123574,-0.3907890330571804,-0.11203453986331668,-0.9730921813203277,-0.861057641457011,0.7523555401828348,0.7216941460869033,0.030661394095931493
0.9024629899438714,0.8639949018428146,0.46002177386736304,-0.03846808810105684,-0.4424412160765084,-0.40397312797545154,-0.12016542219110882,-1.0155926058164169,-0.895427183625308,0.7474562596555251,0.7368635174471742,0.010592742208350936
0.8719731894449952,0.833320450881255,0.4968423991945251,-0.038652738563740296,-0.37513079025047014,-0.33647805168672984,-0.10926365241849112,-0.8452719855221382,-0.7360083331036471,0.7425837346650567,0.7255069583487936,0.01707677631626303
0.925343794709778,0.8470202433680725,0.49978318238281966,-0.07832355134170554,-0.42556061232695835,-0.3472370609852528,-0.2502056663361283,-1.0177255688540345,-0.7675199025179062,0.7561954971990325,0.7585693164414143,-0.0023738192423818916
0.9060153616320408,0.869593845370479,0.4485198875699441,-0.03642151626156176,-0.4574954740620967,-0.4210739578005349,-0.11575984483241353,-1.0507663096860984,-0.9350064648536849,0.7581319155194178,0.7246208141955581,0.033511101323859704
0.8917622056809017,0.8525588363446405,0.45913808469151657,-0.03920336933626123,-0.43262412098938513,-0.3934207516531239,-0.11772870881618713,-0.9821328641964298,-0.8644041553802426,0.7445603339386235,0.7244124172060823,0.020147916732541238
0.8834587202970915,0.8462304578213901,0.47250639152173884,-0.037228262475701435,-0.41095232877535265,-0.3737240662996512,-0.10912933318941587,-0.9290388348615497,-0.8199095016721338,0.7275047833174257,0.7406255964427212,-0.01312081312529545
0.8954154981408126,0.8811707210936905,0.5017631386679451,-0.014244777047122015,-0.3936523594728675,-0.37940758242574546,-0.04524218040584671,-0.9086392845592763,-0.8633971041534296,0.7744666696958031,0.7444329022391626,0.030033767456640548
0.9047721503710856,0.8575130496103799,0.4978316386386059,-0.04725910076070572,-0.4069405117324797,-0.359681410971774,-0.14671401939145046,-0.9477121942310474,-0.8009981748395969,0.7604432409978602,0.7463013180821871,0.014141922915673066
0.897687232786374,0.8444859774360984,0.5275294926195808,-0.053201255350275534,-0.37015774016679315,-0.3169564848165176,-0.15955545193048648,-0.864538296902658,-0.7049828449721716,0.7621294838385652,0.7510056513894705,0.01112383244909465
0.921943052780416,0.8415245803300222,0.47770419772333056,-0.0804184724503938,-0.44423885505708544,-0.36382038260669164,-0.2525562954642555,-1.0490920221794662,-0.7965357267152107,0.7583795793578966,0.7357349745312826,0.022644604826614012
0.8923381059026431,0.8359063466250157,0.5052158537610815,-0.056431759277627336,-0.3871222521415616,-0.33069049286393426,-0.16552035494576867,-0.8917417391515834,-0.7262213842058147,0.7578510098949831,0.7311225276308436,0.026728482264139486
0.8840919872483318,0.854299548566799,0.4873364726872342,-0.029792438681532807,-0.39675551456109764,-0.36696307587956484,-0.08848893006270764,-0.901329543326832,-0.8128406132641244,0.7390004078964039,0.7448182644385062,-0.005817856542102318
0.890178230239077,0.8449400100969804,0.46595263952291016,-0.04523822014209666,-0.4242255907161669,-0.3789873705740702,-0.13391234171136768,-0.9633831016410883,-0.8294707599297206,0.7434409839635578,0.723939602609087,0.01950138135447088
0.9057149158472555,0.829969183590577,0.49493303292354235,-0.07574573225667847,-0.41078188292371315,-0.3350361506670347,-0.2258577091213696,-0.9567285419074869,-0.7308708327861173,0.7579587710626676,0.7291193171782488,0.028839453884418775
0.910251308260688,0.8323022439313862,0.47648461048741503,-0.07794906432930182,-0.433766697773273,-0.35581763344397116,-0.23532534974663255,-1.009337848244192,-0.7740124984975594,0.7669380309536415,0.7124207441660177,0.0545172867876238
0.8981787752076392,0.8472614250493132,0.49001724147254055,-0.05091735015832599,-0.40816153373509867,-0.3572441835767727,-0.1534923119816458,-0.9412156482631575,-0.7877233362815117,0.7442903522274279,0.7460146089255674,-0.0017242566981394702
0.8506328351475817,0.8345708309146372,0.4663468061480794,-0.01606200423294446,-0.3842860289995023,-0.36822402476655786,-0.0441181699982085,-0.8445286421216989,-0.8004104721234904,0.7561167819768183,0.6782501994967138,0.07786658248010447
0.8616555701452898,0.8444286087145902,0.4917270703937888,-0.017226961430699572,-0.369928499751501,-0.3527015383208014,-0.04867408552150865,-0.825132093557106,-0.7764580080355974,0.7504020144133107,0.7148054850891352,0.03559652932417545
0.9161325552133307,0.8593531540790104,0.46847529751543787,-0.05677940113432034,-0.44765725769789283,-0.3908778565635725,-0.18124116284223213,-1.0462723535072194,-0.8650311906649872,0.756830297771092,0.7391437067674271,0.017686591003664875
0.9238672865335859,0.8800473451993152,0.4831298015970539,-0.043819941334270696,-0.440737484936532,-0.3969175436022613,-0.14824078061601798,-1.045446404671094,-0.8972056240550761,0.7611771339112181,0.7635191549754184,-0.002342021064200339
0.9153345639441239,0.8622571797563616,0.5123256007298527,-0.05307738418776231,-0.40300896321427127,-0.34993157902650895,-0.16997886961967357,-0.9556547211851016,-0.7856758515654281,0.7734601572714851,0.7531514056820738,0.020308751589411256
0.9127212643184783,0.8483136802713093,0.5030817349835938,-0.06440758404716906,-0.40963952933488457,-0.3452319452877155,-0.20029998077777345,-0.9648221916681035,-0.76452221089033,0.7587693589134181,0.7506417608021693,0.008127598111248857
0.9131554054083773,0.8338018036842385,0.5135817463975014,-0.07935360172413874,-0.3995736590108758,-0.3202200572867371,-0.24154021468850173,-0.9453587822056948,-0.7038185675171931,0.7614002740082138,0.7456256963185312,0.0157745776896826
0.89579472609371,0.8952936904437537,0.5022526596487454,-0.000501035649956294,-0.3935420664449646,-0.3930410307950083,-0.001638170658586624,-0.9089004657463491,-0.9072622950877625,0.7813564068983331,0.747537643892473,0.033818763005860064
0.8780042603465171,0.8005171052740067,0.4847200084064422,-0.07748715507251047,-0.39328425194007494,-0.31579709686756446,-0.21239900904388032,-0.8877582506178912,-0.6753592415740108,0.7173935550336633,0.724767360984314,-0.007373805950650736
0.916916695585248,0.820076366733013,0.4644028551591176,-0.09684032885223504,-0.4525138404261304,-0.3556735115738954,-0.29131898308784576,-1.0572706099974336,-0.7659516269095878,0.7410841782646301,0.7265131000536225,0.01457107821100767
0.9061259527352701,0.8417256235048141,0.504389058071173,-0.06440032923045602,-0.4017368946640971,-0.3373365654336411,-0.19552239258077986,-0.9392241590791548,-0.7437017664983749,0.7523801894932641,0.7491135667142406,0.0032666227790235647
0.9090649194682895,0.859018988488872,0.48570192440423793,-0.05004593097941745,-0.42336299506405156,-0.3733170640846341,-0.15717196783358212,-0.986751239221803,-0.8295792713882209,0.7563613788326011,0.7461625094083321,0.010198869424269064
0.9020937099695575,0.8499032514058894,0.49933223870795623,-0.05219045856366811,-0.4027614712616013,-0.35057101269793317,-0.1591805037673364,-0.9356426090674188,-0.7764621053000824,0.7661761273881211,0.7347100060008142,0.03146612138730698
0.8971970193068141,0.8583337717033938,0.5125905805497888,-0.0388632476034203,-0.38460643875702527,-0.34574319115360497,-0.11899708738638415,-0.8928254776176148,-0.7738283902312306,0.7718409217360106,0.7402399926373204,0.03160092909869017
0.8744590604008605,0.8766069620395901,0.48549479432643927,0.002147901638729577,-0.38896426607442125,-0.3911121677131508,0.0065066099889801166,-0.8754424267232874,-0.8819490367122675,0.7592340271601901,0.7318065173510697,0.027427509809120343
0.8836429369063107,0.859886596287018,0.44826703757019165,-0.02375634061929266,-0.43537589933611903,-0.4116195587168264,-0.07112262801944125,-0.9782496019995071,-0.9071269739800658,0.7708726924722827,0.6903250213700645,0.08054767110221828
0.9042468223687434,0.8491787309597196,0.4887441492635071,-0.0550680914090238,-0.4155026731052363,-0.3604345816962125,-0.168487897232227,-0.9641015685916714,-0.7956136713594444,0.7426843561075869,0.7520954456203931,-0.009411089512806226
0.8835942096443173,0.819802938804631,0.47021870762408946,-0.06379127083968639,-0.4133755020202279,-0.3495842311805415,-0.18046078397819,-0.9340440887766999,-0.7535833047985099,0.7325954205186157,0.7164818168634095,0.0161136036552062
0.9075722109835982,0.8063091356361701,0.4938027679282267,-0.10126307534742807,-0.4137694430553715,-0.31250636770794343,-0.2936094402372009,-0.965373255179389,-0.6717638149421881,0.7478699866354942,0.7239194230631689,0.02395056357232528
0.9012965349561928,0.8534494650371662,0.47617963775128846,-0.04784706991902654,-0.4251168972049043,-0.37726982728587777,-0.1465252782450266,-0.9792883030986281,-0.8327630248536015,0.7553421563994646,0.731941602096967,0.023400554302497545
0.9008049423252275,0.8618897933298114,0.48135642956828373,-0.03891514899541604,-0.4194485127569437,-0.3805333637615277,-0.12071906420879275,-0.9672789655936336,-0.8465599013848408,0.7684477333193372,0.7275863768295443,0.040861356489792944
0.8904810700088578,0.8612642127977562,0.4956482521650545,-0.029216857211101566,-0.3948328178438033,-0.36561596063270174,-0.08875216031524635,-0.9049084058977694,-0.8161562455825231,0.7512259496407611,0.7470364070070178,0.004189542633743271
0.8804647513149119,0.8485765099591799,0.5001295305137423,-0.03188824135573198,-0.38033522080116955,-0.34844697944543757,-0.09332581138217755,-0.8644854256972927,-0.7711596143151151,0.7451440690077386,0.7409697921841507,0.004174276823587841
0.9142756178687683,0.8288182453113172,0.4862312784601197,-0.08545737255745112,-0.4280443394086486,-0.3425869668511975,-0.25883817460564984,-1.0040561535109587,-0.7452179789053088,0.7737894484747054,0.7124273126187647,0.06136213585594075
0.9085902941792118,0.8537026069125938,0.520559628727558,-0.05488768726661797,-0.38803066545165377,-0.3331429781850358,-0.17068204819117083,-0.9153714945444391,-0.7446894463532683,0.7646389640912907,0.7572627224549516,0.007376241636339098
0.869584836991225,0.8561247030414841,0.488340270702309,-0.013460133949740882,-0.381244566288916,-0.3677844323391751,-0.039139066721729954,-0.8551582784926801,-0.8160192117709502,0.7502517231186657,0.7257814840380129,0.024470239080652822
0.8833324084362741,0.8394709183872654,0.47786145033007105,-0.043861490049008744,-0.4054709581062031,-0.36160946805719435,-0.12730990178998347,-0.9179218914380423,-0.7906119896480588,0.7489580009878568,0.7181518504478837,0.030806150539973154
0.8966690601360152,0.8481877053198159,0.46883146855823027,-0.04848135481619931,-0.42783759157778495,-0.37935623676158564,-0.1459382587705269,-0.9786503624306642,-0.8327121036601373,0.7683276720141863,0.7074644839951881,0.06086318801899815
0.9035014372893846,0.8441668921199152,0.4865451605044149,-0.059334545169469344,-0.4169562767849697,-0.35762173161550037,-0.17986964492145052,-0.965972134600082,-0.7861024896786315,0.7571241999315672,0.7323514600109093,0.02477273992065787
0.9040398577179857,0.8108424907358742,0.5077604456846471,-0.09319736698211145,-0.3962794120333386,-0.30308204505122716,-0.26999285453190236,-0.9253634326887663,-0.655370578156864,0.7497606249644281,0.7320012377945764,0.017759387169851704
0.9085996691702541,0.874550412808073,0.49818064573683596,-0.034049256362181146,-0.4104190234334182,-0.37636976707123704,-0.10983117862993907,-0.960173595986008,-0.850342417356069,0.774703108200124,0.746184043609985,0.028519064590138976
0.8950134327380369,0.8294287434166259,0.49663456532009753,-0.06558468932141104,-0.3983788674179394,-0.33279417809652834,-0.19155382700836254,-0.917583737416497,-0.7260299104081345,0.7572479934770354,0.7234698341728049,0.03377815930423056
0.8645630400428899,0.8560617202767514,0.5113669281250546,-0.008501319766138438,-0.3531961119178353,-0.34469479215169685,-0.0245259294747604,-0.7943083131330881,-0.7697823836583277,0.7425267586894735,0.7454677002736572,-0.002940941584183676
0.8968447211774601,0.8540548883905685,0.5265260779663472,-0.042789832786891524,-0.37031864321111285,-0.32752881042422133,-0.13003254283190246,-0.8637730904457117,-0.7337405476138092,0.7543733036384038,0.76391048805118,-0.009537184412776178
0.9134045258188824,0.8466463998161947,0.5126019810800453,-0.06675812600268771,-0.40080254473883714,-0.33404441873614943,-0.20736258966978083,-0.9482041981085432,-0.7408416084387623,0.764946448964671,0.7501554888454108,0.014790960119260177
0.8904397421899862,0.8245525849002533,0.4941529636036143,-0.06588715728973293,-0.3962867785863719,-0.33039962129663897,-0.18966495425089525,-0.9077668123299127,-0.7181018580790175,0.7558546421845107,0.716908884944725,0.03894575723978566
0.8930462391055265,0.8587416238829408,0.4678450147349697,-0.034304615222585655,-0.4252012243705568,-0.39089660914797114,-0.1042790701295595,-0.9688159804094703,-0.8645369102799108,0.7642090922625578,0.7155461595530668,0.04866293270949107
0.8965436251315247,0.8434468866529642,0.5114743393623119,-0.05309673847856056,-0.38506928576921284,-0.3319725472906523,-0.15865459705986273,-0.8929101875466565,-0.7342555904867938,0.7741385463507471,0.7268380210804534,0.047300525270293714
0.8829058242309572,0.813320163898749,0.510382007032576,-0.06958566033220825,-0.37252381719838124,-0.302938156866173,-0.19506793355208485,-0.851537033515356,-0.6564690999632712,0.7579744709656716,0.7130975258091833,0.044876945156488324
0.9214814377165476,0.8928115673598392,0.4950984733898935,-0.028669870356708316,-0.42638296432665407,-0.39771309396994575,-0.09906453777323243,-1.0125703911463213,-0.9135058533730889,0.7712803529310882,0.7683139660464322,0.0029663868846560026
0.8732583665721694,0.8464516565504754,0.46586598436113613,-0.02680671002169399,-0.40739238221103324,-0.38058567218933925,-0.07730356125770887,-0.9111326506325388,-0.8338290893748299,0.7445183064888263,0.7125323651670277,0.03198594132179866
0.8854658482509766,0.8477909717641173,0.47740379723770504,-0.0376748764868593,-0.4080620510132716,-0.3703871745264123,-0.11107309418884936,-0.92551048282972,-0.8144373886408707,0.7506119457918109,0.7231617990433885,0.027450146748422388
0.9056750681225435,0.8171299091932426,0.4826914587007222,-0.08854515892930093,-0.4229836094218213,-0.33443845049252036,-0.25940733936552807,-0.9810820876066801,-0.7216747482411521,0.726363219041008,0.7439677383033308,-0.01760451926232287
0.9143970332382879,0.8955920365320446,0.4746072387948035,-0.01880499670624336,-0.4397897944434844,-0.42098479773724107,-0.06420638703807446,-1.027756440221071,-0.9635500531829966,0.7798604350618477,0.7432037706482428,0.03665666441360482
0.9060694057755154,0.86471767763209,0.5098255991767241,-0.04135172814342547,-0.3962438065987913,-0.35489207845536586,-0.13031238704417047,-0.9281560666632975,-0.797843679619127,0.7683197365447237,0.752088718511496,0.016231018033227795
0.8804058842669001,0.8124594865554221,0.49690807892126404,-0.06794639771147803,-0.3834978053456361,-0.31555140763415807,-0.18953531154673486,-0.8707469328766269,-0.681211621329892,0.7288498280583543,0.7309991384373697,-0.0021493103790154455
0.904195737146515,0.8569683774969997,0.48966404299393007,-0.0472273596495153,-0.41453169415258495,-0.36730433450306965,-0.14630991264701843,-0.9620877623759725,-0.8157778497289541,0.7749908592579484,0.7255612458336815,0.04942961342426688
0.8828267465592479,0.8524779589626118,0.47989724806486495,-0.030348787596636062,-0.4029294984943829,-0.37258071089774686,-0.08969564505794603,-0.9122729796688214,-0.8225773346108753,0.7664076155677132,0.7103936868234365,0.056013928744276686
0.9048314944205011,0.8355364233638597,0.5083705366357041,-0.06929507105664146,-0.39646095778479706,-0.3271658867281556,-0.2079227467864211,-0.9268358048780496,-0.7189130580916285,0.7723818592637797,0.7267771103495971,0.045604748914182536
0.8840031038545759,0.8487652427314514,0.4794614898661715,-0.03523786112312455,-0.40454161398840444,-0.3693037528652799,-0.10377684676982346,-0.9168107459923629,-0.8130338992225394,0.7442837916858687,0.7305360992822638,0.01374769240360485
0.8885168528724349,0.8483784184322417,0.4961808535587781,-0.04013843444019316,-0.39233599931365676,-0.3521975648734636,-0.11907335474820613,-0.8975779292241677,-0.7785045744759616,0.7250629003790107,0.7636545161966258,-0.038591615817615166
0.9091825042946632,0.8756074737085986,0.4842450021384988,-0.03357503058606459,-0.4249375021561644,-0.3913624715700998,-0.10865945043933678,-0.9900754874635813,-0.8814160370242445,0.7777305389124652,0.7349594478487084,0.04277109106375687
0.8932088725606296,0.8351185031228726,0.48691256418839984,-0.05809036943775703,-0.4062963083722298,-0.34820593893447277,-0.17045991044597653,-0.9311658653532935,-0.760705954907317,0.7719764521332448,0.7048501744480234,0.06712627768522139
0.8956091591432825,0.8537580416850482,0.5060503651789093,-0.04185111745823433,-0.3895587939643732,-0.3477076765061389,-0.12682149977539847,-0.9006976458387017,-0.7738761460633032,0.7785310859246105,0.7250806247468826,0.05345046117772789
0.8921541763753338,0.8461962956704642,0.4977631453955287,-0.045957880704869614,-0.3943910309798051,-0.3484331502749355,-0.136780609382261,-0.906054171493655,-0.769273562111394,0.7689289539476754,0.7218134576798756,0.04711549626779976
0.8967640223702762,0.821235245583046,0.5033730182543321,-0.07552877678723025,-0.3933910041159441,-0.31786222732871383,-0.21886709059688858,-0.9098388067507155,-0.6909717161538269,0.759200305465636,0.7217145520061335,0.03748575345950245
0.8985256153690249,0.8454813584333251,0.48740349227108015,-0.05304425693569981,-0.4111221230979447,-0.3580778661622449,-0.1595766136259269,-0.9475922618762964,-0.7880156482503695,0.7623637741255035,0.7252432032567833,0.037120570868720226
0.8864498877741299,0.8479475842347718,0.49688188591309723,-0.03850230353935813,-0.3895680018610327,-0.35106569832167456,-0.11373283686243241,-0.8896347584950333,-0.7759019216326009,0.7582972609174532,0.7292223110305461,0.029074949886907064
0.8974178195340341,0.8383859079182292,0.48390718933665416,-0.0590319116158049,-0.41351063019737994,-0.35447871858157504,-0.1753679015720766,-0.9509278582543581,-0.7755599566822815,0.7542072072745525,0.7256000705847259,0.028607136689826618
0.8809709955440653,0.8289548050233899,0.47534265537821024,-0.05201619052067541,-0.4056283401658551,-0.3536121496451797,-0.14826673169103444,-0.915641089842014,-0.7673743581509795,0.7315847978368052,0.7252608394603053,0.006323958376499905
0.9126740048688121,0.8686821680556787,0.48157600645566645,-0.043991836813133456,-0.43109799841314567,-0.3871061616000122,-0.14165809978393762,-1.0076746095148148,-0.8660165097308772,0.775947574389453,0.7326738785306518,0.04327369585880125
0.876496925869079,0.8336548093879992,0.47006389191612746,-0.04284211648107983,-0.40643303395295155,-0.3635909174718717,-0.12200944800594415,-0.9125080926125562,-0.790498644606612,0.7317659091673538,0.7217111756147832,0.010054733552570694
0.8873846044775839,0.848310878500218,0.5215285714714519,-0.039073725977365914,-0.365856033006132,-0.3267823070287661,-0.11567206925949636,-0.8432795205082106,-0.7276074512487143,0.773002338137775,0.7318136981617276,0.04118863997604738
0.8966293442773746,0.8425076892300662,0.45927584140026456,-0.05412165504730837,-0.43735350287711006,-0.3832318478298017,-0.16151758299607755,-0.9976810300179573,-0.8361634470218797,0.7465006459100023,0.7191079373618012,0.027392708548201083
0.8918075295923668,0.8367682851602808,0.4845826519444624,-0.055039244432085965,-0.4072248776479044,-0.3521856332158184,-0.16148064881365132,-0.9313032734821758,-0.7698226246685245,0.7472471697717368,0.7281918080263362,0.019055361745400567
0.9024053470871101,0.828612016625425,0.47484651535999395,-0.07379333046168501,-0.4275588317271161,-0.3537655012654311,-0.2182267742231998,-0.9856846639045695,-0.7674578896813697,0.7616784794987034,0.7088974398829826,0.05278103961572078
0.89415784717833,0.8211907918302105,0.4763781341073291,-0.07296705534811954,-0.4177797130710009,-0.3448126577228814,-0.21046488479048708,-0.9553279979353502,-0.7448631131448631,0.7495087405922081,0.7116424414850383,0.037866299107169765
0.9180943803395517,0.8587461149443748,0.48237551890215213,-0.0593482653951769,-0.4357188614373996,-0.37637059604222267,-0.19010131795482588,-1.0255530068928036,-0.8354516889379777,0.7567204410757087,0.7494235683816769,0.007296872694031786
0.86998348311264,0.8285106580092859,0.47217792420602805,-0.04147282510335404,-0.3978055589066119,-0.35633273380325786,-0.11616050274013245,-0.888694153190579,-0.7725336504504465,0.7236739751442104,0.7234407350744256,0.00023324006978475698
0.8576158622628809,0.8538297131690242,0.4715433375693066,-0.003786149093856661,-0.3860725246935743,-0.3822863755997176,-0.010775584924807013,-0.8538997069689975,-0.8431241220441905,0.7668746892135729,0.6884512527872347,0.0784234364263382
0.9051789314371134,0.8205437997957035,0.5003558687435893,-0.0846351316414099,-0.4048230626935241,-0.3201879310521142,-0.24884805662651832,-0.9440508748839511,-0.6952028182574328,0.753063734877075,0.7309886651071957,0.022075069769879274
0.8846475440347623,0.8549792211812736,0.4821533605263926,-0.02966832285348875,-0.4024941835083697,-0.37282586065488094,-0.08829788806318728,-0.913437947564512,-0.8251400595013247,0.7603935759815468,0.7207931745134055,0.039600401468141255
0.8861890109575126,0.8554104318378398,0.4927233409490041,-0.030778579119672744,-0.39346567000850846,-0.3626870908888357,-0.09191206986437317,-0.8971304627542436,-0.8052183928898704,0.7523928646887267,0.7371556578075108,0.015237206881215881
0.8531953252657303,0.8577052624667355,0.4625245644391248,0.004509937201005232,-0.39067076082660546,-0.3951806980276107,0.012825567755828438,-0.8594071373933272,-0.8722327051491556,0.7295890782301901,0.7193610232175368,0.010228055012653336
0.8817805123500606,0.8479435663346669,0.49205503683663643,-0.033836946015393665,-0.3897254755134242,-0.3558885294980305,-0.09915549364402043,-0.8847005521299287,-0.7855450584859083,0.7467560600955514,0.7344300169186914,0.012326043176860035
0.8837501123783352,0.8501729222736376,0.5145583879240916,-0.03357719010469762,-0.36919172445424364,-0.335614534349546,-0.09905059597261445,-0.8458115952754357,-0.7467609993028212,0.769759280229247,0.7292283348214628,0.040530945407784236
0.8987923605637956,0.8440654442513285,0.4652454501353683,-0.05472691631246718,-0.43354691042842736,-0.3788199941159602,-0.16437059288700784,-0.9928456819375691,-0.8284750890505612,0.7266306588622672,0.7454381777713945,-0.018807518909127352
0.9154629531152914,0.8656268797984296,0.49295633984671267,-0.049836073316861795,-0.4225066132685787,-0.3726705399517169,-0.16061155761090173,-0.9948575609456802,-0.8342460033347785,0.7698374730480593,0.7461933087922297,0.023644164255829603
0.8795014521474543,0.8415267850028637,0.5028675127727551,-0.037974667144590635,-0.37663393937469924,-0.3386592722301086,-0.10984494483915919,-0.8560452561743692,-0.74620031133521,0.7505102850759959,0.7320868815393862,0.01842340353660976
0.8902158199964528,0.7804562985408676,0.48115419421928163,-0.10975952145558521,-0.4090616257771712,-0.299302104321586,-0.2998681521074258,-0.9330564195080169,-0.6331882674005911,0.7237387201097428,0.7108121550613253,0.012926565048417493
0.9063573674598827,0.8360726965040908,0.48296298685380784,-0.07028467095579194,-0.42339438060607487,-0.35310970965028293,-0.21169375577510197,-0.9828769081361732,-0.7711831523610713,0.7615574063116157,0.7220379609002386,0.039519445411377085
0.9275184273627571,0.8431620306154308,0.5027415914593237,-0.08435639674732631,-0.4247768359034334,-0.3404204391561071,-0.2691992407175685,-1.0201386953114377,-0.7509394545938692,0.7648594655870399,0.7507552340379678,0.014104231549072033
0.8885853370688572,0.8457631210424689,0.4963847449869964,-0.04282221602638836,-0.3922005920818608,-0.34937837605547245,-0.1265573860256608,-0.8973877613373697,-0.770830375311709,0.7582411324190043,0.7289143363132109,0.029326796105793362
0.8953294272800831,0.8418963782870472,0.4740634960418085,-0.053433048993035914,-0.42126593123827466,-0.36783288224523875,-0.15893643718797845,-0.9637806583853541,-0.8048442211973756,0.743970764569798,0.7302221031694945,0.013748661400303508
0.8871066090106603,0.868142070750541,0.48569929381576876,-0.018964538260119346,-0.40140731519489153,-0.3824427769347722,-0.05790860252109287,-0.9140763724000733,-0.8561677698789805,0.7566731263431796,0.7372921893748005,0.01938093696837917
0.8743018421186189,0.8360275449223283,0.5013987868052929,-0.03827429719629061,-0.372903055313326,-0.3346287581170354,-0.10897299334680888,-0.843155989697429,-0.7341829963506201,0.7433633692065098,0.7311220800243168,0.012241289182193027
0.8808030728042618,0.8642150184526736,0.47570582997023697,-0.016588054351588277,-0.4050972428340249,-0.3885091884824366,-0.04976034898247361,-0.9143954629495876,-0.864635113967114,0.748040788213076,0.7324418259383721,0.01559896227470381
0.9022797577450176,0.8137880471402609,0.47472007962154816,-0.08849171060475669,-0.4275596781234694,-0.3390679675187127,-0.2564974270124343,-0.9855147854736805,-0.7290173584612463,0.7603454342014128,0.7001798221364715,0.06016561206494131
0.8796297654677829,0.858565994345953,0.5003921890350691,-0.02106377112182989,-0.37923757643271383,-0.35817380531088394,-0.06249616077234155,-0.8613901765424354,-0.7988940157700939,0.7621975654044006,0.7301944004948027,0.03200316490959798
0.8926417085184313,0.8293622727869556,0.4975875499437402,-0.06327943573147565,-0.39505415857469106,-0.3317747228432154,-0.18403147283312515,-0.9079786749022212,-0.723947202069096,0.7607025504889726,0.7190251370104455,0.04167741347852716
0.8646103785680722,0.8651763477898753,0.5109283479999738,0.0005659692218030754,-0.35368203056809844,-0.3542479997899015,0.0016556685890511957,-0.7953240417050842,-0.7969797102941354,0.7291406529970499,0.7646693965748977,-0.035528743577847854
0.8796848290828917,0.8359776378895183,0.49494034338983806,-0.04370719119337341,-0.38474448569305364,-0.34103729449968023,-0.1254980035051836,-0.8724632787045046,-0.746965275199321,0.7431075093860525,0.730627697522113,0.012479811863939538
0.8704220598661632,0.8400344093234231,0.49484051991560307,-0.030387650542740063,-0.3755815399505601,-0.34519388940782003,-0.08646972560831756,-0.8446453667846814,-0.7581756411763638,0.7347675986496078,0.7354303940871851,-0.0006627954375773015
0.8832207190029543,0.8628197516414791,0.5006822902157111,-0.02040096736147523,-0.3825384287872432,-0.36213746142576797,-0.06131911935154166,-0.8719178870495186,-0.8105987676979769,0.7575870272256138,0.7402281466811493,0.01735888054446444
0.9132020604439952,0.8601321644181495,0.49180241523324697,-0.053069896025845664,-0.42139964521074824,-0.3683297491849026,-0.16850802511490626,-0.9890872149977088,-0.8205791898828025,0.7607845807227559,0.7493065126741719,0.011478068048583978
0.8659379941740797,0.8421514586900406,0.513625431484643,-0.023786535484039084,-0.35231256268943667,-0.3285260272053976,-0.06742356999686372,-0.7938166445018753,-0.7263930745050116,0.7452108518260109,0.7359324044064982,0.00927844741951267
0.875315091732073,0.8190936417156801,0.4674245591011703,-0.05622145001639289,-0.4078905326309027,-0.3516690826145098,-0.1568739217607087,-0.9142124025288576,-0.7573384807681489,0.7357950835692406,0.705427111463375,0.030367972105865615
0.874732733963618,0.8327583119436285,0.49629262106915756,-0.041974422019989466,-0.3784401128944604,-0.3364656908744709,-0.11906853776426374,-0.8546691380918157,-0.7356006003275519,0.7729853260541606,0.6962037852634421,0.07678154079071853
0.9178444138504833,0.85445224489967,0.4880607987786123,-0.06339216895081334,-0.429783615071871,-0.3663914461210577,-0.2014420719498724,-1.013266494184152,-0.8118244222342796,0.7589746990236002,0.7479302726622434,0.011044426361356718
0.8786603510857044,0.8460089744495035,0.5023927598907877,-0.03265137663620088,-0.3762675911949167,-0.3436162145587158,-0.09491978053967731,-0.854414969889117,-0.7594951893494397,0.7604217134487161,0.7242863435019476,0.03613536994676847
0.894181719151959,0.8516674487657057,0.4974590769971978,-0.04251427038625333,-0.39672264215476116,-0.35420837176850783,-0.1280662350467141,-0.9132261440232554,-0.7851599089765413,0.7533315416440655,0.742207288299176,0.011124253344889423
0.8649854484269562,0.8652693510174503,0.49070188812758037,0.0002839025904940451,-0.3742835602993759,-0.3745674628898699,0.000831127231318618,-0.8368766644569445,-0.8377077916882631,0.7505602216572399,0.730077570057418,0.020482651599821877
0.9048121514382467,0.8471043619698276,0.4739308263842212,-0.057707789468419035,-0.4308813250540255,-0.37317353558560645,-0.17619176974638062,-0.9956737452953985,-0.8194819755490179,0.7558653197729217,0.7280329067552751,0.027832413017646607
0.8822249402657725,0.8378032127896161,0.4644571379220255,-0.04442172747615636,-0.417767802343747,-0.37334607486759064,-0.1284006511852267,-0.9413333094698415,-0.8129326582846148,0.730522992867908,0.7258005344503681,0.004722458417539932
0.9084923413176554,0.8452584547013732,0.49766932434303124,-0.06323388661628226,-0.4108230169746242,-0.34758913035834194,-0.19395909380596654,-0.9608239093723077,-0.7668648155663411,0.7584760568134844,0.7424706900945556,0.016005366718928826
0.9172834333130033,0.8511245892835901,0.47342694368711336,-0.06615884402941319,-0.44385648962588997,-0.3776976455964768,-0.20879423897298155,-1.040517260331367,-0.8317230213583855,0.7712163022705204,0.7233403419186175,0.04787596035190289
0.8699406648386951,0.8092558703915961,0.4747203040827971,-0.060684794447099066,-0.39522036075589806,-0.334535566308799,-0.16604665431190213,-0.8834748991282415,-0.7174282448163394,0.734870599242983,0.7010739602990756,0.03379663894390739
0.8934673036073475,0.829872208162251,0.4766315580997961,-0.06359509544509645,-0.41683574550755137,-0.3532406500624549,-0.1853466020893606,-0.9525791250179696,-0.767232522928609,0.7562941764961452,0.7103532034167844,0.045940973079360736
0.857253779315677,0.8451761558085595,0.4865102796453578,-0.012077623507117496,-0.3707434996703192,-0.3586658761632017,-0.03394407912920361,-0.8229027060883247,-0.7889586269591211,0.7284408652667285,0.7308526112463342,-0.002411745979605695
0.8800723356893296,0.8690112603734355,0.5078320960018831,-0.011061075315894175,-0.3722402396874466,-0.3611791643715524,-0.033400670358914475,-0.8478709090385934,-0.8144702386796789,0.7634445626421432,0.741165898734289,0.022278663907854268
0.8951521459327468,0.8066841674388482,0.47260725736939085,-0.08846797849389865,-0.422544888563356,-0.33407691006945733,-0.25098709228543337,-0.9661183958658393,-0.7151313035804059,0.7354610571426505,0.7141679900180067,0.02129306712464385
0.9080512471376373,0.8521674948648396,0.4851519883055029,-0.05588375227279774,-0.4228992588321344,-0.3670155065593367,-0.17314846786461136,-0.984334758813294,-0.8111862909486827,0.7533045099223804,0.7436093102829392,0.00969519963944121
0.9123876295396227,0.8601418434095293,0.504213695965234,-0.05224578613009345,-0.4081739335743887,-0.35592814744429524,-0.1655934455882324,-0.9613771454790065,-0.7957836998907741,0.7643184253055555,0.753510353970702,0.010808071334853508
0.8613425043183643,0.8585575023757058,0.4719849312160362,-0.002785001942658516,-0.38935757310232816,-0.38657257115966964,-0.008025133698728482,-0.8637386542086056,-0.8557135205098771,0.7402438472709119,0.7210127780024923,0.019231069268419554
0.882406707558843,0.8697808297022465,0.5224074558150912,-0.012625877856596524,-0.3599992517437518,-0.3473733738871553,-0.03833277804602497,-0.8259217397266483,-0.7875889616806233,0.7701769589620774,0.7462197030887098,0.02395725587336761
0.8761213648304731,0.8303590103333608,0.48263868585877984,-0.0457623544971123,-0.39348267897169326,-0.34772032447458096,-0.12968440661551695,-0.8861889266655212,-0.7565045200500042,0.7546309229683127,0.7047817843800964,0.04984913858821627
0.8759984677074536,0.8578500519517517,0.4892818237940938,-0.01814841575570192,-0.3867166439133598,-0.3685682281576579,-0.05346033061116051,-0.872524346056746,-0.8190640154455855,0.7561000881677689,0.7259868074677639,0.030113280700004963
0.9077340957742474,0.8545151450939079,0.4891590470214651,-0.05321895068033944,-0.41857504875278223,-0.3653560980724428,-0.165415503099672,-0.9752212374875642,-0.8098057343878922,0.7633318448506135,0.737607013742467,0.025724831108146495
0.9080987279288502,0.8641007137049802,0.5054134715937492,-0.04399801422386995,-0.402685256335101,-0.35868724211123104,-0.1391046912685403,-0.9439715532242652,-0.8048668619557249,0.7732683939554451,0.7451402148629412,0.02812817909250387
0.8976281650795835,0.8442344466415069,0.4906925333461975,-0.05339371843807661,-0.40693563173338604,-0.35354191329530943,-0.16005442423459382,-0.9380462672297971,-0.7779918429952033,0.7708027265826777,0.7175673701288477,0.05323535645382993
0.895492798553273,0.8136223643167337,0.46552832531643523,-0.08187043423653928,-0.4299644732368378,-0.3480940390002985,-0.23440780314264176,-0.9814162951688858,-0.7470084920262441,0.7424883143490563,0.7072740111085715,0.0352143032404848
0.9152178588736463,0.8331434003991625,0.46963841606002527,-0.0820744584744838,-0.445579442813621,-0.3635049843391372,-0.25067119769001733,-1.0406498738482806,-0.7899786761582632,0.7566929013007754,0.7219735489211139,0.034719352379661506
0.9041273646319241,0.8361078832858098,0.5035550086927306,-0.06801948134611435,-0.4005723559391935,-0.33255287459307914,-0.20398452944326584,-0.9340720308967427,-0.7300875014534769,0.7579649722412569,0.7378951988323861,0.02006977340887084
0.8886751218605872,0.8725670548206457,0.48411132776271915,-0.016108067039941498,-0.404563794097868,-0.3884557270579265,-0.04970668316632709,-0.9222252863718992,-0.8725186032055721,0.7672026718939096,0.7296996644020582,0.037503007491851315
0.863998506847904,0.8357891822104883,0.4572964593731302,-0.028209324637415767,-0.40670204747477384,-0.3784927228373581,-0.07905883388848522,-0.9009070632365628,-0.8218482293480776,0.7437015120510864,0.6943545869032619,0.04934692514782446
0.8936555954490386,0.8399663642874601,0.4769806598239553,-0.05368923116157853,-0.4166749356250833,-0.36298570446350475,-0.1587648680500835,-0.9524907171940471,-0.7937258491439636,0.7769793413091081,0.6967557383978612,0.08022360291124686
0.8894376452756283,0.8267369255060476,0.4947445933342489,-0.06270071976958069,-0.3946930519413794,-0.3319923321717987,-0.18070585451853383,-0.9033815383296004,-0.7226756838110666,0.7526499830970182,0.7212961263135982,0.031353856783420064
0.8997555330604754,0.8359785718867926,0.4756979914087739,-0.06377696117368281,-0.4240575416517015,-0.3602805804780187,-0.18963245875962498,-0.9751039445048462,-0.7854714857452212,0.758710059518881,0.7155780047184801,0.04313205480040094
0.8918206077612877,0.8395939254311379,0.482650968137119,-0.05222668233014982,-0.4091696396241687,-0.35694295729401887,-0.15385024963081495,-0.9352108232072671,-0.7813605735764522,0.7575797643424618,0.7184639032105677,0.039115861131894025
0.8924662736928319,0.8720048477751386,0.47196343416488834,-0.020461425917693288,-0.4205028395279436,-0.4000414136102503,-0.06353575304999604,-0.9586898089327491,-0.8951540558827531,0.7632062659124927,0.7277501045094132,0.0354561614030795
0.891176727198681,0.8631282080316014,0.49810155660373917,-0.028048519167079622,-0.39307517059494185,-0.3650266514278622,-0.08557516833150913,-0.9022324149050578,-0.8166572465735487,0.7738990575091322,0.7277052703802159,0.04619378712891631
0.9058160721612294,0.8354683981455752,0.4984674365897801,-0.07034767401565423,-0.4073486355714493,-0.33700096155579506,-0.21146925482060386,-0.9500058082301324,-0.7385365534095285,0.7569345430649173,0.7362333948661393,0.020701148198777997
0.9081968985030867,0.8711350755710319,0.5146939558518062,-0.037061822932054844,-0.3935029426512805,-0.35644111971922565,-0.1186868057630237,-0.9257464700640627,-0.807059664301039,0.7808036000717575,0.748547019878859,0.032256580192898565
0.897447188957294,0.8122563641867692,0.5286446724456912,-0.08519082477052486,-0.3688025165116028,-0.2836116917410779,-0.2443259990468314,-0.8615127513997856,-0.6171867523529542,0.7601843649056218,0.7320477854875476,0.028136579418074237
0.9233745706310607,0.8297323237111514,0.505492937948718,-0.0936422469199093,-0.4178816326823427,-0.3242393857624334,-0.28973813832021733,-0.9988584242091552,-0.7091202858889378,0.7642336206198551,0.7414996009074316,0.022734019712423503
0.9064211649044955,0.8378434571752994,0.47915755630520407,-0.06857770772919614,-0.42726360859929147,-0.35868590087009533,-0.20711919714364635,-0.9907122734926501,-0.7835930763490038,0.744672415439803,0.7376090368168632,0.00706337862293982
0.906637323144966,0.8525804198355187,0.4900694414490791,-0.054056903309447346,-0.41656788169588693,-0.3625109783864396,-0.16710792484637915,-0.9696203072948439,-0.8025123824484648,0.7588397338766872,0.7406850557430218,0.018154678133665447
0.8826492789501137,0.8144842269120222,0.47449725578770163,-0.06816505203809153,-0.40815202316241206,-0.3399869711243205,-0.19127940290036527,-0.9225326655700352,-0.73125326266967,0.7263749490938416,0.72137889200605,0.0049960570877916055
0.8835275900829674,0.8568898571327591,0.49763728535086227,-0.026637732950208326,-0.38589030473210517,-0.35925257178189685,-0.07935831821107442,-0.8789639773292095,-0.7996056591181351,0.7684536705315363,0.7235828178461895,0.04487085268534685
0.8816319116384311,0.8142359559194119,0.5012371824406407,-0.06739595571901924,-0.3803947291977904,-0.31299877347877114,-0.18876272823980722,-0.8658754623598552,-0.677112734120048,0.747278020544413,0.7174586794545761,0.02981934108983686
0.9063960006052285,0.8533198698875722,0.5083164780183445,-0.05307613071765627,-0.39807952258688406,-0.3450033918692278,-0.16419102124185203,-0.9322951832123243,-0.7681041619704723,0.7724136975892121,0.7396078680848849,0.0328058295043272
0.898839315697898,0.8387053200117319,0.49144138129945425,-0.060133995686166064,-0.40739793439844374,-0.3472639387122777,-0.17919932620553247,-0.9405542622108807,-0.7613549360053482,0.7487737037719847,0.7372169742340713,0.011556729537913424
0.8876292929266348,0.8436987939861899,0.4743389317778462,-0.043930498940444984,-0.41329036114878864,-0.36935986220834366,-0.12922463039882537,-0.9384690709358767,-0.8092444405370514,0.7355186766830746,0.7349260024440393,0.0005926742390353068
0.921292971263583,0.8280056020042798,0.5003554814704488,-0.09328736925930325,-0.42093748979313417,-0.3276501205338309,-0.2865452831136781,-1.0013559464532862,-0.7148106633396081,0.7579322898893055,0.7418370799362356,0.0160952099530699
0.9030319542167162,0.8845172500895435,0.47270524181577805,-0.01851470412717271,-0.43032671240093817,-0.41181200827376546,-0.06014162548303137,-0.992087602967431,-0.9319459774843997,0.7691482420164576,0.7376880553982342,0.03146018661822336
0.8816009711315985,0.8263324677030728,0.4567412607375627,-0.05526850342852574,-0.4248597103940358,-0.36959120696551007,-0.15715754039022878,-0.9548798352547616,-0.7977222948645328,0.7470338412150889,0.6960826251664006,0.05095121604868824
0.9014629113589645,0.8244636371133005,0.4902354462562928,-0.076999274245664,-0.4112274651026717,-0.3342281908570077,-0.226013881459735,-0.95171791444674,-0.725704032987005,0.7526244712910647,0.724816858527974,0.02780761276309074
0.8837869410674803,0.827248680092429,0.47571621498910527,-0.056538260975051324,-0.4080707260783751,-0.35153246510332375,-0.16152977804650437,-0.9236340800352361,-0.7621043019887317,0.7597155360721133,0.6981190213605633,0.06159651471155003
0.8921242054096388,0.8361521884938508,0.47351562143642073,-0.055972016915788014,-0.41860858397321804,-0.36263656705743,-0.16416655898469035,-0.9544773880049326,-0.7903108290202423,0.7457351396753134,0.7221262038846268,0.02360893579068657
0.8810298978066684,0.8281208139473778,0.4938546753929359,-0.05290908385929061,-0.3871752224137325,-0.33426613855444187,-0.15066134176801604,-0.878779265130047,-0.728117923362031,0.7327303958668442,0.7359398622311439,-0.003209466364299751
0.9141702590234491,0.8899723654341404,0.4691442420753122,-0.024197893589308683,-0.44502601694813687,-0.4208281233588282,-0.0815614921171175,-1.0378897463275256,-0.9563282542104081,0.7516210414741521,0.7639035362144491,-0.012282494740296968
0.8745273052590501,0.8363075310575424,0.49598608728777255,-0.038219774201507684,-0.37854121797127754,-0.34032144376976986,-0.10889689976669548,-0.8546618519336171,-0.7457649521669216,0.7627080118316747,0.708505937237902,0.05420207459377269
0.8945433359371113,0.8524423654733023,0.49495136141769885,-0.04210097046380901,-0.3995919745194125,-0.35749100405560347,-0.12706012503540265,-0.9194182005141334,-0.7923580754787307,0.7435374702654165,0.7510872382866587,-0.007549768021242187
0.881543023710999,0.8606911029558526,0.502984796246419,-0.020851920755146414,-0.37855822746458,-0.3577063067094336,-0.06227860868172819,-0.8621050887309776,-0.7998264800492494,0.7565616123856674,0.7402510028898462,0.016310609495821193
0.8933802113414394,0.8232596949203449,0.4714328232896849,-0.07012051642109451,-0.4219473880517545,-0.35182687163066,-0.20252975758007308,-0.9627084517139681,-0.760178694133895,0.7638942956676958,0.694820857366617,0.06907343830107882
0.8963850068312008,0.8368339578418751,0.5197859113893513,-0.05955104898932573,-0.37659909544184955,-0.3170480464525238,-0.17617948432950659,-0.8757580780911647,-0.6995785937616581,0.7703571698669571,0.7316460808413277,0.038711089025629475
0.8946386438797449,0.8556544914648024,0.501572981609844,-0.03898415241494246,-0.3930656622699009,-0.35408150985495845,-0.11827234673170528,-0.9064851520980026,-0.7882128053662973,0.7726001578333259,0.7286439201362683,0.04395623769705759
0.8803053610129392,0.8463613662853557,0.5193743877196356,-0.03394399472758347,-0.3609309732933036,-0.3269869785657201,-0.0989958141577052,-0.82549483689245,-0.7264990227347448,0.7552101750423765,0.7421505683029105,0.013059606739466045
0.8951510886853373,0.8441952831983962,0.4857745724689032,-0.05095580548694112,-0.4093765162164341,-0.358420710729493,-0.15203417401165353,-0.9397567112494678,-0.7877225372378143,0.7596738312544885,0.7237401316472692,0.03593369960721926
0.8799399566477535,0.8505758606401574,0.49679600163222193,-0.02936409600759604,-0.38314395501553156,-0.3537798590079355,-0.08611685792634471,-0.8695364049186596,-0.7834195469923149,0.7763106752308493,0.708563870715906,0.0677468045149433
0.8996853112732071,0.848038866241837,0.49598692994463534,-0.05164644503137006,-0.4036983813285717,-0.35205193629720166,-0.15632708688868657,-0.9342732141969339,-0.7779461273082473,0.7556801496364237,0.7401272553366959,0.015552894299727837
0.9154491201454625,0.8492436964201009,0.4704590719643098,-0.06620542372536165,-0.44499004818115273,-0.3787846244557911,-0.2074384363794688,-1.039836334553308,-0.8323978981738391,0.7376887589735664,0.752412500046349,-0.014723741072782515
0.8953690108714916,0.8566788320458084,0.47578087789111834,-0.03869017882568315,-0.41958813298037323,-0.3808979541546901,-0.11773588644615973,-0.9604708792384598,-0.8427349927923,0.75799386327464,0.727225283930972,0.030768579343668057
0.8834850164843695,0.833168838277352,0.4873406957202741,-0.0503161782070175,-0.3961443207640954,-0.3458281425570779,-0.14481946959718295,-0.8994271406961445,-0.7546076710989615,0.7511562020895363,0.718173498231794,0.03298270385774227
0.8771438734381238,0.8629956560715063,0.47395776525499156,-0.014148217366617533,-0.4031861081831323,-0.38903789081651474,-0.04209380948218744,-0.90667663761108,-0.8645828281288925,0.7493454874901383,0.7267193756862762,0.022626111803862092
0.907356380815197,0.8476571632040617,0.4708902479547845,-0.05969921761113528,-0.43646613286041247,-0.3767669152492772,-0.18337650939508476,-1.0104861119623598,-0.8271096025672751,0.749428190613197,0.7345076707028318,0.014920519910365138
0.8939722984845487,0.8486438756949258,0.4726826730097683,-0.0453284227896229,-0.42128962547478044,-0.37596120268515754,-0.13585713935922517,-0.962125633031566,-0.8262684936723408,0.7438203833969919,0.73304551472917,0.010774868667821846
0.9138590212963958,0.8432689773396952,0.5103768443104904,-0.07059004395670065,-0.4034821769859055,-0.33289213302920484,-0.21831198780846295,-0.9542736090224304,-0.7359616212139675,0.7694336574479559,0.7422362378497651,0.027197419598190775
0.8742604478083578,0.8528390773807938,0.47648768878995357,-0.02142137042756398,-0.3977727590184042,-0.3763513885908402,-0.06244889336096193,-0.8928706801165232,-0.8304217867555612,0.7506384405661054,0.7184197020866313,0.032218738479474096
0.8706961521899749,0.8353485564006187,0.4798102811988535,-0.0353475957893562,-0.3908858709911214,-0.3555382752017652,-0.09999450050137249,-0.8755331532563733,-0.7755386527550008,0.7268974907758113,0.7303391690838199,-0.0034416783080085667
0.8771940809524302,0.8463788799450298,0.47683954210435425,-0.030815201007400428,-0.400354538848076,-0.36953933784067555,-0.08941547820055495,-0.9010590449500993,-0.8116435667495443,0.7507104076739406,0.7162312609939356,0.03447914668000496
0.8923662675893796,0.8464214444744391,0.4754875083719604,-0.045944823114940525,-0.41687875921741924,-0.3709339361024787,-0.13684037906274238,-0.9513091417566957,-0.8144687626939533,0.7560143622030382,0.7201691180874812,0.03584524411555701
0.8953456915214257,0.8622213667139971,0.4990500221219644,-0.03312432480742866,-0.3962956693994613,-0.36317134459203265,-0.10171185084244394,-0.913837446393529,-0.8121255955510851,0.7804255397320783,0.7239858471728465,0.05643969255923176
0.8781945777794077,0.8481029099429569,0.5002157258857463,-0.030091667836450786,-0.3779788518936614,-0.34788718405721064,-0.08767689563422154,-0.8573437633566758,-0.7696668677224543,0.7440197475468106,0.7403223948585966,0.0036973526882139174
0.9245015451346611,0.8570230816122176,0.47089182376705396,-0.06747846352244347,-0.45360972136760713,-0.38613125784516367,-0.21883499745349422,-1.072345010259015,-0.8535100128055209,0.767570696557301,0.7340402704519874,0.03353042610531365
0.8871327206391832,0.8473765600329541,0.48897116770631044,-0.03975616060622911,-0.3981615529328728,-0.3584053923266437,-0.11747697751857666,-0.9076130278656351,-0.7901360503470585,0.7675851054690584,0.7147351934499068,0.05284991201915168
0.8947907799734548,0.8507485576914785,0.4618276034919738,-0.044042222281976295,-0.43296317648148097,-0.3889209541995047,-0.13263076860267597,-0.9865459571009367,-0.8539151884982608,0.7588182489692029,0.7127597118020688,0.04605853716713415
0.8950794243120543,0.8474231378029154,0.508936922443591,-0.04765628650913889,-0.38614250186846333,-0.33848621535932444,-0.142862005939838,-0.8931933319395569,-0.7503313259997189,0.7573277071577638,0.7436319492146102,0.013695757943153586
0.9150922156784256,0.8481658367684553,0.49381745596595655,-0.06692637890997033,-0.421274759712469,-0.3543483808024987,-0.20916477154303914,-0.9918038313062638,-0.7826390597632247,0.7697969275815664,0.7349200780269919,0.034876849554574485
0.8971746030482266,0.8597092971439014,0.5075449825381025,-0.037465305904325175,-0.38962962051012406,-0.3521643146057989,-0.11497060310813678,-0.9028449562161096,-0.7878743531079728,0.7721790394372033,0.7374402157162839,0.03473882372091941
0.884080430892231,0.8545387524053957,0.4766686869749038,-0.02954167848683531,-0.4074117439173272,-0.3778700654304919,-0.087774594581846,-0.9226432568370129,-0.8348686622551669,0.7505883310310285,0.7262702491506585,0.02431808188036999
0.8999628571710627,0.843669686328582,0.46921220265166763,-0.056293170842480755,-0.4307506545193951,-0.37445748367691434,-0.16935182381773384,-0.9887859912234593,-0.8194341674057255,0.7629838445030543,0.712245986264487,0.05073785823856736
0.9032510158984756,0.8798267186598876,0.49546275588125355,-0.023424297238587966,-0.407788260017222,-0.38436396277863405,-0.07543155392210377,-0.9472862113797955,-0.8718546574576918,0.7686078354965287,0.7504191581298826,0.01818867736664609
0.9422575641843487,0.8395397143882694,0.49655575479858177,-0.10271784979607934,-0.4457018093857669,-0.3429839595896876,-0.33894579601304065,-1.0923421734161438,-0.7533963774031032,0.7535662167217492,0.7653358055257172,-0.011769588803968056
0.9057526029882692,0.8473083973506849,0.4999123522851853,-0.058444205637584346,-0.4058402507030839,-0.34739604506549954,-0.17883633666524235,-0.946898707481574,-0.7680623708163317,0.7803420255342188,0.7216402095485407,0.05870181598567814
0.870672009442204,0.8466722104473127,0.49834831870809915,-0.023999798994891353,-0.3723236907341049,-0.3483238917392135,-0.06895091136700682,-0.8383741531473559,-0.769423241780349,0.756199144792985,0.7209292142720922,0.03526993052089278
0.8994410153604208,0.8659062317176148,0.4769399032176667,-0.03353478364280593,-0.42250111214275404,-0.3889663284999481,-0.10445657942916808,-0.9715708030105905,-0.8671142235814224,0.7567684674298298,0.7380896327673051,0.018678834662524735
0.8994859191216148,0.8780029613819714,0.493747228271893,-0.02148295773964337,-0.4057386908497218,-0.38425573311007843,-0.06839402764768066,-0.9380894368358461,-0.8696954091881655,0.7629387185403645,0.7512186873099548,0.011720031230409766
0.9029661038461212,0.8233665454105226,0.4870187281567236,-0.07959955843559863,-0.4159473756893976,-0.336347817253799,-0.2339550775373711,-0.9632139002833193,-0.7292588227459482,0.7501598275224692,0.7254077574197756,0.024752070102693646
0.8787066336470117,0.8418222279318889,0.46675682062955653,-0.03688440571512286,-0.4119498130174552,-0.37506540730233234,-0.10659756461900471,-0.9258777034056072,-0.8192801387866024,0.7258455713356257,0.7323448834700123,-0.006499312134386592
0.899091673255126,0.8350557101580276,0.4830218582255807,-0.06403596309709836,-0.41606981502954526,-0.3520338519324469,-0.1899146578591444,-0.9582363569573091,-0.7683216990981647,0.7444901805110846,0.7336226472480717,0.01086753326301293
0.8712433717625636,0.8422478921041439,0.5057342068975048,-0.028995479658419754,-0.3655091648650588,-0.33651368520663905,-0.0828632532933069,-0.8253064240808117,-0.7424431707875048,0.7754210459234111,0.7040626012527303,0.07135844467068075
0.8753242248547315,0.8695814154050865,0.47507808924399836,-0.005742809449645003,-0.40024613561073313,-0.39450332616108813,-0.017216442850485958,-0.8989074717955925,-0.8816910289451065,0.7425566876313963,0.7374324653711481,0.0051242222602481124
0.8580384278995569,0.84038818019112,0.4562410355393716,-0.017650247708436817,-0.40179739236018525,-0.38414714465174843,-0.04934361068114068,-0.8857956522821857,-0.836452041601045,0.7329391272006545,0.7035059685527112,0.02943315864794327
0.8869533903438265,0.8260073400180389,0.4617719902795059,-0.06094605032578759,-0.4251814000643206,-0.364235349738533,-0.17474846484205653,-0.9615177452978865,-0.78676928045583,0.7348079050868581,0.715013908674056,0.019793996412802106
0.899032125763085,0.8492103334108833,0.4914968622270039,-0.049821792352201744,-0.4075352635360811,-0.35771347118387936,-0.15088749663025158,-0.9410829698201741,-0.7901954731899226,0.7639748957013298,0.7291846518993182,0.03479024380201157
0.9011077679224991,0.861920751205793,0.5132149553953022,-0.0391870167167061,-0.387892812527197,-0.3487057958104909,-0.12164307325608048,-0.904563932440617,-0.7829208591845365,0.7808187817493447,0.7366768679330516,0.044141913816293066
0.9110650670489501,0.823293961268868,0.504999426820452,-0.08777110578008207,-0.4060656402284981,-0.31829453444841604,-0.2620396015569737,-0.9551436275201171,-0.6931040259631434,0.7661301978209365,0.7267754389379102,0.03935475888302631
0.8965740688341348,0.8772674956851448,0.5089522348015433,-0.01930657314898998,-0.38762183403259154,-0.36831526088360156,-0.06101559253007194,-0.8980554227809401,-0.8370398302508681,0.7836054630515426,0.7382570698290057,0.04534839322253681
0.9013412377381467,0.860006114952056,0.47577404193255585,-0.04133512278609064,-0.4255671958055908,-0.3842320730195002,-0.12795948881846053,-0.980250324625624,-0.8522908358071635,0.7664653789487559,0.7249488841330833,0.041516494815672544
0.8912448197287446,0.8154363925468483,0.5015460892084689,-0.07580842718189629,-0.3896987305202757,-0.3138903033383794,-0.21597661691041425,-0.8955620192968563,-0.679585402386442,0.7484635822208218,0.7236879521018862,0.024775630118935577
0.8661901692996763,0.8709707439421971,0.47536945070354225,0.004780574642520796,-0.39082071859613404,-0.39560129323865484,0.014150170092290804,-0.8710923460917694,-0.8852425161840602,0.7406838546756842,0.7343363879545927,0.006347466721091544
0.8860529413100905,0.7975425426882254,0.4810844493201541,-0.08851039862186505,-0.4049684919899364,-0.31645809336807135,-0.24477677011400711,-0.9199884177694195,-0.6752116476554124,0.737776998631527,0.7053429569141196,0.03243404171740738
0.891627080173587,0.8654142232594271,0.47671028294570245,-0.026212856914159977,-0.4149167972278846,-0.3887039403137246,-0.08034807946085554,-0.9464792690209396,-0.8661311895600841,0.7383921993504844,0.7507755249019934,-0.012383325551509006
0.8807972487321023,0.864917856157647,0.4785294295090998,-0.015879392574455253,-0.4022678192230025,-0.3863884266485472,-0.047688409699795375,-0.9087243589850507,-0.8610359492852553,0.7516480592931379,0.7311816303060948,0.020466428987043095
0.9251554618234761,0.8417425269743369,0.4920627638630665,-0.08341293484913914,-0.43309269796040956,-0.3496797631112704,-0.2640494990090496,-1.0324509455845277,-0.768401446575478,0.7598916248531108,0.7460822102541422,0.013809414598968561
0.8801611340720165,0.8439902444506345,0.4717297527698329,-0.03617088962138193,-0.40843138130218354,-0.3722604916808016,-0.10510647946009222,-0.9203797776215175,-0.8152732981614252,0.7580058585583382,0.7059148956366511,0.052090962921687134
0.8968709241881284,0.8279028579838837,0.4708898286314498,-0.06896806620424467,-0.4259810955566786,-0.35701302935243395,-0.20168691806015815,-0.9751896009764545,-0.7735026829162963,0.7543770198282046,0.7093987207074366,0.044978299120768006
0.869796814665565,0.8310414393866551,0.4633159177081868,-0.03875537527890993,-0.4064808969573782,-0.3677255216784683,-0.1088717439678315,-0.9059005329633016,-0.7970287889954701,0.7417970729747868,0.7009723748654844,0.04082469810930245
0.9043577241281522,0.8106304188863304,0.4993513558576168,-0.09372730524182182,-0.4050063682705354,-0.31127906302871355,-0.27161425274395246,-0.94326224480146,-0.6716479920575076,0.750450195261444,0.7257761373199556,0.02467405794148836
0.9035589579232594,0.8823421241942611,0.49884302783148243,-0.021216833728998297,-0.4047159300917769,-0.3834990963627786,-0.0687028386239672,-0.9415679836261017,-0.8728651450021345,0.7723055731177154,0.7508571668482865,0.0214484062694289
0.9006397440044567,0.8165045884404893,0.48234205119469126,-0.08413515556396733,-0.4182976928097654,-0.3341625372457981,-0.24399657576941802,-0.9647539827471514,-0.7207574069777334,0.761212596031643,0.7051116597281153,0.05610093630352775
0.9270685336294223,0.8725814663399767,0.4905333690105415,-0.054487067289445634,-0.4365351646188808,-0.3820480973294352,-0.18311011078873962,-1.0428236318120314,-0.8597135210232918,0.7691197845914305,0.7576691280618632,0.011450656529567338
0.89398955955963,0.8208087269506371,0.4845362277124408,-0.07318083260899289,-0.4094533318471892,-0.3362724992381963,-0.21091468178505934,-0.9384523069331716,-0.7275376251481123,0.7600099603728205,0.7062130491089847,0.05379691126383579
0.9159969721036493,0.8424791956960173,0.48824471571532396,-0.07351777640763202,-0.4277522563883253,-0.3542344799806933,-0.22814555603881992,-1.0062048793503222,-0.7780593233115023,0.7657770540145982,0.7320368683287288,0.03374018568586934
0.8706954324318043,0.8551551894078635,0.48876683700579254,-0.015540243023940747,-0.3819285954260117,-0.36638835240207096,-0.045201529320187284,-0.8576088057364548,-0.8124072764162675,0.7489771277443419,0.727434511485965,0.021542616258376834
0.8795216541833836,0.8140101068330409,0.5031968234791058,-0.0655115473503427,-0.3763248307042778,-0.3108132833539351,-0.182835848147481,-0.8554486811940798,-0.6726128330465988,0.7264717307099342,0.7380139922870859,-0.011542261577151658
0.9069690880049404,0.8438302575726717,0.4849431531128231,-0.06313883043226864,-0.42202593489211726,-0.3588871044598486,-0.19263728748113884,-0.9810173621364744,-0.7883800746553355,0.7711150947602796,0.7193799043666771,0.051735190393602526
0.8899711444799587,0.8220060873957148,0.5048421386130146,-0.06796505708424394,-0.3851290058669441,-0.31716394878270016,-0.1948422686466893,-0.8848891712859053,-0.690046902639216,0.7469063477583616,0.7309732325674305,0.015933115190931102
0.8903082366031234,0.8243165727001708,0.4859551219586298,-0.06599166390295264,-0.40435311464449364,-0.338361450741541,-0.18986438281805995,-0.9237450027766072,-0.7338806199585473,0.7618042394964103,0.705249048011539,0.056555191484871314
0.8902238601556324,0.8815069074974939,0.501895926806208,-0.008716952658138433,-0.3883279333494244,-0.37961098069128596,-0.02741863624099894,-0.8915897340585635,-0.8641710978175645,0.7654677226709425,0.7502834069686137,0.01518431570232881
0.896105321470816,0.8265025838302767,0.5026405468911376,-0.06960273764053926,-0.39346477457967843,-0.3238620369391392,-0.2028773927778631,-0.9091419425343061,-0.706264549756443,0.7616795656395229,0.7218194024886306,0.03986016315089225
0.8958447712922569,0.8549437806398495,0.47203605589315867,-0.040900990652407376,-0.42380871539909826,-0.3829077247466909,-0.12423106360491776,-0.9695267031867962,-0.8452956395818785,0.7692596489261623,0.7126234229573478,0.05663622596881446
0.8834435730139286,0.7943812104190672,0.4985313739241476,-0.08906236259486144,-0.384912199089781,-0.2958498364949196,-0.2444497569379971,-0.8769139215131292,-0.6324641645751321,0.7359032417225039,0.7150008631822584,0.02090237854024546
0.9008561488555726,0.8396997013201559,0.5082045720241686,-0.061156447535416714,-0.39265157683140406,-0.33149512929598735,-0.18321068807957763,-0.9137446212228948,-0.7305339331433172,0.7581716304832292,0.7410019843167023,0.017169646166526942
0.8945666881334702,0.8310054659988634,0.4815847546165117,-0.0635612221346068,-0.4129819335169585,-0.3494207113823517,-0.1858981418422725,-0.9462356088808459,-0.7603374670385734,0.7633117942700628,0.7081261448958343,0.05518564937422854
0.9305216341249837,0.850571101152108,0.4887928628265453,-0.07995053297287569,-0.44172877129843835,-0.36177823832556266,-0.2603194973888008,-1.0597338050989162,-0.7994143077101155,0.7667411591133056,0.7465159062891189,0.020225252824186746
0.8852232025201584,0.8401696904511983,0.487042629674294,-0.04505351206896013,-0.3981805728458644,-0.35312706077690426,-0.13131549091891115,-0.9054587357789419,-0.7741432448600307,0.7544416396194414,0.7205153754776592,0.033926264141782236
0.9188664843572656,0.840244596706348,0.48226138734159496,-0.0786218876509176,-0.43660509701567063,-0.35798320936475303,-0.2446884092977908,-1.0286031144426309,-0.7839147051448401,0.7606222758771723,0.7336260363929666,0.02699623948420571
0.8842592421821666,0.8201968153569372,0.5128756551184741,-0.06406242682522933,-0.37138358706369246,-0.3073211602384631,-0.18151176378585498,-0.8507682715258369,-0.6692565077399819,0.7608540982270023,0.7173670435447161,0.0434870546822862
0.8662134318674122,0.8197474261063974,0.4669686457226587,-0.046466005761014784,-0.39924478614475345,-0.35277878038373867,-0.1280386123472117,-0.8879904901221378,-0.7599518777749261,0.7281198857620269,0.7071664500356185,0.020953435726408398
0.883439821936159,0.8433347347314621,0.49346974219097556,-0.040105087204696854,-0.38997007974518344,-0.3498649925404866,-0.11706728296691882,-0.8870258625998653,-0.7699585796329464,0.7756182085173693,0.7045446573883619,0.07107355112900737
0.8855691838625918,0.8567500811322045,0.462074779954448,-0.028819102730387236,-0.42349440390814375,-0.3946753011777565,-0.08614608572984839,-0.9565505908638665,-0.8704045051340181,0.7543168459952021,0.7152791839709609,0.03903766202424119
0.9192123257128542,0.8542659738192205,0.4638256120528241,-0.06494635189363362,-0.4553867136600301,-0.39044036176639646,-0.20697061875913958,-1.0667983498961857,-0.8598277311370461,0.747534780823673,0.7440011602329263,0.003533620590746689
0.8767572718793959,0.8597393503704935,0.4467353283459177,-0.017017921508902356,-0.43002194353347817,-0.4130040220245758,-0.05034026732185426,-0.9601235696161157,-0.9097833022942614,0.7370467763861861,0.7184411906776853,0.018605585708500794
0.9112541502739478,0.8708834635070807,0.5079157314282786,-0.04037068676686717,-0.40333841884566923,-0.36296773207880206,-0.1301060809242527,-0.9499751086229071,-0.8198690276986544,0.7762212694162505,0.7504809607232878,0.02574030869296262
0.8937290902680962,0.8008620874406364,0.4791191396473437,-0.09286700282745985,-0.4146099506207525,-0.32174294779329266,-0.2610161246597178,-0.9484480676830256,-0.6874319430233078,0.7559661947854295,0.6931740167852881,0.06279217800014136
0.9113928624640488,0.8815067428986584,0.49306495957593643,-0.029886119565390445,-0.4183279028881124,-0.38844178332272195,-0.0983327302968191,-0.9801657071267103,-0.8818329768298911,0.7826685546442901,0.741307821981472,0.041360732662818034
0.9020677077682167,0.8598563079935624,0.5008408913630558,-0.04221139977465427,-0.4012268164051609,-0.3590154166305066,-0.13083130275355082,-0.9325378136002547,-0.8017065108467039,0.7707494031419877,0.7377605349412354,0.03298886820075231
0.8621352892970647,0.8366723293023918,0.481408917202163,-0.025462959994672962,-0.38072637209490173,-0.35526341210022877,-0.07125249697032032,-0.847166669362849,-0.7759141723925287,0.7452591984968934,0.7082184920375197,0.03704070645937363
0.8961611793724258,0.8732402757949641,0.4934986994789921,-0.022920903577461682,-0.4026624798934337,-0.379741576315972,-0.07184904528428948,-0.9276091163946245,-0.855760071110335,0.7520368163898907,0.7565632867076973,-0.004526470317806619
0.8868833273351122,0.8582067982326478,0.5025809599637779,-0.028676529102464432,-0.3843023673713343,-0.35562583826886984,-0.08611765281013684,-0.8796038653013125,-0.7934862124911757,0.7669570693163724,0.7314903210379864,0.03546674827838603
0.9155828147339456,0.8431215829495595,0.5147734721561547,-0.07246123178438613,-0.400809342577791,-0.32834811079340487,-0.22488933013176915,-0.9516495282245137,-0.7267601980927445,0.784010135400669,0.7316417778257709,0.052368357574898106
0.8508432100402008,0.8371740168654507,0.49578777037902283,-0.013669193174750127,-0.355055439661178,-0.34138624648642785,-0.03768028104289067,-0.7861862575374163,-0.7485059764945257,0.7651724939190593,0.6906975042707235,0.07447498964833577
0.8938059231039406,0.8758652849607649,0.49807922911073144,-0.017940638143175702,-0.39572669399320914,-0.37778605585003344,-0.056241196093868684,-0.9107650976473962,-0.8545239015535275,0.7690870725345254,0.7427465522490995,0.026340520285425884
0.8872189360798977,0.8361135815407104,0.4643858185942521,-0.0511053545391873,-0.42283311748564556,-0.37172776294645826,-0.14861311000018285,-0.9571148121615864,-0.8085017021614036,0.7312513830526344,0.7272275077572724,0.004023875295361967
0.9155059310722747,0.8521225003880505,0.4973273318477099,-0.06338343068422425,-0.41817859922456485,-0.3547951685403406,-0.19956514241518564,-0.9862696447632411,-0.7867045023480554,0.7748182442361281,0.7351522646358954,0.03966597960023266
0.8991147358152937,0.8253808020394432,0.4722295525514462,-0.07373393377585047,-0.42688518326384745,-0.353151249487997,-0.21576305134186713,-0.9799196054947734,-0.7641565541529063,0.7466762197182477,0.7178071738858746,0.028869045832373152
0.8667136514560394,0.8367989058567868,0.5056315218578437,-0.029914745599252557,-0.36108212959819574,-0.3311673839989432,-0.08428430775585793,-0.8120869227001775,-0.7278026149443195,0.7639715146815015,0.7087912047656119,0.055180309915889625
0.924783397575588,0.8509258716211542,0.4798717707562558,-0.07385752595443384,-0.4449116268193322,-0.3710541008648984,-0.23716971665487607,-1.055430818492137,-0.818261101837261,0.7578945744428438,0.745826118859155,0.012068455583688853
0.8794945454712073,0.8395952957868954,0.49344695087695634,-0.03989924968431191,-0.386047594594251,-0.34614834490993907,-0.1150998198821056,-0.8748655710767377,-0.7597657511946321,0.7435434107427089,0.7314811173473303,0.012062293395378565
0.9014897351649146,0.8416549732121756,0.4541014501080262,-0.05983476195273896,-0.4473882850568884,-0.3875535231041494,-0.1799911222474293,-1.0242040873826992,-0.8442129651352699,0.7595556002587459,0.705275172064665,0.054280428194080965
0.9032201490567284,0.8714835295778519,0.496673781061178,-0.031736619478876515,-0.40654636799555044,-0.3748097485166739,-0.10061477804544383,-0.9447596775278457,-0.8441448994824019,0.7615703550257353,0.7526812847714368,0.008889070254298526
0.8913897299890172,0.8559567029831203,0.4564574259831251,-0.0354330270058969,-0.4349323040058921,-0.3994992769999952,-0.10690071911872812,-0.9863153901147075,-0.8794146709959794,0.7587809872153867,0.7104215854214553,0.04835940179393139
0.8963382497831516,0.822249938037991,0.4919372468279567,-0.07408831174516062,-0.4044010029551949,-0.33031269121003426,-0.21481782117208237,-0.9313130342195985,-0.7164952130475162,0.7564236960442057,0.7172599270551939,0.03916376898901175
0.8821970452434694,0.8252087371425721,0.4967478401812927,-0.05698830810089728,-0.3854492050621767,-0.32846089696127945,-0.16196712463401486,-0.876605411842061,-0.7146382872080461,0.7475798826765778,0.7218558657016451,0.025724016974932762
0.904955252678749,0.8319057117556883,0.48450610051134074,-0.07304954092306071,-0.42044915216740825,-0.34739961124434754,-0.21809604551813422,-0.9749922823801229,-0.7568962368619887,0.7492471808260843,0.7316641958044343,0.01758298502165001
0.9175715890832222,0.8457681687996532,0.4659759200288021,-0.07180342028356901,-0.4515956690544201,-0.3797922487708511,-0.22477926406029702,-1.0564938287764671,-0.8317145647161701,0.7684115152313593,0.7177989367097592,0.05061257852160006
0.8908692988470912,0.7769739291430392,0.48534597040505817,-0.11389536970405201,-0.40552332844203304,-0.29162795873798103,-0.3103502612142548,-0.9267611958927384,-0.6164109346784836,0.7287630680023691,0.7066963975944232,0.022066670407945965
0.8980339357417788,0.834849607921067,0.4764472632334077,-0.06318432782071182,-0.4215866725083711,-0.3584023446876593,-0.18696632044022987,-0.9678929211724323,-0.7809266007322024,0.7725404410811259,0.7003467635163765,0.07219367756474937
0.9125836097045074,0.846428998252882,0.4976625165171779,-0.06615461145162538,-0.41492109318732945,-0.34876648173570407,-0.2050530866667315,-0.9751731419074574,-0.7701200552407259,0.7624315696358778,0.742018513347167,0.020413056288710818
0.9064365647476789,0.8688378791043965,0.49338024878157194,-0.03759868564328239,-0.4130563159661069,-0.37545763032282453,-0.11944686002978733,-0.9623080721720838,-0.8428612121422965,0.7828176273392576,0.7296188344165073,0.053198792922750315
0.8641377497493957,0.8206293535173168,0.4812236638627784,-0.043508396232078916,-0.38291408588661735,-0.33940568965453843,-0.11966457277908793,-0.8533636040535268,-0.7336990312744389,0.7536137544624881,0.6903800902905057,0.0632336641719824
0.915603296329166,0.8479883543880684,0.47659208173572043,-0.06761494194109763,-0.4390112145934456,-0.371396272652348,-0.21149524647855733,-1.0281074036128048,-0.8166121571342475,0.7618731399204929,0.7315826817148104,0.030290458205682436
0.8643256796714085,0.869030118026398,0.4990045941319831,0.00470443835498946,-0.3653210855394254,-0.37002552389441484,0.013840233384510903,-0.8183415457772236,-0.8321817791617345,0.7490556249580484,0.7391846362618112,0.00987098869623726
0.8902510588802605,0.8536140216116053,0.4845420711715843,-0.03663703726865519,-0.40570898770867614,-0.36907195044002095,-0.10989893810825757,-0.9263893912525518,-0.8164904531442942,0.7720410780926452,0.7135636896829881,0.058477388409657105
0.8869036669468553,0.8491280427836592,0.4864808413056125,-0.03777562416319613,-0.4004228256412428,-0.3626472014780467,-0.11187158596152047,-0.9118716400528417,-0.8000000540913212,0.7318654931520759,0.7498095408720086,-0.017944047719932632
0.8621989882612143,0.8605017140938307,0.4958168268014032,-0.0016972741673836333,-0.3663821614598111,-0.3646848872924275,-0.004911391621392536,-0.8185271572117545,-0.813615765590362,0.7448053204729241,0.7342063656313748,0.01059895484154938
0.8973235681985939,0.8233153012913345,0.4758695896890898,-0.07400826690725948,-0.4214539785095041,-0.34744571160224463,-0.21526710637869684,-0.9667056772320672,-0.7514385708533704,0.7472766404710377,0.7170623323149745,0.030214308156063185
0.8871956725146722,0.8703442089422324,0.47522604974983285,-0.01685146357243983,-0.4119696227648394,-0.39511815919239957,-0.05165809971393953,-0.9353207384511455,-0.883662638737206,0.7675710778896931,0.7209395429147984,0.046631534974894695
0.9308211217498422,0.850559125003566,0.4695973591300656,-0.08026199674627621,-0.4612237626197766,-0.3809617658735004,-0.26153211897739315,-1.0993394962431347,-0.8378073772657415,0.7669587116737191,0.7336930255819301,0.03326568609178904
0.8795178960132327,0.8771781752780964,0.5092251388943462,-0.0023397207351363303,-0.37029275711888654,-0.3679530363837502,-0.0071577379888068116,-0.8433795019315484,-0.8362217639427416,0.7838971519714654,0.7267169881523183,0.057180163819147034
0.9117134236456291,0.8620036483804749,0.5058492504973237,-0.04970977526515419,-0.4058641731483055,-0.3561543978831513,-0.15782997071292248,-0.9557253745745,-0.7978954038615775,0.7582741940757967,0.7614366876064886,-0.003162493530691979
0.9156651689720856,0.8580038590133316,0.4792102182177591,-0.05766130995875396,-0.4364549507543265,-0.37879364079557254,-0.18343049298027125,-1.0230886178007323,-0.8396581248204611,0.7635629204763155,0.738356576992469,0.025206343483846427
0.89321112662043,0.8457321068831264,0.4718436263735846,-0.04747901973730362,-0.4213675002468454,-0.37388848050954177,-0.1414813664990615,-0.9613378545666598,-0.8198564880675983,0.7459938182664426,0.7278640883183183,0.01812972994812434
0.8907366098176971,0.845441827333051,0.47632557074552,-0.045294782484646134,-0.4144110390721771,-0.36911625658753094,-0.13431289564732873,-0.9443900672851195,-0.8100771716377908,0.7524383947169954,0.7225642772138497,0.029874117503145614
0.8636293953670455,0.8374909953028414,0.487164735694932,-0.026138400064204093,-0.3764646596721135,-0.3503262596079094,-0.07337934353529496,-0.8399929858326896,-0.7666136422973946,0.7338852077873649,0.7249715431225146,0.00891366466485033
0.9087626178341227,0.853152130199268,0.45734389965300015,-0.055610487634854655,-0.45141871818112256,-0.3958082305462679,-0.17283668097244798,-1.0425165788983817,-0.8696798979259337,0.7607138857003313,0.7187918794239291,0.04192200627640219
0.8849236659070956,0.8262964339682058,0.46432313739437897,-0.058627231938889746,-0.4206005285127166,-0.3619732965738269,-0.16760051045282642,-0.9500163230363332,-0.7824158125835068,0.7428822951754765,0.7074798630043104,0.03540243217116612
0.8477840138478508,0.8365420104169897,0.46757404249222806,-0.011242003430861125,-0.3802099713556228,-0.36896796792476166,-0.030839259105297057,-0.8341076766504949,-0.8032684175451978,0.7427825038866464,0.6918175406180662,0.05096496326858013
0.9271405413726385,0.8581828210931216,0.49071048641248044,-0.06895772027951685,-0.436430054960158,-0.36747233468064117,-0.22558680538019082,-1.0427463250135696,-0.8171595196333787,0.7401851690365873,0.7771707302155729,-0.03698556117898566
0.8682057675647661,0.8631517563837593,0.47696706295590996,-0.00505401118100679,-0.3912387046088561,-0.38618469342784933,-0.014821875648339589,-0.8738329227943364,-0.8590110471459969,0.7254982078757625,0.7467181833938612,-0.021219975518098733
0.8884669122774891,0.8350515175704067,0.4865418720665658,-0.05341539470708234,-0.4019250402109233,-0.34850964550384095,-0.15543330978864045,-0.9167004067643156,-0.7612670969756752,0.7686011470015687,0.7047723876080724,0.0638287593934963
0.8955447530211204,0.8639465486067816,0.47879905380004995,-0.031598204414338804,-0.4167456992210704,-0.3851474948067316,-0.09734381666022163,-0.9550026708008585,-0.8576588541406369,0.7669377951548183,0.7252557751304829,0.04168202002433541
0.878163105782393,0.8585286190604932,0.4906075595664413,-0.019634486721899824,-0.3875555462159517,-0.36792105949405185,-0.0581078497435068,-0.8764649796076371,-0.8183571298641303,0.7672896582447218,0.7175765313614966,0.04971312688322527
0.8745954201949754,0.8393881917318853,0.5017245190820541,-0.0352072284630901,-0.3728709011129213,-0.3376636726498312,-0.10074451213885904,-0.8433905466200278,-0.7426460344811687,0.7571156257381964,0.7200231282677468,0.037092497470449515
0.8744631501693391,0.8679865198715837,0.4795598179422184,-0.006476630297755359,-0.39490333222712065,-0.3884267019293653,-0.019337469006794894,-0.88733204740969,-0.8679945784028951,0.7658604028734327,0.7154792557819944,0.05038114709143826
0.8930141180012715,0.8785198533987898,0.48650590147181444,-0.01449426460248171,-0.40650821652945707,-0.39201395192697536,-0.0455873428501965,-0.9313491463295238,-0.8857618034793273,0.7652358344003299,0.7401240808475873,0.025111753552742644
0.8719012446687096,0.8201186555115745,0.4797000101533932,-0.05178258915713507,-0.39220123451531635,-0.3404186453581813,-0.14393428802868602,-0.8793525832165756,-0.7354182951878896,0.735966795251316,0.7118464783044689,0.02412031694684713
0.8917129001032212,0.8521425557528272,0.4907148773579419,-0.03957034435039408,-0.40099802274527935,-0.36142767839488527,-0.11874346420103965,-0.9187304165643275,-0.7999869523632879,0.7592238058658624,0.7304897496101312,0.02873405625573111
0.8958881616902253,0.8685342619140758,0.5373202283660027,-0.02735389977614955,-0.35856793332422265,-0.3312140335480731,-0.08498931455415226,-0.8390017418583124,-0.7540124273041602,0.7940733060378713,0.7404217952756647,0.053651510762206645
0.9059792864423353,0.8268885962676019,0.501535647527536,-0.07909069017473336,-0.4044436389147993,-0.32535294874006593,-0.2349341965696934,-0.9444283852816995,-0.7094941887120061,0.7544218736073655,0.7351804798842833,0.0192413937230822
0.8720486920149669,0.8554113956505551,0.46546937798956084,-0.016637296364411802,-0.4065793140254061,-0.3899420176609943,-0.048515443451046636,-0.9082990046098065,-0.8597835611587599,0.7414511161845981,0.7205018609187904,0.02094925526580771
0.9140672141420703,0.84283452832883,0.4908634705133673,-0.07123268581324027,-0.42320374362870294,-0.3519710578154627,-0.22024877946539867,-0.9940453001106277,-0.7737965206452291,0.7543021314361613,0.7442080105533503,0.01009412088281103
0.9131123082064575,0.8733301138905131,0.4968728053438988,-0.03978219431594443,-0.4162395028625587,-0.37645730854661424,-0.12934542463838827,-0.9786270236985588,-0.8492815990601705,0.7757069063506218,0.7465032452766245,0.0292036610739973
0.8931600359389815,0.8365399542798588,0.4896335371796282,-0.05662008165912269,-0.4035264987593533,-0.3469064171002306,-0.16646449733933322,-0.9255643058117784,-0.7590998084724452,0.7503455752441328,0.7292101096881796,0.021135465555953248
0.8751241707518833,0.8550279146673407,0.49609654655242685,-0.020096256084542574,-0.37902762419945646,-0.3589313681149139,-0.05886012317232403,-0.8562446022077055,-0.7973844790353815,0.7386421837908803,0.7455235708568869,-0.006881387066006606
0.8695789245128024,0.8218085808511607,0.4720934451719215,-0.04777034366164168,-0.3974854793408809,-0.34971513567923923,-0.1326040523676606,-0.8876612766888068,-0.7550572243211462,0.7314349296016873,0.7108857040889023,0.02054922551278504
0.9234817680548497,0.8730496720174279,0.4949824001934757,-0.050432096037421825,-0.428499367861374,-0.37806727182395217,-0.16806326006322347,-1.0202830221045012,-0.8522197620412777,0.7582940642968408,0.7693818292136615,-0.01108776491682073
0.8822514297182767,0.8587450534432223,0.498299015048168,-0.023506376275054475,-0.38395241467010877,-0.3604460383950543,-0.07007738737119906,-0.8736717392799065,-0.8035943519087074,0.7568560220290818,0.7360076434440295,0.020848378585052285
0.9021946715114104,0.8351197092377773,0.4903818174947228,-0.06707496227363308,-0.4118128540166876,-0.3447378917430545,-0.2001155432580366,-0.9538844386974341,-0.7537688954393975,0.7624285242994807,0.7227022745297931,0.03972624976968764
0.890405138386952,0.8818817582640379,0.4908283324285097,-0.008523380122914093,-0.3995768059584423,-0.3910534258355282,-0.026838093699402155,-0.9143060560562644,-0.8874679623568622,0.766813061772824,0.741930424280176,0.024882637492648074
0.9140990425804297,0.8199010468924106,0.49069712052296727,-0.09419799568801912,-0.42340192205746247,-0.32920392636944334,-0.2816440706139298,-0.994491631802475,-0.7128475611885452,0.7670097419013484,0.7161217314291901,0.050888010472158296
0.9024905536104453,0.8740601397051495,0.5215365680114684,-0.02843041390529577,-0.38095398559897686,-0.3525235716936811,-0.09041885512572767,-0.8925571579453171,-0.8021383028195894,0.7779147706071368,0.7541434036109056,0.02377136699623117
0.9122478863164726,0.8241494553428876,0.4886222414540658,-0.08809843097358494,-0.4236256448624068,-0.33552721388882184,-0.26396244738869434,-0.9920680333045391,-0.7281055859158447,0.7600956367639866,0.7232507519782975,0.03684488478568915
0.9016035153882076,0.870783846353451,0.5048433067499724,-0.030819669034756636,-0.39676020863823525,-0.3659405396034786,-0.09725535076201153,-0.9229727135135017,-0.8257173627514902,0.787995883370434,0.7301578956239864,0.05783798774644766
0.89070789275571,0.8693180068281915,0.4847790049242175,-0.02138988592751856,-0.40592888783149256,-0.384539001903974,-0.06588674935800976,-0.9273781472525413,-0.8614913978945316,0.7626368323012043,0.7338997707042083,0.02873706159699596
0.9104081842338522,0.8298646215995961,0.4939799424092609,-0.0805435626342561,-0.41642824182459126,-0.33588467919033516,-0.242380373654715,-0.9748791967483754,-0.7324988230936604,0.7645890779421264,0.7249127542196798,0.03967632372244656
0.880286571075047,0.8320732216698155,0.48136524226198124,-0.04821334940523159,-0.3989213288130658,-0.3507079794078342,-0.1378439189233962,-0.9014735806900356,-0.7636296617666394,0.7510138738015223,0.7114694828697069,0.03954439093181539
0.8862957078273846,0.8485376321505441,0.4690636138088005,-0.03775807567684053,-0.41723209401858413,-0.3794740183417436,-0.11160244281635201,-0.9448249842144201,-0.8332225413980681,0.747742405815923,0.7215222300418966,0.026220175774026355
0.9063615557187902,0.805864422287412,0.5166129753210418,-0.10049713343137823,-0.3897485803977484,-0.2892514469663702,-0.2905664545671547,-0.9155785942331094,-0.6250121396659547,0.7592107226933846,0.7266819128581112,0.0325288098352734
0.888108889498274,0.8735667833250373,0.4701121378167929,-0.014542106173236702,-0.41799675168148115,-0.40345464550824445,-0.0449053409754665,-0.9484557417003803,-0.9035504007249138,0.7680769025400375,0.7197816378866987,0.048295264653338776
0.8934503724089323,0.838658811385819,0.4569456243726067,-0.05479156102311333,-0.4365047480363256,-0.3817131870132123,-0.16165991247800493,-0.9919858523459437,-0.8303259398679388,0.7475576710939534,0.7118122010176188,0.03574547007633466
0.876441499526857,0.8286268057879181,0.48867442855076115,-0.047814693738938874,-0.38776707097609586,-0.339952377237157,-0.13526268043032985,-0.8750846826023901,-0.7398220021720603,0.7327053749947539,0.7297897809156035,0.0029155940791503188
0.8992019605282644,0.8441234276775748,0.5077295022897622,-0.05507853285068964,-0.3914724582385022,-0.33639392538781254,-0.16557005220641496,-0.9091801638114667,-0.7436101116050517,0.7590984646742864,0.7416047956561146,0.017493669018171842
0.8986507360332124,0.8811492402808517,0.5006211172394175,-0.017501495752360707,-0.39802961879379495,-0.38052812304143424,-0.05595405342663229,-0.921568826703574,-0.8656147732769417,0.7734624722712858,0.7468182567643685,0.026644215506917313
0.861384861456834,0.8281941487298392,0.48546942154107714,-0.03319071272699481,-0.3759154399157569,-0.34272472718876207,-0.091780370441366,-0.8368669806135964,-0.7450866101722304,0.7471964025464308,0.7028358852720694,0.04436051727436141
0.887822336705579,0.8555284440608428,0.49952425005894113,-0.032293892644736144,-0.38829808664663784,-0.3560041940019017,-0.09673567075757905,-0.8886873495290606,-0.7919516787714815,0.7515259383213534,0.7437240822288887,0.007801856092464643
0.9179127097795943,0.8487690201538722,0.49026155337048843,-0.06914368962572204,-0.42765115640910584,-0.3585074667833838,-0.2176787163932259,-1.0091127031106988,-0.7914339867174729,0.779482584648009,0.7251462708879608,0.054336313760048216
0.9079942249937376,0.8523296804068459,0.494199517286173,-0.05566454458689174,-0.4137947077075646,-0.35813016312067286,-0.17249410576393975,-0.9660382821014952,-0.7935441763375555,0.769452047009409,0.7335635681150955,0.03588847889431346
0.903329524757831,0.8425954780827652,0.46464822424618524,-0.06073404667506577,-0.4386813005116458,-0.37794725383658,-0.18361138613630335,-1.009239816363298,-0.8256284302269947,0.7464984118443864,0.7272170728801346,0.01928133896425177
0.8970185521004486,0.8400523126232011,0.46530433607824306,-0.05696623947724744,-0.4317142160222055,-0.37474797654495806,-0.16951654737260524,-0.9868690230608985,-0.8173524756882933,0.7436704552716606,0.7245796785962677,0.01909077667539294
0.8538577753710245,0.8330239220265705,0.5118217461645049,-0.02083385334445398,-0.34203602920651954,-0.32120217586206556,-0.05736173807850076,-0.7626137688587895,-0.7052520307802888,0.7634117580004495,0.7023905377076171,0.06102122029283241
0.8900211667483143,0.8317447462545149,0.5108538932533644,-0.05827642049379944,-0.37916727349494994,-0.3208908530011505,-0.16926035728517608,-0.8730239775531738,-0.7037636202679978,0.7574878239147915,0.7309253802560042,0.02656244365878735
0.9041698253269934,0.8665344591229023,0.5239369092898434,-0.037635366204091136,-0.38023291603715004,-0.3425975498330589,-0.1185032041188947,-0.8934342178032924,-0.7749310136843977,0.7787671139199646,0.7509936819065284,0.027773432013436183
0.8949187748917579,0.8707321255110132,0.4913167624518558,-0.024186649380744663,-0.40360201243990207,-0.3794153630591574,-0.07529412791999857,-0.9279114284442804,-0.8526173005242819,0.7497789927906346,0.7548661157791167,-0.005087122988482018
0.9039906432106428,0.8228041295012409,0.4952772249073285,-0.08118651370940189,-0.4087134183033143,-0.3275269045939124,-0.23889836391823227,-0.950163565744599,-0.7112652018263668,0.7624968126269741,0.7188845191191675,0.0436122935078066
0.8769832761514781,0.8098809174906495,0.4758037586154668,-0.06710235866082859,-0.4011795175360113,-0.3340771588751827,-0.18564031677182768,-0.9024908980120825,-0.7168505812402548,0.7349665218908832,0.7068121129475131,0.02815440894337007
0.8815571515831331,0.8326152616435543,0.4754372447498492,-0.04894188993957882,-0.40611990683328386,-0.35717801689370504,-0.14031591331937276,-0.9172637284749174,-0.7769478151555447,0.7542969664686845,0.7054428055156733,0.048854160953011205
0.8779533104536413,0.861920454197957,0.46284293629135814,-0.01603285625568429,-0.4151103741622832,-0.3990775179065989,-0.04768485928294819,-0.9314205453874513,-0.8837356861045031,0.7411489806552217,0.7273288199734159,0.013820160681805804
0.8974293672378244,0.8546453154211687,0.5063503492639834,-0.04278405181665568,-0.39107901797384104,-0.34829496615718536,-0.1302833556660179,-0.9060736977885078,-0.7757903421224899,0.7714122199118788,0.7342044680367723,0.0372077518751065
0.9140926938228948,0.83604275936048,0.49240556564140103,-0.07804993446241482,-0.4216871281814938,-0.34363719371907897,-0.23884047642195627,-0.9910515958669404,-0.7522111194449841,0.7683726963671782,0.7266546495160056,0.04171804685117264
0.9047750875065895,0.8537634392715985,0.4875462706421676,-0.05101164823499105,-0.4172288168644219,-0.3662171686294309,-0.1573930168589528,-0.9682954990467325,-0.8109024821877797,0.7567965590112807,0.740593305935623,0.01620325307565773
0.9102739972836739,0.8579604683993747,0.5031010902485477,-0.05231352888429919,-0.4071729070351262,-0.354859378150827,-0.1644268334181067,-0.9561668801743002,-0.7917400467561935,0.7781141121217053,0.7361095918326919,0.04200452028901347
0.9313935718287694,0.8435367575105344,0.4830912375845262,-0.087856814318235,-0.44830233424424315,-0.36044551992600815,-0.2833032777771325,-1.074580884538595,-0.7912776067614624,0.7545427850529387,0.7508049262296147,0.003737858823324003
0.8625142527416049,0.8232835578712231,0.4667693779868499,-0.03923069487038178,-0.39574487475475495,-0.3565141798843732,-0.10800001144973281,-0.877586051691142,-0.7695860402414092,0.7267820560709477,0.7082627363288375,0.018519319742110185
0.8922823794064637,0.8453443539925755,0.5104982996965548,-0.04693802541388825,-0.3817840797099089,-0.33484605429602066,-0.1395528766570555,-0.8809957236856854,-0.7414428470286298,0.7572451904908221,0.7415048315729073,0.01574035891791481
0.9048292669603377,0.8247307699292491,0.5006695688905453,-0.08009849703108862,-0.40415969806979246,-0.32406120103870384,-0.23669397988886853,-0.9422309314331665,-0.705536951544298,0.743822192219157,0.7429975449675978,0.0008246472515591741
0.8968817189643288,0.8490695718870015,0.4676819683647003,-0.04781214707732728,-0.4291997505996285,-0.3813876035223012,-0.14417671940639254,-0.981652966764502,-0.8374762473581094,0.7590294912717402,0.71672601487228,0.042303476399460194
0.9022639140530684,0.8757196267949567,0.4797048538517708,-0.026544287258111643,-0.4225590602012976,-0.39601477294318593,-0.084639304971172,-0.9754814700414041,-0.8908421650702321,0.7752394198608764,0.7298861766056544,0.04535324325522205
0.8836964433985378,0.8627392713914283,0.49227245586814683,-0.02095717200710956,-0.391423987530391,-0.3704668155232814,-0.06303561369834565,-0.890220766005118,-0.8271851523067724,0.7606976746444472,0.7317744391276282,0.028923235516818968
0.9271574534631893,0.8459737441703049,0.4812537602114466,-0.08118370929288443,-0.4459036932517427,-0.3647199839588583,-0.26004817743105857,-1.0617325713234838,-0.8016843938924252,0.7809665390516985,0.7219567661782619,0.05900977287343667
0.9076206011514859,0.8723593847780262,0.5075813470628514,-0.03526121637345969,-0.4000392540886345,-0.3647780377151748,-0.11303222357936216,-0.9379822945818554,-0.8249500710024933,0.777037584959032,0.7480033037025439,0.029034281256488104
0.8962447068819852,0.842607411305255,0.4858813959788048,-0.05363729557673025,-0.4103633109031804,-0.35672601532645015,-0.1599814064581908,-0.9431209740706932,-0.7831395676125024,0.7441872657499691,0.7389684103607275,0.005218855389241606
0.9263731606622714,0.850798697281101,0.4786338645632863,-0.07557446338117035,-0.44773929609898505,-0.3721648327178147,-0.24358406214069372,-1.0639661046637734,-0.8203820425230797,0.7576835071027823,0.7461869745683233,0.011496532534459036
0.8808501978004277,0.8618664561581085,0.48770214415756735,-0.018983741642319196,-0.3931480536428604,-0.3741643120005412,-0.05673695902128095,-0.8905316275931245,-0.8337946685718436,0.7414520911381683,0.7454937742725675,-0.004041683134399121
0.8912945022577584,0.8109174673083419,0.48273965272243635,-0.0803770349494165,-0.40855484953532206,-0.32817781458590556,-0.22773024632164285,-0.9333413537843533,-0.7056111074627105,0.7381168514601518,0.7185175633988726,0.019599288061279196
0.9061295031794296,0.8640869507543757,0.4815714448398747,-0.04204255242505395,-0.42455805833955496,-0.382515505914501,-0.13236070653224719,-0.9848800217282458,-0.8525193151959987,0.7576870873610257,0.7435048451547609,0.01418224220626485
0.9212625807052263,0.8448882592611887,0.5105698929609271,-0.07637432144403755,-0.4106926877442991,-0.33431836630026157,-0.2407737204388405,-0.9808127004688569,-0.7400389800300164,0.7585576870580236,0.7592561348935378,-0.0006984478355142043
0.8813306475022438,0.8503747128157421,0.4641449044387835,-0.030955934686501707,-0.4171857430634603,-0.3862298083769586,-0.09097031912550602,-0.9391895556089793,-0.8482192364834733,0.7415868454614541,0.7223133310430588,0.01927351441839531
0.9119382324108619,0.8576107799817815,0.48253250289415567,-0.054327452429080436,-0.42940572951670625,-0.3750782770876258,-0.17127591596878,-1.0031590886914956,-0.8318831727227156,0.7745500663632897,0.7268376104945762,0.04771245586871353
0.8857244653108032,0.8187005447546394,0.4928036800988533,-0.0670239205561638,-0.3929207852119499,-0.3258968646557861,-0.18999450546642827,-0.8955083056111286,-0.7055138001447003,0.766073734209766,0.6987453925664311,0.0673283416433349
0.8972726825167818,0.8453677657393783,0.47224399953510826,-0.0519049167774035,-0.42502868298167357,-0.37312376620427007,-0.15575273750361784,-0.9737990294765759,-0.8180462919729581,0.7639204999325879,0.7126691319282575,0.05125136800433039
0.8794674827928886,0.8177256321897673,0.49685968867269337,-0.06174185060312121,-0.3826077941201952,-0.320865943517074,-0.1730831607367258,-0.8679566368970586,-0.6948734761603328,0.7572783794881116,0.7054234896154546,0.05185488987265696
0.910299623322681,0.8732531668611837,0.5107317952027624,-0.03704645646149729,-0.39956782811991864,-0.36252137165842135,-0.11966292306123139,-0.9409935352115668,-0.8213306121503354,0.7761377398187171,0.7533853171057009,0.02275242271301625
0.8960172293603552,0.8661195244125847,0.47446073069686073,-0.029897704947770554,-0.4215564986634945,-0.39165879371572393,-0.09253058576364115,-0.9652351811243707,-0.8727045953607295,0.7577138529324674,0.733351136714066,0.02436271621840136
0.8803193147729681,0.8134372974525607,0.4619977899696043,-0.06688201732040744,-0.4183215248033638,-0.3514395074829564,-0.18676105203496096,-0.9403740900221527,-0.7536130379871917,0.7295061443467544,0.7076634571166679,0.021842687230086533
0.8933816348738594,0.8574584459534964,0.4839272179695914,-0.03592318892036295,-0.409454416904268,-0.37353122798390503,-0.10904234151246239,-0.9376986835584737,-0.8286563420460114,0.767922621004337,0.7219222448602944,0.04600037614404251
0.8732236556493929,0.8377200852814186,0.47379773976714123,-0.035503570367974246,-0.3994259158822516,-0.3639223455142774,-0.10114570069019191,-0.8951356862447837,-0.7939899855545918,0.7362360472483843,0.7202582732169174,0.01597777403146694
0.9125661687379447,0.8672074291858918,0.4943871857198719,-0.04535873955205294,-0.4181789830180728,-0.3728202434660199,-0.14563228180715848,-0.9816622749202362,-0.8360299931130777,0.7641923295674132,0.7519148595283924,0.0122774700390208
0.8933179084511107,0.8378891750070386,0.49363511437197777,-0.055428733444072065,-0.39968279407913293,-0.34425406063506087,-0.16332097721708472,-0.9180712396262287,-0.754750262409144,0.7570530527240189,0.7261750791627325,0.03087797356128641
0.8970576105722138,0.8650713903489036,0.5000748039018247,-0.03198622022331021,-0.3969828066703891,-0.3649965864470789,-0.09901951957041888,-0.9174007982806349,-0.818381278710216,0.777523009202821,0.7306128606791404,0.046910148523680584
0.8990169524070278,0.8355171272364071,0.47327340715187816,-0.0634998251706207,-0.4257435452551497,-0.362243720084529,-0.18842265331411046,-0.9775041874394887,-0.7890815341253783,0.7585897689534395,0.7132818889101026,0.04530788004333697
0.8924969407852247,0.8891731844638696,0.5071063953862449,-0.0033237563213550647,-0.38539054539897977,-0.3820667890776247,-0.010658612750622076,-0.8884729813110839,-0.8778143685604618,0.7850110316069976,0.7408399821498952,0.044171049457102374
0.9116631283270169,0.8571902919511081,0.4995224556734387,-0.05447283637590883,-0.4121406726535782,-0.35766783627766935,-0.17150836964353067,-0.9682019775609514,-0.7966936079174207,0.7666708172793764,0.7455797666883329,0.021091050591043436
0.9135982845153172,0.8374005720259885,0.49995792922306653,-0.07619771248932872,-0.4136403552922507,-0.33744264280292197,-0.23340490335359299,-0.9741842612569565,-0.7407793579033635,0.7580044918123215,0.7426333653639265,0.015371126448395
0.8711470749068404,0.8306192632160609,0.5182740435366083,-0.04052781169077946,-0.35287303137023207,-0.3123452196794526,-0.11401907819959778,-0.7999313934658969,-0.6859123152662991,0.744848179500242,0.7351787416060979,0.009669437894144095
0.884108808964427,0.8179525363743946,0.4748249179893503,-0.06615627259003243,-0.4092838909750767,-0.3431276183850443,-0.18687164910750953,-0.9264237933473907,-0.7395521442398811,0.7535737245414017,0.6976837843440463,0.05588994019735538
0.8802852273383265,0.85360265911683,0.47726379852094913,-0.026682568221496505,-0.40302142881737735,-0.37633886059588084,-0.07865376695596638,-0.9096793808974859,-0.8310256139415195,0.739938492995945,0.7341626303214586,0.005775862674486487
0.8823831830107715,0.8470203173803317,0.5017136823709991,-0.03536286563043978,-0.38066950063977234,-0.34530663500933256,-0.103592167041902,-0.8672512684676257,-0.7636591014257237,0.7421098873944912,0.7453015677802436,-0.003191680385752349
0.8890069155603697,0.8554328488115501,0.49367372548445587,-0.033574066748819575,-0.39533319007591383,-0.36175912332709426,-0.10076984936332645,-0.9041510404118549,-0.8033811910485285,0.7672527712461125,0.724822888658138,0.04242988258797442
0.8806854881252294,0.8422045842929353,0.47743808107170094,-0.03848090383229408,-0.40324740705352846,-0.3647665032212344,-0.1116321375492153,-0.9105643337489888,-0.7989321961997735,0.7435035325579107,0.7233819031019999,0.020121629455910783
0.9300562468921526,0.8824205109101093,0.4802561084105261,-0.04763573598204329,-0.44980013848162653,-0.40216440249958324,-0.16469564471834097,-1.0749882149040544,-0.9102925701857134,0.7696877442966779,0.7588008331785141,0.010886911118163756
0.9108944519317675,0.8545218149440431,0.5068269668043254,-0.056372636987724434,-0.40406748512744217,-0.34769484813971774,-0.17640247465070447,-0.9508891629957206,-0.7744866883450161,0.7650428595708201,0.7497859628826041,0.015256896688215948
0.8747430323182932,0.8361349446863731,0.4931918944712324,-0.03860808763192014,-0.3815511378470608,-0.34294305021514065,-0.11001473865422584,-0.8609020554830813,-0.7508873168288555,0.7679231449100822,0.7014567694071834,0.0664663755028988
0.8793297720756068,0.8458975086458643,0.4547499840007851,-0.03343226342974248,-0.4245797880748217,-0.39114752464507924,-0.09728115852255836,-0.9518771368125047,-0.8545959782899464,0.7443211088582178,0.7089970676232865,0.03532404123493127
0.8810601229991256,0.8413967263486206,0.47887515688539556,-0.039663396650505,-0.40218496611373006,-0.36252156946322506,-0.1150023881003932,-0.9088439361667966,-0.7938415480664034,0.7371544875501844,0.73040018327191,0.006754304278274392
0.8826237618303712,0.8379023654229,0.49811972305781393,-0.04472139640747119,-0.38450403877255723,-0.33978264236508604,-0.12936981594056496,-0.8751863163932949,-0.74581650045273,0.7527256761126296,0.7263715574280938,0.026354118684535854
0.8738866438020582,0.8833808717011243,0.5052477444331271,0.009494227899066177,-0.368638899368931,-0.3781331272679972,0.02907928954998784,-0.8342063192783684,-0.8632856088283563,0.7647372536176082,0.7436062530065981,0.021131000611010142
0.8946104120815164,0.8333250271550834,0.5179553598124963,-0.061285384926432984,-0.3766550522690201,-0.3153696673425871,-0.1798338025839641,-0.8736207288209183,-0.6937869262369543,0.7620940020296438,0.7351665306697536,0.026927471359890265
0.8801599822932094,0.8754952765442167,0.47165606409357114,-0.004664705748992692,-0.4085039181996382,-0.4038392124506455,-0.014244639581372454,-0.9205238453235904,-0.906279205742218,0.7595987340839909,0.7252754812033406,0.0343232528806503
0.8946640402468978,0.8676159745082888,0.4735087255517196,-0.027048065738609073,-0.42115531469517825,-0.3941072489565692,-0.08370502597896001,-0.9627212128450047,-0.8790161868660447,0.7700705539888547,0.7204552728824161,0.04961528110643865
0.8997500811344453,0.8173925539782096,0.5108018757251054,-0.08235752715623568,-0.38894820540933994,-0.30659067825310427,-0.23873223837491153,-0.9048571848750926,-0.6661249465001811,0.7620985384530161,0.7231978021054908,0.03890073634752533
0.8713093111978529,0.8455936670747833,0.48158886287804414,-0.025715644123069592,-0.3897204483198088,-0.3640048041967392,-0.07384125150580623,-0.8738025862462737,-0.7999613347404675,0.7492874935646932,0.7163737338690935,0.03291375969559962
0.9007203611559643,0.8266031305802587,0.4832082358638088,-0.07411723057570563,-0.41751212529215553,-0.3433948947164499,-0.21788906056153756,-0.9632901247494343,-0.7454010641878968,0.7651801310699232,0.7085076873300981,0.05667244373982516
0.8844001796135753,0.8234623294775316,0.5056102374655997,-0.06093785013604369,-0.37878994214797557,-0.3178520920119319,-0.17341853962956355,-0.8657423830956978,-0.6923238434661343,0.7654786443557153,0.7101698533487557,0.05530879100695962
0.8917324573171936,0.8571160625847308,0.4761886507704086,-0.03461639473246281,-0.415543806546785,-0.3809274118143222,-0.10469565863487329,-0.9478627608945172,-0.8431671022596439,0.7546349839641529,0.7287231298174024,0.025911854146750457
0.9094809702197888,0.8597827235762923,0.4625562108998818,-0.049698246643496535,-0.446924759319907,-0.39722651267641046,-0.15642338912715736,-1.034557483275674,-0.8781340941485167,0.747425460203672,0.7404544762603031,0.006970983943368814
0.8951432815554362,0.8155003524695652,0.49019666764106634,-0.079642929085871,-0.40494661391436987,-0.32530368482849886,-0.22843406721013348,-0.9308844544540626,-0.7024503872439292,0.7431938164736521,0.7240330513037263,0.01916076516992582
0.9083314019119421,0.829779951266076,0.4778432922169535,-0.0785514506458661,-0.4304881096949886,-0.35193665904912247,-0.23537147985913887,-0.9999325145485081,-0.7645610346893692,0.7549508858763261,0.7223522110536551,0.03259867482267098
0.8872254766212675,0.820561014907516,0.47380012130845367,-0.06666446171375151,-0.4134253553128138,-0.3467608935990623,-0.1898873403049528,-0.9382705254280184,-0.7483831851230656,0.752427608204952,0.701963467019873,0.050464141185079026
0.859715506324525,0.8503866340891821,0.505682362890448,-0.009328872235342844,-0.354033143434077,-0.34470427119873415,-0.02650190605061109,-0.7916177996896587,-0.7651158936390476,0.7488430896047562,0.7283465792646805,0.020496510340075713
0.8986137455491922,0.8803881690025583,0.4923997228418906,-0.018225576546633815,-0.40621402270730156,-0.38798844616066774,-0.05818004314933489,-0.9378896411477446,-0.8797095979984098,0.7773205848567516,0.7369471734056757,0.04037341145107587
0.8943953932119738,0.8674513317686966,0.489443705764016,-0.026944061443277212,-0.4049516874479578,-0.3780076260046806,-0.08331608141728841,-0.9299533809188969,-0.8466372995016085,0.7495817381408286,0.7512785490222957,-0.0016968108814671146
0.8796801840432545,0.8521882016625131,0.4983346389273619,-0.027491982380741464,-0.38134554511589264,-0.3538535627351512,-0.0807852721494009,-0.8656602432509524,-0.7848749711015515,0.767349967484782,0.7194520489373044,0.0478979185474776
0.8913022204118162,0.8416028674432295,0.4683947442130603,-0.04969935296858663,-0.42290747619875585,-0.3732081232301692,-0.14669486685743394,-0.9620912765124061,-0.8153964096549722,0.7540182280443651,0.7135149933343722,0.04050323470999295
0.9246506833697323,0.847514057793468,0.49637941199135094,-0.07713662557626433,-0.4282712713783814,-0.35113464580211706,-0.24620147799621472,-1.0219017220433853,-0.7757002440471705,0.7690755979222319,0.7432871708474689,0.025788427074763032
0.898056122060577,0.8431092049603633,0.4639296066681234,-0.0549469171002136,-0.43412651539245356,-0.37917959829223996,-0.16456592222612665,-0.993046838536165,-0.8284809163100384,0.763815818210398,0.7062474709156443,0.057568347294753686
0.9060481078764384,0.8299122898848382,0.5104978782856273,-0.07613581799160019,-0.3955502295908111,-0.3194144115992109,-0.2271502435518662,-0.9267382293044044,-0.6995879857525382,0.783549274388802,0.714089576309134,0.0694596980796679
0.9069109440718073,0.8418868298086919,0.5061897076302854,-0.06502411426311538,-0.4007212364415219,-0.3356971221784065,-0.19777722508932838,-0.9383192437910011,-0.7405420187016727,0.7677787385332672,0.735546249140589,0.0322324893926782
0.8953943318486348,0.8454270766934497,0.4657676457650679,-0.049967255155185075,-0.4296266860835669,-0.37965943092838184,-0.14942660717967682,-0.9806147140196211,-0.8311881068399443,0.7506708913154236,0.720388478222678,0.030282413092745597
0.8793059681186,0.8411668209591032,0.4976751194492667,-0.038139147159496734,-0.3816308486693333,-0.34349170150983654,-0.11022992174857693,-0.8658298161012248,-0.7555998943526478,0.7542063806648167,0.7245588916864967,0.029647488978320036
0.8946521384132943,0.8567174682055042,0.4505998122574556,-0.03793467020779007,-0.4440523261558387,-0.4061176559480486,-0.11528701899386906,-1.0086369011467626,-0.8933498821528936,0.7494192707422377,0.7185603418419315,0.03085892890030617
0.8933719439632519,0.8087200121679503,0.5014035560047372,-0.08465193179530162,-0.39196838795851474,-0.3073164561632131,-0.24003205905592306,-0.9027090656219374,-0.6626770065660144,0.7664288274314897,0.7025681806591366,0.06386064677235304
0.8945975673500894,0.8474204731246628,0.4561164425063924,-0.0471770942254266,-0.43848112484369706,-0.39130403061827046,-0.14129862807852112,-0.9973775269844036,-0.8560788989058825,0.7254745294557252,0.7399484591983714,-0.014473929742646163
0.896881012226845,0.8489702859830796,0.4636382986171736,-0.04791072624376547,-0.4332427136096714,-0.38533198736590596,-0.14445170759756465,-0.9897571461988328,-0.8453054386012682,0.7520831803325538,0.7209098842188448,0.031173296113709004
0.8784465128503519,0.8537630181111764,0.47726077653372545,-0.024683494739175527,-0.40118573631662646,-0.37650224157745094,-0.07255460319775997,-0.9040399973047699,-0.83148539410701,0.7387867245117709,0.7341934804850649,0.004593244026705912
0.889585050451963,0.8340257818554481,0.46689796068572204,-0.055559268596514944,-0.422687089766241,-0.36712782116972603,-0.1617534884917431,-0.9595932627576409,-0.7978397742658978,0.7429001639483359,0.7174390313804194,0.02546113256791649
0.890715766201188,0.8409694623062192,0.48313731728579257,-0.04974630389496881,-0.4075784489153954,-0.3578321450204266,-0.14654637495291434,-0.9306884505760049,-0.7841420756230906,0.7508711393875355,0.7256772244745977,0.025193914912937765
0.8964387988820472,0.823627522897251,0.458728871260377,-0.0728112759847962,-0.43770992762167027,-0.36489865163687407,-0.2115388651164456,-0.9981530380532055,-0.78661417293676,0.7467088548319888,0.7058212738611281,0.04088758097086065
0.864917187539903,0.8470233115180127,0.4944599419204394,-0.017893876021890298,-0.3704572456194636,-0.3525633695975733,-0.05098485371347161,-0.8291599873025393,-0.7781751335890676,0.7360396581451668,0.7348939691737366,0.001145688971430192
0.9035269943168078,0.8401321029767898,0.4933089309981817,-0.06339489134001808,-0.41021806331862615,-0.34682317197860807,-0.19102273034278383,-0.9525283031043135,-0.7615055727615296,0.7523571931407709,0.7389548257204152,0.01340236742035572
0.8802164366316821,0.827581085708271,0.4837071443754927,-0.052635350923411095,-0.3965092922561894,-0.3438739413327783,-0.14958215407181497,-0.896570893075348,-0.746988739003533,0.761244958418975,0.6997581527246552,0.061486805694319746
0.8788919940714072,0.8324394079181883,0.4886403268458381,-0.0464525861532189,-0.3902516672255691,-0.3437990810723502,-0.1325786584419859,-0.8826315276061452,-0.7500528691641593,0.7289361895892615,0.7377116296343609,-0.008775440045099336
0.8918436226747831,0.8621799446282551,0.5042971660529627,-0.02966367804652803,-0.3875464566218204,-0.3578827785752924,-0.09047442689379448,-0.891985455380353,-0.8015110284865585,0.7654505859005466,0.7400965696701207,0.02535401623042588
0.911838538780905,0.8213847323227762,0.5015002356347099,-0.09045380645812884,-0.4103383031461951,-0.3198844966880663,-0.26975726393481336,-0.9648648025276017,-0.6951075385927883,0.7450770476716622,0.7447386234872655,0.00033842418439666844
0.8996730385125683,0.852551195348075,0.5072847015865996,-0.047121843164493304,-0.39238833692596875,-0.34526649376147545,-0.14363860725062283,-0.9116362182356501,-0.7679976109850273,0.7584048422777216,0.7479344480204401,0.010470394257281579
0.8891784063910686,0.8489795497268463,0.5116042387705146,-0.04019885666422229,-0.37757416762055396,-0.33737531095633166,-0.11950062084772872,-0.8688337112391771,-0.7493330903914484,0.7640378271901405,0.7358036360688125,0.028234191121327967
0.8646318937048922,0.8505376555139756,0.4965959234660631,-0.014094238190916597,-0.3680359702388291,-0.3539417320479125,-0.04034101793772349,-0.8240535702131924,-0.7837125522754689,0.7494706674995361,0.7250396476237513,0.024431019875784776
0.8891779132555326,0.8457111146140216,0.48162143286987247,-0.04346679864151104,-0.40755648038566017,-0.36408968174414913,-0.1285868816784781,-0.9288081181342096,-0.8002212364557315,0.7560622751508436,0.7216113653421076,0.034450909808736
0.9012305832044563,0.8606730503341524,0.47407140807128273,-0.040557532870303836,-0.42715917513317353,-0.3866016422628697,-0.12566447805695802,-0.983288906869753,-0.857624428812795,0.7510758400071197,0.7395741877328079,0.011501652274311769
0.849798280806644,0.8422481129709096,0.4701802710386425,-0.007550167835734367,-0.3796180097680015,-0.3720678419322671,-0.020920284242782472,-0.8345075957147978,-0.8135873114720154,0.7234773081083077,0.7180071351024898,0.005470173005817869
0.9114818092543786,0.856845778557081,0.5144871538504416,-0.05463603069729761,-0.39699465540393697,-0.34235862470663936,-0.1718539034913915,-0.9376298883185075,-0.765775984827116,0.7745669616877934,0.7473095327534741,0.02725742893431926
0.8993880290225853,0.8557408521606046,0.4819937807603173,-0.04364717686198072,-0.417394248262268,-0.3737470714002873,-0.1336535415985809,-0.9612783070431563,-0.8276247654445754,0.7483735347426161,0.7430415732197219,0.00533196152289428
0.8943274999378974,0.8478919681626368,0.5219189406791371,-0.04643553177526061,-0.37240855925876026,-0.32597302748349966,-0.13910756618056075,-0.8647664078527679,-0.7256588416722072,0.766615698218035,0.7428099076350793,0.023805790582955733
0.8752964161582224,0.8278855795320773,0.4942021062596413,-0.04741083662614509,-0.3810943098985811,-0.333683473272436,-0.13375518808717501,-0.8605548605805213,-0.7267996724933463,0.7558795026699733,0.7090432319633206,0.04683627070665264
0.8876750129966011,0.8459951150005381,0.47433194707337356,-0.041679897996062976,-0.41334306592322756,-0.3716631679271646,-0.12302682592075298,-0.9386278369614041,-0.8156010110406511,0.7434183103562758,0.728583073024066,0.014835237332209816
0.8850201138867829,0.8576239978898792,0.48716786865949324,-0.027396115996903725,-0.3978522452272897,-0.37045612923038596,-0.08192530841029866,-0.9045712834967108,-0.8226459750864121,0.7516252302202191,0.734916090070551,0.016709140149668067
0.8982622637569958,0.8406603855396722,0.5033547903898332,-0.057601878217323654,-0.3949074733671626,-0.33730559514983893,-0.17195943718301843,-0.9148152981401292,-0.7428558609571108,0.7641532352381389,0.7306983912195284,0.03345484401861054
0.8929221711011748,0.8443452556349941,0.48339307360281375,-0.0485769154661807,-0.409529097498361,-0.3609521820321803,-0.14437881047060452,-0.9372802197158541,-0.7929014092452495,0.7574747423977815,0.7229655911615401,0.03450915123624132
0.8788904628928815,0.8484200450804911,0.4953059904480759,-0.03047041781239046,-0.38358447244480565,-0.3531140546324152,-0.08892325564142389,-0.8692936901373154,-0.7803704344958915,0.7565334244598955,0.7252109078210702,0.03132251663882524
0.8789957995898696,0.8682601554574254,0.46616089466677113,-0.010735644132444211,-0.4128349049230985,-0.4020992607906543,-0.032316921614679917,-0.9279584426237728,-0.8956415210090929,0.7474633843249324,0.7281478488177784,0.019315535507154036
0.9090079327197683,0.8571701136218943,0.5150870285380716,-0.051837819097873994,-0.3939209041816967,-0.3420830850838227,-0.16227216548788803,-0.9277743762115227,-0.7655022107236347,0.7838089955697705,0.7370343876833856,0.04677460788638488
0.8753876280153841,0.8318401778327968,0.4864849562287813,-0.04354745018258721,-0.38890267178660276,-0.34535522160401555,-0.12350669385076829,-0.8762683161913472,-0.7527616223405789,0.7388780983106548,0.7235970764073201,0.01528102190333469
0.8923315039249137,0.8335401521245626,0.4833672938634256,-0.05879135180035111,-0.4089642100614881,-0.350172858261137,-0.1718695891250297,-0.9354238867427227,-0.763554297617693,0.7522353064965107,0.7205906601120904,0.03164464638442033
0.8967831990242546,0.8197635349077892,0.5031911763658119,-0.07701966411646544,-0.39359202265844273,-0.3165723585419773,-0.22276499356800938,-0.9102655267321906,-0.6875005331641812,0.7844759418000685,0.6953493317318352,0.0891266100682333
0.9196106556967306,0.8233470381116346,0.5097007870060807,-0.09626361758509605,-0.40990986869064994,-0.3136462511055539,-0.29260746008363014,-0.9764468790956045,-0.6838394190119743,0.7639650327907681,0.7378072877521958,0.026157745038572267
0.9142312020422335,0.8413933613156812,0.4646948831892465,-0.0728378407265523,-0.449536318852987,-0.3766984781264347,-0.22478652432820523,-1.047025635477389,-0.8222391111491838,0.7465934426575705,0.7336195217072038,0.012973920950366757
0.8835845356214452,0.8312353417352959,0.4702220695931535,-0.05234919388614934,-0.41336246602829174,-0.3610132721421424,-0.15030383904518407,-0.9340071891155166,-0.7837033500703325,0.7349654149357762,0.7217292163641534,0.013236198571622726
0.9055124112788476,0.8497738386921995,0.482898698939051,-0.05573857258664816,-0.4226137123397966,-0.36687513975314845,-0.17113747756347397,-0.9801110663761352,-0.8089735888126612,0.754896818353467,0.7372264809199316,0.01767033743353541
0.8862010691852734,0.8526540248057469,0.49936180645065575,-0.03354704437952649,-0.38683926273461766,-0.35329221835509117,-0.09975700335426563,-0.8838909881117449,-0.7841339847574793,0.7865027042823922,0.7056418960120585,0.0808608082703337
0.8750373561070036,0.8513745344531126,0.5248271510097858,-0.023662821653890997,-0.3502102050972178,-0.3265473834433268,-0.06892077783065664,-0.7985003115836105,-0.7295795337529538,0.7859877224250417,0.7148383052882259,0.07114941713681577
0.8760326450575493,0.8568219426208895,0.4535781837004142,-0.019210702436659788,-0.4224544613571351,-0.4032437589204753,-0.056503763863376744,-0.9441675934714284,-0.8876638296080517,0.729937714428422,0.72768413315748,0.0022535812709419956
0.8989079825168081,0.8700373058786283,0.4832866927599948,-0.028870676638179882,-0.41562128975681334,-0.38675061311863346,-0.09048264817399643,-0.9570967849281553,-0.8666141367541589,0.7662428399014247,0.7352451475355295,0.030997692365895224
0.9080234905864938,0.853971273523075,0.5166457991963495,-0.054052217063418784,-0.39137769139014433,-0.33732547432672555,-0.1679575023413058,-0.9212405656153815,-0.7532830632740757,0.7775823149503924,0.7415113939202196,0.03607092103017284
0.8893238414505821,0.8492005005524011,0.4803735408381901,-0.040123340898180926,-0.40895030061239196,-0.36882695971421103,-0.11934680600028802,-0.9317707115003082,-0.8124239055000202,0.7518475444470674,0.7274177107803816,0.02442983366668572
0.878527879285953,0.8528959808112863,0.48705469064224244,-0.025631898474666737,-0.39147318864371056,-0.3658412901690438,-0.07525444499021461,-0.8846884093107741,-0.8094339643205595,0.7319979203306741,0.7469877801623135,-0.014989859831639363
0.9170185944832898,0.8402986625716886,0.5010687833162787,-0.0767199319116012,-0.41594981116701113,-0.3392298792554099,-0.2378077192282526,-0.9842477626639876,-0.746440043435735,0.7616382364006399,0.7439524571801981,0.01768577922044179
0.8696367585940024,0.8535886277319217,0.48117776769529136,-0.01604813086208068,-0.388458990898711,-0.3724108600366303,-0.04649306488344296,-0.8696442602419125,-0.8231511953584696,0.7311681282441177,0.7384339744366927,-0.007265846192574976
0.8835307740342438,0.8625558182286811,0.4478628608753205,-0.020974955805562745,-0.43566791315892334,-0.4146929573533606,-0.06305196184502027,-0.9787126292396886,-0.9156606673946683,0.7525252216875087,0.7101077470713216,0.042417474616187056
0.8988369255236369,0.8542531033471681,0.49485759962346787,-0.044583822176468835,-0.40397932590016905,-0.3593955037237002,-0.13604904882311164,-0.9337132444059266,-0.797664195582815,0.7626154829524158,0.7360162693770996,0.02659921357531614
0.9101623917373716,0.8458849786297742,0.5140151981323192,-0.06427741310759738,-0.39614719360505235,-0.33186978049745497,-0.19804144403031332,-0.9339446241285836,-0.7359031800982703,0.7704903539152042,0.7428846917511056,0.027605662164098543
0.8991293438930179,0.8542418081274233,0.4941708289487881,-0.044887535765594566,-0.4049585149442298,-0.36007097917863523,-0.13705141760722972,-0.9360572266551104,-0.7990058090478807,0.7528407723945119,0.7455205482516408,0.007320224142871035
0.8874935800061851,0.8709241699232356,0.5100807838180348,-0.016569410082949432,-0.37741279618815027,-0.36084338610520084,-0.050872224953550926,-0.8665318437756804,-0.8156596188221295,0.7638067580496335,0.7485255977820038,0.015281160267629712
0.9166657756801911,0.8434015778285862,0.49488146479056766,-0.07326419785160498,-0.4217843108896235,-0.3485201130380185,-0.22802595585495844,-0.9953448088659338,-0.7673188530109754,0.7563921037579866,0.7469071084415768,0.009484995316409783
0.9079053759092055,0.8569425203181609,0.48398289665773764,-0.05096285559104463,-0.42392247925146787,-0.37295962366042323,-0.15909911264281362,-0.986169411180424,-0.8270702985376104,0.7527705192602293,0.74645000932984,0.006320509930389351
0.884545373789593,0.8334565708041608,0.48268418486389514,-0.05108880298543217,-0.40186118892569783,-0.35077238594026566,-0.14735892599134282,-0.9120558685603792,-0.7646969425690364,0.7526250326978279,0.7144990536072715,0.03812597909055637
0.8957069821214956,0.858255859718331,0.5044927063017385,-0.037451122403164616,-0.3912142758197571,-0.3537631534165925,-0.11432985628477654,-0.904133130908884,-0.7898032746241075,0.761664087560091,0.7439729445342859,0.0176911430258051
0.9032644855458793,0.8502617726631019,0.46989889753260927,-0.05300271288277747,-0.4333655880132701,-0.3803628751304926,-0.16212629437824644,-0.9984957943102548,-0.8363694999320084,0.7499862631944297,0.7322971739666309,0.017689089227798882
0.9094883525193066,0.8552428554250483,0.4635529954484611,-0.0542454970942583,-0.4459353570708455,-0.3916898599765872,-0.16943727865015656,-1.032584178750171,-0.8631469001000145,0.7419166316033041,0.7436061706585732,-0.0016895390552690293
0.8978287878701672,0.855110945730769,0.5008568373624382,-0.04271784213939822,-0.39697195050772893,-0.3542541083683307,-0.1302790132705125,-0.9183786935949316,-0.7880996803244191,0.770345855789554,0.7321851915193627,0.03816066427019127
0.9035761001548918,0.8568937085619542,0.4910320345361368,-0.04668239159293752,-0.41254406561875495,-0.36586167402581743,-0.14442089981601747,-0.9572490031015481,-0.8128281032855307,0.7725151431312741,0.728486085704048,0.04402905742722607
0.8924831165793525,0.8616118184153728,0.47507721226235977,-0.03087129816397971,-0.41740590431699276,-0.38653460615301305,-0.09418285492332501,-0.9525078614285274,-0.8583250065052024,0.7629228848526838,0.7231918799853728,0.03973100486731096
0.8705349187143165,0.8450739643718168,0.4648393933114854,-0.02546095434249973,-0.40569552540283116,-0.3802345710603314,-0.07296888879760255,-0.9050416367272063,-0.8320727479296037,0.7603269986403103,0.6933051856247688,0.06702181301554144
0.8739162208156301,0.8682931699730765,0.4693364646498058,-0.005623050842553656,-0.40457975616582437,-0.3989567053232707,-0.01678193888398649,-0.9061566767140683,-0.8893747378300818,0.7302725188080822,0.7440913848175926,-0.013818866009510433
0.8937757345615961,0.8406601210555363,0.5023171407930573,-0.053115613506059756,-0.39145859376853875,-0.338342980262479,-0.15726079569092688,-0.9021912669480499,-0.744930471257123,0.7661517084318243,0.7250169558416355,0.04113475259018884
0.8905404012439834,0.844503654906125,0.48729463452094246,-0.04603674633785837,-0.4032457667230409,-0.35720902038518254,-0.13627634349928552,-0.9218082774287701,-0.7855319339294846,0.7377060823519763,0.7438530447620578,-0.006146962410081502
0.9072246643638796,0.8304994852176543,0.5187083505764987,-0.07672517914622534,-0.38851631378738094,-0.3117911346411556,-0.2296302570327855,-0.9143540753271642,-0.6847238182943787,0.7673558761662387,0.7369324572724497,0.030423418893788967
0.9126183239284705,0.8362030396050785,0.4793514465588794,-0.07641528432339206,-0.43326687736959113,-0.35685159304619907,-0.2331664108294773,-1.0119299296694269,-0.7787635188399495,0.7560547848077338,0.7293937552538853,0.026661029553848525
0.882650066118856,0.845521338293966,0.4871161149415425,-0.03712872782488996,-0.3955339511773135,-0.35840522335242353,-0.10857689738027831,-0.8972781039433941,-0.7887012065631158,0.7602624964654225,0.7165958497708207,0.04366664669460185
0.91626189634154,0.8212574844766748,0.4797921448884441,-0.09500441186486519,-0.43646975145309586,-0.34146533958823067,-0.2858720351043811,-1.024074602844178,-0.738202567739797,0.7554811703878086,0.7227265134166307,0.03275465697117785
0.9002972679710575,0.8049044026439822,0.4909902814198428,-0.09539286532707525,-0.40930698655121467,-0.3139141212241394,-0.27246743869277745,-0.9463071793020166,-0.6738397406092391,0.7454311817606961,0.7186967862625588,0.026734395498137276
0.9117616754718888,0.8128832263980379,0.5062729705023497,-0.0988784490738509,-0.40548870496953915,-0.30661025589568824,-0.2914804724591389,-0.9550479669933825,-0.6635674945342436,0.7586839820535478,0.7285945995279699,0.030089382525577912
0.9145004107899568,0.8367322163969094,0.4818749393480232,-0.07776819439304739,-0.4326254714419336,-0.3548572770488862,-0.23843321294440578,-1.0135767280659782,-0.7751435151215724,0.7729415472251071,0.7157968304648192,0.05714471676028787
0.8981938082834439,0.843023200524701,0.4954566020364909,-0.05517060775874283,-0.402737206246953,-0.34756659848821014,-0.16525755343025672,-0.9303854375337426,-0.7651278841034859,0.7546716601064593,0.7364440804566315,0.018227579649827796
0.9109506953061394,0.8387092966255276,0.4752147346131659,-0.07224139868061175,-0.4357359606929735,-0.36349456201236174,-0.22049329172134113,-1.0143318205444825,-0.7938385288231413,0.7453486510705505,0.7379011666260046,0.007447484444545904
0.9206739201491715,0.8536730419968483,0.47751154664915835,-0.06700087815232314,-0.44316237350001314,-0.37616149534769,-0.21403547667628509,-1.0447642072932999,-0.8307287306170148,0.7680748044304404,0.733164201433012,0.03491060299742843
0.9234691044389278,0.8168897630582093,0.49110414388186446,-0.10657934138071856,-0.43236496055706336,-0.3257856191763448,-0.3237703497725044,-1.0279926680429625,-0.7042223182704581,0.7663091139948022,0.7213328935911988,0.044976220403603384
0.9127590868600277,0.8361548671198402,0.46798823822203267,-0.0766042197401875,-0.44477084863799504,-0.36816662889780755,-0.2337952123106315,-1.0351870640589511,-0.8013918517483196,0.7574387170284171,0.7204960777728501,0.03694263925556707
0.8766565633216198,0.878908622783159,0.49710537382510955,0.0022520594615391687,-0.37955118949651023,-0.3818032489580494,0.006875813815212961,-0.8588746675248242,-0.8657504813400372,0.7566210084310357,0.7451593648555564,0.011461643575479297
0.8918503429903721,0.861755330325626,0.49380923691849166,-0.030095012664746124,-0.3980411060718805,-0.36794609340713436,-0.09172706740105818,-0.9129833742285189,-0.8212563068274608,0.7440900612129079,0.7541865456100854,-0.010096484397177474
0.8767306402569134,0.8297014183411716,0.5230278232699263,-0.04702922191574177,-0.35370281698698713,-0.30667359507124536,-0.1332865237808325,-0.8072387417669717,-0.6739522179861392,0.7566084321031015,0.729698155808906,0.026910276294195512
0.8845704007543985,0.8543467848883691,0.46375188052526495,-0.030223615866029396,-0.4208185202291336,-0.3905949043631042,-0.08985088341682079,-0.9500555229633902,-0.8602046395465694,0.7521203807008846,0.7163256634111371,0.03579471728974748
0.9115481796632346,0.8491782735289052,0.5074603187844463,-0.06236990613432947,-0.40408786087878834,-0.3417179547444589,-0.19374316120828627,-0.951920759830073,-0.7581775986217867,0.7737030710517857,0.7384214435992719,0.03528162745251384
0.8881036428735778,0.8380779577614259,0.4861048176802236,-0.050025685112151885,-0.40199882519335417,-0.3519731400812023,-0.146095223333222,-0.9164216616498908,-0.7703264383166688,0.7651493408965268,0.7097082713136249,0.05544106958290185
0.8946125967107404,0.8335140031855095,0.5072076171810079,-0.06109859352523095,-0.3874049795297325,-0.32630638600450157,-0.17933373655708174,-0.8951305523838291,-0.7157968158267474,0.7697789885079551,0.7204438228768832,0.049335165631071876
0.8787372766774633,0.8409129645545849,0.48741761793628524,-0.0378243121228784,-0.391319658741178,-0.3534953466182996,-0.1091802965860369,-0.8846035521562188,-0.7754232555701819,0.7697149132517251,0.7016636595271637,0.06805125372456144
0.8796286817496985,0.8420830977344985,0.49457934951900684,-0.03754558401520003,-0.3850493322306917,-0.3475037482154917,-0.1087113926492651,-0.8730127375627519,-0.7643013449134868,0.7505687546067956,0.7269586647286737,0.023610089878121965
0.8670689433597805,0.8535916977939049,0.499809098099644,-0.013477245565875595,-0.36725984526013644,-0.35378259969426085,-0.038889609504430656,-0.8247779317078201,-0.7858883222033894,0.7471414249348423,0.7331717345673774,0.013969690367464871
0.889715812729157,0.8228546680369407,0.509848755773878,-0.06686114469221627,-0.379867056955279,-0.31300591226306274,-0.19180618839292807,-0.8740592786819321,-0.682253090289004,0.7520324459558277,0.7295803784041561,0.022452067551671617
0.8690964915645565,0.85068855652156,0.4814664659583675,-0.018407935042996537,-0.387630025606189,-0.36922209056319244,-0.053060059243859925,-0.8674632884037401,-0.8144032291598802,0.7528517886388655,0.7146492207241237,0.03820256791474175
0.9111050772871444,0.8719064091359762,0.4906522370096108,-0.03919866815116824,-0.4204528402775336,-0.38125417212636536,-0.12652632683712328,-0.9839798367985666,-0.8574535099614433,0.7740647796604754,0.7417110359613456,0.0323537436991298
0.8978593530230614,0.8289152977986858,0.4793522802252782,-0.06894405522437563,-0.4185070727977832,-0.3495630175734076,-0.20225854906783125,-0.9615004786375412,-0.7592419295697099,0.7403552353577227,0.7303960520069609,0.009959183350761847
0.8994775265004631,0.8438110440442702,0.49159773607780277,-0.05566648245619288,-0.4078797904226603,-0.35221330796646744,-0.167346754652411,-0.9423609750315967,-0.7750142203791857,0.7591861468592065,0.7307380575558174,0.028448089303389046
0.9018009719648624,0.8534774284047152,0.5038918338265318,-0.04832354356014723,-0.3979091381383306,-0.3495855945781834,-0.14813938182935438,-0.9255389685352191,-0.7773995867058647,0.7724909134562237,0.7336225760078492,0.03886833744837448
0.8732418888280797,0.8487237010703788,0.509643458340298,-0.024518187757700982,-0.36359843048778173,-0.33908024273008075,-0.07093257516459728,-0.8234738393036478,-0.7525412641390505,0.779096391156127,0.7086429743363772,0.07045341681974981
0.9108731746875695,0.823010305831543,0.48815330361941,-0.08786286885602645,-0.42271987106815945,-0.334857002212133,-0.26210924344294373,-0.9881644508119305,-0.7260552073689868,0.735294350641708,0.74606350545064,-0.010769154808932035
0.8848369125293376,0.868893106160209,0.475941047681767,-0.01594380636912862,-0.4088958648475706,-0.392952058478442,-0.04854516277845766,-0.9264665905854801,-0.8779214278070224,0.7566453012756759,0.7298020763052,0.026843224970475865
0.8906480083194867,0.8461824019777239,0.4867587423630294,-0.044465606341762776,-0.40388926595645724,-0.35942365961469447,-0.13197821590208214,-0.9232251540774725,-0.7912469381753904,0.7543802403210157,0.7280125281191443,0.026367712201871396
0.8701930581260368,0.8224403256450533,0.503054791829566,-0.04775273248098344,-0.3671382662964707,-0.3193855338154873,-0.13277748385339994,-0.827534977436347,-0.694757493582947,0.7444254245249837,0.7193666925421203,0.025058731982863458
0.8940112342034862,0.8034686224424659,0.490760683212891,-0.0905426117610203,-0.40325055099059515,-0.31270793922957485,-0.25538908071150557,-0.9260699246130968,-0.6706808439015912,0.7625497115363037,0.6962773150362584,0.06627239650004524
0.8977631186736391,0.8366828708642973,0.4899709982013973,-0.06108024780934185,-0.40779212047224184,-0.3467118726629,-0.18112362842617813,-0.9399349281692952,-0.7588112997431171,0.7697801942666418,0.7131644642262474,0.05661573004039444
0.9132840320547984,0.8430579517261497,0.48645922053948765,-0.07022608032864863,-0.4268248115153107,-0.3565987311866621,-0.21684603303521666,-1.0000673991537288,-0.7832213661185121,0.7606044383216007,0.7345963645586898,0.02600807376291092
0.9042931684037001,0.8286761177501676,0.4964300277699769,-0.07561705065353252,-0.4078631406337232,-0.3322460899801907,-0.22444569899286604,-0.9488854917823435,-0.7244397927894775,0.7628172666280145,0.7234489426545486,0.0393683239734659
0.8865742756560777,0.8711144946011096,0.5035336499895076,-0.015459781054968147,-0.38304062566657016,-0.367580844611602,-0.04740026438939271,-0.8767232889648859,-0.8293230245754932,0.7749220251797638,0.7325595883180328,0.04236243686173102
0.8957653281673007,0.8641590101374186,0.47309781844766996,-0.03160631802988212,-0.42266750971963074,-0.3910611916897486,-0.09744543535590644,-0.9671399425585607,-0.8696945072026543,0.7603906084396194,0.728290829395307,0.03209977904431238
0.8831322620412304,0.8295305102562573,0.4903836714581315,-0.05360175178497306,-0.3927485905830989,-0.33914683879812585,-0.15343749864812573,-0.8922409240430649,-0.7388034253949392,0.7589763165788077,0.7097213125916053,0.049255003987202395
0.9027125229447479,0.8496278859925172,0.4743995246765672,-0.05308463695223076,-0.4283129982681807,-0.37522836131594994,-0.1620363565145122,-0.9876156049341669,-0.8255792484196547,0.7379259122533273,0.7465673768225609,-0.008641464569233648
0.8985878301203591,0.8547333790590488,0.4872199066443198,-0.04385445106131036,-0.41136792347603934,-0.367513472414729,-0.13386137878187965,-0.948165618669883,-0.8143042398880034,0.7364518039305507,0.7572422732852678,-0.020790469354717178
0.8971745889048924,0.8441729259956265,0.4937548775153219,-0.05300166290926589,-0.40341971138957056,-0.35041804848030467,-0.15872924926430887,-0.9304260172189982,-0.7716967679546893,0.7438557618827915,0.7462124997277688,-0.0023567378449773635
0.9134585739359299,0.8243603810083397,0.5051618201492876,-0.08909819292759014,-0.4082967537866423,-0.3191985608590522,-0.26770074113448983,-0.9632792099171301,-0.6955784687826403,0.771985517858232,0.723334998870806,0.048650518987426006
0.912039279809895,0.8434356120600103,0.4772048174716702,-0.06860366774988469,-0.43483446233822476,-0.36623079458834007,-0.21139839283812867,-1.014179823141208,-0.8027814303030794,0.7625885089843746,0.7258646305766757,0.03672387840769886
0.9077664652925286,0.844208574341614,0.5075403317440218,-0.06355789095091458,-0.4002261335485068,-0.3366682425975922,-0.19434500009148836,-0.9385682560978257,-0.7442232560063373,0.7713305891529744,0.7350129917658019,0.03631759738717244
0.9155952242680421,0.8789006710007349,0.5022721913715855,-0.036694553267307195,-0.41332303289645655,-0.37662847962914936,-0.12130858903697339,-0.9767010131320055,-0.8553924240950321,0.7682297416739532,0.7629489827529551,0.005280758920998108
0.8808266601459112,0.8211413699844974,0.5138498895367567,-0.05968529016141377,-0.36697677060915446,-0.3072914804477407,-0.1683879612031558,-0.838157460944581,-0.6697694997414252,0.7554137856628208,0.7217981607819562,0.03361562488086456
0.8773360916979795,0.8705156648795063,0.4780364756344289,-0.00682042681847328,-0.39929961606355063,-0.39247918924507735,-0.020549346461641083,-0.899095520962577,-0.878546174500936,0.7388668127724062,0.7450586753688702,-0.006191862596463982
0.8772190470977732,0.8702248654878271,0.498450171511718,-0.006994181609946137,-0.3787688755860552,-0.37177469397610907,-0.021058375299618515,-0.8578972804391025,-0.836838905139484,0.7626249906954806,0.734637732036065,0.027987258659415648
0.9048453466438625,0.8629749258404765,0.46906629645992576,-0.04187042080338599,-0.43577905018393676,-0.39390862938055077,-0.13121037242057598,-1.0055318091280419,-0.8743214367074659,0.755166980829927,0.7360907317995828,0.019076249030344106
0.885793393579564,0.8459434213446785,0.48062394886213994,-0.03984997223488551,-0.40516944471742405,-0.36531947248253854,-0.11723272813071128,-0.9200936616798483,-0.802860933549137,0.7493823933543667,0.7255247825032216,0.023857610851145128
0.8904034433469944,0.838506887998134,0.49238656593076224,-0.051896555348860396,-0.39801687741623215,-0.34612032206737176,-0.1522587763362706,-0.9111837225581925,-0.7589249462219219,0.7423302604442443,0.7385343377396828,0.0037959227045615274
0.8835142961025267,0.8574177363949218,0.49890516460314077,-0.026096559707604938,-0.38460913149938597,-0.35851257179178103,-0.07780828855937738,-0.8763867627073394,-0.798578474147962,0.7589189262062053,0.7343058718608544,0.024613054345350882
0.8794170186748259,0.8170154250833601,0.47393464892988646,-0.0624015935914658,-0.40548236974493945,-0.34308077615347365,-0.1747663681618512,-0.9136753337622121,-0.7389089656003609,0.7363219519141744,0.7105894432112074,0.02573250870296695
0.8849902189529786,0.8391345620875987,0.458142651701907,-0.045855656865379846,-0.4268475672510716,-0.38099191038569175,-0.13340595718704806,-0.9626232798768097,-0.8292173226897617,0.7369382544300621,0.717906700731594,0.019031553698468096
0.9207388955902868,0.8610175796936417,0.4940625044503646,-0.05972131589664509,-0.4266763911399222,-0.3669550752432771,-0.19327318336587007,-1.011887867674888,-0.8186146843090178,0.7785378941783055,0.7386747589778897,0.039863135200415845
0.9028631550824725,0.8357646994056619,0.5006473147817704,-0.06709845567681061,-0.4022158403007021,-0.3351173846238915,-0.20062983644863008,-0.9356060961107298,-0.7349762596620997,0.7561045500584602,0.7367455627881431,0.01935898727031715
0.9031648202457507,0.8494126412137529,0.504923535897936,-0.053752179031997804,-0.3982412843478147,-0.3444891053158169,-0.16416619019805356,-0.9280728454857698,-0.7639066552877163,0.7470434494533289,0.7579572154516309,-0.01091376599830196
0.9184462381380349,0.8776151135589249,0.5124318795637628,-0.04083112457911009,-0.40601435857427215,-0.36518323399516206,-0.13557582354001463,-0.966714795654646,-0.8311389721146314,0.757364381979349,0.7816311055277994,-0.024266723548450386
0.9027860511029434,0.8379680419588067,0.5115698795846173,-0.06481800914413671,-0.3912161715183261,-0.3263981623741894,-0.19440625293839053,-0.9134985876908865,-0.719092334752496,0.7530162897872811,0.7485330253102973,0.004483264476983773
0.9086055391402283,0.8263031484342782,0.48491515679462444,-0.08230239070595013,-0.4236903823456039,-0.3413879916396538,-0.24553612540951386,-0.9867295140836818,-0.741193388674168,0.7563434626801434,0.7235391002326105,0.03280436244753293
0.8948419401004833,0.8392201933907687,0.49692037246209675,-0.05562174670971465,-0.3979215676383866,-0.34229982092867195,-0.16465593531825107,-0.9164528594477395,-0.7517969241294884,0.75374472428204,0.7335769463535261,0.020167777928513875
0.8769801489889822,0.8222873031651045,0.48349595834767817,-0.05469284582387779,-0.3934841906413041,-0.3387913448174263,-0.15360323779384144,-0.8870840668792013,-0.7334808290853598,0.7522084990473793,0.7029671079537974,0.04924139109358194
0.8811996970877339,0.8538924652270524,0.4659529067727857,-0.027307231860681513,-0.4152467903149482,-0.3879395584542667,-0.0806552678374044,-0.9351598595566102,-0.8545045917192058,0.7543056664063387,0.7130577129853759,0.04124795342096277
0.9001838897370222,0.8450914323516477,0.5023808006718742,-0.055092457385374494,-0.39780308906514805,-0.34271063167977356,-0.16616670925986243,-0.923146815182667,-0.7569801059228045,0.7728114571203077,0.7256259580533883,0.04718549906691949
0.921322582856967,0.8575277396714404,0.49231971498152266,-0.06379484318552664,-0.42900286787544434,-0.3652080246899177,-0.20547341913875616,-1.0175380584839224,-0.8120646393451663,0.7505302187681667,0.7635831395717866,-0.01305292080361986
0.9167392502905295,0.8564063144209771,0.48295951158977307,-0.06033293586955235,-0.4337797387007564,-0.37344680283120407,-0.19187309096825889,-1.0194610306342846,-0.8275879396660257,0.7465452939664545,0.7575247569010652,-0.010979462934610718
0.9098359260613147,0.8251503796442773,0.48476679081242763,-0.0846855464170374,-0.42506913524888706,-0.34038358883184966,-0.25285765934089577,-0.9913090667673436,-0.7384514074264479,0.7558389052501625,0.7239964924285174,0.03184241282164513
0.9046748076955227,0.8320079758089606,0.4778155457113242,-0.07266683188656209,-0.4268592619841985,-0.3541924300976364,-0.21686692583500378,-0.987427384258575,-0.7705604584235712,0.735336250812664,0.7409959686645411,-0.005659717851877133
0.9110802585560944,0.8180250280485151,0.48694478481921116,-0.09305523050757936,-0.42413547373688326,-0.3310802432293039,-0.27582746370840017,-0.9913094170359886,-0.7154819533275885,0.7468481799164588,0.7305185343660884,0.01632964555037042
0.9054406977897149,0.8061174256093351,0.4949998545858465,-0.09932327218037984,-0.4104408432038684,-0.3111175710234886,-0.2867726490919731,-0.9556571220357566,-0.6688844729437835,0.763156158726532,0.707882493263399,0.05527366546313295
0.867733951439912,0.8370683883134712,0.5111596516446147,-0.030665563126440865,-0.3565742997952973,-0.32590873666885645,-0.08656163417197504,-0.8040358364847742,-0.7174742023127991,0.7373582406906476,0.7399497535746842,-0.002591512884036584
