CELL__chatbot__low,CELL__dashboard__low,IF_RATIO__low,IF_DIFF__low,CELL__chatbot__medium,CELL__dashboard__medium,IF_RATIO__medium,IF_DIFF__medium,CELL__chatbot__high,CELL__dashboard__high,IF_RATIO__high,IF_DIFF__high,DL_RATIO__chatbot,DL_DIFF__chatbot,DL_RATIO__dashboard,DL_DIFF__dashboard,DID_RATIO,DID_DIFF
156.93845950298405,170.09371753827565,1.0838243097132063,13.15525803529161,213.59565281031246,198.03442958527035,0.9271463486250746,-15.561223225042113,180.64045921451648,215.6702255808784,1.193919825706172,35.02976636636191,1.151027350380496,23.701999711532437,1.2679493910899255,45.57650804260274,1.10158059291187,21.874508331070302
147.37317492098052,200.7786693202671,1.3623827363963754,53.405494399286596,177.61640197863957,214.96699611377835,1.2102879785822405,37.35059413513878,173.4917767834011,200.45050668345027,1.1553890933615043,26.95872990004918,1.1772276527015517,26.118601862420576,0.9983655502951193,-0.32816263681684177,0.8480649838661434,-26.446764499237418
164.35305542717666,150.8294520603329,0.9177161426558574,-13.523603366843759,215.02283216697765,212.59934022923866,0.9887291413971471,-2.423491937738987,236.38477822255638,220.5594051320808,0.933052486672488,-15.82537309047558,1.4382743150600952,72.03172279537972,1.4623099276648928,69.7299530717479,1.016711424484969,-2.3017697236318213
163.57096735836362,166.3211922297862,1.0168136492425162,2.7502248714225743,185.06582980731562,193.30164460108972,1.044502082325781,8.235814793774097,222.9680156863939,227.85510780386593,1.0219183549821145,4.8870921174720365,1.3631270835361555,59.39704832803028,1.3699703853076381,61.53391557407974,1.0050202962395334,2.136867246049462
127.10624112622759,154.08370329906325,1.2122434109749551,26.977462172835658,186.61536644263296,171.93387481010885,0.9213275309938781,-14.681491632524114,175.94039820668922,222.9679000690015,1.2672922327200025,47.02750186231228,1.3841995219728436,48.83415708046164,1.4470569910708853,68.88419676993826,1.0454106999028965,20.05003968947662
145.58251971730567,152.32662579072374,1.0463249714767533,6.744106073418067,190.66134629720895,183.57073680970652,0.9628104509634094,-7.090609487502434,203.72363358351222,263.320925819699,1.2925399041233778,59.5972922361868,1.3993687839659998,58.14111386620655,1.7286598744822623,110.99430002897529,1.2353140174979516,52.853186162768736
135.29612266974758,127.54016557092616,0.9426742101268238,-7.755957098821412,178.69127499821954,201.70220421821037,1.1287747777289077,23.010929219990828,195.73706028815937,234.66781940264005,1.1988931429600902,38.93075911448068,1.4467307445753321,60.440937618411795,1.8399522875963281,107.12765383171389,1.27180008753904,46.68671621330209
159.0385781004908,133.71126764577343,0.8407473786724001,-25.327310454717377,164.0917919575032,209.84160674436703,1.2788062354679641,45.74981478686382,161.35091448074363,207.76680244030374,1.287670436259595,46.41588795956011,1.0145394683973579,2.312336380252816,1.5538466286230828,74.0555347945303,1.5315782944133802,71.74319841427749
138.53140218316065,120.0781384555019,0.8667936407424752,-18.45326372765875,197.41272798476666,191.09253461894505,0.9679848739727192,-6.320193365821609,185.69273650243335,218.97972365875714,1.179258423260339,33.28698715632379,1.340437861568151,47.1613343192727,1.8236435580645332,98.90158520325524,1.3604834736099514,51.74025088398254
172.31067240274254,128.31096131603536,0.7446489502178574,-43.99971108670718,181.55751144384203,204.55011889537172,1.1266409044091883,22.992607451529693,200.59003371770442,211.06429099832408,1.0522172367514548,10.474257280619668,1.1641184548851646,28.279361314961875,1.6449435717223235,82.75332968228872,1.4130379643234763,54.47396836732685
155.19601279648404,135.95312035015198,0.8760091055202159,-19.242892446332064,192.69446344347247,191.90400927344135,0.9958978885230763,-0.7904541700311256,222.38799208392686,215.7679637040409,0.970232078099848,-6.620028379885952,1.4329491336581879,67.19197928744282,1.5870762153036506,79.81484335388893,1.107559352963207,12.622864066446112
114.32190767457536,190.41653357793112,1.6656171809165745,76.09462590335576,178.76390103627352,198.67177763394156,1.111364075645387,19.907876597668036,219.10149091992034,198.76307613779636,0.9071735445672641,-20.338414782123976,1.9165310951913677,104.77958324534498,1.0438330769026907,8.346542559865242,0.544647086353933,-96.43304068547974
148.83363870158786,150.76067790811993,1.0129476052815976,1.927039206532072,176.42957420163816,194.45281582869453,1.102155444792141,18.023241627056365,216.06677454734105,208.90078373799233,0.9668343694935908,-7.1659908093487275,1.4517334685376868,67.2331358457532,1.3856450278454273,58.1401058298724,0.9544761885535162,-9.0930300158808
110.07322044991476,157.83861954040688,1.4339420514386259,47.765399090492124,213.72351159438725,196.28090302916397,0.9183870392400882,-17.44260856522328,226.14734644631494,228.63479759462248,1.0109992497696543,2.4874511483075423,2.0545173978008204,116.07412599640018,1.4485352080521186,70.7961780542156,0.7050488886600073,-45.27794794218458
123.68885393154939,171.27571444897845,1.3847303860036093,47.58686051742906,197.7566554037677,203.48910425542704,1.0289873877567113,5.732448851659342,213.37922425965385,198.05324128182335,0.9281749053545117,-15.325982977830506,1.7251289625315793,89.69037032810446,1.156341644342238,26.7775268328449,0.6702928705372487,-62.912843495259565
156.7386705714158,155.93091652003667,0.994846491625619,-0.8077540513791348,188.21931925228242,184.53391657201337,0.9804196365446989,-3.68540268026905,199.0353593240126,228.19574062717265,1.1465085470350493,29.16038130316005,1.2698548392582218,42.29668875259679,1.463441283613889,72.26482410713598,1.1524476958868382,29.968135354539186
156.1556818812678,157.66022623520394,1.009634899837203,1.5045443539361258,204.47806754307646,187.46683953819252,0.9168065885535608,-17.011228004883947,204.60214500981127,213.645280199411,1.044198633348473,9.043135189599724,1.3102446388430455,48.446463128543456,1.3550994141076917,55.985053964207054,1.03423389337754,7.538590835663598
149.89179895232903,157.13446885424722,1.0483193206869283,7.242669901918191,173.20548777688614,209.72900874968016,1.2108681511283386,36.52352097279402,211.15600580621603,221.93062217020338,1.0510268051474487,10.774616363987349,1.4087228739803919,61.264206853887,1.412361169311992,64.79615331595616,1.0025826906049449,3.5319464620691576
188.0783502532763,153.34255940329993,0.815312124956438,-34.73579084997638,196.01118579632347,184.64829564937168,0.9420293790847271,-11.362890146951798,220.01771622709802,206.83414599746848,0.9400795060702216,-13.183570229629538,1.1698194711449268,31.939365973821708,1.3488371838993671,53.49158659416855,1.153030204377802,21.552220620346844
126.91749631892515,116.235353101207,0.9158339588509099,-10.68214321771815,183.25414234402868,190.58976858491596,1.0400297976736366,7.335626240887279,191.85319886535407,212.29628717320784,1.1065558897571528,20.44308830785377,1.511637121987145,64.93570254642893,1.8264347421765894,96.06093407200085,1.2082494638499104,31.12523152557192
127.68876058915852,143.72969600121885,1.1256252730314489,16.040935412060335,195.72607371324898,207.07462479089864,1.057981805195132,11.34855107764966,196.88477284174812,227.73561770980973,1.1566949257820913,30.850844868061614,1.5419115349958588,69.1960122525896,1.58447157439113,84.00592170859088,1.0276021278972958,14.809909456001279
163.04316405135822,185.15499288977784,1.1356194782349442,22.111828838419626,177.7105175015623,213.3664782118955,1.200640689204114,35.655960710333204,177.10470596645902,221.04135535517898,1.2480829018571697,43.93664938871996,1.086244289951779,14.061541915100804,1.1938179570818497,35.886362465401135,1.099032665234858,21.82482055030033
139.85245379523332,176.7326013308663,1.2637075470240335,36.88014753563297,209.51993989032857,215.04405907475748,1.0263656012278377,5.524119184428912,226.14150570285537,220.9098362475461,0.9768655053434395,-5.231669455309259,1.6170006286336829,86.28905190762205,1.2499665290048796,44.17723491667982,0.7730154873601156,-42.11181699094223
110.46672612951033,137.17855798990854,1.2418088486580245,26.711831860398206,171.0484583015161,206.01813998466233,1.2044431269968148,34.969681683146234,177.18193395869682,213.70556484792777,1.2061363146524016,36.52363088923096,1.603939395750446,66.71520782918648,1.557864202535566,76.52700685801923,0.9712737318274283,9.811799028832752
147.1083756036302,163.22924462512572,1.1095849842359193,16.12086902149551,200.04815569178513,215.83885964170562,1.078934514018961,15.790703949920498,189.39315170485318,237.96672402669606,1.2564695285156828,48.573572321842875,1.2874396235273196,42.284776101222974,1.457868193737056,74.73747940157034,1.132377912793143,32.452703300347366
163.0055826136952,152.11731893007513,0.933203124033954,-10.888263683620067,191.81058515245402,205.14473640756106,1.0695172857353459,13.334151255107031,179.03511084661886,245.33332650337812,1.3703084570576638,66.29821565675925,1.0983372960355096,16.029528232923667,1.6127902347276595,93.21600757330299,1.4683924879443568,77.18647934037932
201.74195982450564,170.2806611278091,0.8440517841500867,-31.46129869669653,206.1772669868441,208.45581714759052,1.0110514131555144,2.27855016074642,188.42030885124507,222.18018732627831,1.1791732466678322,33.75987847503325,0.9339668803413578,-13.321650973260574,1.3047881412647,51.899526198469204,1.3970389836391306,65.22117717172978
116.5597071198465,136.55135542018465,1.171514229010397,19.991648300338156,170.5659095811499,167.7999034995339,0.9837833592397899,-2.766006081615984,171.41978737978116,237.12322198621396,1.3832896750762302,65.70343460643281,1.4706607593267853,54.86008025993466,1.736513132781127,100.57186656602931,1.1807706989992983,45.71178630609465
117.20983843483009,160.91295013330054,1.372862144356336,43.70311169847045,177.9709450474584,190.99395809950616,1.0731749390248784,13.023013052047759,178.81846982984007,224.42024539584463,1.2550171445343328,45.60177556600456,1.5256267922360889,61.60863139500998,1.3946686404663797,63.50729526254409,0.9141610828833402,1.8986638675341112
213.37683464704415,147.45187202299323,0.6910397385306598,-65.92496262405092,159.06855685746515,207.24371099339274,1.3028578060156502,48.175154135927585,203.59870985556282,212.79259310441273,1.0451568836333602,9.193883248849914,0.9541743844515467,-9.778124791481332,1.4431325298551005,65.3407210814195,1.512441073006381,75.11884587290083
141.98292280881253,115.99817531804051,0.8169868109718952,-25.984747490772023,187.01048863459437,204.59714968638764,1.0940410411212624,17.58666105179327,173.38000791337197,232.72292171073317,1.3422707987590556,59.342913797361206,1.2211328269867867,31.397085104559437,2.0062636422742,116.72474639269267,1.642952836854585,85.32766128813323
192.5418300464975,137.65032052286753,0.7149112506597967,-54.89150952362996,186.8992341466502,199.6251160403107,1.0680895347258361,12.7258818936605,180.03100435831047,209.97614144662361,1.1663332224082592,29.945137088313146,0.9350228171968359,-12.510825688187026,1.525431547482236,72.32582092375608,1.6314377782302938,84.83664661194311
144.07104725977533,140.79815603520197,0.9772827970170024,-3.272891224573357,197.75110791954148,202.45528884494766,1.0237883922618536,4.7041809254061775,207.07243131854455,217.2322921570528,1.0490642852542698,10.159860838508251,1.4372938578364816,63.00138405876922,1.5428631899322671,76.43413612185083,1.0734500683490682,13.432752063081608
146.7283439964094,155.1602972460894,1.0574664241415166,8.43195324968002,181.9107950315249,190.64685322436563,1.0480238580196781,8.736058192840716,220.15130193055438,215.29977712198266,0.9779627703037518,-4.851524808571725,1.5004006447175724,73.42295793414499,1.387595802169095,60.139479875893244,0.9248168527882024,-13.283478058251745
148.2686718780849,202.8485479086991,1.3681146889579812,54.5798760306142,186.68131643680871,205.85618192370896,1.102714432557534,19.174865486900245,198.92863559665406,256.3259715685329,1.2885322960152261,57.397335971878846,1.3416767890132903,50.65996371856917,1.2636322725065978,53.47742365983382,0.9418306128973962,2.8174599412646444
143.59595912179006,146.06811986414968,1.0172160885130679,2.4721607423596197,197.17005607250607,195.7555427664406,0.9928259222812956,-1.4145133060654587,188.78618713088497,217.69203125197203,1.1531141899753858,28.905844121087057,1.3147040368369076,45.19022800909491,1.4903459526584995,71.62391138782235,1.133598065344178,26.433683378727437
137.4319744086224,150.40141725555407,1.0943699084782847,12.969442846931656,200.11083882549642,187.8955722487542,0.9389574965132481,-12.21526657674221,175.55552631205083,206.9899331644485,1.179056777720132,31.43440685239767,1.2773994339197718,38.12355190342842,1.376249884751699,56.588515908894436,1.0773841354607454,18.464964005466015
131.57322002598835,143.38190905104534,1.0897499432082345,11.808689025056992,185.8561631400041,189.56489222951598,1.019954835109332,3.708729089511877,205.3112203382108,226.395690283763,1.1026951664444817,21.0844699455522,1.5604331967983889,73.73800031222245,1.578969702538721,83.01378123271766,1.0118790767707098,9.275780920495208
247.27462319408355,147.49070027785535,0.596465170476031,-99.78392291622819,214.06613690588097,188.6051249312427,0.8810600670304394,-25.461011974638268,184.79578704476094,231.79773643587023,1.2543453513890148,47.00194939110929,0.7473301734635197,-62.4788361493226,1.5716091658605609,84.30703615801488,2.1029649566762445,146.78587230733748
158.36665712410897,181.53722715193067,1.1463096490675013,23.170570027821697,192.62921910733496,201.2461545721898,1.044733273097335,8.616935464854834,181.42561482643495,198.67237827782162,1.0950624500729194,17.24676345138667,1.145604877447499,23.058957702325984,1.0943891861450012,17.135151125890957,0.9552937558919874,-5.923806576435027
132.0173749529564,152.0896734975307,1.1520428545994565,20.072298544574295,188.10344168394485,213.51107813017117,1.1350726824494617,25.40763644622632,177.60867097028907,228.85708962105582,1.288546828095683,51.24841865076675,1.345343149214858,45.59129601733267,1.5047510087841138,76.76741612352512,1.1184886247514518,31.176120106192457
148.5919864337295,223.98329410986898,1.5073712888935855,75.39130767613949,205.66357595601062,197.59501754014,0.9607681701615632,-8.068558415870626,196.7408689304842,218.93868378301636,1.1128276751709145,22.19781485253216,1.3240341801220123,48.14888249675471,0.9774777384764324,-5.04461032685262,0.7382571788187189,-53.19349282360733
195.6393449040047,147.82435465283513,0.7555962463755377,-47.814990251169576,206.23047093598612,178.58336205927898,0.8659407179199586,-27.647108876707136,174.00516134697827,219.5212752971032,1.2615791025839898,45.51611395012492,0.8894180331280409,-21.634183557026432,1.4850142644806261,71.69692064426806,1.6696471278616891,93.3311042012945
129.30389438697475,166.58182093293303,1.2882970131927707,37.27792654595828,176.57862903751243,184.9147820926789,1.0472092976404044,8.336153055166477,192.22525325307618,219.78696513876352,1.1433823674010235,27.561711885687345,1.486616115967809,62.92135886610143,1.319393460269901,53.20514420583049,0.8875145682185452,-9.716214660270936
144.14705217794676,104.15376202453187,0.7225521469280971,-39.99329015341489,198.8066433508457,176.2580167553826,0.8865801151540484,-22.548626595463077,188.55869636221541,215.74258467194068,1.144166717495256,27.183888309725262,1.3080995657784478,44.41164418426865,2.0713854255319717,111.5888226474088,1.583507463592264,67.17717846314015
139.67940655127475,148.6004666250488,1.0638681126591072,8.921060073774044,186.3151268279155,204.4336458191484,1.0972466342358105,18.118518991232918,200.3474392944613,230.4931383950644,1.1504671045797412,30.145699100603082,1.4343377040402587,60.66803274318656,1.5510929651159748,81.8926717700156,1.0814001198928527,21.22463902682904
135.71744271372742,144.47518829075358,1.0645292557972752,8.757745577026157,206.11819288297855,199.77047698915695,0.9692035147163092,-6.347715893821601,192.87986695192149,228.80509098556195,1.1862569930255884,35.92522403364046,1.4211870124812795,57.16242423819406,1.5836981677787887,84.32990269480837,1.1143488885490007,27.167478456614305
181.444846598571,152.1942198321148,0.8387905343425358,-29.25062676645618,174.21661454299428,190.63751600266286,1.0942556569747608,16.420901459668585,209.0394728129586,210.97239335407224,1.0092466772667532,1.9329205411136456,1.1520827222799996,27.594626214387603,1.3862050318783166,58.77817352195743,1.2032165790447609,31.183547307569825
155.09728603209635,162.16458099335753,1.0455668512458602,7.067294961261183,211.0444440383679,193.9885341197628,0.9191833265437476,-17.055909918605124,204.68414554702395,210.89586202574924,1.0303478144930294,6.211716478725293,1.3197145532557284,49.586859514927596,1.3005050839948078,48.731281032391706,0.9854442241213973,-0.8555784825358899
142.8174640328788,138.39886588053864,0.9690612196326148,-4.4185981523401665,202.228250553527,188.85665140737262,0.9338786786240081,-13.37159914615438,215.8712122089161,202.53932220729743,0.9382414641341046,-13.33189000161866,1.5115183123488258,73.05374817603729,1.4634464012307928,64.1404563267588,0.9681962760720169,-8.913291849278494
168.0321626476019,153.10140259967028,0.9111434393709227,-14.930760047931614,180.15505854940037,192.27941864860904,1.0672995817982212,12.124360099208673,201.09424646890884,223.6211203521939,1.1120214739051122,22.526873883285077,1.1967604493113915,33.06208382130694,1.4606079144612325,70.51971775252363,1.220468068861782,37.45763393121669
127.27222318741595,149.26123776095784,1.172771513083116,21.989014573541894,181.8153668694296,191.16881416169463,1.0514447565864011,9.353447292265031,175.51066537145127,226.93180867043165,1.292980162716337,51.42114329898038,1.379017832610666,48.23844218403532,1.5203666542941536,77.67057090947381,1.102499632956809,29.43212872543849
132.22823054712072,132.07871480366848,0.998869260045048,-0.14951574345224117,199.50642540149195,187.35173521655602,0.9390761968669655,-12.15469018493593,213.63727031925222,227.51876680460487,1.0649769418257806,13.881496485352642,1.6156706433662869,81.40903977213151,1.7225997931824633,95.44005200093639,1.0661825169970205,14.031012228804883
134.9179294308461,151.7682368491629,1.1248930182178167,16.85030741831679,201.3632237808828,194.23858515091698,0.9646179749400584,-7.12463862996583,209.25831452889747,218.5053314627535,1.0441894839623163,9.247016933856031,1.5510044914835095,74.34038509805137,1.4397303151114436,66.73709461359061,0.9282567026832823,-7.603290484460757
139.89110789968197,142.82406863796027,1.0209660269499157,2.9329607382782967,199.31508171874964,217.81463911453648,1.0928156426310542,18.499557395786837,164.95176651308373,218.92349842930608,1.3271970531576054,53.97173191622235,1.179144042746256,25.060658613401756,1.5328193666310375,76.09942979134581,1.2999424252367529,51.03877117794406
192.81266069816797,135.94672303710811,0.7050715577745245,-56.86593766105986,177.71737004484774,191.19604967212794,1.0758433439785813,13.4786796272802,197.73424421069944,220.84556587591726,1.1168807242138146,23.111321665217815,1.0255252092612102,4.92158351253147,1.6245008407862476,84.89884283880914,1.5840671941712094,79.97725932627768
134.79149080266316,152.95671218562737,1.1347653421947708,18.165221382964205,185.15850741710128,215.77772714660287,1.1653676093884606,30.619219729501594,240.13648247491992,216.92775722090812,0.9033519396352625,-23.208725254011796,1.781540370574901,105.34499167225675,1.4182297338978225,63.97104503528075,0.7960693775578946,-41.373946636976
145.12489700218205,156.91413483840506,1.081235115957021,11.789237836223009,197.74368756729427,194.46962493872078,0.9834428968689112,-3.274062628573489,196.83990377721935,211.14375213524053,1.0726674220193182,14.303848358021185,1.3563482754737786,51.715006775037295,1.3456005881986526,54.22961729683547,0.9920760121353258,2.5146105217981756
145.22945612807598,121.57192983533552,0.837102424511752,-23.657526292740457,191.67953059299234,211.07656872329892,1.1011951462438303,19.397038130306584,231.8630233191299,213.33392917589399,0.9200860323565566,-18.52909414323591,1.596528896415152,86.63356719105391,1.7547959423268722,91.76199934055846,1.0991319645182076,5.1284321495045475
140.0835356110388,124.14211994741561,0.8862006473916626,-15.94141566362319,204.12321346450562,184.44378519659435,0.9035904445462138,-19.679428267911277,198.39406751884295,232.79140051848927,1.173378838540015,34.39733299964632,1.4162554268312542,58.31053190780415,1.8752007829179618,108.64928057107366,1.3240554969053548,50.33874866326951
120.30386502239215,186.49820416645835,1.5502262053820586,66.1943391440662,179.1915538741549,206.56798159271617,1.1527774447326216,27.376427718561274,171.89792988737614,222.29139124390818,1.2931592101751823,50.39346135653204,1.428864566033525,51.59406486498399,1.1919224221885951,35.79318707744983,0.8341745260695542,-15.800877787534162
118.74544123593164,174.65069678479594,1.470799173147101,55.905255548864304,191.1012005122362,210.93128318776698,1.1037674416611583,19.830082675530775,202.96606916737542,209.51942135589056,1.0322879199237531,6.5533521885151345,1.7092535684305423,84.22062793144379,1.1996483564795608,34.86872457109462,0.7018551130369104,-49.35190336034917
167.80635187634167,143.46264376517377,0.8549297577894606,-24.3437081111679,189.6746930721727,194.49498723178513,1.0254134807418842,4.820294159612445,182.14733387842318,199.26999324480053,1.0940044468496373,17.12265936637735,1.0854614967891654,14.340982002081518,1.3890026561268087,55.807349479626765,1.2796424932948143,41.46636747754525
134.07849501918247,139.88055423452485,1.0432736003973813,5.802059215342382,193.24607649096117,203.56231553838566,1.0533839508400422,10.316239047424489,210.58092063055165,225.77524158024457,1.0721543096316415,15.194320949692923,1.5705793878460828,76.50242561136918,1.6140573850008344,85.89468734571972,1.0276827758540612,9.39226173435054
146.43905053485707,144.99927520137456,0.9901680915833321,-1.4397753334825154,197.0810697507966,205.44823498380333,1.0424554486313007,8.367165233006745,205.8463007392554,204.37730523535893,0.9928636293262455,-1.4689955038964797,1.4056790179082563,59.40725020439834,1.4095057023665831,59.37803003398437,1.0027223031784462,-0.029220170413964297
156.42691059593207,156.76038148531583,1.0021318000087922,0.33347088938376146,210.70668191635295,205.43774160182593,0.9749939571607004,-5.268940314527015,195.23281801411417,209.86815652130088,1.0749635161549973,14.635338507186702,1.2480769278786181,38.8059074181821,1.3387831449042487,53.10777503598504,1.0726767837779083,14.301867617802941
129.93378046372987,128.30934901208457,0.9874980051696506,-1.6244314516453073,226.65746120965522,176.387401509588,0.77821131750184,-50.270059700067236,187.44342375525653,229.57403384086876,1.2247644075292918,42.13061008561223,1.4426073272575954,57.50964329152666,1.7892229647213531,101.2646848287842,1.240270259906884,43.75504153725754
153.56144894047068,130.675886342165,0.8509680472787317,-22.885562598305683,181.9198828869046,188.13649540956405,1.0341722544232517,6.21661252265946,205.59345109938621,223.90220511634288,1.0890531965831247,18.30875401695667,1.3388350560503381,52.03200215891553,1.7134163875504296,93.22631877417788,1.2797815382913067,41.19431661526235
140.48259504254398,113.56343528547934,0.8083808193540816,-26.919159757064634,172.47721471692,222.7776900818966,1.2916354803591463,50.30047536497659,227.76428138314657,225.64794342026596,0.990708209601485,-2.116337962880607,1.6212989325415725,87.28168634060259,1.9869770833633646,112.08450813478662,1.2255464081805998,24.802821794184027
112.48752468187571,117.86329936973966,1.0477899634032048,5.375774687863952,214.8524990238477,197.28832499589473,0.9182500826950891,-17.564174027952987,186.4291588351745,225.080907605408,1.2073267347861942,38.651748770233496,1.6573318629102383,73.94163415329878,1.9096776418868473,107.21760823566832,1.1522602591695157,33.275974082369544
165.57667415354447,182.40887158165924,1.101658023475612,16.832197428114767,164.08570611794386,208.2094734015461,1.2689068312378553,44.123767283602234,204.30715990704255,211.77235081945196,1.0365390567604482,7.465190912409412,1.2339126930257223,38.73048575349807,1.160976157481724,29.363479237792717,0.9408900354488225,-9.367006515705356
128.31611123438347,185.32731134201876,1.4443027423383963,57.01120010763529,179.40302335525044,193.34952937098424,1.0777384112870674,13.946506015733803,181.22499357633114,209.9030272201911,1.158245466466417,28.678033643859948,1.4123323395088228,52.908882341947674,1.1326070922855953,24.575715878172332,0.8019409175884837,-28.333166463775342
131.46751497844843,111.81949530142542,0.8505484820319003,-19.648019677023015,204.17773576691806,200.97080266336118,0.9842934241017454,-3.206933103556878,179.56944027643257,200.99197207043275,1.119299429574553,21.42253179400018,1.3658844947808553,48.10192529798414,1.7974680669826866,89.17247676900733,1.3159736960562505,41.070551471023194
129.9433601210167,147.16483880774896,1.1325306554385992,17.22147868673227,180.1313481993819,182.24022477846447,1.0117074379343918,2.108876579082562,157.57571301766166,222.4889852340781,1.4119497286307106,64.91327221641643,1.2126492101705764,27.63235289664496,1.5118352117025045,75.32414642632912,1.2467209800019936,47.69179352968416
143.7645389002205,112.7016714131122,0.783932340167227,-31.062867487108292,163.38356414070145,209.67928692039231,1.2833560586291426,46.29572277969086,200.18114568178896,225.9219711343297,1.128587661764404,25.740825452540747,1.3924236617259582,56.416606781568476,2.004601780094319,113.22029972121751,1.4396493216795414,56.80369293964904
123.29081201219931,153.6914212814796,1.2465764380420514,30.40060926928028,155.35385569599032,199.80396901058734,1.2861217258848134,44.45011331459702,174.12247706306553,213.586412446764,1.2266446931455324,39.46393538369847,1.4122907799961326,50.83166505086622,1.38970939734879,59.89499116528441,0.984010812102445,9.063326114418189
132.60234981037732,167.19425109954503,1.260869444158678,34.59190128916771,206.36594485154612,184.06158656423986,0.8919184155924982,-22.304358287306258,184.14014016543354,208.20734863369634,1.130700500426689,24.067208468262805,1.3886642312806354,51.53779035505622,1.2453020798528098,41.01309753415131,0.8967625519556905,-10.524692820904903
164.17047105665424,157.84237128113884,0.9614540925978606,-6.328099775515398,213.74616178478303,184.57143957296913,0.8635076205897472,-29.1747222118139,177.02090307982522,211.66914948759845,1.1957296895731522,34.64824640777323,1.0782749293491176,12.850432023170981,1.3410160261124484,53.82677820645961,1.2436680011858663,40.976346183288626
150.5404811790252,143.9223759016894,0.9560377034435978,-6.618105277335786,181.37585476782087,209.61885788279392,1.1557153412240395,28.24300311497305,208.4714716605384,206.31963027275128,0.9896780054812917,-2.1518413877871296,1.3848200167011606,57.93099048151322,1.4335479732052523,62.39725437106188,1.035187212718205,4.466263889548657
139.70610336252778,112.81803946425089,0.8075383734058904,-26.888063898276897,203.65958181939035,194.0286562991987,0.9527106682918923,-9.630925520191653,214.60589683618363,227.19074855651024,1.0586416864860573,12.584851720326611,1.536123989367136,74.89979347365585,2.013780328353438,114.37270909225936,1.3109490785200812,39.47291561860351
142.10162056097548,164.09734985373908,1.1547887294031618,21.9957292927636,209.38356263751703,218.51757879579705,1.0436233677716753,9.13401615828002,222.6465002008405,223.61200994674178,1.0043365143625897,0.9655097459012723,1.5668118303077578,80.54487963986503,1.362678983823008,59.5146600930027,0.8697145103604091,-21.030219546862327
206.81944477761633,134.85183256755747,0.6520268571098699,-71.96761221005886,175.62997569058243,190.223066694207,1.0830899790667516,14.59309100362458,200.15576233149162,213.82927125847402,1.0683143406300577,13.673508926982407,0.9677801937178109,-6.66368244612471,1.5856608485565133,78.97743869091656,1.6384514364414307,85.64112113704127
141.30132396869274,157.68980066236972,1.1159824708882988,16.388476693676978,206.49834636440505,205.79285336533732,0.9965835416530515,-0.7054929990677294,214.57076604225378,214.93214271433555,1.0016841840980826,0.36137667208177504,1.5185333018521108,73.26944207356104,1.3630059890463535,57.242342051965835,0.8975805715843932,-16.027100021595203
179.48218805787928,137.2350601358152,0.764616598564977,-42.247127922064095,182.16830585929884,212.26840709779776,1.1652323717702426,30.100101238498922,206.5028927262266,230.68836365002304,1.117119283921415,24.18547092379643,1.1505481126608157,27.02070466834732,1.6809725111186706,93.45330351420785,1.4610188766736305,66.43259884586053
131.26660263631507,123.155896614621,0.9382119605535503,-8.110706021694071,204.34081161364455,214.07191935528468,1.047621949158346,9.73110774164013,202.50798553385437,221.38196567597905,1.093201164844778,18.87398014212468,1.5427228363250889,71.2413828975393,1.7975750391288752,98.22606906135805,1.1651963637297729,26.98468616381875
139.98951526824965,154.82019140148796,1.105941334997979,14.830676133238313,182.0514269014965,188.2046333655803,1.0337992762199724,6.15320646408378,202.70629095828562,215.62638825368288,1.063738018363012,12.920097295397255,1.4480105211440821,62.71677569003597,1.3927536602413122,60.806196852194915,0.9618394617332537,-1.910578837841058
132.9497935736055,141.93326402749162,1.0675703979104907,8.983470453886127,180.14713039918092,199.46279536480606,1.107221607820365,19.315664965625132,246.8994183092875,237.3267374246807,0.961228418640439,-9.572680884606825,1.8570876394222882,113.94962473568202,1.6721008922806984,95.39347339718907,0.9003887898370072,-18.556151338492953
139.33764779645244,137.0151271508055,0.9833317076728629,-2.3225206456469323,198.39970190639846,177.92984022664055,0.8968251389338516,-20.469861679757912,210.5885389280562,249.64234135066707,1.185450749700832,39.05380242261086,1.5113541979385834,71.25089113160377,1.8220056904804283,112.62721419986156,1.205545128313111,41.37632306825779
143.4743455269728,156.5654988733942,1.0912438617394515,13.091153346421407,205.70753855925378,197.34199010470857,0.9593328056271719,-8.365548454545205,197.12644182965315,255.17088402541552,1.2944528479133282,58.04444219576237,1.3739490576215516,53.65209630268035,1.6298027717572567,98.60538515202131,1.1862177587418083,44.953288849340964
146.61090613292302,159.07424977087175,1.0850096624234011,12.463343637948725,171.9398331328996,187.4194654837955,1.0900293554369747,15.479632350895912,207.22727029450576,214.090357125108,1.0331186470817697,6.863086830602242,1.4134505799086028,60.61636416158274,1.3458517480577823,55.016107354236254,0.9521746053157433,-5.600256807346483
129.56682778060124,158.68683086167093,1.2247489081879763,29.120003081069683,196.67080420875595,230.3783648095738,1.17139077015742,33.70756060081786,200.64059003306014,211.1322566615313,1.052290848161593,10.491666628471165,1.5485490651419658,71.07376225245889,1.330496396676909,52.445425799860374,0.8591890477522154,-18.628336452598518
154.6203736591286,151.1907220754704,0.9778188895648441,-3.429651583658199,178.72567255373212,186.32196504060826,1.0425025256771234,7.596292486876138,213.9162274768296,244.6712577032973,1.1437713753146612,30.75503022646771,1.3834931478591743,59.29585381770099,1.6182954505711262,93.4805356278269,1.169716997207602,34.18468181012591
130.6049953726065,177.01797769107853,1.3553691203468838,46.41298231847202,161.49536200737055,213.99933457489513,1.3251113339411464,52.503972567524585,233.1896598099886,220.32115354049566,0.9448152792024369,-12.86850626949294,1.7854574332682722,102.58466443738209,1.2446258646395074,43.30317584941713,0.6970907518983666,-59.28148858796496
163.50342700159132,134.1869175619756,0.8206978900856287,-29.316509439615714,173.57974740410089,183.2882146632563,1.0559308756024037,9.708467259155412,184.6831638406111,197.11449329526457,1.067311655248565,12.43132945465348,1.1295369597287623,21.179736839019768,1.468954625954689,62.92757573328896,1.3004927490884686,41.747838894269194
129.36348357829675,163.65051985379105,1.265044163368886,34.2870362754943,174.92042535733057,175.23790656046162,1.0018150036079692,0.3174812031310523,179.51711619988222,227.29230079536214,1.2661316402959868,47.775184595479914,1.3876954395034529,50.15363262158547,1.388888351826991,63.641780941571085,1.0008596355436357,13.488148319985612
160.0833355511147,151.45054362429732,0.9460731381121122,-8.632791926817362,171.33040251474918,207.1883192230719,1.2092910317258831,35.857916708322705,185.1274644254488,221.73856055635318,1.1977615598232738,36.61109613090437,1.1564443218784477,25.04412887433412,1.46409880908991,70.28801693205585,1.2660348461149689,45.24388805772173
116.81552444788122,145.95001713107106,1.2494059999378644,29.134492683189848,205.29898127034608,204.27119807609202,0.9949937248207743,-1.0277831942540558,193.05655019829769,226.85274656610045,1.1750585325029845,33.796196367802764,1.6526617597341047,76.24102575041647,1.5543180537099515,80.90272943502939,0.9404937486785102,4.661703684612917
173.38149852377737,146.5921535846252,0.8454890217973384,-26.78934493915216,181.0832042203507,197.36885878548915,1.0899346498492555,16.285654565138458,230.8022334696383,225.29185619535517,0.9761251128663448,-5.510377274283144,1.331181443434037,57.42073494586094,1.5368616306281218,78.69970261072996,1.1545095059795105,21.278967664869015
131.68648640763445,147.1906688889048,1.1177355619716156,15.504182481270362,197.3447694595245,190.03822427996533,0.9629757342970382,-7.30654517955918,210.92549397674478,253.39941535527646,1.2013693109246177,42.473921378531685,1.6017246699393788,79.23900756911033,1.7215725512228963,106.20874646637165,1.0748242713200225,26.969738897261323
122.45645944394509,160.94811118180093,1.314329288243676,38.49165173785583,174.40436068573467,212.63214651724203,1.2191905390507485,38.22778583150736,201.1107709948785,226.5948495348989,1.1267166269312816,25.48407854002042,1.6423043088791711,78.6543115509334,1.4078751708924742,65.64673835309799,0.8572559685076339,-13.007573197835413
194.66000400486018,151.4355934731772,0.777949195302576,-43.22441053168299,219.8547290559001,199.8804148819277,0.9091476710110077,-19.974314173972402,175.7021082130267,205.39124238745606,1.1689742626106303,29.68913417442937,0.9026102157515615,-18.957895791833494,1.3562943669767813,53.95564891427887,1.5026357372295616,72.91354470611236
156.103409614786,187.70319593796785,1.2024285465715334,31.59978632318186,196.33252093881097,208.25679320078473,1.0607350845644674,11.924272261973755,207.6293076475005,225.85531386887308,1.087781471834966,18.226006221372586,1.3300754170576041,51.52589803271451,1.2032576895681293,38.152117930905234,0.9046537317635557,-13.373780101809274
175.94007415749175,157.28230706242002,0.8939538522737558,-18.657767095071733,200.5288928267979,197.99982601706856,0.9873880178857131,-2.529066809729329,190.74164567038522,206.71521362091303,1.083744522043871,15.973567950527809,1.0841284828585667,14.801571512893474,1.3142941344246355,49.432906558493016,1.2123047731014145,34.63133504559954
136.71539372497514,125.38534800575538,0.9171267740192303,-11.330045719219768,177.55488040362152,205.76830844747315,1.158899760906128,28.21342804385162,219.94340612568635,216.65535432479248,0.9850504643043724,-3.288051800893868,1.6087684066370584,83.22801240071121,1.7279160425893436,91.27000631903711,1.0740613971910036,8.0419939183259
122.57013089779169,127.76746801851573,1.0424029662255805,5.197337120724043,171.58834810538085,197.2871605927132,1.1497701491452639,25.69881248733236,193.12177347203442,192.5172765586225,0.9968698666000008,-0.6044969134119071,1.5756022454856808,70.55164257424273,1.5067785215147522,64.74980854010678,0.9563191000976813,-5.8018340341359504
167.9542731184806,170.07785035371202,1.0126437821187997,2.123577235231437,189.16291557813494,228.98242837372115,1.2105038013073894,39.819512795586206,239.87112818322464,213.79263330263586,0.8912812263897437,-26.078494880588778,1.428193065466167,71.91685506474406,1.2570280777773821,43.71478294892384,0.8801527665778743,-28.202072115820215
135.4924855096787,128.27641600002684,0.9467419209079578,-7.216069509651845,195.4315670482588,212.45671906395532,1.0871156705789111,17.025152015696506,180.08076378156633,245.76960313090157,1.3647743266405412,65.68883934933524,1.3290830344144993,44.588278271887646,1.915937557304767,117.49318713087473,1.4415484267683807,72.90490885898708
159.98088063535727,133.63826350493778,0.8353389665952525,-26.342617130419484,191.72640964047272,212.81962364855926,1.110017258695037,21.093214008086534,215.45361350721996,229.12068835040236,1.0634339550899405,13.667074843182405,1.3467460152210382,55.47273287186269,1.7144841779685098,95.48242484546458,1.2730568040233745,40.00969197360189
124.72372392647917,175.61140312860917,1.408003205806513,50.88767920213,217.5025859246306,190.96793738258506,0.8780030663578392,-26.534648542045545,195.54688837748168,214.68947733114456,1.0978925776446529,19.14258895366288,1.567840361251165,70.82316445100251,1.2225258354886928,39.07807420253539,0.7797514757899809,-31.745090248467122
163.5683419668875,153.60334900902834,0.9390774960604757,-9.964992957859153,177.53353537435206,196.41937968991996,1.1063790245360952,18.88584431556791,194.03382489213269,205.38231062724773,1.058487151616085,11.348485735115048,1.1862553753305918,30.465482925245198,1.3370952648641534,51.7789616182194,1.127156338062135,21.3134786929742
114.50579412686511,153.62580408114852,1.341642187214919,39.120009954283404,179.22667354338898,206.8638400139978,1.1542023066333267,27.637166470608804,208.87246614552305,209.7849423340649,1.004368580528494,0.9124761885418593,1.8241213707850075,94.36667201865794,1.365557977638001,56.15913825291639,0.7486113586018321,-38.207533765741545
172.77411384590732,136.67545057875077,0.7910643992690247,-36.09866326715655,185.3868753271971,194.44766855456547,1.0488750523000974,9.060793227368379,226.8538785188447,217.86863209635794,0.9603919206444586,-8.985246422486767,1.3130084910820015,54.07976467293739,1.594058268502467,81.19318151760717,1.2140502360261682,27.113416844669786
149.5953642638295,133.65505679953154,0.8934438407049479,-15.940307464297973,194.31085868697707,198.58084879905985,1.0219750462786101,4.26999011208278,199.18653501703056,203.78593636328003,1.0230909250259121,4.599401346249465,1.3315020555432522,49.591170753201055,1.5247154970644874,70.1308795637485,1.1451093828333627,20.539708810547438
165.91963185437726,151.03712903191743,0.9103029421164474,-14.882502822459827,172.08030772276376,191.38676124220834,1.1121944386021725,19.306453519444574,210.03780627340174,201.19220125302107,0.9578856531720459,-8.845605020380674,1.265900869752084,44.118174419024484,1.332071143980132,50.15507222110364,1.0522712921755137,6.036897802079153
213.22392693171966,153.11644742149255,0.7181016203238991,-60.10747951022711,184.575579392003,192.19761452480535,1.0412949273024608,7.622035132802353,205.2473764089285,219.1065587480522,1.0675242849950546,13.85918233912372,0.9625907343628208,-7.976550522791172,1.4309799008391622,65.99011132655966,1.486592224250307,73.96666184935083
169.97342504108423,146.01971754972013,0.8590738082404691,-23.9537074913641,191.17593679295405,214.55348900564454,1.1222829222383184,23.37755221269049,199.83463932661599,218.8396508397719,1.0951036896165611,19.00501151315592,1.175681664815038,29.86121428553176,1.4986993161745872,72.81993329005178,1.2747492463534909,42.95871900452002
158.42492968096107,132.09606226651806,0.8338085586184918,-26.32886741444301,223.46064666020575,193.48817448066066,0.8658713620160545,-29.972472179545093,250.06131667679242,209.3750241586027,0.8372947361115542,-40.6862925181897,1.5784215096725642,91.63638699583134,1.5850209352657765,77.27896189208465,1.004181028675022,-14.357425103746692
149.10985249310548,110.58234812571625,0.7416166422056473,-38.52750436738923,209.4400725492352,186.0740382222517,0.8884357036235717,-23.36603432698351,167.8580389482017,224.77514760965937,1.339078837201365,56.91710866145766,1.12573405540699,18.74818645509623,2.032649436545897,114.19279948394312,1.8056213426101135,95.44461302884689
140.43279768714618,144.25589188927262,1.0272236561906534,3.823094202126441,175.9551998893875,198.62854817974298,1.1288586430216832,22.673348290355477,206.72134702142876,222.07352363809136,1.074265076335204,15.352176616662604,1.472030397642288,66.28854933428258,1.5394416181527595,77.81763174881874,1.0457947204204765,11.529082414536163
128.75957640118463,100.53165116894655,0.7807702850443801,-28.22792523223808,200.1351646543109,227.9327852885332,1.1388942352146687,27.797620634222312,181.19943293297123,237.42215046026686,1.3102808690802767,56.22271752729563,1.4072695639227355,52.4398565317866,2.361665681400891,136.8904992913203,1.6781899800474585,84.45064275953371
150.0422707045296,168.19388379848132,1.1209766621680681,18.15161309395171,181.18658410100852,184.2892032058055,1.0171238898298747,3.102619104796986,223.38379634072112,214.05082238882937,0.9582200047417208,-9.332973951891745,1.4888057564832455,73.3415256361915,1.2726433182629326,45.85693859034805,0.8548081660223312,-27.484587045843455
159.99442939048737,140.2721552101334,0.8767314946183584,-19.722274180353963,205.6605896355302,198.66146119865402,0.9659675757553746,-6.999128436876163,212.74534285485888,218.93742342090658,1.0291055986606115,6.192080566047707,1.3297046882527765,52.75091346437151,1.5608045880020123,78.66526821077318,1.173797913018491,25.91435474640167
140.18967325744578,157.89428338021762,1.126290401506671,17.70461012277184,172.5985424719614,188.28316530574588,1.0908734373370068,15.684622833784488,200.53005203670008,241.2466943631555,1.203045089316606,40.71664232645543,1.4304195692677348,60.34037877925431,1.5279001189816415,83.3524109829379,1.0681482215485973,23.01203220368359
149.7444500818143,178.9342959852377,1.19493107014968,29.18984590342339,184.7532718316971,208.4286829128006,1.1281460990995107,23.675411081103505,210.14518294772645,222.63061362182316,1.0594133565136368,12.485430674096705,1.4033587410612656,60.40073286591215,1.2442031439304988,43.69631763658546,0.8865895138042835,-16.704415229326685
151.15794706602063,126.07803722958802,0.8340814338694441,-25.079909836432606,193.36668899636683,194.64275259157725,1.0065991903871012,1.2760635952104167,187.70388531313338,242.5296389984292,1.2920864083012122,54.82575368529581,1.2417731846487088,36.54593824711276,1.9236470072641032,116.45160176884117,1.5491130192252405,79.90566352172841
145.0787530161468,152.7496692873571,1.0528741536009518,7.670916271210302,161.15592378610472,188.78354668581392,1.1714341133148674,27.627622899709195,198.91326444119284,203.07453966669718,1.0209200489328583,4.16127522550434,1.371070954952683,53.83451142504603,1.3294597665194774,50.32487037934007,0.9696505944620192,-3.509641045705962
156.08926621631554,132.39070823975518,0.8481730451361221,-23.698557976560352,200.0199422823247,209.3687523433468,1.0467393898545696,9.348810061022107,206.73681937881761,227.92564120242875,1.1024917665236276,21.188821823611136,1.3244781296640373,50.64755316250208,1.7216135802345205,95.53493296267357,1.2998429658262602,44.88737980017149
124.07806218337305,179.33602954742162,1.4453484072178986,55.25796736404857,187.54090723720387,195.38480967643423,1.04182502129687,7.843902439230362,222.10982888619017,229.4311239329528,1.0329624991540292,7.3212950467626285,1.7900813808482718,98.03176670281712,1.2793364752858243,50.09509438553118,0.7146806223299081,-47.93667231728594
164.67833556103986,149.48218522137103,0.9077222253437447,-15.196150339668833,184.14120119261153,222.01161218883036,1.205659628322976,37.87041099621882,187.68289556029285,229.03147978202753,1.2203108818110253,41.34858422173468,1.1396939064320704,23.00455999925299,1.532165718897208,79.5492945606565,1.344365983050494,56.544734561403516
154.28876173784602,165.73089298074234,1.0741604969410397,11.442131242896323,160.65379946657936,213.0888071773658,1.3263851081324376,52.43500771078644,158.46055692932825,231.7594194136369,1.4625685022487909,73.29886248430864,1.0270388792060603,4.171795191482232,1.3984080773677299,66.02852643289455,1.3615921516513103,61.85673124141232
164.63654157342688,127.07045019482769,0.7718240979822517,-37.5660913785992,177.6289405834557,198.5929813507055,1.118021538035353,20.9640407672498,172.99392652488413,214.6737590482991,1.2409323457804722,41.67983252341497,1.0507626367244232,8.357384951457249,1.68940740132073,87.60330885347142,1.6077916574833448,79.24592390201417
142.79494501625072,145.21345873036577,1.0169369700996056,2.4185137141150506,180.49879086820522,200.3890880805093,1.110196290604669,19.89029721230409,230.9239499959415,219.90885559588614,0.9522999047944184,-11.015094400055375,1.6171717421065661,88.12900497969079,1.5143834291848646,74.69539686552037,0.936439457699275,-13.433608114170426
163.60991068818765,118.14777489989808,0.7221309173933077,-45.46213578828957,198.35646378529154,211.05335100193915,1.0640104535760992,12.69688721664761,200.14701175574064,222.84926998635333,1.1134279149684159,22.7022582306127,1.2233183852608196,36.53710106755298,1.8861910025403752,104.70149508645525,1.5418643464090722,68.16439401890227
143.80841876763057,159.7161246922122,1.1106173481420842,15.90770592458162,241.67692670059952,210.14322972706964,0.8695212761762927,-31.533696973529885,205.76676114908037,252.31152413944938,1.2262015630242962,46.54476299036901,1.4308394662315544,61.958342381449796,1.579749850715932,92.59539944723718,1.1040720416222285,30.63705706578739
152.59074961412296,174.84018815533736,1.1458111884074205,22.249438541214403,220.88187415732918,211.52510353439047,0.9576390291931601,-9.356770622938711,194.12591538192183,250.2359893557597,1.2890395847635663,56.11007397383787,1.2721997622584234,41.53516576779887,1.4312269507136237,75.39580120042234,1.1250017435727968,33.86063543262347
152.2855024339145,132.0326456578524,0.8670073220866774,-20.25285677606209,212.56676628978778,214.0154932160599,1.0068153971176148,1.4487269262721156,154.9887692380021,217.95494899910173,1.4062628542098312,62.966179761099625,1.0177513076483475,2.7032668040876047,1.6507655959868228,85.92230334124932,1.6219734463433317,83.21903653716171
125.65054654918782,156.66972034128662,1.2468685942401043,31.019173792098798,220.45717175725085,196.0989793342501,0.8895105465209271,-24.35819242300076,199.1588079356474,220.35098105255227,1.1064084151565747,21.192173116904883,1.5850214217546887,73.50826138645957,1.4064682095081518,63.68126071126565,0.8873496535782648,-9.827000675193915
192.66602259846692,145.12626123968172,0.7532530089238294,-47.5397613587852,211.0482710202234,187.27506030291661,0.8873565246358793,-23.773210717306796,193.16052965270228,214.84501480664895,1.1122614707721854,21.684485153946667,1.0025666541903238,0.49450705423535624,1.4804006729824313,69.71875356696722,1.4766107238805064,69.22424651273187
139.754776369312,147.4709251504038,1.0552120577310453,7.716148781091789,185.65920502396776,201.2561940234908,1.084008702921622,15.596988999523035,206.25215855220594,215.2931525622233,1.0438346637120355,9.040994010017357,1.475814737144796,66.49738218289394,1.4599023661284314,67.82222741181951,0.9892179074948461,1.324845228925568
155.42078560305475,137.71514716149514,0.8860793402062715,-17.705638441559614,194.89710321289053,200.86937418171703,1.0306432002855521,5.972270968826507,206.16176522548503,223.95129028124742,1.0862891576248654,17.789525055762397,1.3264748625838434,50.740979622430274,1.6261921429646755,86.23614311975228,1.2259502149908912,35.49516349732201
156.0131139615789,153.8768510820452,0.9863071582555566,-2.1362628795337173,192.1093084642727,203.28980177481083,1.0581986026596801,11.18049331053814,175.58319348403438,211.50724833002786,1.2045984819683784,35.92405484599348,1.1254386828486416,19.570079522455472,1.3745228528055522,57.63039724798267,1.2213218487625146,38.0603177255272
136.0624043571958,126.21291714066463,0.9276105161961277,-9.849487216531159,194.06131480247677,197.9574697173016,1.0200769273298518,3.8961549148248196,222.1217320248019,216.2616405696351,0.9736176582014385,-5.86009145516681,1.632498948362548,86.05932766760611,1.71346677874984,90.04872342897046,1.0495974778228834,3.9893957613643494
165.91835379244972,122.70614333294264,0.7395573818580552,-43.21221045950708,149.52274696404427,206.78825221196948,1.3829885847515617,57.265505247925205,203.5014245423657,211.0665235621406,1.0371746735276537,7.565099019774891,1.2265154510689595,37.583070749915976,1.7200974444241703,88.36038022919794,1.402426233542377,50.77730947928197
142.70213152658746,150.079660376336,1.0516987992458542,7.377528849748529,205.880143387253,208.39614917943945,1.0122207307163853,2.5160057921864336,231.72391425069463,210.58358165648244,0.9087693099671139,-21.140332594212197,1.6238293834281035,89.02178272410717,1.403145377117914,60.50392128014644,0.8640965556096181,-28.517861443960726
154.90545501445143,131.39525357579797,0.8482287054612754,-23.510201438653468,185.03045748874217,207.77351039571514,1.1229151849681651,22.743052906972963,187.41330937476232,199.09657213691415,1.0623395574259313,11.683262762151827,1.209856098077877,32.50785436031089,1.5152493466749264,67.70131856111618,1.252421134283849,35.193464200805295
149.50312161487628,146.8982216541083,0.9825762838084529,-2.604899960767966,160.94114440949963,223.6540368370886,1.3896635174161673,62.71289242758897,189.50315496892384,215.4613716044496,1.1369803929638143,25.95821663552576,1.2675531649237977,40.00003335404756,1.4667391420965086,68.56314995034128,1.1571421086583658,28.563116596293725
171.8325801828587,168.06281245463472,0.9780613913600534,-3.769767728223968,182.30992911162863,217.20888248261585,1.1914265094668461,34.898953370987215,234.33774152658052,200.82847585085366,0.8570044011799698,-33.50926567572685,1.3637561705539534,62.505161343721824,1.1949608180278632,32.76566339621894,0.8762276159252677,-29.739497947502883
160.26053584135232,147.28125186924055,0.9190113529574091,-12.979283972111773,186.1551666641692,184.06795038904093,0.9887877607023732,-2.08721627512827,207.42520897653364,202.38351100391841,0.9756938995144723,-5.041697972615225,1.2942999840077367,47.16467313518132,1.3741294865119618,55.102259134677865,1.0616777435606828,7.937585999496548
149.68497611204444,133.92732754510158,0.894727921423806,-15.757648566942862,222.0508752191505,204.39458713535814,0.9204853929696666,-17.65628808379236,190.44399706112702,221.72756603047137,1.1642665006621513,31.283568969344344,1.2722986769131261,40.75902094908258,1.655581202841534,87.80023848536979,1.301252003859923,47.041217536287206
134.98197527082507,153.47778242459916,1.1370242739200138,18.49580715377408,197.57947368744058,185.80508341732983,0.9404068142790117,-11.774390270110757,203.60640996086167,221.82281590341302,1.0894687252039512,18.216405942551347,1.5083970252498522,68.6244346900366,1.4453089717555083,68.34503347881386,0.9581754323044399,-0.27940121122273354
138.79402922691543,141.2459240369313,1.0176657081264444,2.4518948100158866,196.458739032974,187.01121733006565,0.9519109114238861,-9.447521702908347,165.73601847813043,215.87951229872874,1.3025503706499078,50.14349382059831,1.1941149010608183,26.941989251215006,1.528394633478295,74.63358826179743,1.279939335921955,47.69159901058242
139.49128666699588,133.88035688007892,0.9597757686448775,-5.610929786916955,204.36342606537718,213.24679305319873,1.0434684775003709,8.883366987821546,195.18082039999135,223.3795467793697,1.1444748839644676,28.198726379378343,1.399233063681904,55.68953373299547,1.668501279687043,89.49918989929077,1.1924398608024556,33.8096561662953
167.22786001296163,167.47978727536278,1.001506490978128,0.2519272624011535,187.6062262496473,182.35592426440417,0.9720142444619265,-5.250301985243141,213.89623330309078,213.63134241864086,0.9987615916355358,-0.26489088444992603,1.2790705644771867,46.66837329012915,1.2755649257387565,46.151555143278074,0.9972592296032837,-0.5168181468510795
132.4088296095165,152.99187856278468,1.1554507279761412,20.58304895326819,182.65975452773583,188.01655443143056,1.029326656643904,5.356799903694736,184.17849446595858,223.78274590850978,1.2150318991225721,39.6042514425512,1.390983479040746,51.76966485644209,1.4627099687299676,70.7908673457251,1.0515653066840778,19.021202489283013
140.56204832553303,148.72198626644118,1.0580522127993628,8.15993794090815,186.1327483056481,220.50538545659984,1.1846673272911037,34.37263715095173,192.90999825506105,215.61835099773384,1.1177147527244717,22.708352742672787,1.372418804030896,52.34794992952803,1.4498081716811209,66.89636473129266,1.0563890318486795,14.548414801764636
125.59655372757197,150.29390780374015,1.1966403801949737,24.697354076168182,198.32848214488504,187.18077548578162,0.9437917008261089,-11.14770665910342,237.75695529327652,234.15774888783946,0.9848618249632387,-3.5992064054370587,1.8930213308956596,112.16040156570455,1.5579989389431013,83.8638410840993,0.8230223894022121,-28.29656048160524
178.00562757221124,151.9147911669031,0.8534269013785875,-26.090836405308153,197.9089490372518,181.71026836975125,0.9181508428683964,-16.198680667500554,233.72303101132798,203.65761268698358,0.8713630479878245,-30.065418324344392,1.313009224478108,55.71740343911674,1.3406042369056257,51.7428215200805,1.0210166173344946,-3.9745819190362397
118.97972394526289,202.16660273133448,1.6991685308022908,83.18687878607159,193.86390166555842,221.22229040042097,1.1411216244995395,27.358388734862558,181.30859480794405,224.32514894038982,1.2372560119282388,43.016554132445776,1.5238612832162546,62.32887086268116,1.1096053745261898,22.158546209055345,0.728153793752317,-40.17032465362581
127.69383237871602,141.53471175633786,1.1083911346365765,13.840879377621832,187.0353884553655,203.95243646295873,1.0904483806369634,16.917048007593223,213.18976957568103,209.67873352154015,0.9835309355550738,-3.511036054140874,1.6695385016200317,85.495937196965,1.4814650831558347,68.1440217652023,0.8873500561492289,-17.351915431762706
154.22432534378166,160.88880875727955,1.043212919872673,6.664483413497891,199.0485838320517,219.94888733537127,1.1050010158371903,20.900303503319577,193.56682965809046,232.8555370130307,1.202972314132222,39.28870735494024,1.2550992149040714,39.3425043143088,1.447307235423203,71.96672825575115,1.153141694486537,32.62422394144235
138.71944040666662,138.27038003907853,0.9967628158946458,-0.4490603675880891,159.29513267615596,200.33206832040457,1.257615753569043,41.036935644248615,170.22574817062863,206.53592528993622,1.213306021618489,36.31017711930758,1.2271225119680333,31.506307763962013,1.493710549081909,68.26554525085768,1.2172464725517318,36.75923748689567
157.399814061062,133.53997539767937,0.8484125358996524,-23.859838663382618,198.436338786404,179.44834033428378,0.9043118887989623,-18.987998452120223,181.47406163286738,220.09944014733037,1.2128424203818415,38.625378514462994,1.1529496569955666,24.074247571805387,1.6481914085417393,86.559464749651,1.4295432576273164,62.48521717784561
124.1157727445278,151.93807271740647,1.2241640958087283,27.822299972878668,172.64543101864174,211.73837472562323,1.2264348582891855,39.09294370698149,225.88879786122243,220.26966534232875,0.9751243418350216,-5.619132518893679,1.8199846229550365,101.77302511669463,1.4497331801227593,68.33159262492228,0.7965634224803972,-33.441432491772346
143.19556430848232,177.34612037943984,1.2384889241218946,34.15055607095752,167.41606242254636,193.59398529283166,1.1563644640274364,26.1779228702853,188.22360148264727,231.29941153076732,1.2288544566611712,43.07581004812005,1.314451340665569,45.02803717416495,1.3042259454894871,53.95329115132748,0.9922207883550074,8.925253977162527
171.86584734936545,141.04468858799592,0.8206673446952093,-30.82115876136953,185.42256535638964,214.53274269740086,1.1569937147890295,29.110177341011223,193.90597978377824,215.6379190044364,1.1120746211379924,21.731939220658177,1.1282403268265977,22.040132434412783,1.528862385129113,74.59323041644049,1.3550857461630939,52.55309798202771
151.29647297522652,169.1351731352438,1.1179055916454723,17.838700160017282,195.80082509179684,202.37775359820066,1.0335898916836554,6.576928506403817,167.9546017074666,232.75363239773242,1.3858127734012846,64.79903069026582,1.1101025582729063,16.658128732240073,1.37613973535604,63.618459262488614,1.2396509899923422,46.96033053024854
146.87073213789537,146.0551415763323,0.9944468816237851,-0.8155905615630843,187.9871044982459,182.4642926316263,0.9706213259608393,-5.522811866619605,198.41673361831602,205.523956369831,1.0358196741872931,7.107222751514996,1.3509616976105536,51.54600148042064,1.40716686966079,59.46881479349872,1.04160382352042,7.9228133130780805
149.2521385361911,115.89452163053603,0.7765015816000089,-33.357616905655064,194.15531833704458,191.09282597137243,0.9842265852313363,-3.062492365672142,201.88258382151352,233.43520119762786,1.1562919236461247,31.55261737611434,1.352627746587098,52.63044528532242,2.014203932277348,117.54067956709183,1.4891044024193023,64.9102342817694
172.73646323998796,155.5241479231574,0.9003550553601588,-17.21231531683057,212.73066868548756,206.42737871900331,0.9703696227467635,-6.303289966484243,162.1638507399122,219.1752531276608,1.3515666538974016,57.0114023877486,0.9387933948526727,-10.572612500075763,1.4092683101273293,63.65110520450341,1.501148514523251,74.22371770457917
148.94995421603278,157.7742351319899,1.0592432603447373,8.824280915957132,194.18888751191412,187.82446099309536,0.9672255884445072,-6.36442651881876,221.2388655150456,207.65565688519743,0.9386038768630169,-13.583208629848173,1.4853234878754447,72.28891129901282,1.316156954977332,49.88142175320752,0.8861079527261212,-22.407489545805305
169.33064482932585,174.53689564651438,1.0307460638470731,5.206250817188533,202.11862676542083,186.00393536274223,0.9202711216646977,-16.114691402678602,222.34235123497538,244.82091173451872,1.10109887016436,22.478560499543335,1.313066228851144,53.011706405649534,1.4026885881501465,70.28401608800434,1.0682542565864455,17.272309682354802
136.7999668221597,154.33710721827092,1.1281955018228151,17.537140396111226,195.77015978721343,191.5576773061729,0.9784825098696391,-4.212482481040524,218.82883211909984,218.0678942538225,0.9965226800421655,-0.7609378652773557,1.5996263537371898,82.02886529694015,1.4129323672331142,63.73078703555157,0.8832890030425515,-18.298078261388582
125.01162319972651,162.9940571034254,1.3038312193020303,37.98243390369889,197.5852776180626,193.1131529884368,0.9773661039752641,-4.472124629625796,156.97386593331478,203.97255148375964,1.2994045236193057,46.99868555044486,1.2556741678533632,31.96224273358827,1.2514109723296964,40.97849438033424,0.9966048552778983,9.016251646745971
146.79735877235967,140.1280172844573,0.9545677010562253,-6.669341487902386,204.93142204259516,207.98732837143953,1.0149118485510202,3.0559063288443724,203.52386652537416,216.1519184499159,1.0620470323217222,12.62805192454175,1.3864273051464155,56.72650775301449,1.5425317694400222,76.02390116545862,1.1125947705401842,19.297393412444137
166.68634228986775,129.1859064876052,0.7750239444510142,-37.50043580226256,195.9870816063141,196.8218819982385,1.004259466415247,0.8348003919244036,191.246468727937,228.2556756734888,1.1935157662869074,37.009206945551796,1.1473433641933253,24.56012643806926,1.7668775323830617,99.06976918588362,1.5399727644961094,74.50964274781435
166.77682048662783,143.84688709555235,0.8625112691070039,-22.92993339107548,207.33337284703634,200.5802726974479,0.9674287836210013,-6.753100149588448,169.7346721573446,213.18360540921185,1.2559814839220944,43.44893325186726,1.0177353882996825,2.9578516707167637,1.4820175098234944,69.3367183136595,1.4561913900817405,66.37886664294274
159.54813124579286,133.89120234289794,0.8391900381248028,-25.65692890289492,203.06213086382067,205.4066465594527,1.011545804654263,2.344515695632026,210.907379161849,207.98753561124587,0.9861558018396196,-2.919843550603133,1.3219044153950907,51.35924791605615,1.5534070347548736,74.09633326834793,1.17512810810197,22.737085352291786
148.75303852535353,129.216660750025,0.8686656893264151,-19.536377775328532,191.55841470692425,197.69779646764005,1.0320496584298255,6.139381760715793,195.2045653158226,233.16147944408166,1.1944468566441997,37.95691412825906,1.312272792885181,46.451526790469075,1.8044227276166982,103.94481869405666,1.3750363014457303,57.49329190358759
143.22856025373449,102.65501800114184,0.7167217056380712,-40.573542252592645,175.63902850894922,191.16135872587765,1.0883763156099302,15.522330216928424,219.6852247617653,210.2282498310838,0.9569521576112503,-9.456974930681525,1.5338087904576094,76.45666450803083,2.047910116081665,107.57323182994195,1.3351795405153952,31.11656732191112
116.63685962231871,194.14736660545032,1.6645455581890496,77.5105069831316,186.07152401951706,205.02339293073473,1.1018526021704955,18.951868911217673,194.8304668419238,231.23011057431677,1.186827267431053,36.399643732392974,1.6704021993802256,78.19360721960508,1.191003074711936,37.08274396886645,0.7130037754702655,-41.11086325073863
140.55193016097658,159.3663007312438,1.1338606346331834,18.814370570267215,165.80259347424473,217.99237990576083,1.314770627756333,52.1897864315161,186.71306505150434,224.69953311147785,1.203448366344878,37.986468059973504,1.3284276127525152,46.16113489052776,1.4099563840062548,65.33323238023405,1.061372385270441,19.17209748970629
168.28223663919846,180.60448124864857,1.073223679786651,12.32224460945011,205.3880175334757,206.60801413547082,1.005939959967705,1.2199966019951205,200.75434483109476,230.0628195944314,1.14599173326981,29.308474763336648,1.1929621856733301,32.4721081918963,1.2738488990076093,49.458338345782835,1.0678032500155277,16.986230153886538
161.95481163107536,148.03539818488528,0.9140537208743277,-13.919413446190077,202.51177643179062,221.1625018702588,1.0920969919235786,18.650725438468186,181.76727503398385,222.84277735875972,1.225978533908792,41.07550232477587,1.1223332805204964,19.81246340290849,1.505334400360416,74.80737917387444,1.3412543550898697,54.994915770965946
173.02053403413564,137.54862232357985,0.7949843820066036,-35.47191171055579,188.18792826509977,220.7243485461745,1.1728932380574422,32.536420281074726,224.32027124458946,245.35455721599112,1.093768993121744,21.03428597140166,1.296495080753437,51.29973721045383,1.7837660099481067,107.80593489241127,1.375837082938641,56.506197681957445
127.99043091281489,147.5451337415335,1.1527825376417318,19.554702828718618,211.78433515922006,189.79535598936522,0.8961727780606461,-21.988979169854844,199.96325313535212,218.6359591378106,1.0933806872496679,18.672706002458483,1.5623297125358069,71.97282222253723,1.4818242634881644,71.0908253962771,0.9484708967629025,-0.881996826260135
187.16416680751175,155.84135191196876,0.8326452363728533,-31.32281489554299,178.13972937713515,206.09190870860925,1.156911540335268,27.9521793314741,210.06909000063794,210.28676382725106,1.001036201121319,0.2176738266131224,1.1223787842716852,22.904923193126194,1.3493643455174675,54.44541191528231,1.2022361473921426,31.540488722156113
133.87855457520217,150.54622271734698,1.1244984172037968,16.667668142144805,176.91421325493266,195.89974228601218,1.1073148882827264,18.985529031079523,242.27754828272228,215.72784559922783,0.8904161657913401,-26.549702683494445,1.8096815360120302,108.3989937075201,1.4329675079544202,65.18162288188086,0.7918340765703067,-43.21737082563925
136.34987003617485,158.00668867190566,1.1588327046442,21.656818635730815,193.72141888234728,187.20069603890138,0.9663396908763809,-6.5207228434458955,173.7428660408681,204.088976300136,1.174661043361227,30.346110259267903,1.2742429897056196,37.39299600469326,1.29164770185089,46.08228762823035,1.0136588643499553,8.689291623537088
148.76582746221112,126.37084542001305,0.8494615166383775,-22.394982042198066,195.1506552771746,198.97372823060695,1.0195903669808457,3.8230729534323586,219.04247730306952,239.92985058887214,1.0953576381301724,20.887373285802624,1.4723978015630625,70.2766498408584,1.8986171200440114,113.55900516885909,1.2894729386504684,43.28235532800069
167.62738887810693,124.55298458564816,0.7430348072546722,-43.074404292458766,203.04344194867357,198.35251196754902,0.9768969145907684,-4.690929981124555,259.1754282276943,226.75407980415392,0.8749057785097701,-32.421348423540366,1.5461401025351416,91.54803934958736,1.8205431251487012,102.20109521850576,1.177476169309387,10.6530558689184
160.3645212429611,149.52089836219238,0.9323814095741287,-10.84362288076872,164.99745650834808,209.53145318623623,1.2699071708152965,44.533996677888155,195.81541300733775,218.4380705328061,1.1155305252943526,22.622657525468355,1.2210644317683372,35.45089176437665,1.4609199979769518,68.91717217061372,1.1964315395390375,33.466280406237075
191.88997242914346,159.40423174339483,0.8307064185037382,-32.485740685748624,182.3617890122026,205.71158372755008,1.1280410487406716,23.349794715347485,164.4106718781978,203.7455963763522,1.2392480004418165,39.33492449815441,0.8567965787733252,-27.479300550945652,1.2781693067241593,44.34136463295738,1.4918001990088627,71.82066518390303
130.91640785117337,151.5795077773161,1.157834302554594,20.663099926142735,205.3592182822152,205.77004644849157,1.0020005343305884,0.4108281662763602,184.4188283702351,232.69024221453716,1.2617488369863918,48.27141384430206,1.4086762033669884,53.50242051906173,1.5351035613361406,81.11073443722105,1.0897490549403532,27.608313918159325
150.18465818324168,287.0181185051699,1.9111014532188533,136.83346032192824,194.97415535459263,196.19537661736612,1.0062635032861278,1.221221262773497,219.32608492451928,220.88704686347083,1.0071170829474696,1.56096193895155,1.4603760968508348,69.1414267412776,0.7695926933598517,-66.1310716416991,0.5269825321158068,-135.2724983829767
136.37491947834542,144.86583289121086,1.0622615466637448,8.490913412865439,226.77683694119324,200.90501534681766,0.8859150610647042,-25.871821594375575,220.6391639825367,227.02366690510664,1.0289363991746963,6.384502922569936,1.6178866673323415,84.26424450419128,1.5671305122415817,82.15783401389578,0.9686281146166751,-2.1064104902955023
166.14165416119303,139.16613246062553,0.8376354091527495,-26.975521700567498,168.30842562146333,197.18284870781403,1.1715566109048585,28.874423086350703,209.76598586017462,238.6665633773082,1.1377753280572287,28.90057751713357,1.262573115208403,43.62433169898159,1.7149759007985255,99.50043091668266,1.3583180887828805,55.87609921770107
164.36497845529652,136.7731269599902,0.8321305928147542,-27.591851495306315,173.97977544015987,197.28744752097077,1.1339677098780228,23.307672080810903,210.48953332655378,241.1375875214694,1.1456036968231014,30.64805419491563,1.2806227659002314,46.12455487125726,1.7630479969358936,104.3644605614792,1.3767114281281223,58.239905690221946
119.75990721822393,135.43674506849078,1.1309022210722062,15.67683785026685,180.34944502430855,215.62910805761499,1.1956183620556815,35.279663033306434,203.41777977809647,238.3276668142956,1.1716166948350408,34.90988703619914,1.69854657124469,83.65787255987254,1.7596972423825792,102.89092174580483,1.0360017630208855,19.233049185932288
129.90633399216557,158.07707760772837,1.2168542729968943,28.1707436155628,173.0005269028243,184.53907056140997,1.0666965810171605,11.538543658585667,214.10423560268762,214.72575350887686,1.002902875342189,0.62151790618924,1.6481431584051929,84.19790161052205,1.3583611030672227,56.64867590114849,0.8241766476048267,-27.54922570937356
157.9089531328789,158.90661754407884,1.006317972422757,0.9976644111999349,190.8028085911511,222.41454441247166,1.1656775183485775,31.611735821320565,217.86636410378674,199.38348643426002,0.9151641523667147,-18.482877669526715,1.3796960829729157,59.95741097090783,1.2547211029707643,40.47686889018118,0.9094184715427617,-19.48054208072665
145.73919697417406,156.13550868462323,1.0713350418164542,10.396311710449169,208.98997042881493,185.07873573919292,0.8855866880091907,-23.911234689622006,237.76364994027767,224.18851595800945,0.9429049226587913,-13.575133982268227,1.6314324140430865,92.02445296610361,1.4358586195203418,68.05300727338621,0.8801214240692538,-23.971445692717396
120.83760351580663,134.31819623910613,1.1115595835325889,13.480592723299495,195.60345741206342,202.0408275089594,1.0329103083455977,6.4373700968959895,186.95825242335766,214.96151695136223,1.1497835167211157,28.003264528004564,1.5471860330207712,66.12064890755103,1.600390140504114,80.6433207122561,1.0343876601441817,14.52267180470507
156.11135330466792,160.93150988028796,1.0308763999131632,4.820156575620047,167.0190408011122,206.89499613050577,1.2387509540117538,39.87595532939358,205.00826506715077,220.0953324799025,1.073592483736253,15.087067412751736,1.3132181659270823,48.89691176248286,1.367633551960239,59.16382259961455,1.0414366686701608,10.26691083713169
124.61275028197674,145.9557984142131,1.171274994604812,21.343048132236348,196.34053961849634,208.9526792972355,1.064236044696859,12.612139678739169,179.31452125706446,223.719674417635,1.247638355495546,44.405153160570535,1.4389741085988972,54.70177097508771,1.5327905903589596,77.7638760034219,1.0651967823461463,23.062105028334187
147.9770431979432,165.70096111274364,1.1197747808157772,17.723917914800438,204.09303780724858,186.53549833604447,0.9139728642395634,-17.55753947120411,206.0312722298071,207.4204186462915,1.0067424056622576,1.389146416484408,1.3923191582778618,58.05422903186388,1.2517755917249132,41.71945753354785,0.8990579381764847,-16.33477149831603
166.267552434698,151.70795693934113,0.9124327309679068,-14.55959549535686,166.67625046746323,193.85252399463778,1.1630482654304706,27.176273527174544,197.96030363319392,225.7977628901377,1.1406214212952743,27.837459256943788,1.1906129652744082,31.692751198495927,1.4883712591319163,74.08980595079657,1.250088233995404,42.39705475230065
141.88935050855295,167.5546403058378,1.1808824249691507,25.665289797284856,181.99376841108747,199.4165731752861,1.0957329743557152,17.422804764198617,181.6196400844636,243.02142422034612,1.338078988083707,61.40178413588251,1.280008960739557,39.73028957591066,1.4504010379942844,75.46678391450831,1.133117878453194,35.73649433859765
145.42812430322303,158.6889957286959,1.0911850543972048,13.260871425472857,215.88338217449905,209.78585362522088,0.9717554520044089,-6.097528549278167,172.53067106299804,225.42548450743553,1.3065820883819748,52.89481344443749,1.18636386111441,27.10254675977501,1.420548938962575,66.73648877873964,1.1973973462308463,39.63394201896463
152.7628856400173,148.45404456389932,0.9717939271828652,-4.308841076117972,190.81450908632004,203.6511803466357,1.0672730355871871,12.836671260315654,217.9955901213698,221.48655492595904,1.0160139239635335,3.490964804589254,1.4270193261148003,65.2327044813525,1.4919536586328856,73.03251036205972,1.0455034709970434,7.7998058807072255
188.6949387519368,142.52255597831677,0.7553067237573371,-46.17238277362003,175.52878780212745,200.21166933759946,1.1406201332814814,24.682881535472006,201.93803477731595,233.4292155273024,1.1559447717945401,31.491180749986455,1.0701825714720883,13.243096025379145,1.6378405082969187,90.90665954898563,1.5304309301580097,77.66356352360648
151.66512231142778,129.2190238427589,0.8520022393640493,-22.44609846866888,157.62602519004304,206.28142818457033,1.30867620328474,48.65540299452729,202.8557810927331,241.9797301576169,1.1928658323373034,39.12394906488379,1.3375242639912353,51.19065878130533,1.872632395459601,112.760706314858,1.4000735881019293,61.57004753355267
154.26313819365052,137.99604420516565,0.8945497013806087,-16.267093988484874,186.45415307520503,198.3073590083467,1.0635716916874507,11.85320593314168,179.32733803803717,200.2558373914437,1.1167055708425637,20.928499353406522,1.162476921822522,25.06419984438665,1.4511708545334334,62.259793186278046,1.2483437970177502,37.195593341891396
200.8291440406264,164.40019793226398,0.8186072729514144,-36.428946108362425,195.5912757741784,183.3277116077343,0.9373000451175384,-12.263564166444098,203.50835406097823,240.46033401021532,1.181574757064592,36.951979949237085,1.0133407431135086,2.6792100203518316,1.462652338832886,76.06013607795134,1.4433963587991725,73.38092605759951
144.97833818070058,152.90552266787572,1.0546784063512629,7.92718448717514,213.20934991492717,199.2690614457425,0.9346168989551958,-13.94028846918468,204.8529136319488,215.0956350676665,1.0500003697976217,10.242721435717698,1.4129898038741535,59.87457545124823,1.4067224735556034,62.19011239979079,0.9955644900611694,2.315536948542558
168.91228729730366,152.27472521306208,0.9015017654994056,-16.63756208424158,187.27441289402023,200.53799741271527,1.0708243283945094,13.26358451869504,206.28378036996284,229.59608181831604,1.1130108310335567,23.312301448353196,1.2212479250066715,37.37149307265918,1.5077753809574521,77.32135660525395,1.2346185816030888,39.949863532594776
157.75653645560666,152.24392134052138,0.9650561856963907,-5.512615115085282,200.68679489148823,199.1846264644981,0.9925148616389915,-1.5021684269901243,175.54788254034898,233.50565785623664,1.3301536565248304,57.95777531588766,1.1127772356345367,17.791346084742315,1.533760138337205,81.26173651571526,1.3783173210427981,63.47039043097294
141.32669447226752,133.88746129961874,0.9473614436364775,-7.439233172648784,168.06570599858637,184.17545593474225,1.0958538795314459,16.10974993615588,203.668112904354,215.63280977662612,1.0587460486654137,11.964696872272128,1.4411156622949226,62.34141843208647,1.610552681210934,81.74534847700738,1.1175735045764401,19.403930044920912
143.14108904308776,151.01019981479703,1.054974506791272,7.869110771709273,234.12623672048372,204.9588559894202,0.8754202812139948,-29.16738073106353,191.18782251878645,225.0539645833022,1.1771354556914209,33.86614206451574,1.3356599687545752,48.04673347569869,1.4903229375188856,74.04376476850516,1.1157951667208568,25.99703129280647
142.68885229631383,186.98858042174098,1.3104638338069496,44.29972812542715,191.88612404014376,189.1764265234201,0.9858786166520475,-2.709697516723651,207.3166883043581,208.27093574373052,1.0046028491347088,0.9542474393724092,1.4529284170976113,64.62783600804428,1.1138163372008523,21.28235532198954,0.7666009722804006,-43.34548068605474
155.41334099581996,144.33788605171867,0.9287354941787193,-11.075454944101295,193.72462076527236,214.79716960171507,1.1087757908788238,21.072548836442706,214.02027389152317,223.4364974630171,1.0439968765588374,9.41622357149393,1.3771036162029329,58.60693289570321,1.5480100448676108,79.09861141129844,1.1241057148160831,20.491678515595225
109.98676056464649,156.3372153350091,1.4214184919385764,46.3504547703626,177.44717917447193,203.9091942295951,1.1491261522343212,26.462015055123175,215.8935984592034,245.94913984984217,1.1392146020314644,30.05554139063878,1.9629053292492278,105.9068378945569,1.5731963712082697,89.61192451483308,0.8014631922212907,-16.294913379723823
151.8490243828547,137.18285817282955,0.9034161314527279,-14.666166210025153,199.81123771371986,200.68159494967108,1.0043558973254458,0.870357235951218,204.94412276504588,203.48275562877689,0.9928694362319219,-1.46136713626899,1.3496571584702663,53.09509838219117,1.483295787381974,66.29989745594733,1.099016722930716,13.204799073756163
149.62568239367698,139.70168628851033,0.9336745139844653,-9.923996105166651,179.84071187471616,189.76737333694896,1.0551969649071902,9.9266614622328,204.03783399983067,224.4501670611008,1.100041902333109,20.412333061270147,1.3636551609034004,54.412151606153685,1.6066389248700184,84.74848077259048,1.1781856373466477,30.336329166436798
144.99579020365212,143.27761882830328,0.9881501982027505,-1.7181713753488452,168.30224053629306,193.21303171097875,1.1480122373612363,24.9107911746857,212.34744334388586,234.59102063132275,1.1047508598981084,22.243577287436892,1.4645076456746486,67.35165314023374,1.6373179743616824,91.31340180301947,1.1179989255757186,23.961748662785737
133.24959502984927,140.35591147655688,1.0533308671228285,7.106316446707609,166.9685441440619,184.83535274863107,1.1070070335473101,17.866808604569172,164.0086480018812,240.09053083935405,1.4638894580522375,76.08188283747285,1.2308378720786475,30.759052972031924,1.7105836748419068,99.73461936279716,1.3897717267612681,68.97556639076524
166.02618884771604,144.08120162827416,0.8678221347382101,-21.944987219441884,201.59138989670737,218.6842532068841,1.0847896495923506,17.09286331017674,212.37596069379256,228.7480570524672,1.0770901579688683,16.37209635867464,1.2791714498041622,46.34977184607652,1.5876329074672169,84.66685542419305,1.2411416059280242,38.317083578116524
139.572172043171,121.73607341167481,0.8722087765032465,-17.8360986314962,157.12317885451498,192.88075896491273,1.2275767354701166,35.757580110397754,230.1435838035853,212.64417253767957,0.9239630713283734,-17.499411265905735,1.6489217043380229,90.57141176041429,1.7467638521457882,90.90809912600476,1.0593370489031468,0.3366873655904641
146.90719203834053,138.82843937069154,0.9450077797039333,-8.078752667648985,184.79192958850513,191.66489431313005,1.0371929918147922,6.8729647246249215,170.14864168025647,225.99377267917137,1.3282137926429005,55.8451309989149,1.1582049817945623,23.24144964191595,1.6278636690263157,87.16533330847983,1.4055056700792705,63.92388366656388
145.9922767626206,134.87366323618346,0.9238410841108006,-11.118613526437144,181.82121764343387,177.70037846472871,0.9773357629427691,-4.120839178705154,223.7949947353909,212.20775044458264,0.948223845200342,-11.587244290808258,1.532923519641216,77.8027179727703,1.573381676991867,77.33408720839918,1.0263928087946097,-0.4686307643711132
138.27981423771234,176.291058863808,1.274886431079172,38.011244626095646,194.28242808174528,226.89508140116553,1.1678620842935847,32.61265331942025,191.13835856502317,241.164134410614,1.2617254653705348,50.02577584559083,1.3822578488313806,52.858544327310824,1.36798846160952,64.873075546806,0.9896767544247084,12.014531219495183
179.62960437794698,171.26847786744233,0.953453515975504,-8.361126510504647,167.01760666100725,195.82367193593538,1.172473225133655,28.80606527492813,207.55029192682434,224.61429849079556,1.0822162493993863,17.06400656397122,1.155434777277198,27.920687548877368,1.3114748334754374,53.345820623353234,1.135048779270735,25.425133074475866
134.8556235960415,163.13237762147307,1.2096816823162988,28.276754025431558,221.76259083639252,201.75618670637593,0.9097845851522518,-20.00640413001659,218.7341468216031,223.0754081584655,1.0198472044714768,4.341261336862402,1.621987581895871,83.8785232255616,1.3674502352689437,59.94303053699244,0.8430707180079582,-23.935492688569155
219.3010147482345,139.90139066281802,0.6379422859644761,-79.39962408541649,197.05513210739352,196.79640246839963,0.9986870190274827,-0.25872963899388424,199.28659956421086,210.96418563600585,1.0585969457922957,11.677586071794991,0.9087354191817082,-20.014415184023647,1.507949167885394,71.06279497318783,1.6593929718765246,91.07721015721148
149.90352988417644,158.7260897047271,1.0588549170747843,8.822559820550651,194.83465240224427,201.4272224513637,1.0338367429398996,6.592570049119416,183.22548334910928,221.86179886026494,1.2108675867839838,38.63631551115566,1.2222893182747543,33.32195346493285,1.3977651643342763,63.13570915553785,1.1435632656163632,29.813755690605007
157.60991271947051,137.81702498942232,0.87441850967028,-19.792887730048193,191.55949614791734,192.62033497102524,1.0055379077750797,1.0608388231079005,203.87759947727105,220.60908918294425,1.0820663464184965,16.731489705673198,1.2935582284101146,46.26768675780053,1.6007390175479144,82.79206419352192,1.2374696263308913,36.52437743572139
122.72281306398934,254.5005297728546,2.073783377505815,131.77771670886528,170.98382480747566,197.30318565815074,1.153928951351452,26.319360850675082,207.14972501909088,214.88831828456287,1.0373574875117928,7.738593265471991,1.6879479849527261,84.42691195510155,0.8443531275803386,-39.612211488291734,0.5002246130256118,-124.03912344339328
140.56573929428328,148.1194536506097,1.0537379477691378,7.553714356326424,195.52694540354653,193.20628605009324,0.9881312555225383,-2.320659353453294,209.73526313007423,228.77095913504377,1.0907605889485734,19.035696004969537,1.4920795364721142,69.16952383579095,1.5445031256642237,80.65150548443407,1.0351345809058277,11.481981648643114
150.12103571216042,131.64157352989093,0.8769029130754087,-18.479462182269486,225.12711151102815,216.51474642674475,0.9617444339489892,-8.612365084283397,197.85865847852787,207.29236930313814,1.0476790396596873,9.433710824610273,1.3179942273906156,47.73762276636745,1.5746725274145232,75.65079577324721,1.1947491837897373,27.91317300687976
151.94285350691598,208.59828659885076,1.3728732992983839,56.65543309193478,185.53165563278785,189.88075031068,1.0234412540709499,4.349094677892168,200.93485303791923,214.46598228199863,1.0673408771027189,13.531129244079409,1.322437011022524,48.991999531003245,1.0281291652909492,5.867695683147872,0.7774503864618758,-43.12430384785537
138.50319802606782,170.35883832934448,1.2299993123428175,31.855640303276658,178.4765610496252,207.44867221211405,1.1623300616736625,28.972111162488858,189.79924108397964,212.31344085499006,1.1186211264198294,22.514199771010425,1.3703599901589083,51.29604305791182,1.2462719453659181,41.95460252564558,0.9094485787062414,-9.341440532266233
141.08633686113495,135.96348339917904,0.963689939253309,-5.122853461955913,189.4996406713418,177.37465242690766,0.9360157718427388,-12.12498824443415,211.3479996843353,217.5116178954182,1.0291633619447014,6.163618211082905,1.4980047280719733,70.26166282320034,1.5997796794954104,81.54813449623916,1.0679403405851915,11.286471673038818
154.54685093320325,150.50062810692458,0.9738187947418774,-4.046222826278665,200.67965436845392,206.52675885530257,1.0291365086572912,5.84710448684865,196.69750862517253,211.88894695969512,1.0772324898302166,15.191438334522587,1.2727370854692293,42.150657691969286,1.4078941039977364,61.38831885277054,1.1061939815155757,19.237661160801252
142.9107908604983,123.39459712746884,0.8634379278463297,-19.516193733029468,198.88280258437922,214.32331715314047,1.077636247921488,15.440514568761245,184.30098017374803,226.01943606182567,1.2263604667145447,41.71845588807764,1.2896225614876946,41.39018931324972,1.8316801652858716,102.62483893435683,1.4203226742349058,61.23464962110711
164.3002661741376,169.5554692537782,1.0319853595007007,5.255203079640609,193.67486043347762,213.50767110061568,1.1024026072498456,19.832810667138062,195.3539611723711,221.84234132783868,1.135591722822019,26.48838015546758,1.1890057497857034,31.05369499823351,1.3083762045788174,52.28687207406048,1.1003951871676216,21.233177075826973
142.10456065069923,132.14831943339547,0.9299372154439383,-9.956241217303756,173.01963224216192,224.54673579640522,1.2978107333052522,51.5271035542433,203.73823180204408,222.05735510309282,1.0899150009255403,18.319123301048734,1.4337205707482097,61.633671151344856,1.680364578643111,89.90903566969735,1.1720307380162553,28.27536451835249
130.84972315773408,118.49952621976824,0.9056154140801799,-12.350196937965833,193.7584169076248,203.12696079762352,1.0483516744176602,9.368543889998733,227.81104777851283,227.15795596930926,0.9971331864035035,-0.6530918092035733,1.7410128373286338,96.96132462077875,1.916952440366926,108.65842974954101,1.101055890724074,11.69710512876226
152.51081893205267,140.98234976916146,0.924408843624219,-11.528469162891213,184.2863031097373,223.1470879419454,1.2108718020626177,38.86078483220808,200.8639857075963,222.29171096799715,1.1066777858903678,21.427725260400848,1.317047453512699,48.35316677554363,1.576734331155412,81.30936119883569,1.1971735163756643,32.95619442329206
142.31264354794016,210.92273697459805,1.4821082070866427,68.6100934266579,193.1755884408577,211.88519587349722,1.0968528559102468,18.70960743263953,202.80731369409514,219.97717377243,1.0846609511540253,17.169860078334864,1.4250828924119905,60.49467014615499,1.0429277418248295,9.054436797831954,0.7318365460549784,-51.440233348323034
121.39551905475867,167.38774161647805,1.3788626048130606,45.99222256171939,172.87221406747062,202.0245384695486,1.1686351074944876,29.152324402077966,188.25611565295745,213.97944461363636,1.1366400707432998,25.723328960678913,1.550766594342247,66.86059659819878,1.2783459681528537,46.59170299715831,0.8243316388273506,-20.268893601040475
137.50798815239594,134.13617262304152,0.9754791297970447,-3.3718155293544214,214.0652257890395,206.76919733618647,0.9659167974342399,-7.296028452853022,212.78023391786178,233.95237100415838,1.099502367755031,21.1721370862966,1.5474027129394394,75.27224576546584,1.7441407968425269,99.81619838111686,1.1271408420432227,24.543952615651023
162.2592497520841,151.63913162365915,0.9345484578250459,-10.620118128424934,205.26593705335776,198.72026107950865,0.9681112411157259,-6.545675973849114,187.15377955244935,212.19548197717833,1.1338028143733592,25.04170242472898,1.1534244108634892,24.894529800365262,1.399345140697647,60.55635035351918,1.213209229419771,35.661820553153916
127.79741313013149,140.74674296920543,1.1013270106327435,12.94932983907394,218.36902607555643,207.82858893351195,0.9517310795790358,-10.540437142044482,209.83990359612963,220.85573308928574,1.052496352239838,11.015829493156104,1.6419730138235056,82.04249046599814,1.5691711824380028,80.1089901200803,0.9556619805730082,-1.9335003459178353
162.81059942579904,142.1941157879343,0.8733713670327667,-20.616483637864746,179.9229275068551,194.9660547243533,1.0836087286147846,15.04312721749821,211.77733773848718,208.50695810395993,0.9845574617688052,-3.270379634527245,1.300758909342415,48.966738312688136,1.4663543350480368,66.31284231602564,1.1273067780018795,17.3461040033375
110.65762789531762,137.3253945153209,1.2409934780567595,26.66776662000329,207.4581159626865,190.53100990794383,0.9184071156908261,-16.927106054742666,171.84285427816747,213.4413108837995,1.2420726586529767,41.59845660563204,1.5529237120529207,61.18522638284985,1.5542741503647135,76.1159163684786,1.000869610207708,14.930689985628746
150.81936656572853,161.31189873849883,1.0695701912273816,10.492532172770296,184.4434731987874,200.08057068063633,1.0847798906117745,15.63709748184894,206.02152760623014,224.29099146680775,1.0886774507152288,18.269463860577616,1.3660150701962004,55.20216104050161,1.390418147829279,62.97909272830893,1.0178644278277058,7.77693168780732
159.78408874415825,141.5470551235916,0.885864520279192,-18.23703362056665,185.31405581690808,204.13817557017515,1.1015795573103504,18.82411975326707,202.07489092389778,230.68043619239745,1.141559127597266,28.605545268499668,1.264674677636109,42.29080217973953,1.6297084809781395,89.13338106880585,1.2886385011079216,46.84257888906632
151.79323854699996,170.2819444664453,1.121801906965182,18.48870591944535,197.11288880987522,194.36437635299765,0.9860561504959291,-2.748512456877563,180.63592759790853,239.46908944703372,1.3257002227158623,58.83316184912519,1.190013002733175,28.842689050908575,1.40630934299803,69.18714498058841,1.181759644447644,40.34445592967984
140.9182939274291,150.86994131761085,1.0706199820678124,9.951647390181762,174.37468235435117,208.90935601350407,1.1980486684929073,34.5346736591529,194.48690876361948,204.62429585953836,1.052123750438339,10.137387095918882,1.3801395357779271,53.56861483619039,1.3562959862810846,53.75435454192751,0.9827238124271233,0.18573970573712018
132.38039900818526,147.70857572056937,1.1157888692527385,15.328176712384106,165.56307616065524,181.39259726769015,1.095610213787491,15.829521107034907,205.9866243630673,227.56063089139425,1.1047349875023977,21.574006528326947,1.556020573335263,73.60622535488204,1.5406054102226712,79.85205517082488,0.9900932138194355,6.245829815942841
152.87784394995998,132.25231779983412,0.8650849225942968,-20.625526150125864,180.20754446976744,203.12262346115313,1.1271593764778813,22.915078991385684,209.30397679546215,213.56750312578447,1.0203700206541644,4.263526330322321,1.369092939745877,56.42613284550217,1.614848848615433,81.31518532595035,1.1795027216451586,24.889052480448186
150.15809044592422,157.66353426130053,1.0499836125585202,7.50544381537631,170.03428980256783,191.6333763267015,1.1270278280293524,21.599086524133668,221.63020314498365,221.32701923005104,0.9986320279879259,-0.3031839149326174,1.4759790996729436,71.47211269905944,1.4037933391956006,63.66348496875051,0.9510929656840409,-7.8086277303089275
144.86732903963613,152.7142161641734,1.0541660233301486,7.846887124537261,181.31042008057076,185.11149709985486,1.0209644708649122,3.8010770192840937,143.39166462331,213.04704964652038,1.4857701122739255,69.65538502321039,0.9898136838298276,-1.4756644163261399,1.3950701840193251,60.332833482346985,1.409427053606152,61.808497898673124
128.06373005646972,121.50033277447106,0.9487489761612868,-6.563397281998661,204.8433717629216,200.01922193995543,0.976449568363142,-4.824149822966177,192.9694941009459,226.71680355913455,1.174884168170824,33.74730945818865,1.5068239384863769,64.90576404447617,1.8659768116023707,105.21647078466349,1.2383509207298413,40.310706740187314
155.37425298177286,167.0644414589261,1.0752389038261354,11.690188477153242,184.07607246413554,200.2530534733602,1.087882041335799,16.176981009224676,226.27217488276824,219.87170706006705,0.9717134118412161,-6.400467822701188,1.4563041851555194,70.89792190099539,1.3160891997123396,52.807265601140955,0.9037186139596198,-18.09065629985443
130.26921292379507,197.37691787502004,1.5151463146590258,67.10770495122497,209.81980836916023,202.0174115506364,0.9628138216350091,-7.8023968185238175,237.06603285044056,220.4078356817603,0.9297318263254123,-16.65819716868026,1.8198162676327794,106.7968199266455,1.1166849602004807,23.030917806740263,0.6136251115356094,-83.76590211990523
133.3917257190188,167.43015061795003,1.2551764340363285,34.038424898931225,176.28016230299878,191.9951561920749,1.0891478297034038,15.714993889076112,195.95889729115402,219.87987918483938,1.1220714253058068,23.920981893685365,1.4690483703908965,62.56717157213521,1.3132633421955857,52.44972856688935,0.8939551403921041,-10.11744300524586
126.93976824880474,142.35431572901607,1.1214319806382385,15.414547480211326,169.87454446763198,197.6477944915013,1.163492712288987,27.77325002386931,166.31383999010683,204.2756478997135,1.2282540521694696,37.96180790960668,1.3101791683133377,39.37407174130209,1.434980364687855,61.92133217069744,1.0952550608289555,22.54726042939535
141.26312378798238,176.91953011514042,1.2524112830796075,35.65640632715804,216.34600737809365,208.32790220138259,0.9629385109811694,-8.01810517671106,200.5772207429941,233.82210006398873,1.165746036353711,33.24487932099464,1.4198837981526904,59.314096955011706,1.3216296692163705,56.90256994884831,0.9308012887645092,-2.4115270061633964
125.82211525529708,159.44088207844376,1.2671928281839258,33.618766823146686,167.63699886763774,188.5985202332147,1.125041139528677,20.96152136557697,178.00328823054681,224.39822404369127,1.2606408919427068,46.39493581314446,1.4147217909138825,52.18117297524974,1.4074070659825437,64.95734196524751,0.9948295665067733,12.776168989997771
124.00080145453823,129.73485077136715,1.046242034322102,5.734049316828916,200.97403367718553,192.46992913358636,0.9576855557506554,-8.50410454359917,179.09148483726946,227.80925223055763,1.2720272682844487,48.71776739328817,1.4442768331858633,55.09068338273123,1.7559603366101515,98.07440145919048,1.2158059287960468,42.983718076459255
109.04614610465165,154.75364965198798,1.4191574409559675,45.70750354733633,222.69495722486877,185.88343059118725,0.8346997745597325,-36.811526633681524,173.56375282948798,204.53045659867044,1.1784168829283421,30.96670376918246,1.5916541668782933,64.51760672483633,1.3216519097198753,49.776806946682456,0.8303637418372279,-14.740799778153871
134.7933191033956,145.8563821658424,1.0820742684877482,11.063063062446815,167.52160691843372,190.91117315516559,1.139621190764486,23.389566236731866,189.12047492766555,220.96848534018636,1.1684006473899877,31.848010412520807,1.4030404191071024,54.327155824269965,1.5149730307237401,75.11210317434396,1.079778608008935,20.784947350073992
162.83876405060383,145.83815005315537,0.8955984829744511,-17.000613997448454,190.3662225107146,197.20417911281857,1.0359200099257055,6.837956602103958,196.94656505546644,230.22239332089944,1.168958662752313,33.275828265433006,1.2094575035847315,34.10780100486261,1.5786156999179402,84.38424326774407,1.3052262648659043,50.27644226288146
148.33888689210372,131.03291270728744,0.8833348790233001,-17.30597418481628,200.6448284942858,193.90439540101897,0.9664061459054312,-6.74043309326683,223.04535918241723,225.44317219031677,1.010750338032985,2.3978130078995434,1.5036202836323846,74.70647229031351,1.7205079817918043,94.41025948302934,1.1442436634570208,19.703787192715822
168.85477280015914,155.93097731531319,0.9234620658301358,-12.923795484845954,195.54505363960223,212.2322804042193,1.0853369924425311,16.687226764617066,193.05941474164777,232.42515072575588,1.2039047722007619,39.36573598410811,1.1433459151914824,24.20464194148863,1.4905643171578493,76.4941734104427,1.3036862224746886,52.28953146895407
136.8751000905364,151.82275014323477,1.109206495869674,14.947650052698378,225.03417963624295,207.76912059788864,0.9232780590652386,-17.26505903835431,229.25281158096587,220.96197516607393,0.9638353991921977,-8.290836414891942,1.6749051611967845,92.37771149042948,1.4553943658484045,69.13922502283916,0.8689413583324735,-23.23848646759032
138.59299855750785,167.85151204660454,1.2111110502956335,29.258513489096686,194.0869017479371,200.8292167398611,1.0347386399144045,6.74231499192399,200.4351974039611,202.26206606136574,1.0091145102310686,1.8268686574046455,1.4462144515965025,61.84219884645324,1.2050059221701084,34.4105540147612,0.8332138576266337,-27.43164483169204
144.9067556930828,182.94369930116338,1.2624925485782323,38.03694360808058,201.3770327125742,203.96668183335817,1.0128597044355112,2.5896491207839745,198.39020625446597,209.98295134373834,1.0584340593628039,11.59274508927237,1.3690887309261333,53.483450561383165,1.1478009472086967,27.039252042574958,0.8383685595251783,-26.444198518808207
109.40610784179977,166.0955980646614,1.5181565393481882,56.689490222861636,171.2453268081334,207.8269550582642,1.2136211768927134,36.58162825013079,179.37887691766628,203.8851624977987,1.136617454636984,24.506285580132413,1.6395691287825218,69.97276907586651,1.2275169533296464,37.789564433137286,0.748682645812654,-32.18320464272922
141.20836332289733,123.87089747882942,0.8772206869615591,-17.337465844067907,175.2321785712912,191.7181670399542,1.0940808280937733,16.48598846866301,188.39012672751446,227.11182373125084,1.205539948809223,38.72169700373638,1.3341286754859405,47.18176340461713,1.8334558669849483,103.24092625242142,1.3742721378184408,56.05916284780429
108.80430412922935,158.18717227300428,1.4538687006822981,49.38286814377493,183.38791901053153,196.81805757347948,1.073233496706927,13.430138562947946,185.91926017636615,213.65125978276333,1.1491615208671233,27.73199960639718,1.7087491314272423,77.1149560471368,1.3506231681924084,55.464087509759054,0.7904163012298316,-21.650868537377747
113.85084686798625,142.21846604471355,1.2491647621174085,28.367619176727302,179.51767913503895,213.28473647446094,1.1880987850451283,33.767057339421996,197.72722808070702,206.53674586134682,1.0445538930887353,8.809517780639794,1.7367216276395216,83.87638121272077,1.4522498491610194,64.31827981663326,0.8362018564453855,-19.55810139608751
164.52070393863394,135.27488008990224,0.8222362101025269,-29.245823848731703,198.79097317323598,206.346049799689,1.0380051292362715,7.55507662645303,173.66056512030625,207.54799594588417,1.1951360160673314,33.88743082557792,1.0555544740744693,9.139861181672302,1.5342685634461475,72.27311585598193,1.4535190756416658,63.133254674309626
150.93406961859102,165.03103453705117,1.0933981635430823,14.096964918460145,207.99359871861375,194.92417627684782,0.9371643044676243,-13.069422441765937,206.82114954027406,211.04873160912803,1.0204407628438925,4.2275820688539625,1.3702747833071034,55.88707992168304,1.2788426867780762,46.01769707207686,0.9332746266348422,-9.869382849606183
158.27060036002607,191.62825901001483,1.2107634555887727,33.357658649988764,198.04638287340345,179.88634535716315,0.9083041192029815,-18.160037516240294,182.44294762686286,225.35656982489877,1.2352166677651142,42.91362219803591,1.1527279685036307,24.172347266836795,1.176009065620751,33.72831081488394,1.0201965231635195,9.555963548047146
127.40743435228217,156.9712871007207,1.232041818428698,29.563852748438535,209.07508187905742,193.75043393722225,0.9267026572267472,-15.324647941835167,187.9896082124841,235.90318254614772,1.254873526197826,47.91357433366363,1.4754995198529146,60.58217386020192,1.5028428886792546,78.93189544542702,1.0185316013041237,18.349721585225097
142.6152599115699,134.88340668614055,0.9457852320275996,-7.731853225429347,184.09962028768746,176.9545779304007,0.9611892607593573,-7.145042357286769,217.27399157047589,207.4638397906856,0.9548489365483571,-9.810151779790289,1.5234974974290896,74.65873165890599,1.5380975680235602,72.58043310454505,1.00958325866574,-2.0782985543609414
164.1251671599048,144.61596872137002,0.8811321945553466,-19.50919843853478,175.41003346387706,189.14936392495906,1.078326935978331,13.739330461082005,179.22172614333763,182.63128337952716,1.0190242405848866,3.409557236189528,1.0919819869473428,15.096558983432828,1.262870794935522,38.01531465815714,1.156494163851459,22.91875567472431
138.62312744032025,150.1537325619155,1.0831795194244147,11.530605121595244,192.09658322706605,215.84769308486696,1.1236415008471343,23.751109857800913,202.28021181098052,232.42520298681112,1.1490259027610639,30.144991175830597,1.4592096971558068,63.65708437066027,1.5479149204031355,82.27147042489563,1.0607899080030971,18.614386054235354
138.2702480449252,165.98191428017194,1.2004166957612092,27.711666235246724,189.30898109417345,195.913878072447,1.0348895067740493,6.604896978273558,223.74215214403694,250.17258490010735,1.1181289824147909,26.430432756070417,1.6181510867857933,85.47190409911173,1.5072279771266186,84.19067061993542,0.9314507090437975,-1.2812334791763078
140.70854531386192,169.32980084560918,1.203408083481392,28.621255531747266,187.0005964332976,213.21407149767893,1.1401785639423432,26.213475064381328,217.36111940996935,212.64482989741177,0.9783020554671413,-4.71628951255758,1.5447613286394766,76.65257409610743,1.255802751999314,43.31502905180258,0.8129428985028657,-33.337545044304846
172.79378573226117,150.34413506714264,0.8700783678650135,-22.449650665118526,172.07844281286907,197.7734022131577,1.1493211989849959,25.69495940028864,178.49609620760918,214.44376238915697,1.2013918900486036,35.94766618154779,1.0330006686940905,5.702310475348014,1.4263526960555388,64.09962732201433,1.3807858400118174,58.397316846666314
146.62626957426392,144.33709539358495,0.9843876940515114,-2.2891741806789696,180.74665692400683,201.4653328903869,1.114628266541555,20.71867596638006,203.37186150694484,205.15047875292862,1.0087456407823805,1.7786172459837815,1.3870083587166497,56.745591932680924,1.4213288565459556,60.813383359343675,1.024744261715237,4.067791426662751
139.58432056128757,168.8423523910764,1.2096082977811424,29.25803182978882,199.31408177257245,193.31964980499325,0.9699246941597476,-5.994431967579203,213.50838079165896,219.6146489432298,1.0285996649355387,6.106268151570845,1.5296014619200258,73.9240602303714,1.300708298795515,50.77229655215342,0.8503576462085793,-23.151763678217975
172.125304004921,136.8490124352626,0.7950545866942965,-35.27629156965838,161.6229686123792,189.3686780698347,1.1716693468488264,27.74570945745549,203.51236156547614,234.06453490105102,1.1501244106282227,30.552173335574878,1.1823500486579115,31.38705756055515,1.7103852686681016,97.21552246578841,1.4465980448087807,65.82846490523326
158.3336433008527,137.9348320369643,0.87116565476152,-20.398811263888405,211.1081490129553,214.3190059821333,1.0152095358904452,3.2108569691779962,205.27511081944758,213.50107413405135,1.0400728723602495,8.225963314603774,1.2964718460333822,46.94146751859486,1.5478401719214514,75.56624209708704,1.1938864516473249,28.62477457849218
133.48757348863077,145.36099661767778,1.088947778573998,11.873423129047012,219.8207898688952,208.92054828503228,0.9504130542413026,-10.900241583862908,188.94630184346246,220.22996361340196,1.1655690609698055,31.2836617699395,1.4154598582133575,55.45872835483169,1.5150554050798186,74.86896699572418,1.070362678452905,19.410238640892487
147.19275741038973,156.53490165822916,1.0634687766721598,9.342144247839428,205.1976108729872,209.4301355084552,1.0206265785330602,4.232524635467996,197.62090243018164,201.57664194428904,1.0200168072580527,3.9557395141073926,1.3425993636303222,50.42814501979191,1.2877424766548349,45.04174028605988,0.9591412833481784,-5.386404733732036
132.57867259030158,153.6279195517606,1.1587679718781467,21.049246961459033,211.74814861695918,199.80820972653456,0.9436125464689501,-11.939938890424628,201.05151614707108,208.03309113496925,1.0347253038509348,6.9815749878981705,1.516469521220553,68.4728435567695,1.354135965272109,54.40517158320864,0.8929529715718998,-14.067671973560863
147.32468783367491,153.24520337046562,1.0401868527525733,5.9205155367907025,196.48473059455455,208.35874186969735,1.0604322342973551,11.874011275142806,225.0044682301043,224.51851997464883,0.9978402728653437,-0.4859482554554688,1.5272692685704345,77.67978039642938,1.465093295167498,71.27331660418321,0.9592894490300751,-6.406463792246171
140.85184972956992,151.6734207396353,1.07682945613311,10.821571010065384,207.27284515433743,208.47799721965237,1.0058143268329123,1.205152065314934,183.32432323129865,220.54696077425885,1.203042547147422,37.2226375429602,1.3015400478110457,42.47247350172873,1.4540910312351485,68.87354003462355,1.1172080595450489,26.401066532894816
133.79430761818142,147.37437756528436,1.1014996092797713,13.580069947102942,190.3148829096749,204.85219804036595,1.0763855927000232,14.537315130691042,203.0032450860766,233.5731232116497,1.1505881253898724,30.569878125573098,1.5172786398760834,69.20893746789517,1.58489641870196,86.19874564636532,1.0445651688811748,16.989808178470156
156.9838406013378,166.70490689685371,1.0619239933121696,9.721066295515925,193.87606532418917,196.57327561457078,1.0139120333697276,2.697210290381605,193.76991955998832,228.57465502715573,1.1796188776163081,34.804735467167404,1.2343303541163144,36.786078958650535,1.371133335436749,61.869748130302014,1.1108317403555834,25.08366917165148
132.7985694145223,172.49215193121506,1.2989006786119193,39.69358251669277,179.76700627445567,208.8061022179846,1.1615374063647368,29.039095943528935,208.54600209831335,229.65793350752975,1.1012339301487244,21.111931409216396,1.5703934388581422,75.74743268379106,1.3314109131127936,57.165781576314686,0.8478199667472397,-18.581651107476375
130.9341257206735,157.2490131420055,1.2009780664627532,26.314887421332003,170.75032201732037,223.3933143938797,1.3083039127224567,52.642992376559334,220.59140748212576,228.16299259533966,1.0343240255803137,7.571585113213899,1.6847510629331377,89.65728176145225,1.450966133499957,70.91397945333415,0.8612347339753785,-18.743302308118103
143.9147516769432,130.58468945221082,0.907375289402886,-13.330062224732387,193.64137877131,194.76675052889777,1.0058116285100243,1.1253717575877715,205.14554624773996,199.40969607442693,0.972040094078444,-5.735850173313025,1.4254657278514877,61.230794570796746,1.5270526499770367,68.82500662221611,1.0712657766094906,7.594212051419362
142.44093105471794,175.78869193412297,1.2341164202766595,33.34776087940503,180.53561653665338,209.83011439279736,1.1622643687607006,29.294497856143977,197.89917052494533,234.22203414006117,1.1835422731624705,36.322863615115836,1.3893420174916113,55.4582394702274,1.3324067183333737,58.4333422059382,0.9590199544522294,2.9751027357108057
137.98772521421475,166.63256817498078,1.207589790441847,28.644842960766027,197.76699045404277,219.59021845155792,1.110348182714478,21.823227997515147,197.92344471164768,222.16076479184997,1.1224580550096699,24.237320080202295,1.4343554428800647,59.93571949743293,1.3332373570487077,55.528196616869195,0.9295027698097479,-4.407522880563732
146.98177368173606,150.25376874592476,1.0222612299622513,3.271995064188701,170.73952323029064,208.20782739326214,1.2194471640431774,37.46830416297149,233.69586775149878,218.45265234985166,0.9347732779860017,-15.24321540164712,1.5899649452967366,86.71409406976272,1.453891334461297,68.1988836039269,0.9144172258401306,-18.51521046583582
133.3392623562928,153.84175890908315,1.153761886712753,20.502496552790348,177.88051894400311,205.61653055429346,1.1559249533054357,27.736011610290348,181.8999298568814,228.12882185483195,1.2541446389469384,46.22889199795054,1.3641888116257217,48.56066750058861,1.4828797036157828,74.2870629457488,1.087004739357608,25.726395445160193
176.09884991621064,132.31329208938283,0.7513580704947173,-43.78555782682781,181.14378313096077,206.6415602208224,1.1407598795230396,25.497777089861643,174.10192112737317,207.57510953467977,1.1922620278429759,33.473188407306594,0.9886601826770156,-1.9969287888374652,1.5688152434031695,75.26181744529694,1.5868093718058474,77.2587462341344
139.56143208461583,110.27855019394015,0.7901792676294584,-29.282881890675682,178.44382708307558,196.72308479438917,1.1024370414494842,18.27925771131359,201.91102523321612,213.79590922868078,1.0588619862721071,11.884883995464662,1.4467537500675534,62.34959314860029,1.9386898798786436,103.51735903474064,1.3400275477344505,41.167765886140344
109.42745399509761,147.1551497001274,1.3447735858564343,37.72769570502979,224.64265798751362,227.18110425153893,1.0112999297941285,2.5384462640253105,225.20175732513167,224.00099234947172,0.9946680479321199,-1.2007649756599506,2.0580005209224805,115.77430333003406,1.5222096733001915,76.84584264934432,0.7396546588908901,-38.92846068068974
155.6215812520229,133.07491048226962,0.8551186115167416,-22.54667076975329,166.41190396629807,203.88260780078235,1.225168410080044,37.47070383448428,187.6501434862204,217.32513112341897,1.1581399677393676,29.67498763719857,1.2058105436053148,32.028562234197494,1.633103718317921,84.25022064114935,1.3543617834315997,52.22165840695186
157.326134327247,152.79212887423458,0.9711808500704566,-4.534005453012412,189.51120724761105,216.8362164270242,1.1441867717285497,27.325009179413144,202.72584182303117,209.39344950824776,1.0328897767805894,6.667607685216581,1.2885706668502406,45.399707495784185,1.3704465737276463,56.60132063401318,1.0635400983304562,11.201613138228993
146.80367168729097,178.0881092556384,1.2131039176934684,31.284437568347414,179.03337166341672,162.42947075785764,0.9072580673016958,-16.603900905559072,193.02780692363885,209.85329149234522,1.0871661178607415,16.825484568706372,1.3148704300449017,46.22413523634788,1.178367788672006,31.765182236706835,0.8961854809007803,-14.458952999641042
166.62455752885242,169.7108316055538,1.0185223242148262,3.086274076701386,200.06404110491744,205.07961402641035,1.0250698371071223,5.015572921492918,194.75675392269008,211.37017797782838,1.0853034553129444,16.613424055138296,1.1688358355518293,28.13219639383766,1.2454725251072971,41.65934637227457,1.0655666837244824,13.52714997843691
153.88223502090634,162.88627266565422,1.058512521887433,9.004037644747882,179.78625552917228,200.82319378740317,1.1170108259739433,21.03693825823089,194.15540868049706,218.35738843992456,1.1246526168078808,24.201979759427502,1.2617142495631106,40.273173659590725,1.3405512009482359,55.471115774270345,1.062483998585594,15.19794211467962
156.55288048418825,121.31472629354975,0.7749121314047139,-35.2381541906385,165.61577259951204,186.43216258519647,1.1256908666303305,20.816389985684424,207.3192084263785,210.98915828197968,1.0177019287477378,3.6699498556011747,1.324275911022395,50.76632794219026,1.739188346940184,89.67443198842993,1.313312680887973,38.90810404623967
146.98611345958875,167.0245391153479,1.1363286992500032,20.03842565575914,190.918518177844,202.4460372626819,1.0603792612411742,11.527519084837905,232.77534776176512,217.75835634222813,0.9354871915607396,-15.016991419536993,1.5836553690887447,85.78923430217637,1.3037506793648042,50.733817226880234,0.8232540392389783,-35.055417075296134
135.38599317731143,131.61989846376017,0.9721825380516365,-3.7660947135512686,181.7424401247093,197.4131651967269,1.0862249074088834,15.670725072017603,211.50245678186874,206.71904990114612,0.9773836817146009,-4.783406880722623,1.5622181572717764,76.11646360455731,1.570575971520473,75.09915143738596,1.00534996614256,-1.0173121671713545
137.560734169955,152.9252031491934,1.111692257764892,15.36446897923841,193.16550052591182,214.72263078459386,1.111599277303611,21.557130258682037,179.8816212403639,217.77073175080486,1.2106335836267132,37.88911051044096,1.3076523786077052,42.3208870704089,1.4240342812449844,64.84552860161145,1.0890006430923136,22.524641531202548
117.889308820331,150.40223774873445,1.2757920056852206,32.512928928403454,185.83763859454666,201.20595369380803,1.0826975375682175,15.368315099261366,196.5023947519882,214.9295361519069,1.0937756581703555,18.427141399918696,1.6668381273781776,78.6130859316572,1.4290315049100086,64.52729840317244,0.8573307038265182,-14.085787528484758
178.4328251891965,153.5605260436181,0.8606069308200118,-24.87229914557841,180.34897485852238,220.11864838596566,1.2205151072172227,39.769673527443274,196.19171026802655,208.23088732152883,1.061364351414517,12.039177053502272,1.0995270072084544,17.758885078830048,1.356018325063447,54.67036127791073,1.2332742317136787,36.91147619908068
136.76350790601566,139.94171316361226,1.0232386936124853,3.178205257596602,170.2148000245388,186.61835332172686,1.096369723988885,16.40355329718807,190.43924954151362,212.22410467667223,1.114392674764294,21.784855135158608,1.3924712261137973,53.67574163549796,1.5165178407423905,72.28239151305996,1.0890837902444785,18.606649877562006
127.33833782669977,131.10753388883765,1.029599852852387,3.7691960621378797,176.46500004327132,185.30732463390208,1.0501080927575583,8.842324590630767,183.06286656622444,218.79396506372268,1.195184851891152,35.73109849749824,1.4376099899730321,55.72452873952467,1.66881306187356,87.68643117488503,1.1608246141256051,31.961902435360358
131.52814310311894,159.33442093013826,1.2114093392561547,27.80627782701933,184.0579121148689,188.50590970647343,1.0241662938609701,4.447997591604519,222.24988618989855,206.13146622795162,0.9274761385111587,-16.118419961946927,1.689751569104516,90.72174308677961,1.293703300420767,46.797045297813355,0.7656174576635341,-43.924697788966256
125.87797301406505,134.05411220093367,1.06495289835939,8.176139186868625,201.4283965357445,172.21925193376651,0.854989936352918,-29.209144601977982,186.25931645161452,221.5387284476125,1.1894101871954559,35.279411995997975,1.4796815677259336,60.381343437549475,1.6526067332835577,87.48461624667883,1.1168664727123594,27.10327280912935
139.0920383172246,133.42259139195426,0.9592396013901232,-5.669446925270336,197.3051988778891,192.60746450560222,0.9761905190587792,-4.697734372286874,195.1690795243884,195.05162677630435,0.9993982000203604,-0.11745274808404815,1.4031649969732267,56.0770412071638,1.4619085474310949,61.62903538435009,1.041865034108308,5.5519941771862875
126.78090821614792,147.15960311415552,1.1607394613648303,20.378694898007595,177.94872575701234,195.86751685485424,1.1006963720679286,17.918791097841904,180.8794651936661,197.64449761641808,1.09268621180852,16.765032422751972,1.4267090190368878,54.098556977518186,1.3430621816987378,50.48489450226256,0.9413707797301116,-3.613662475255623
189.9827915786639,130.80045229797977,0.6884857897449138,-59.18233928068412,155.08584255010416,189.13481046463463,1.2195491693803717,34.048967914530465,195.6197247574054,229.25140772201271,1.1719237822582314,33.63168296460731,1.0296707566611762,5.636933178741515,1.7526805427228138,98.45095542403294,1.702175701683593,92.81402224529143
131.59861713503477,162.81110671477148,1.2371794647941416,31.21248957973671,187.3398873468075,216.31818451465696,1.1546830073309708,28.978297167849462,191.63118173816142,218.45328247282217,1.1399673085109374,26.82210073466075,1.4561792966374911,60.032564603126644,1.3417590905240275,55.64217575805068,0.921424369665415,-4.390388845075961
154.19598040934463,156.12433935929292,1.0125058963588356,1.92835894994829,190.21846435859916,223.63653925479412,1.1756826026793872,33.41807489619495,233.57168189810363,233.4649114442228,0.9995428792865078,-0.10677045388084139,1.5147715347575212,79.375701488759,1.4953780582984184,77.34057208492987,0.9871970947340205,-2.0351294038291314
146.21628189029823,201.82266117334208,1.3803022383291328,55.60637928304385,215.86052214762734,199.11124456526272,0.9224069440038242,-16.749277582364613,233.11451502827194,224.98571611841535,0.9651295891683505,-8.128798909856584,1.5943129726357759,86.8982331379737,1.114769346565988,23.16305494507327,0.6992161298938758,-63.735178192900435
113.54587567045353,126.52845872937776,1.1143377774160979,12.982583058924234,210.60121872964075,184.09163516404075,0.8741242632615926,-26.509583565599996,216.1427696916501,216.75170370187973,1.002817276798564,0.6089340102296319,1.9035721765796725,102.59689402119658,1.7130668142055987,90.22324497250197,0.89992217541424,-12.373649048694602
139.09762540515644,124.59707725190442,0.8957527268275389,-14.500548153252012,169.54400566054846,189.84488339550953,1.1197381037204368,20.300877734961063,205.4380436966354,197.43477181148623,0.9610428928296876,-8.00327188514916,1.4769342258593272,66.34041829147895,1.5845859001356992,72.8376945595818,1.0728886042394588,6.497276268102851
177.5296798145805,140.15938614922356,0.7894983323104731,-37.37029366535694,205.18262267103464,206.15435084586457,1.0047359184816926,0.9717281748299342,176.20310343903682,197.36354236071634,1.120091181759467,21.160438921679514,0.9925275797436844,-1.3265763755436808,1.408136463658518,57.20415621149277,1.4187378692511121,58.530732587036454
125.70099372836533,124.53964606840039,0.9907610303982595,-1.161347659964946,179.44925046226163,200.5363055373614,1.1175098531801022,21.087055075099755,164.73761198216457,207.6243910227162,1.2603338638003008,42.88677904055163,1.3105513894198462,39.03661825379923,1.6671349050460889,83.08474495431581,1.272086633538342,44.048126700516576
168.68662570827232,152.38685604198014,0.9033724837529141,-16.29976966629218,198.30758000160117,205.86716028323522,1.0381204807278321,7.559580281634055,211.09357997842503,238.2824817499699,1.1288002305627851,27.188901771544863,1.2513948814382685,42.40695427015271,1.5636682056379383,85.89562570798975,1.249540196169545,43.48867143783704
114.08389609456901,133.77772267686342,1.172625824121306,19.693826582294406,192.61206360014322,208.3662491831752,1.0817923098302773,15.754185583031983,222.11012510028047,212.22148245257213,0.9554786498668455,-9.888642647708338,1.9469016461023028,108.02622900571146,1.5863738611038218,78.44375977570871,0.8148197235745023,-29.582469230002744
170.16537196127828,131.2819850863774,0.7714964776514641,-38.88338687490088,177.72229004086012,187.17599516514278,1.0531936940611624,9.453705124282664,204.56457634469908,242.35385122780863,1.1847302967031457,37.789274883109556,1.2021516127925749,34.399204383420795,1.846055656976478,111.07186614143123,1.535626319785178,76.67266175801043
137.92672980658554,121.68130579894633,0.8822170000664835,-16.245424007639215,229.5881478999544,189.656608701291,0.8260731681320761,-39.931539198663415,185.46795347791294,216.0641865458659,1.164967761245053,30.596233067952966,1.3446846288460141,47.5412236713274,1.7756563765256443,94.38288074691958,1.3205002410487008,46.84165707559218
123.3900731338784,166.2799289986684,1.3475956758551755,42.88985586478999,202.23866702304736,194.8120169789404,0.9632777937403009,-7.426650044106964,182.97753868399684,216.13905335160948,1.1812327070640225,33.161514667612636,1.4829194443013738,59.58746555011844,1.2998505270791905,49.85912435294108,0.8765483061634343,-9.728341197177357
117.46232733154962,141.97918626279943,1.2087210383806584,24.516858931249814,186.3686606246047,200.03445997614855,1.0733267025998021,13.665799351543853,191.30635446764538,240.94584875752676,1.2594764529804297,49.639494289881384,1.628661365849353,73.84402713609576,1.697050498032457,98.96666249472733,1.0419910078406256,25.12263535863157
136.4450863709202,169.99879529068502,1.2459136478432833,33.55370891976483,164.4702988949219,205.69584044113094,1.2506564517922323,41.22554154620903,207.00882434604986,205.0331272267276,0.9904559763306536,-1.9756971193222626,1.5171585130101728,70.56373797512967,1.206085765938144,35.03433193604258,0.79496358198272,-35.52940603908709
166.58824825877872,140.940980885132,0.8460439578318504,-25.647267373646713,181.03386457732495,208.71076435732815,1.1528824446443917,27.676899780003197,221.27275015844748,236.0229258028891,1.0666606061247008,14.750175644441612,1.3282614618452657,54.68450189966876,1.6746224151458802,95.08194491775708,1.2607626308900344,40.397443018088325
149.1145681707222,137.9586639191439,0.9251856851517966,-11.155904251578306,193.24878231064676,198.16927182835911,1.0254619431950815,4.920489517712355,244.99167501039997,231.5743186899057,0.9452334193807822,-13.417356320494264,1.642976122426264,95.87710683967777,1.6785775688986735,93.61565477076181,1.021668876367987,-2.2614520689159576
110.90330669281961,179.8504219904878,1.6216867409430646,68.94711529766819,215.59459508742862,195.63285716594024,0.9074107682829737,-19.96173792148838,173.3209795703076,227.3525802354866,1.3117429915243533,54.03160066517901,1.5628116486226393,62.41767287748799,1.2641203602375266,47.50215824499881,0.8088756961541976,-14.915514632489177
154.73205171314245,157.97536732231183,1.0209608518290842,3.243315609169372,176.59055139726,193.57892728797847,1.0962020660578904,16.988375890718487,202.05813524071627,207.0034705331308,1.024474814075281,4.945335292414541,1.3058583079820565,47.326083527573815,1.3103528356467664,49.02810321081898,1.0034418187924656,1.7020196832451688
170.7027691500547,143.23902560544474,0.8391136612407956,-27.46374354460997,186.68813793672498,173.05027228641416,0.9269484081793501,-13.637865650310829,196.60472620837513,243.3195741154549,1.2376079599305674,46.714847907079786,1.151737181460434,25.90195705832042,1.6986960996627023,100.08054851001017,1.4748990715995722,74.17859145168975
149.6453751190265,160.9969857714348,1.0758567422707137,11.351610652408283,211.96010428777944,222.39900468438395,1.0492493643163694,10.43890039660451,199.36448354511148,222.0526523485944,1.1138024606993207,22.68816880348291,1.332246207986975,49.71910842608497,1.3792348427183567,61.0556665771596,1.03527023342208,11.336558151074627
140.4128672556634,181.34668588188967,1.2915246973177612,40.93381862622627,185.52513339300722,194.04100293656145,1.0459014333411885,8.515869543554231,172.7592519488071,222.60858768711515,1.2885479948308625,49.84933573830804,1.2303662429615334,32.346384693143705,1.2275304983080815,41.26190180522548,0.9976952028148739,8.915517112081773
119.54299935046261,166.7675779235959,1.3950426108574172,47.224578573133286,201.764453734771,197.33511288027523,0.9780469712453992,-4.429340854495763,236.2711939013901,219.46838912630952,0.9288833966696195,-16.802804775080574,1.9764536207487735,116.72819455092748,1.316013531280393,52.70081120271362,0.6658458956308952,-64.02738334821386
135.55936029492946,138.39748297606448,1.0209363829613851,2.838122681135019,193.05323107988428,204.266349368481,1.0580830386825113,11.213118288596718,209.45245064392603,213.922292670281,1.0213406050519496,4.469842026354968,1.5450976619263415,73.89309034899657,1.5457094166031788,75.52480969421651,1.0003959326920957,1.631719345219949
165.37125563713877,165.1131494060697,0.9984392315939391,-0.25810623106906405,186.91363853473464,227.16786205316097,1.215362687463525,40.25422351842633,174.77436152566813,225.47394302373337,1.2900859202430517,50.69958149806524,1.0568605822837909,9.403105888529353,1.3655722989646077,60.36079361766366,1.2921025931478263,50.95768772913431
138.38933960625255,123.45787619888836,0.8921053930176456,-14.931463407364191,200.7314839243528,202.94109287546257,1.0110077846679122,2.2096089511097716,211.639288368301,230.61272894534082,1.0896498978205864,18.97344057703981,1.5293034056702657,73.24994876204846,1.8679466717362607,107.15485274645246,1.2214362858347092,33.904903984404
149.50247467883347,138.55980722164983,0.926806111532996,-10.942667457183632,188.20710969107054,217.93526305599275,1.1579544652362974,29.728153364922207,199.31162251321052,227.73125254219642,1.1425889251747083,28.419630028985893,1.3331660425111949,49.80914783437706,1.6435592478697794,89.17144532054658,1.2328241160222757,39.362297486169524
139.06745521903522,170.5315111382773,1.2262503176583284,31.46405591924207,210.1297134101318,179.55921549722356,0.8545160633553968,-30.57049791290825,170.27241516566292,248.09031131357355,1.4570199821985221,77.81789614791063,1.224387221995822,31.204959946627696,1.454806268106115,77.55880017529626,1.1881913188661806,46.35384022866856
189.5818806580186,155.1941083985072,0.8186125586466645,-34.387772259511394,186.79436177494173,193.79483727810648,1.0374769100985994,7.0004755031647505,201.02394610565185,223.60258459349438,1.1123181537585374,22.57863848784254,1.0603542142736375,11.44206544763324,1.440792997240127,68.40847619498717,1.358784619182277,56.96641074735393
161.7217283791844,121.82354121841577,0.7532911157910674,-39.89818716076864,172.81631203843244,201.94939174518763,1.1685782977493253,29.133079706755183,187.60597354891615,224.10231230131367,1.1945371890990535,36.49633875239752,1.1600542204758144,25.88424516973174,1.8395649154503209,102.2787710828979,1.5857577025113485,76.39452591316616
128.27212229752308,146.78285469156393,1.1443083038035793,18.510732394040843,186.78491161954943,203.87943633374937,1.0915198372608315,17.094524714199935,207.44997966588002,230.41536016918914,1.1107032188689403,22.96538050330912,1.6172647333666659,79.17785736835694,1.569770261338512,83.63250547762522,0.9706328400983033,4.454648109268277
121.07781764913494,164.4233920078652,1.3579976514305794,43.34557435873026,174.63153154893118,186.31378725318805,1.0668965999475504,11.682255704256875,191.91414867924433,220.19265121770002,1.1473497536949135,28.278502538455683,1.5850479667165978,70.83633103010939,1.3391808095478719,55.769259209834814,0.8448834594715541,-15.067071820274577
146.1633023592356,147.67085708583826,1.0103141807982516,1.5075547266026774,201.76544071717285,202.27868648266005,1.0025437744128176,0.5132457654871985,227.45048578007183,198.39556277435727,0.8722582503789041,-29.054923005714556,1.5561394830902981,81.28718342083624,1.3434984172878044,50.72470568851901,0.8633534666312719,-30.562477732317234
161.91263692202418,129.38643306401002,0.7991126296480582,-32.526203858014156,187.88814515448715,185.1680903849207,0.9855230101541003,-2.7200547695664454,169.94135320447674,206.54350642035897,1.2153810860376155,36.602153215882225,1.0495867180911835,8.028716282452564,1.596330477076973,77.15707335634895,1.5209133743423484,69.12835707389638
187.5375883223071,159.935006845287,0.8528157383063839,-27.602581477020095,186.55108219521776,199.7091415156449,1.0705332778860954,13.158059320427128,195.95313499017823,232.43871581193267,1.1861954432297457,36.48558082175444,1.044873919640088,8.415546667871126,1.4533323279048098,72.50370896664566,1.3909164546909327,64.08816229877453
153.32214229933848,167.77192892332093,1.0942446172958593,14.449786623982448,155.9338858744722,207.94628146266496,1.333554155317229,52.01239558819276,196.38441794389777,222.85852043888588,1.1348075512923388,26.474102494988102,1.280861426789137,43.06227564455929,1.3283421241508282,55.08659151556495,1.0370693475255288,12.024315871005655
119.604433587614,127.58157972862278,1.0666960738973383,7.977146141008788,177.4744235811746,203.6990309477866,1.1477655587629911,26.22460736661202,201.3899144852829,212.61250378238492,1.0557256768581733,11.222589297102019,1.6837997425719045,81.7854808976689,1.6664827652599252,85.03092405376213,0.9897155363110292,3.2454431560932306
146.36626381003114,172.99406218463105,1.1819257913774457,26.627798374599905,182.56684408841363,206.84748844798983,1.1329959143502395,24.2806443595762,191.36731333500225,220.9682297844203,1.15468115183077,29.600916449418037,1.3074550675378174,45.00104952497111,1.277316845410497,47.97416759978924,0.9769489423570966,2.9731180748181316
140.52834604516582,137.37260306210854,0.9775437264305166,-3.15574298305728,193.4583185816274,210.84373918981535,1.0898664928737731,17.385420608187957,222.56317518771803,210.4476542568516,0.9455636768272749,-12.115520930866438,1.5837600132017935,82.03482914255221,1.5319477797309013,73.07505119474305,0.9672853001471186,-8.959777947809158
117.67305351084957,148.69234835450675,1.263605761201711,31.01929484365718,169.98263089733135,199.63025328462035,1.1744155989984413,29.647622387289005,191.8126671168183,221.9582238289513,1.1571614490599502,30.145556712133015,1.6300475036039834,74.13961360596872,1.4927346718592862,73.26587547444456,0.9157614539201447,-0.8737381315241635
129.54813588285316,138.66095808389937,1.07034313646386,9.112822201046214,211.1854002345685,194.52139072206265,0.921092985149557,-16.664009512505856,188.39519299056846,220.88924030834755,1.1724781126416841,32.49404731777909,1.4542485826344047,58.8470571077153,1.593016833005686,82.22828222444818,1.0954226478391331,23.381225116732878
128.76191280097873,151.2048981324713,1.1742983219438627,22.442985331492565,191.6692218244672,208.96666991702992,1.0902463521681323,17.297448092562718,224.6875623793051,237.09693891519677,1.055229476898872,12.409376535891681,1.744984658053303,95.92564957832636,1.5680506507631458,85.89204078272547,0.8986042619494752,-10.033608795600884
128.13678975015895,136.89712178359989,1.0683670322201908,8.760332033440932,186.73554110048633,186.93356923504575,1.0010604737233866,0.19802813455942214,176.1741038353538,223.33075305599888,1.2676707200095427,47.15664922064508,1.3748908816808816,48.03731408519485,1.6313765413492691,86.433631272399,1.1865498295797987,38.39631718720415
142.04530271508955,130.13402681620065,0.9161445280399014,-11.911275898888903,204.7665252620669,199.48691010641255,0.9742164147733751,-5.279615155654341,194.89447542272308,229.42384031504142,1.1771695417093002,34.52936489231834,1.3720585735498547,52.84917270763353,1.76298118123307,99.28981349884077,1.2849168506500432,46.440640791207244
158.1609570665227,142.39613215394277,0.9003241684611883,-15.76482491257994,168.52598518910048,215.67797796715607,1.2797906371836192,47.151992778055586,214.57264960188422,235.92145223493662,1.0994945193278953,21.3488026330524,1.3566726806770313,56.41169253536151,1.6567967729620965,93.52532008099385,1.221220708988768,37.11362754563234
143.17497808528543,142.50198970615892,0.9952995391504399,-0.6729883791265081,199.7675300196207,196.41438993201356,0.9832147892739236,-3.3531400876071302,198.20883161613912,220.13025711255455,1.1105976223040834,21.921425496415424,1.384381784211425,55.03385353085369,1.5447521649800553,77.62826740639562,1.1158425967443517,22.59441387554193
123.13536914569274,149.86645772838736,1.2170870056926262,26.731088582694625,172.8919946293436,202.07801322607426,1.168810699762597,29.186018596730662,218.85774153627423,201.1028915088967,0.9188749280571609,-17.75485002737753,1.7773751202006272,95.7223723905815,1.341880595278821,51.236433780509344,0.754978833690072,-44.485938610072154
138.19968552502914,135.28906012154073,0.978938986782562,-2.9106254034884103,191.52369561613264,198.3586453723742,1.035687227808828,6.834949756241571,191.43865463185432,223.3551573582337,1.1667192176405352,31.916502726379377,1.38523220153915,53.23896910682518,1.6509476609385587,88.06609723669297,1.1918201577354097,34.82712812986779
156.33098356326428,210.35936912235925,1.3456025435753154,54.02838555909497,205.91360335438853,210.66266064715623,1.023063348974542,4.749057292767702,218.09637276770036,209.06093580604238,0.958571356107413,-9.035436961657979,1.3950937158880008,61.765389204436076,0.9938275470128377,-1.2984333163168742,0.7123733235227496,-63.06382252075295
135.1839875646236,136.17876294225803,1.0073586775738428,0.9947753776344257,189.79211163859785,192.1783835511479,1.0125730826847745,2.3862719125500576,227.939609766801,217.21611053711112,0.9529546477654287,-10.723499229689878,1.686143557925722,92.75562220217739,1.5950806560727404,81.03734759485309,0.9459933874402685,-11.718274607324304
162.53480959655496,154.0137091943474,0.9475736894554545,-8.521100402207566,184.72307324404355,188.93560518447387,1.022804579127292,4.212531940430324,179.28940094434105,221.56651296169534,1.2358037440845646,42.277112017354284,1.1030830957957527,16.75459134778609,1.438615524038215,67.55280376734794,1.304176928756589,50.79821241956185
163.33404001782034,200.7066539686867,1.2288109321656948,37.372613950866366,188.85780815820658,208.19531121653768,1.102391864265056,19.337503058331095,220.48343963862135,221.99463704645487,1.0068540177453256,1.5111974078335209,1.349892769532706,57.149399620801006,1.1060651585626524,21.28798307776816,0.8193726076075956,-35.861416543032846
136.41520155796744,157.22241430721556,1.1525285489565211,20.807212749248123,209.26732245575263,196.3905730677502,0.9384674623974076,-12.876749388002423,182.204591755304,240.06171339544758,1.3175393171092207,57.85712164014359,1.3356619326467007,45.78939019733656,1.5268924246791076,82.83929908823202,1.1431728249179576,37.049908890895466
139.27608567558886,151.52859484505635,1.0879728139259086,12.252509169467487,196.0516438373079,209.76251996547003,1.0699350225267177,13.710876128162141,187.58508072666623,215.70337554470453,1.149896221539121,28.118294818038294,1.3468577883758301,48.308995051077375,1.4235159757487972,64.17478069964818,1.0569163188827893,15.865785648570807
163.37091330937582,152.61799384082815,0.9341809429186159,-10.752919468547674,190.99359435590745,190.48619935291728,0.9973433925640215,-0.5073950029901653,188.89927275130663,217.81549045545566,1.153077443247854,28.916217704149034,1.156260125653994,25.528359441930803,1.4271940350796695,65.19749661462751,1.2343191669542632,39.66913717269671
164.83996718818904,149.56099791412308,0.9073102868515937,-15.278969274065958,197.66472811860385,179.24124855569107,0.9067942989208564,-18.423479562912775,193.5961782921479,210.3495415316792,1.0865376754196536,16.753363239531296,1.1744492649111573,28.75621110395886,1.406446496515492,60.788543617556115,1.197537040156336,32.032332513597254
158.14983068911354,131.55305225243637,0.8318254384415981,-26.59677843667717,195.87079594410466,208.79061824611117,1.0659609424658356,12.919822302006509,166.04338212387543,207.64759119954115,1.250562284045908,41.60420907566572,1.0499118551083295,7.893551434761889,1.578432333147903,76.09453894710478,1.5033950949958947,68.20098751234289
119.51945395256935,133.33413136151682,1.115585178413129,13.814677408947475,179.47361162974684,208.33742100937124,1.1608248093829543,28.8638093796244,210.01557146757395,210.3444338590375,1.0015658952770288,0.32886239146355933,1.7571664237264462,90.4961175150046,1.577573811830056,77.01030249752068,0.8977941932696815,-13.485815017483915
135.39269696146746,173.19032879392856,1.2791703886600194,37.79763183246109,167.35276408149477,196.66798192960462,1.1751702041433532,29.315217848109853,186.3684150710667,223.1130043655884,1.1971610333248268,36.74458929452172,1.3765027158304324,50.97571810959923,1.2882532524726633,49.92267557165985,0.9358886384001582,-1.0530425379393762
133.26798446598852,118.42633680789542,0.8886330597887834,-14.841647658093095,194.0495454913316,212.91224156592526,1.0972055668918652,18.862696074593657,171.65732014623708,225.11149675314925,1.3114005074841777,53.45417660691217,1.2880612011510233,38.389335680248564,1.9008567082363825,106.68515994525383,1.4757503032757757,68.29582426500527
133.9353430595116,177.14530490828278,1.3226180697470693,43.20996184877117,203.48334847327646,173.4315168874973,0.852313067328328,-30.051831585779155,197.3413908800468,213.23760647321248,1.080551857480462,15.896215593165692,1.4734078875085415,63.40604782053518,1.20374404833149,36.0923015649297,0.8169795061752796,-27.31374625560548
122.99169678290502,134.80839620952668,1.0960772128177036,11.816699426621653,184.8745744300758,217.76458016721855,1.1779044297385663,32.89000573714276,203.44201602358808,219.60760996842882,1.0794604490301867,16.165593944840737,1.6541117924626036,80.45031924068306,1.6290351056999632,84.79921375890214,0.9848397872036769,4.348894518219083
154.03071395892238,164.94628270444477,1.0708661828863133,10.915568745522393,192.45604313852505,205.6289640234926,1.068446387393957,13.172920884967567,217.9752259406846,227.83325958047655,1.0452254773323393,9.858033639791955,1.4151413074590775,63.94451198176222,1.381257315078233,62.88697687603178,0.9760561067631585,-1.0575351057304374
149.64080207249964,142.4815555885576,0.9521571230253534,-7.1592464839420416,199.88675585331444,205.4022868584831,1.0275932789124669,5.515531005168668,211.3186433086355,224.3414679236837,1.061626482222054,13.022824615048194,1.4121726185766734,61.67784123613586,1.5745298891283308,81.8599123351261,1.1149698474647505,20.182071098990235
126.28075096251821,148.27021543187183,1.17413156242538,21.98946446935362,185.45471515019423,196.97948757360555,1.0621433238517433,11.52477242341132,182.97134065712896,226.95290187769896,1.2403740447143976,43.98156122057,1.4489250282605404,56.69058969461075,1.5306708850233024,78.68268644582713,1.056418279185155,21.99209675121638
150.53409571736577,115.54272134926856,0.7675518346767431,-34.99137436809721,167.6385817629243,200.49350571897574,1.1959866494367932,32.85492395605144,187.13225703821067,208.85536416261945,1.1160842468755834,21.723107124408784,1.2431220724211178,36.598161320844895,1.8076029517366183,93.31264281335089,1.4540832246797062,56.714481492505996
155.05414331915927,136.39501608330366,0.8796605699375079,-18.659127235855607,184.61276083720915,213.8685216709723,1.158470956726338,29.255760833763162,210.69980984999336,196.75995744089627,0.9338402231163783,-13.939852409097085,1.3588789395733498,55.64566653083409,1.4425743923130194,60.36494135759261,1.0615915445462327,4.719274826758522
134.55020979935878,150.62132302716495,1.119443241684806,16.071113227806165,198.80977150913517,212.91375816569584,1.0709421199446054,14.103986656560664,180.86220678757454,209.48298740437167,1.158246330867856,28.620780616797134,1.3441986233784116,46.31199698821575,1.390792373843316,58.86166437720672,1.0346628464384222,12.549667388990969
171.6920718359903,164.78948819888254,0.9597967246635506,-6.902583637107767,182.45787385097788,211.39500767213204,1.1585962458643386,28.937133821154163,229.33216609012416,214.82363563508434,0.9367357370647336,-14.508530455039818,1.3357178560300376,57.64009425413386,1.303624630327246,50.034147436201806,0.9759730503280254,-7.60594681793205
144.55839851010754,114.9646599764564,0.7952817765092912,-29.593738533651134,188.54767406978507,180.43545729291188,0.9569752487433458,-8.112216776873197,231.7725163614351,216.50309360442444,0.9341189240349839,-15.269422757010659,1.6033140844821239,87.21411785132756,1.8832143168932267,101.53843362796803,1.1745760454050471,14.324315776640475
135.78750730878372,169.4227964409732,1.247705328706728,33.635289132189484,188.019249760441,198.92216900215067,1.057988313726394,10.902919241709668,211.16442944174932,215.3058087932363,1.019612106842215,4.141379351486989,1.555109403117305,75.3769221329656,1.270819590492645,45.88301235226311,0.8171898311110556,-29.493909780702495
135.10643733130075,165.77569722364362,1.2270007299292287,30.669259892342865,181.25201865744256,217.67256701501478,1.2009387185165936,36.420548357572216,195.35406349217428,230.10115235156388,1.177867243907018,34.747088859389606,1.4459271323477914,60.24762616087352,1.388027052247233,64.32545512792026,0.959956432931344,4.077828967046742
142.58357296270512,136.9570705904803,0.9605389158420338,-5.62650237222482,215.8164332763903,180.6768366252426,0.8371783088169872,-35.13959665114771,212.27532752782486,207.4595426091398,0.9773134966989802,-4.815784918685068,1.4887782871267272,69.69175456511974,1.5147778914567411,70.50247201865949,1.0174637181068726,0.8107174535397519
146.0329551484518,131.98699387389226,0.9038164963498757,-14.045961274559545,179.2135009642168,207.58150953996292,1.1582916935561138,28.36800857574613,171.97134165073047,220.93408015645696,1.2847145229881884,48.96273850572649,1.1776200890813353,25.93838650227866,1.6739079637464105,88.9470862825647,1.4214329215903838,63.00869978028604
164.30368285649965,177.82261099417624,1.0822801284952561,13.518928137676596,198.60010630282304,219.09933297919574,1.1032186087811844,20.4992266763727,252.46982370258388,222.12291121159606,0.8797998428250289,-30.34691249098782,1.5366047754576944,88.16614084608423,1.2491263623323507,44.30030021741982,0.8129132372117515,-43.865840628664415
160.12798008573267,140.785036019915,0.8792032219761877,-19.342944065817676,195.16124111623694,189.1978512189371,0.9694437795989006,-5.963389897299834,159.82324595231512,246.3068527404877,1.5411203249743521,86.48360678817258,0.998096933882171,-0.3047341334175542,1.7495243791793746,105.5218167205727,1.7528601880124726,105.82655085399026
170.94288760112968,132.34960782401853,0.7742329012999772,-38.59327977711115,217.81796179358034,208.79929763882376,0.9585954065473108,-9.018664154756578,195.84164773192182,220.68168663699203,1.1268373667845797,24.8400389050702,1.1456554319410455,24.89876013079214,1.6674147378693114,88.33207881297349,1.4554242849826728,63.43331868218135
133.76778049537833,144.5613558282417,1.0806889020128152,10.793575332863355,161.94555055115202,198.16655999409753,1.2236616524484552,36.2210094429455,230.16783561098964,207.2453547931856,0.9004097129516146,-22.92248081780403,1.720652273354733,96.40005511561131,1.433615184402538,62.683998964943925,0.8331812340022877,-33.716056150667384
143.0121713122479,112.4863441667848,0.7865508448311436,-30.525827145463083,174.4652674905956,187.05775087990028,1.0721775948326417,12.592483389304675,223.83817661779526,202.95498116312476,0.9067040494601212,-20.8831954546705,1.5651687165078743,80.82600530554737,1.8042632878369755,90.46863699633995,1.152759615501744,9.642631690792584
142.99672087420637,153.13430817513952,1.0708938445508212,10.137587300933149,202.59623908153813,201.79703879663916,0.9960552067080706,-0.7992002848989728,242.72512521237513,215.20322969709048,0.8866129104220091,-27.521895515284655,1.697417421381987,99.72840433816876,1.4053234200853464,62.068921521950955,0.8279185793563811,-37.6594828162178
115.60770664882898,157.61015049938604,1.3633187186918607,42.00244385055706,181.3138109980822,197.78474487261641,1.0908421359843814,16.47093387453421,234.28473099491876,212.56077117450698,0.9072753920916727,-21.72395982041178,2.0265494211954587,118.67702434608978,1.3486489956453345,54.950620675120945,0.6654903065969979,-63.726403670968836
170.53152375912893,144.9497435366987,0.8499879690363654,-25.58178022243024,184.87348350145317,204.96421700532937,1.1086728779236654,20.09073350387621,225.0083306736882,201.39734119174773,0.8950661541675022,-23.610989481940464,1.3194530003233083,54.47680691455926,1.3894287514952208,56.44759765504904,1.053033909623735,1.9707907404897753
147.43528468922247,147.04362419637255,0.9973435090950209,-0.39166049284992255,198.27143644291925,197.41516569937252,0.9956813207242121,-0.8562707435467303,177.21812680522234,227.6870230952679,1.2847840522855494,50.46889629004556,1.2020062034592252,29.78284211599987,1.5484317959355953,80.64339889889536,1.288206160233949,50.860556782895486
152.51256838437047,161.48764337156715,1.0588481007321129,8.975074987196678,210.00127776709482,204.34889208077053,0.9730840414571517,-5.652385686324294,210.89454385567726,204.12471586046843,0.9678994635354736,-6.7698279952088285,1.3828010772474133,58.38197547130679,1.2640268419224967,42.63707248890128,0.9141060581458708,-15.744902982405506
171.44370989857896,126.16314632035869,0.7358867023759174,-45.28056357822027,201.65309317399067,201.67416001134663,1.0001044706878748,0.021066837355959933,188.866252951041,198.7498375188461,1.052331130698967,9.883584567805116,1.1016225270834883,17.422543052462032,1.575339893744979,72.58669119848742,1.4300178645725798,55.16414814602538
144.24524952344993,169.17146199229327,1.1728043907941044,24.926212468843346,205.68243301821772,200.58350298513878,0.9752096960432818,-5.098930033078943,215.4841086277573,221.93849991067728,1.0299529804031617,6.454391282919971,1.4938731732217365,71.23885910430738,1.3119145350933235,52.767037918384005,0.8781967295550297,-18.471821185923375
153.39256724466972,139.6353922853735,0.910313940196641,-13.757174959296208,174.968060307497,217.83032338776138,1.2449719280475318,42.86226308026437,204.20182528368719,216.14711202288595,1.0584974533043658,11.945286739198764,1.3312367668895837,50.809258039017465,1.5479393045363818,76.51171973751244,1.1627828670576164,25.70246169849497
142.24339721425454,124.19087319596231,0.8730870861365848,-18.05252401829223,161.20350610424228,194.0316174378711,1.2036439040748934,32.82811133362881,184.86659129477655,199.86980111130694,1.08115695600514,15.003209816530386,1.299649719531942,42.62319408052201,1.6093759224635606,75.67892791534463,1.2383151385152946,33.05573383482262
136.18184424538126,134.38326997239145,0.9867928483201548,-1.7985742729898107,160.1515856796605,217.46921539111085,1.3578961111636982,57.31762971145034,172.1460357837202,221.81125560422382,1.2885063231017513,49.66521982050361,1.2640894734362411,35.96419153833895,1.6505868301150444,87.42798563183237,1.3057515823054575,51.46379409349342
130.40731541538102,187.1920641016046,1.4354414359758074,56.784748686223566,192.68714798972974,195.64040469405748,1.0153266926992202,2.9532567043277425,193.38763166606563,218.4663922111969,1.1296813055161476,25.078760545131274,1.4829507919097638,62.98031625068461,1.1670708011030702,31.274328109592318,0.7869922639847684,-31.70598814109229
113.16452291575354,166.82918935568648,1.4742181123308773,53.664666439932944,205.48576892159988,209.57437712539388,1.0198972815745404,4.088608203793996,208.39898799049902,210.07074916382058,1.0080219255834284,1.6717611733215563,1.8415576067567019,95.23446507474549,1.2591966068716032,43.2415598081341,0.6837671557227384,-51.99290526661139
143.70772587292302,137.90384274085523,0.9596132838592129,-5.803883132067796,186.10774217581562,203.7654954821825,1.0948791979308719,17.657753306366885,224.13257435424885,217.78077921752129,0.9716605444120392,-6.35179513672756,1.5596417867780012,80.42484848132582,1.5792219773510474,79.87693647666606,1.0125542869773296,-0.5479120046597643
143.25786357700727,149.10666697987503,1.040827101960262,5.848803402867759,233.2215141612684,190.9991066242385,0.8189600659747287,-42.22240753702991,240.67311478684724,224.33266955917415,0.9321052322684856,-16.340445227673086,1.6799993297224838,97.41525120983997,1.5045113280511622,75.22600257929912,0.8955428144722474,-22.189248630540845
129.6768275536389,144.6014140120008,1.1150906198116897,14.924586458361887,196.618718442377,194.34125086979648,0.9884168323818672,-2.2774675725805196,178.23003478587262,218.04095091420177,1.2233681667411354,39.810916128329154,1.3744169883563075,48.55320723223372,1.507875648408985,73.43953690220098,1.0971020157516267,24.886329669967267
138.57788709966965,139.00027698923302,1.0030480323982682,0.42238988956336243,189.6000013919703,197.8509610780304,1.0435177195436958,8.2509596860601,210.11346404476345,235.4213003153121,1.1204484271657953,25.30783627054865,1.5162120627055247,71.5355769450938,1.6936750445004356,96.42102332607908,1.1170436419548375,24.885446380985286
150.72879206127968,174.99251695141552,1.1609760455074256,24.263724890135848,178.11839881527376,181.2091442568391,1.0173521964161083,3.090745441565332,226.084102848773,216.17781136375925,0.9561831576825194,-9.906291485013753,1.4999397245674018,75.35531078749332,1.2353546033272857,41.18529441234372,0.8236028308961381,-34.1700163751496
138.07539345445957,148.24020144789657,1.073617809365791,10.164807993436995,174.81099288146984,189.31496155715664,1.0829694313647722,14.503968675686792,227.98799372018243,201.7887974559767,0.8850851931424033,-26.19919626420574,1.6511848202364754,89.91260026572286,1.361228570152081,53.548596008080125,0.8243950365030196,-36.36400425764273
170.04378397459604,139.0196934627408,0.8175523398344856,-31.024090511855235,168.75223972167012,197.28667619178268,1.1690907126161736,28.534436470112553,185.05274589884485,233.3878610461189,1.2611964222011351,48.33511514727405,1.0882652783502578,15.008961924248808,1.6788115067213125,94.3681675833781,1.5426491500916817,79.35920565912929
137.77958836855385,144.1155688009724,1.0459863504271047,6.335980432418552,214.47744219839913,205.9664487920977,0.9603175358720081,-8.510993406301424,195.35001706606553,206.5052006972544,1.0571035713163839,11.155183631188862,1.417844394653826,57.57042869751169,1.4329138927553609,62.389631896282,1.0106284569437638,4.81920319877031
123.86469847464771,137.5525666840446,1.1105066122790301,13.687868209396882,157.38913570184306,206.7292853646044,1.3134914582429056,49.34014966276135,212.43974056522612,211.06558912234095,0.9935315706975115,-1.3741514428851644,1.7150951254178988,88.5750420905784,1.5344358466763783,73.51302243829636,0.8946651552650754,-15.062019652282046
142.35346832009816,134.47637658512005,0.9446652629687563,-7.877091734978109,183.37923913052919,202.9462332429384,1.1067023410348074,19.56699411240922,205.1191408944312,217.04163747566778,1.0581247392576236,11.922496581236572,1.4409142489819582,62.76567257433305,1.6139759486922676,82.56526089054773,1.1201054815250677,19.79958831621468
136.09952194537124,134.74502714306718,0.990047762233524,-1.3544948023040604,191.55073555778594,206.93552168048703,1.0803170297305378,15.384786122701087,212.75129762388556,220.37450441625438,1.0358315407591336,7.623206792368819,1.5632038568752757,76.65177567851433,1.6354926715200337,85.6294772731872,1.0462440099074843,8.97770159467288
128.61259096757476,157.70964556555248,1.2262379941114283,29.097054597977717,226.67593597360553,196.91825660764948,0.8687214889479001,-29.75767936595605,240.2597498807654,252.49669077548458,1.0509321303330752,12.236940894719169,1.868088871184771,111.64715891319065,1.601022498465597,94.7870452099321,0.8570376512388319,-16.86011370325855
147.47615269617003,148.47172689709248,1.0067507470375467,0.995574200922448,196.04295470362933,218.783907123718,1.1159998453117972,22.74095242008866,181.69381548654187,240.55986724816543,1.3239848951599775,58.86605176162357,1.2320216669936255,34.21766279037183,1.6202402455714706,92.08814035107295,1.31510694087481,57.87047756070112
127.83145281255675,120.57380725165335,0.943224884007651,-7.2576455609033985,187.12268841351874,175.649454362159,0.938686034555012,-11.473234051359753,160.6458419484148,219.80723075942944,1.368272145070596,59.16138881101463,1.2567004318098052,32.814389135858065,1.8230097876951246,99.2334235077761,1.4506319418302127,66.41903437191803
150.6021060268666,101.52272960333671,0.6741122835641197,-49.079376423529894,219.83985567241348,209.86489035135423,0.9546262196609013,-9.974965321059244,207.9980965196305,225.248953936288,1.0829375734937525,17.25085741665748,1.3811101451829948,57.3959904927639,2.2187046665940393,123.72622433295128,1.6064646793975035,66.33023384018738
149.73541519238643,143.02882186947366,0.9552103734824801,-6.7065933229127666,195.31858239577744,200.49270260422728,1.026490670498342,5.1741202084498354,206.01388317412554,222.56491515333695,1.0803394010355227,16.551031979211416,1.3758527527334141,56.27846798173911,1.5560843768708865,79.5360932838633,1.130996303041445,23.257625302124183
163.72474966516742,131.32610386271475,0.8021151605440779,-32.39864580245268,197.43462740303917,204.03137245192775,1.0334123002416498,6.596745048888579,172.19238375161441,205.0006026130818,1.1905323461274158,32.808218861467395,1.0517187175656955,8.467634086446992,1.5610042221871188,73.67449875036706,1.4842411722025959,65.20686466392007
127.86482245976988,144.91382190452074,1.133336121043886,17.048999444750862,204.04911836370624,201.8250855746087,0.9891005028253377,-2.2240327890975493,180.5615271505951,227.11810547226773,1.2578432906299175,46.55657832167262,1.4121282435394238,52.69670469082523,1.5672632360901284,82.20428356774698,1.109858997056717,29.507578876921755
181.90061205239547,137.18436984784267,0.7541721179493749,-44.7162422045528,168.6771568585821,190.55650292190725,1.1297113756883432,21.87934606332516,174.1366217384879,215.94436486391496,1.2400858745738874,41.807743125427066,0.9573174041235705,-7.763990313907584,1.5741178466863865,78.75999501607228,1.6443008764971743,86.52398532997987
206.51128519067728,156.98840037682643,0.7601928399790594,-49.52288481385085,188.9492889820282,186.14146318319908,0.9851397916660264,-2.8078257988291284,171.51348062663138,194.20523989929373,1.1323030655652087,22.691759272662352,0.8305283678239108,-34.99780456404591,1.237067448506603,37.216839522467296,1.4894945150975107,72.2146440865132
124.19788222828333,126.48067816850005,1.0183803129269209,2.2827959402167153,199.2019048696965,208.7797573981993,1.0480811292179557,9.577852528502802,230.40332902658858,221.18573841116086,0.9599936743346099,-9.217590615427724,1.8551308999222154,106.20544679830525,1.748770971298026,94.7050602426608,0.9426671570029646,-11.50038655564444
158.80379976049844,155.42493008597367,0.9787229922733547,-3.378869674524765,186.86143934830667,207.65478952621427,1.1112768383376794,20.793350177907598,194.40232901112344,249.6537981896739,1.284211971428537,55.25146917855045,1.224166734702276,35.598529250625006,1.6062661122097805,94.22886810370022,1.3121301753069063,58.630338853075216
154.1570194888112,145.93621293650708,0.9466725123541924,-8.220806552304111,191.28495738766932,199.77092093792666,1.0443629424192473,8.485963550257338,196.53810665734466,199.28942362036003,1.0139988982788573,2.7513169630153698,1.2749215527717797,42.38108716853347,1.3655926764871273,53.35321068385295,1.0711189825901222,10.972123515319481
137.05431536185975,134.6191999230693,0.9822324789091018,-2.4351154387904614,205.47803954774972,189.6940615386882,0.9231841123080524,-15.783978009061514,187.686963906896,203.8258516211239,1.085988325338534,16.138887714227877,1.369434909155196,50.63264854503626,1.5140919849293717,69.2066516980546,1.1056326772503664,18.57400315301834
152.51138151425684,177.98414315228857,1.1670220372087476,25.472761638031727,205.3289437357898,200.54113441999735,0.9766822483538743,-4.787809315792458,184.10696942963068,195.63399641819478,1.0626104868505262,11.527026988564103,1.2071687214532265,31.59558791537384,1.0991653130065888,17.649853265906216,0.9105316377675692,-13.945734649467624
132.3123008578077,143.2179921098941,1.0824238652142135,10.905691252086399,189.74836563036297,203.80931407390185,1.0741031333620557,14.060948443538877,211.52827889319633,238.1265219256229,1.1257432016730795,26.59824303242658,1.5987045612676616,79.21597803538862,1.6626858009774605,94.9085298157288,1.0400206775284773,15.692551780340182
152.16455552916338,169.13783590093954,1.1115455587718857,16.973280371776156,165.80691883829755,216.87656372113585,1.3080067179382528,51.069644882838304,174.4564208645421,221.9491720811211,1.2722327500542676,47.492751216578995,1.1464984092902393,22.29186533537873,1.3122384527321969,52.81133618018157,1.1445619480140072,30.51947084480284
162.12775701406082,168.8040282939662,1.041179076321437,6.676271279905393,173.98608326108055,196.8744072044767,1.131552613372245,22.88832394339616,216.54781876282937,227.2122022282905,1.0492472449105623,10.664383465461128,1.3356615964535232,54.420061748768546,1.3460117304345873,58.40817393432428,1.0077490690819786,3.9881121855557353
158.93147754087428,124.74240290200203,0.7848816661879995,-34.189074638872256,184.76418298208398,195.2664346157978,1.0568413826977072,10.502251633713826,182.02306398834253,215.38731204429828,1.1832968159358779,33.364248055955755,1.1452927186279351,23.091586447468245,1.726656750499725,90.64490914229626,1.5076117418857478,67.55332269482801
202.9126219743808,150.6425406731079,0.7424010355163003,-52.27008130127291,206.44163955381214,185.12472557910732,0.8967412096669178,-21.316913974704818,198.63708478917079,214.83144073242616,1.0815273540710877,16.194355943255374,0.9789291708736096,-4.275537185210027,1.4261007532965553,64.18890005931826,1.45679666693749,68.46443724452828
141.55581834737515,130.53848016263655,0.9221696549575781,-11.017338184738605,184.8359449471586,196.5783938826445,1.0635290334834107,11.742448935485896,177.9800010188088,207.53487582962535,1.1660572797035393,29.554874810816557,1.2573132146504173,36.42418267143364,1.5898367712804669,76.9963956669888,1.264471535616926,40.57221299555516
145.17120273454995,154.07858020120753,1.0613577438146944,8.907377466657579,162.00797347466946,199.51521532265323,1.2315147893251572,37.50724184798378,204.91349969481965,238.53662304949526,1.1640844717637002,33.62312335467561,1.4115299441963731,59.7422969602697,1.5481491505048657,84.45804284828773,1.0967880326380706,24.715745888018034
163.25280300634645,130.4266945111141,0.7989246868002858,-32.82610849523235,195.00339807394639,200.8793930358964,1.0301327824027036,5.875994961950028,167.53648736625576,217.66006565996017,1.2991800716468884,50.12357829370441,1.0262395761728071,4.2836843599093015,1.668830652159268,87.23337114884606,1.6261608798823557,82.94968678893676
162.16560544178174,149.5264557641821,0.9220602319266944,-12.639149677599647,204.95387412325144,200.00076419205615,0.9758330504735095,-4.953109931195286,205.93736618361513,227.7428752555724,1.105884179622436,21.80550907195726,1.2699201265434037,43.77176074183339,1.5230941848494375,78.2164194913903,1.1993621905931584,34.44465874955691
151.3440592209153,149.35348796309117,0.9868473776369475,-1.9905712578241435,193.0334675316782,192.89087381052377,0.9992613005248375,-0.1425937211544408,214.80633499814098,223.1718233174744,1.0389443277797454,8.365488319333423,1.4193245252170121,63.46227577722567,1.4942525036484284,73.81833535438324,1.0527912940981274,10.356059577157566
139.0961387574742,132.00541095799625,0.9490228279316852,-7.090727799477946,188.42418605837133,222.5433162360238,1.1810761712250826,34.119130177652465,220.96818848543512,242.67906967633562,1.0982534243490507,21.710881190900494,1.588600449008234,81.87204972796093,1.8384024405905257,110.67365871833937,1.157246582511193,28.80160899037844
182.77955960358508,143.99479495826577,0.7878057878603261,-38.784764645319314,172.8059950860984,192.88685838856904,1.116204668087271,20.080863302470647,221.29696344969844,212.46943749836672,0.9601100448297012,-8.827525951331722,1.2107314621484506,38.51740384611335,1.475535539739107,68.47464254010094,1.2187141293253914,29.95723869398759
164.83518399079819,161.91340759657436,0.9822745586015973,-2.9217763942238264,196.06290079774854,192.68705411419123,0.9827818181317244,-3.375846683557313,206.1953915193479,220.66074815907155,1.0701536369612137,14.465356639723637,1.2509185631804107,41.36020752854972,1.3628318459510953,58.747340562497186,1.0894648828986513,17.387133033947464
136.61044086020965,164.61403104047213,1.2049886524333664,28.003590180262478,187.99948270885113,220.29037407018419,1.1717605330400878,32.29089136133305,213.36775115161495,213.41906580506634,1.0002404986375608,0.051314653451385084,1.5618700138004042,76.7573102914053,1.2964816210144017,48.80503476459421,0.8300829195508729,-27.952275526811093
171.55142358641615,169.410492829778,0.9875201807604955,-2.1409307566381415,161.7492189596223,199.21477275617227,1.2316274170442982,37.465553796549955,182.93586114107816,213.98683478116345,1.1697369419336492,31.05097364008529,1.0663616618076461,11.384437554662014,1.263126216132169,44.576341951385444,1.1845195315733472,33.19190439672343
146.3596011782596,130.1245433726895,0.8890741866275208,-16.235057805570108,205.8570661176037,198.68427360305427,0.9651564425267205,-7.172792514549428,199.3617017039975,227.0755716373524,1.13901300849901,27.713869933354886,1.3621361366049616,53.002100525737916,1.7450633504779005,96.95102826466291,1.281122571806487,43.94892773892499
125.48183887217822,181.21968525538443,1.4441905448961698,55.73784638320622,182.3166793388826,209.62384113769554,1.1497787360862113,27.307161798812928,207.63280688116512,215.510318517274,1.0379396288786744,7.8775116361088635,1.6546841259847156,82.15096800898691,1.189221348737944,34.29063326188955,0.718699919859465,-47.860334747097355
153.25307960214616,146.36185154214093,0.9550336732032058,-6.891228060005233,201.06230615509097,175.8105843485915,0.8744084742218099,-25.25172180649946,220.5598394778573,236.8153686429259,1.0737012196034923,16.255529165068594,1.439186997419193,67.30675987571115,1.6180129326578063,90.45351710078498,1.124254829677652,23.146757225073827
190.9105039828395,113.99618699326736,0.5971184644901164,-76.91431698957213,169.92816907336228,205.63183272638844,1.2101103298394982,35.703663653026155,234.32129165138713,211.3385972163345,0.9019180277085308,-22.982694435052622,1.2273881570835397,43.41078766854764,1.8539093525015553,97.34241022306715,1.5104507419288817,53.93162255451951
146.6581002406502,193.8893749509463,1.3220502286119526,47.23127471029608,210.32037959393315,207.09469615692785,0.9846630010689732,-3.2256834370053014,239.25821591198897,203.3512407301093,0.8499237526911593,-35.90697518187966,1.6314013035719943,92.60011567133876,1.0488003315372845,9.46186577916302,0.6428831025455906,-83.13824989217574
139.1021527978834,167.81679510638173,1.206428453700648,28.714642308498327,177.15626772126862,192.6269573861033,1.0873279272804264,15.47068966483468,202.03500648641452,218.08444278571133,1.079438888232352,16.049436299296815,1.4524218527370534,62.93285368853111,1.299538837262767,50.2676476793296,0.8947392486651299,-12.665206009201512
160.57757475919567,142.70910684588966,0.8887237651950978,-17.868467913306006,202.81443195374516,202.86618814875365,1.0002551899019705,0.05175619500849393,195.50345622207132,210.4675622386716,1.0765413886064634,14.964106016600283,1.2175016126333393,34.92588146287565,1.4748012014815124,67.75845539278194,1.2113340846355503,32.83257392990629
176.97978326629334,160.38577618195026,0.9062378381412365,-16.594007084343076,197.30952175676657,203.4610616867543,1.0311771062806134,6.1515399299877345,240.36906451929647,219.52405030159306,0.9132791307425919,-20.845014217703408,1.35817244254178,63.38928125300313,1.3687251795480488,59.1382741196428,1.0077698064514693,-4.251007133360332
152.7486994901664,118.71330829165704,0.7771804845991473,-34.035391198509345,227.93429327545564,195.44783488676637,0.8574744593195995,-32.48645838868927,193.53988075035647,222.5133644860861,1.1497029119962205,28.973483735729616,1.2670476501360728,40.791181260190086,1.8743759034952607,103.80005619442905,1.479325503894005,63.00887493423896
151.35689654113455,140.44990241910332,0.9279385718703145,-10.906994122031222,155.6377424457948,192.45345419131732,1.2365474541520327,36.81571174552252,203.16781594781278,220.6114124697293,1.085858069795844,17.443596521916504,1.3423096045881033,51.81091940667824,1.5707480651102452,80.16151005062596,1.1701831378851228,28.350590643947726
115.21300776403446,136.28451899818972,1.1828917727528772,21.071511234155267,190.00111258132583,208.47020127221427,1.097205160748641,18.46908869088844,215.97561660955353,197.91163798027196,0.9163610276342532,-18.063978629281564,1.874576671515156,100.76260884551907,1.4521945664488924,61.62711898208224,0.774678671998587,-39.13548986343683
142.88159692068686,171.93236352725432,1.2033205621483463,29.050766606567464,177.37423275496755,193.39460636832027,1.0903196217653777,16.020373613352717,220.23014780834978,211.1769149565855,0.9588919458037024,-9.053232851764278,1.5413471892436845,77.34855088766292,1.2282557549039348,39.24455142933118,0.7968715701921908,-38.10399945833174
127.96315527671818,132.39797046388415,1.0346569696376724,4.434815187165967,219.0926031132377,180.34750823473158,0.8231565359672104,-38.74509487850611,182.4299062459282,243.52536102489952,1.3348982413914656,61.095454778971316,1.4256440133210735,54.466750969210025,1.8393436105678749,111.12739056101537,1.2901843611597525,56.66063959180535
169.48347264290268,171.87172255091704,1.0140913439568608,2.388249908014359,177.63983450749984,203.69756095105433,1.146688531408502,26.057726443554486,211.12808837650564,200.43956103944495,0.9493742049234122,-10.688527337060691,1.2457149070891833,41.64461573360296,1.1662160480183974,28.56783848852791,0.9361821403770884,-13.07677724507505
170.4011788132095,137.29956303300722,0.8057430352844704,-33.10161578020228,215.8126838680749,214.91525988648127,0.995841653208195,-0.8974239815936471,204.73648007489086,222.3772137984112,1.0861631191327872,17.640733723520327,1.2014968529021683,34.335301261681366,1.6196498290744819,85.07765076540397,1.3480266928392541,50.74234950372261
138.03528013338322,160.9958673816462,1.1663385420457453,22.960587248262982,215.49722085295994,191.37052031274447,0.8880417091008435,-24.126700540215467,219.9872268779054,205.3171074761699,0.9333137673039646,-14.67011940173552,1.593702904542463,81.95194674452219,1.2752942719297178,44.32124009452369,0.8002082874385189,-37.6307066499985
143.99802443498922,155.44182440987274,1.079471923450242,11.443799974883518,221.34759284653077,207.5567896131109,0.9376961680221136,-13.790803233419865,194.38778959821414,214.0317265371606,1.101055405689571,19.643936938946467,1.3499337255558974,50.38976516322492,1.376924951503378,58.58990212728787,1.0199944822745766,8.20013696406295
122.68127639998609,173.6608458496278,1.4155448243253483,50.979569449641716,193.50272863197043,212.3813837195912,1.0975627332032447,18.878655087620785,182.50948044112087,198.6035342492656,1.0881820153629598,16.094053808144736,1.487671842001976,59.82820404113478,1.143628739556155,24.942688399637802,0.7687372357718094,-34.88551564149698
127.5061821304056,146.22109963788594,1.1467765499271232,18.714917507480337,187.18625900973862,191.1223317798783,1.021027573236211,3.936072770139674,207.9656818480701,223.1746674345086,1.073132189173161,15.208985586438502,1.6310243030834017,80.45949971766449,1.5262822396165592,76.95356779662265,0.935781420749629,-3.505931921041835
165.87832644786053,166.58744800189672,1.0042749500143955,0.7091215540361873,193.64275586542553,179.18052834757964,0.9253149055165452,-14.46222751784589,195.13716353989264,198.28443795870962,1.0161285239660336,3.147274418816977,1.176387341966757,29.25883709203211,1.1902723784834737,31.6969899568129,1.0118031162197842,2.4381528647807897
166.3068401718258,167.40968478125976,1.0066313845437416,1.1028446094339586,213.90291279566122,189.37370451121652,0.8853255060258242,-24.529208284444707,184.5111387589226,213.40810843194336,1.156613686671658,28.89696967302075,1.1094621157391265,18.204298587096815,1.2747656069646502,45.998423650683606,1.148994263869387,27.79412506358679
152.0715795521708,164.76639930469688,1.0834792391182528,12.694819752526087,170.560714705641,186.7834035474036,1.0951138652869754,16.22268884176259,238.99760657403172,221.51532745426655,0.9268516560882384,-17.482279119765167,1.5716125740118287,86.92602702186093,1.3444205152813093,56.74892814956968,0.8554401622337685,-30.177098872291253
145.78793465096476,168.24303745088653,1.154025796810156,22.455102799921775,179.4979400013652,223.9586690618397,1.2476949265274928,44.46072906047448,188.05233609898755,238.51852230584814,1.2683624529944475,50.466186206860584,1.2899032869160898,42.264401448022795,1.4177021879759892,70.2754848549616,1.0990763434407878,28.01108340693881
120.11223576248848,157.92962909403056,1.314850465412389,37.81739333154208,182.71334764569758,202.8847119966982,1.1103989643390215,20.17136435100062,167.013201291508,209.2927360090755,1.2531508550858323,42.279534717567486,1.3904761678215873,46.90096552901953,1.325227806901665,51.36310691504494,0.9530748081629153,4.462141386025408
167.68497254791654,132.08329916376195,0.7876871562001103,-35.601673384154594,203.83923476410203,193.09274727726736,0.9472795926688437,-10.746487486834667,192.42828435420302,196.81503966525847,1.022796832210907,4.3867553110554525,1.1475583138448258,24.74331180628647,1.4900827047122711,64.73174050149652,1.2984810329331655,39.98842869521005
160.4377799854099,146.7492940571632,0.9146804080093136,-13.688485928246678,213.25582684486423,203.61939479798517,0.9548128077462136,-9.636432046879065,192.0841710420461,223.81032620807096,1.1651679833580884,31.726155166024853,1.1972502428013783,31.64639105663622,1.5251202920328202,77.06103215090775,1.273852564409824,45.41464109427153
129.74714841020455,140.93500978803442,1.0862281870153991,11.187861377829876,190.97572616381544,198.98258900965882,1.0419260761913545,8.006862845843386,199.38521416241488,237.10873153504716,1.189199171719441,37.72351737263227,1.5367213584690493,69.63806575221034,1.6823976660707483,96.17372174701273,1.0947968262423502,26.535655994802397
148.54974845656673,157.78692031841896,1.0621823460344197,9.237171861852232,201.37170181749852,209.9976679399177,1.0428360392476437,8.625966122419186,205.42490989834582,211.0954319685023,1.0276038678705641,5.670522070156494,1.3828694564124984,56.875161441779085,1.3378512714647393,53.30851165008335,0.9674458172902688,-3.5666497916957383
189.5385028628855,201.5070045039321,1.0631454900205937,11.9685016410466,201.79178976200956,186.41528054025585,0.9238001246736126,-15.376509221753707,182.67729885962294,191.8207827220502,1.0500526552533138,9.143483862427274,0.9638004737843369,-6.861204003262571,0.9519310913993916,-9.686221781881898,0.9876848137059526,-2.8250177786193262
143.23255553459035,159.8568120186586,1.1160647900333909,16.62425648406824,178.4867800578037,182.84918796414777,1.0244410701169648,4.36240790634406,206.98315322218005,220.10488361662905,1.063395161346121,13.121730394449003,1.4450845511319113,63.7505976875897,1.3768877336984442,60.248071597970466,0.9528077319904572,-3.502526089619238
161.07521166068523,150.8341112401829,0.9364203820382007,-10.241100420502335,206.74120189509983,211.15072855500784,1.0213287270243567,4.4095266599080105,211.03488395725086,205.97757766265386,0.9760356856659705,-5.057306294596998,1.3101636296577324,49.95967229656563,1.3655901570876263,55.143466422470965,1.0423050420384312,5.183794125905337
133.72790247286363,153.06157825499244,1.1445747329062612,19.333675782128807,190.70426287919926,209.70418911571156,1.0996303173807274,18.999926236512295,195.00347218942338,206.81529637904842,1.0605723788248818,11.811824189625042,1.4582108040541046,61.275569716559744,1.3511901467166707,53.75371812405598,0.9266082400158495,-7.521851592503765
145.70940433264346,140.28270083831345,0.9627566695561992,-5.426703494330013,165.10296624004306,177.5334333865322,1.075289181227771,12.43046714648915,183.4759023919348,204.6639613564207,1.1154814266520119,21.18805896448592,1.259190532225863,37.76649805929134,1.4589394140073735,64.38126051810727,1.1586327697591687,26.61476245881593
160.03139967501315,153.306369947886,0.9579768111709068,-6.725029727127151,202.1333010013352,224.9698846881313,1.1129778397407424,22.836583686796075,207.2213194246921,217.79969226643485,1.0510486704317463,10.578372841742748,1.2948791290053752,47.18991974967895,1.4206826000802988,64.49332231854885,1.0971546055974783,17.3034025688699
136.00778220913665,128.8053675794298,0.9470440991484456,-7.202414629706851,196.466837033865,188.7892306015286,0.9609216163488548,-7.677606432336404,239.48908364046028,213.84722554934228,0.8929309941758616,-25.641858091117996,1.7608483849269916,103.48130143132363,1.660235357951757,85.04185796991248,0.9428610504819777,-18.439443461411145
135.36379847249114,148.70755990657418,1.0985770315598433,13.343761434083035,188.67048126857495,189.32041526686803,1.003444810199895,0.6499339982930792,205.7572055406716,235.6214953692713,1.1451433486867437,29.86428982859968,1.5200312628821946,70.39340706818047,1.5844621182494083,86.91393546269711,1.0423878488163747,16.520528394516646
135.4318714159093,182.7815557732326,1.3496199518052372,47.3496843573233,186.55914709742493,191.68141879965754,1.0274565561749576,5.122271702232609,197.17301573322433,210.73450427423913,1.0687796374700864,13.561488541014796,1.4558834170408002,61.74114431731502,1.152930903683117,27.952948501006517,0.7919115570575984,-33.7881958163085
191.70872749437623,132.60024983496604,0.6916756037559941,-59.1084776594102,188.05326445706214,218.22952445249356,1.1604665576136357,30.176259995431423,170.4197056276761,224.4165075662403,1.316845999350178,53.996801938564204,0.8889512118464996,-21.289021866700125,1.6924289950098026,91.81625773127428,1.9038491341885297,113.1052795979744
159.64982888561244,151.54142842410397,0.9492113426108458,-8.108400461508467,182.55373713752905,214.02329722601075,1.172385186860205,31.4695600884817,199.24311855097645,197.67805047840193,0.9921449328641476,-1.565068072574519,1.2480008274467504,39.59328966536401,1.304448905715604,46.13662205429796,1.0452308019573504,6.543332388933948
128.45614206483518,161.84151565571923,1.259897059449548,33.38537359088406,194.37503186595123,198.0680235478367,1.0189993110042668,3.6929916818854736,218.9065911551088,223.72137146751243,1.0219946794977592,4.814780312403627,1.7041348715316462,90.45044909027362,1.382348469495481,61.87985581179319,0.8111731604042882,-28.57059327848043
117.89670386769126,124.88338909922659,1.0592610734849388,6.986685231535333,155.78570315453817,217.76716825746635,1.397863628355184,61.98146510292818,163.81782013204264,198.64974252387876,1.2126259668439028,34.831922391836116,1.3895029696155545,45.92111626435138,1.5906818669538254,73.76635342465217,1.1447847912077027,27.845237160300783
152.4592849648516,132.53914196646272,0.8693412277056046,-19.920142998388883,153.3329052694932,193.8105202373512,1.2639851824154493,40.47761496785799,202.1952064238313,222.69308535769628,1.1013766809629422,20.497878933864968,1.3262242865066955,49.7359214589797,1.6802061795001346,90.15394339123355,1.2669095239733812,40.41802193225385
163.9512410287783,150.60202473843114,0.9185781320923092,-13.349216290347158,181.22465105246832,188.62150572795954,1.0408159410573217,7.396854675491227,213.93186266169968,244.3266362468922,1.1420768893750866,30.394773585192524,1.3048505233586387,49.980621632921384,1.62233301093557,93.72461150846107,1.24330946870431,43.74398987553968
180.2014926639034,128.5444924316134,0.713337556372875,-51.65700023228999,211.37543799023254,210.62820672788212,0.996464909691234,-0.7472312623504251,180.98767977655783,231.47168878187622,1.2789361633214178,50.4840090053184,1.0043628224219028,0.7861871126544315,1.8007126124444486,102.92719635026282,1.792890549355702,102.14100923760839
173.15759844499553,103.86862914850985,0.5998502524941423,-69.28896929648567,202.38081229645869,196.9313194565891,0.9730730755646595,-5.449492839869578,203.38289675825624,216.50076223508123,1.0644983707377178,13.117865476824988,1.17455369319448,30.22529831326071,2.0843710368559076,112.63213308657137,1.7746068561471733,82.40683477331066
147.40738695314215,217.68761200488066,1.4767754622370397,70.28022505173851,210.9562047683481,202.1887492138811,0.9584394516193796,-8.767455554467006,196.50161739456897,234.05679564650018,1.1911189269069558,37.55517825193121,1.3330513582540668,49.09423044142682,1.0751957517970867,16.369183641619514,0.8065673877751413,-32.7250467998073
152.23625039127168,136.85524663204592,0.8989662204652695,-15.381003759225763,197.6926308752945,218.15978658413235,1.1035301903678374,20.46715570883785,206.82747152661045,243.30928237702452,1.176387646095264,36.481810850414064,1.3585954133462335,54.59122113533877,1.7778586379753116,106.4540357449786,1.3086005005687666,51.86281460963983
118.14098364128081,158.25725069690728,1.3395626633466513,40.116267055626466,194.46894100284774,188.94138420839727,0.9715761459596289,-5.527556794450476,218.52513862207653,222.59341826307013,1.0186169868905994,4.068279640993609,1.8496979785236822,100.38415498079571,1.406529036002141,64.33616756616286,0.760410106045933,-36.04798741463286
160.79221261636147,141.69923519649763,0.8812568276212587,-19.092977419863843,184.2311223039106,185.1859457938315,1.0051827480502769,0.9548234899208978,194.8304795668123,206.93309836465588,1.06211871379033,12.102618797843576,1.2116910166020518,34.03826695045083,1.4603684915991038,65.23386316815825,1.2052317559425494,31.19559621770742
110.32838673733211,124.87488520087514,1.1318472869378131,14.546498463543031,190.7053447600804,192.16374595873626,1.0076474060047484,1.4584011986558494,208.32871638586843,220.06482497979584,1.0563345697008457,11.736108593927412,1.8882603339596888,98.00032964853632,1.7622825008070846,95.1899397789207,0.9332836522131309,-2.8103898696156193
148.1068638787235,145.30878400675053,0.9811076961681928,-2.798079871972959,204.7216543745313,211.04742150060187,1.0308993552508998,6.325767126070559,192.08402444962977,243.70966486073453,1.2687659244907301,51.62564041110477,1.2969285785898266,43.97716057090628,1.6771846693687331,98.400880853984,1.2931974027377557,54.42372028307773
169.99266915136556,124.87444100373834,0.7345872126553125,-45.11822814762722,218.73304021308013,214.90868901660997,0.9825158961227592,-3.824351196470161,169.11727111882735,228.51211301152614,1.3512050632070927,59.39484189269879,0.994850377743297,-0.8753980325382145,1.829935022529432,103.6376720077878,1.8394072751728032,104.51307004032601
157.55995356064054,151.6891738726406,0.9627393918611404,-5.870779687999942,182.2206688618527,190.57729033987798,1.0458598990455945,8.35662147802529,236.33237535154058,208.42448715003445,0.8819125472758711,-27.907888201506125,1.4999520500657084,78.77242179090004,1.3740234838712304,56.73531327739386,0.9160449387772353,-22.037108513506183
143.50625263145938,171.8115393321972,1.1972407904304287,28.305286700737838,190.56512474498035,188.84574399840005,0.990977463746941,-1.719380746580299,189.59577243436433,219.75288721107836,1.1590600591432176,30.157114776714025,1.321167328654788,46.08951980290496,1.2790345052795706,47.941347878881146,0.9681093965454648,1.8518280759761865
171.84534367794905,152.02058071100086,0.8846360189770328,-19.824762966948185,176.8306381012592,185.30709958224475,1.0479354798014788,8.476461480985535,176.28391621193109,230.83576210504907,1.3094544701828326,54.551845893117985,1.0258288786823357,4.43857253398204,1.5184507322984118,78.81518139404821,1.480218352059695,74.37660886006617
159.13659944778215,140.85461451147955,0.8851176599239731,-18.281984936302592,189.00455643921214,214.55790490446148,1.1351996425200883,25.553348465249343,202.97748153845055,218.05893171910952,1.0743011001336227,15.081450180658976,1.2754921384697178,43.8408820906684,1.5481135103411032,77.20431720762997,1.2137381828150389,33.36343511696157
171.12184575149976,163.79078327378662,0.9571588160148811,-7.331062477713147,217.4757364644131,188.17906426462423,0.8652876285139843,-29.296672199788873,209.4151700381025,208.2922543221007,0.994637849226503,-1.1229157160018133,1.2237781162214183,38.29332428660274,1.2716970403269094,44.50147104831407,1.0391565460031655,6.208146761711333
131.79045388012713,161.4656479823595,1.225169526536604,29.675194102232382,215.51744181240903,200.8352371585735,0.9318746337634463,-14.682204653835527,200.20294742936335,230.04004352852635,1.149034249906287,29.837096099163006,1.5191005231036103,68.41249354923622,1.4246995964965796,68.57439554616684,0.937857353630447,0.16190199693062368
167.28554029400252,167.62426059551228,1.002024803225159,0.33872030150976684,196.25838615757016,197.32821796349344,1.0054511393213248,1.069831805923286,210.6891046817333,225.5606451509556,1.0705852373889349,14.871540469222282,1.2594579562073895,43.403564387730796,1.345632454094741,57.93638455544331,1.0684218932935634,14.532820167712515
151.40990671089887,159.21129203473788,1.0515249331652712,7.801385323839014,183.70519547845333,206.37084929997812,1.1233805813847177,22.665653821524785,218.78065212021897,201.53870578374327,0.9211907169606509,-17.241946336475706,1.4449559931237352,67.37074540932011,1.2658568573124203,42.32741374900539,0.8760521865969532,-25.04333166031472
182.41576830495592,176.86191281464053,0.9695538629038326,-5.553855490315385,191.41192024103714,199.29561872432888,1.0411870821491374,7.883698483291738,200.719377109108,231.49731501340057,1.1533381497470578,30.77793790429257,1.100340058177168,18.303608804152077,1.308915590300216,54.63540219876003,1.1895555201985246,36.331793394607956
124.16796938573971,151.481998508903,1.219976450112586,27.31402912316328,191.81901805488238,209.45425099434473,1.0919368325325107,17.635232939462355,223.78539410207395,211.2977690288641,0.9441982122054224,-12.487625073209841,1.8022795670183118,99.61742471633424,1.3948704869803101,59.81577051996112,0.7739479004847075,-39.80165419637312
158.31486754502714,134.50859937583982,0.8496270846929999,-23.80626816918732,185.66488660339223,192.88203205161722,1.0388718921507323,7.217145448224983,202.46932761963197,239.79997196118651,1.1843767882297984,37.330644341554546,1.2789028014822843,44.15446007460483,1.7827854358303499,105.29137258534669,1.3939960361053643,61.136912510741865
143.57494238153967,132.25793214516523,0.9211769822181064,-11.317010236374443,175.59235624722928,186.59911258196874,1.0626835733056754,11.006756334739464,191.12303963326926,224.5137509935693,1.174707933823001,33.39071136030003,1.3311726716586385,47.54809725172959,1.6975446943109984,92.25581884840406,1.2752250181006655,44.707721596674475
155.60886562670544,115.56670632670603,0.7426743062567033,-40.04215929999941,173.26516745107088,194.02941658407312,1.119840874184166,20.764249133002238,187.1205817202639,219.9953842659987,1.1756877957705423,32.87480254573478,1.2025059174273067,31.511716093558476,1.903622516021818,104.42867793929267,1.5830462773060698,72.91696184573419
161.1682779880816,163.54238672724705,1.0147306204968016,2.3741087391654503,195.8528168900879,212.31244139647364,1.0840407851556348,16.45962450638575,177.6593030105969,209.41109204278487,1.1787229179340757,31.751789032187986,1.1023217796230025,16.491025022515288,1.280469829464069,45.868705315537824,1.161611657443613,29.377680293022536
163.6255000600925,235.67890935970334,1.4403556247232172,72.05340929961085,198.7141864207209,196.29151314276234,0.987808252034763,-2.422673277958552,181.81443176936082,223.00653859075132,1.2265612604044789,41.192106821390496,1.1111619625461089,18.18893170926833,0.9462303572119349,-12.672370768952021,0.8515683483654797,-30.861302478220352
145.81019166464176,184.02193487615455,1.262064967992076,38.21174321151278,211.11106224812355,220.57191019855793,1.044814553295719,9.460847950434385,203.43941117970272,229.1007597392646,1.126137548328306,25.661348559561873,1.3952345090362825,57.62921951506095,1.2449644108646492,45.07882486311004,0.8922976050273956,-12.55039465195091
168.18099885039211,171.2753164759719,1.0183987349744092,3.0943176255797766,179.2595275288792,200.522728471654,1.1186168525371643,21.2632009427748,213.60893046873707,214.23695165024853,1.002940051149235,0.6280211815114569,1.2701133417500752,45.42793161834496,1.2508337807117915,42.96163517427664,0.9848205979698484,-2.4662964440683197
121.38779396397229,173.79132939792296,1.431703499360932,52.40353543395068,197.52939999997082,224.99458150028866,1.1390435120054123,27.46518150031784,198.99296624747112,241.54855614280208,1.2138547442044163,42.55558989533097,1.6393161103704705,77.60517228349883,1.3898769114639669,67.75722674487912,0.8478394756639507,-9.847945538619712
168.59669452106002,140.48494008048755,0.833260346411709,-28.11175444057247,198.72127618412273,192.82009788061274,0.970304245137585,-5.901178303509994,218.0349095504449,207.81423744322214,0.9531236895582628,-10.220672107222754,1.2932335961261054,49.43821502938488,1.4792634521832722,67.3292973627346,1.1438486106565906,17.891082333349715
171.15840254722767,155.51964199403648,0.9086298988512936,-15.63876055319119,187.95083426092535,214.67846730827705,1.1422054504437404,26.727633047351702,229.2475014444523,217.0782517341598,0.9469165437633301,-12.16924971029249,1.3393879472624555,58.08909889722463,1.3958253050922265,61.55860974012333,1.0421366773869527,3.4695108428987
135.83843072478257,175.6142811541347,1.2928173582183127,39.77585042935212,208.80525273202207,224.1465347249442,1.0734717244523102,15.34128199292212,232.84494521893444,207.334838916929,0.8904416573096772,-25.510106302005454,1.7141315898347893,97.00651449415187,1.1806262996057453,31.7205577627943,0.6887605984319651,-65.28595673135757
149.44711233195846,173.0557359597044,1.1579731000442848,23.608623627745942,193.28696379510168,203.1000507473377,1.0507695229908967,9.813086952236006,177.59071669379213,232.84020334983984,1.3111057136579427,55.24948665604771,1.1883181543134795,28.143604361833667,1.3454636568882992,59.78446739013543,1.1322419437962776,31.640863028301766
163.62385001609562,133.34217617061918,0.8149311738936736,-30.281673845476433,210.2223784925527,218.34684318961953,1.03864700207145,8.124464697066827,187.7174302799909,218.5370496195063,1.1641809143324955,30.819619339515384,1.1472498065625838,24.09358026389529,1.6389191769292504,85.19487344888711,1.4285634807294652,61.10129318499182
158.18412189280485,132.97462136107413,0.8406319153270376,-25.209500531730725,183.60756869980528,204.6432462493964,1.1145686841700084,21.035677549591128,213.03594703870877,219.09503801730958,1.0284416365539468,6.059090978600807,1.3467593617460218,54.851825145903916,1.647645511412192,86.12041665623545,1.2234149308426434,31.268591510331532
137.26100283480608,140.7895943586586,1.0257071670101316,3.5285915238525263,170.8757681969346,200.88281435314252,1.175607381156729,30.007046156207934,210.9933380710263,215.35757442346383,1.020684237674691,4.36423635243753,1.5371688514104567,73.73233523622022,1.5296412735933085,74.56798006480523,0.9951029596974716,0.8356448285850036
147.3708913994141,132.85829542793468,0.9015233209647457,-14.512595971479413,188.20751286575822,187.09409276145357,0.9940840825780488,-1.1134201043046517,156.37394800575282,230.24808086738744,1.4724196952481936,73.87413286163462,1.06109114575373,9.003056606338731,1.7330350365083464,97.38978543945277,1.633257466565053,88.38672883311403
120.17964710249937,124.47364891190931,1.0357298586985169,4.294001809409934,189.08543448120906,230.45463573272045,1.2187857640384383,41.369201251511384,189.74934740531816,208.92730309655914,1.101069942813956,19.17795569124098,1.578880883578264,69.56970030281879,1.678486209112566,84.45365418464984,1.0630860292060562,14.883953881831047
135.77469337418628,153.23395170983255,1.1285899301391142,17.45925833564627,182.25370456760734,184.5241073366906,1.0124573751434558,2.2704027690832618,220.64713392455596,222.91362306106262,1.010272008052829,2.2664891365066637,1.6250976411080282,84.87244055036967,1.4547273667077198,69.67967135123007,0.8951630535355733,-15.192769199139605
131.91085305869453,152.1260139155897,1.153248655346807,20.21516085689518,212.64602262741164,175.20565349608992,0.8239310161144044,-37.44036913132172,182.04504409025932,228.88511663190593,1.2572993556387229,46.840072541646606,1.380061153946577,50.1341910315648,1.5045757838557947,76.75910271631622,1.090223994460783,26.624911684751424
165.3919956382435,156.78057555159427,0.9479332717800643,-8.611420086649218,201.98415533938217,209.19933174848515,1.0357214970500024,7.21517640910298,186.54842650623797,205.7740547619153,1.103059718142594,19.22562825567732,1.1279168969837527,21.156430867994487,1.3124971256034073,48.99347921032103,1.1636470107977408,27.83704834232654
155.69725570052992,156.38630529053816,1.0044255731220695,0.6890495900082385,161.11533013477012,193.51704680831656,1.201108837045134,32.401716673546446,189.15483829219647,222.07876459331888,1.1740580711462598,32.92392630112241,1.214888711051011,33.45758259166655,1.4200652939573943,65.69245930278072,1.16888508473248,32.23487671111417
115.58203055342216,126.20352753190203,1.091895746489508,10.621496978479868,212.91774983811013,184.7346583776954,0.8676339033178613,-28.183091460414715,194.13062544656478,213.5907082048706,1.1002422091493353,19.460082758305816,1.679591754159721,78.54859489314262,1.6924305713315235,87.38718067296857,1.007644010599603,8.838585779825948
145.47584515490837,137.10375905657995,0.9424503353844517,-8.372086098328424,203.13968936830483,194.31166441032732,0.9565420967934447,-8.828024957977505,196.61058760850565,218.55749708847642,1.1116262849672767,21.94690947997077,1.3514998823285542,51.13474245359728,1.5941028793986762,81.45373803189648,1.179506487749101,30.318995578299194
140.26972990018828,128.10584320032532,0.9132821692283972,-12.163886699862957,191.26886050724093,200.95543344729796,1.0506437530624089,9.686572940057033,160.10022058893253,227.85382304728918,1.4231949350795607,67.75360245835665,1.1413739849848932,19.83049068874425,1.7786372374208028,99.74797984696386,1.55832992587819,79.91748915821961
151.79405526701882,169.5342893938936,1.1168704142969774,17.740234126874782,177.33595268367878,194.18901471826507,1.09503466036945,16.853062034586287,209.13666603639487,214.08865709128807,1.0236782537885127,4.951991054893199,1.3777658530072567,57.34261076937605,1.2628044618978376,44.55436769739447,0.9165595584630782,-12.788243071981583
179.48171935666414,177.61349641841468,0.989591012695076,-1.8682229382494597,177.6222273082636,197.53121959893406,1.1120861538129367,19.908992290670454,168.6107874662472,211.35509604477662,1.2535087417647348,42.74430857852943,0.9394315369309876,-10.870931890416955,1.1899720477709355,33.74159962636193,1.266693740832285,44.61253151677889
186.6626590607501,129.8951704445144,0.6958819246341044,-56.76748861623568,204.44341441830252,197.24635360873012,0.9647968078108555,-7.197060809572406,154.74561587640213,204.63184111462405,1.3223756935257338,49.886225238221925,0.8290121690918352,-31.91704318434796,1.5753614273290777,74.73667067010965,1.9002874578486006,106.6537138544576
147.19744934949924,131.43097360023918,0.8928889337489482,-15.766475749260053,204.63011371359383,202.0442455210277,0.987363207957821,-2.5858681925661244,181.08211061770615,217.41206723298615,1.2006269779568588,36.32995661528,1.2301986985369062,33.88466126820691,1.654192016367978,85.98109363274696,1.3446543378198443,52.09643236454005
169.343314845151,157.20142578551886,0.928300157164546,-12.141889059632149,208.25206353131952,211.04286218401876,1.0134010612205988,2.7907986526992374,192.65648871642725,211.86310044979317,1.0996935626789934,19.206611733365918,1.1376681086737555,23.313173871276234,1.3477174229886002,54.6616746642743,1.1846314515748457,31.348500792998067
157.1379538343178,173.81578708991228,1.10613497788815,16.677833255594464,190.63671345039464,205.34884698176054,1.0771736632733868,14.712133531365907,211.01778714844053,232.52700211340525,1.1019308147224294,21.509214964964713,1.342882365459157,53.87983331412272,1.3377783802407002,58.71121502349297,0.9961992313327372,4.831381709370248
180.4213695665402,154.0875755750277,0.8540428217855841,-26.333793991512493,213.7358662870612,211.30029747537625,0.9886047725447547,-2.435568811684959,208.54799627900888,209.74596543939728,1.0057443331116243,1.1979691603883964,1.1558940982436976,28.126626712468692,1.3612127042473234,55.65838986436958,1.1776275234172346,27.53176315190089
134.57684638458042,134.82758676427636,1.0018631762181394,0.2507403796959409,198.68036220268843,210.44743240028296,1.0592261362277469,11.767070197594535,200.69519520993177,226.12852587815905,1.1267261562571214,25.433330668227285,1.491305529900774,66.11834882535135,1.6771680878150494,91.30093911388269,1.1246307709504986,25.182590288531344
131.51735756137316,122.8807794129181,0.9343312676851437,-8.636578148455058,195.60812500788154,196.62702777301857,1.005208897969325,1.0189027651370282,194.7849555670134,203.94238762392328,1.0470130356333365,9.157432056909869,1.4810589201209896,63.26759800564025,1.6596768721543722,81.06160821100518,1.1206015166626802,17.794010205364927
122.09010620454649,196.4012501894223,1.6086581975805387,74.31114398487583,202.89155873045618,219.43407939941872,1.0815338044247542,16.54252066896254,189.06932342647397,209.15954778241996,1.1062585087408892,20.090224355945992,1.5486047911999707,66.97921722192748,1.0649603685347864,12.75829759299765,0.6876902193422624,-54.220919628929835
134.56408408964808,166.98328083899676,1.2409201308705127,32.419196749348686,194.16991143462292,190.12720519257255,0.9791795432557966,-4.042706242050372,210.5585056579354,227.08941582837565,1.0785098190110434,16.53091017044025,1.5647452073293124,75.99442156828732,1.3599530125853287,60.10613498937889,0.8691210595918549,-15.888286578908435
119.92684154185234,144.07734618996423,1.2013769756429697,24.15050464811189,199.9270308656462,202.35227694587675,1.01213065621857,2.4252460802305507,197.0995233687698,207.31433649332155,1.0518256612190786,10.214813124551739,1.643497992899159,77.17268182691747,1.438910015874252,63.23699030335732,0.8755167466532707,-13.935691523560152
128.7433073073442,161.71336280163334,1.2560914130905534,32.97005549428914,169.69675753422004,205.37208504622495,1.2102298713916844,35.67532751200491,188.02572978844015,251.08452125581974,1.335373204179721,63.05879146737959,1.4604699360377094,59.28242248109595,1.5526516603566896,89.3711584541864,1.063117851346582,30.08873597309045
136.75274180042757,140.30015838644553,1.0259403690142823,3.5474165860179596,201.4744545428748,180.86572992664915,0.8977104831330366,-20.608724616225658,236.26664146737372,195.97630652037034,0.8294709117767389,-40.29033494700337,1.7276921717019278,99.51389966694614,1.3968359606592127,55.67614813392481,0.8084981708768219,-43.83775153302133
144.37874775588764,163.89565073552478,1.1351785029513892,19.516902979637138,195.5084792394639,206.53744618152265,1.056411706463893,11.028966942058759,202.61262315331723,252.94263361815297,1.2484051076459879,50.33001046483574,1.4033410477828088,58.233875397429586,1.5433151061849808,89.04698288262819,1.0997434362967735,30.8131074851986
154.85594564207028,135.3011536782093,0.8737226918683549,-19.554791963860993,168.53595794491284,198.43674938180615,1.1774149077828637,29.900791436893314,184.32573283714194,229.73016694004494,1.2463271590137626,45.404434102903,1.1903045251048179,29.46978719507166,1.6979172807825345,94.42901326183565,1.4264562092906572,64.95922606676399
152.89056961770166,178.261304233744,1.1659404806946636,25.37073461604234,186.7525734140689,201.8815784521403,1.0810109588397867,15.129005038071398,207.21303986863327,206.94413304204173,0.9987022688014131,-0.26890682659154663,1.3553029489442243,54.322470250931616,1.1609032814585916,28.682828808297728,0.8565636799971037,-25.639641442633888
131.099774329955,142.6932646347897,1.0884325725508568,11.593490304834688,216.37729071658188,218.17888900136896,1.008326189309519,1.801598284787076,189.18108391997293,218.64681668036664,1.1557541174299342,29.465732760393706,1.443031346826254,58.08130959001792,1.5322854743002277,75.95355204557694,1.0618518285623357,17.872242455559018
128.72237421711586,154.77195017533776,1.2023702259739564,26.049575958221908,200.60597034392845,179.423772746452,0.8944089372755921,-21.18219759747646,221.89183993083347,204.62628003775112,0.9221892977296314,-17.265559893082354,1.723801641170546,93.16946571371761,1.3221147617894229,49.85432986241335,0.7669761590966128,-43.31513585130426
159.9270482887092,134.53101820063537,0.841202408474222,-25.396030088073815,188.99202797636804,189.20237823288156,1.001113011267014,0.21035025651352157,225.67969199286412,207.71178763525108,0.920383158099218,-17.967904357613037,1.411141482367977,65.75264370415493,1.5439694905562684,73.18076943461571,1.0941280586305195,7.428125730460778
140.62693550792122,164.3341911352907,1.1685826086001434,23.707255627369477,212.08035210474534,192.90067699891037,0.9095641113592539,-19.179675105834974,191.27509815550175,213.88964906137633,1.1182305021612877,22.61455090587458,1.3601597550614877,50.648162647580534,1.3015529366331826,49.55545792608564,0.9569118125939142,-1.092704721494897
173.9810977127767,178.26106966177838,1.0246002123521916,4.279971949001691,229.1943964374168,206.20003737012883,0.899673118432602,-22.994359067287974,183.39520802166635,210.02172345574596,1.1451865385214097,26.626515434079607,1.0541099604074882,9.414110308889661,1.178169321289434,31.760653793967577,1.1176911001144398,22.346543485077916
141.55308392356608,159.8271993940546,1.129097261352186,18.27411547048851,202.1156101675791,192.8582511546243,0.9541977039513213,-9.257359012954794,204.63581183711517,198.39149891295835,0.9694857275073283,-6.244312924156816,1.4456471463921736,63.08272791354909,1.2412874633673792,38.564299518903766,0.8586379231371886,-24.518428394645326
156.98984194715695,165.08285737776419,1.0515512043978703,8.093015430607238,198.6958727892335,203.78934641441882,1.0256345215111147,5.093473625185311,171.66281387975286,214.504194181408,1.2495670397880396,42.841380301655136,1.0934644671948575,14.672971932595914,1.2993729184766378,49.42133680364381,1.1883083149560516,34.7483648710479
159.29204561292548,160.99895107674664,1.0107155725024015,1.7069054638211583,157.719583712057,208.9751793894935,1.3249792731574286,51.2555956774365,187.7118345499172,209.1420296605279,1.114165391660012,21.430195110610697,1.178413107996936,28.419788936991722,1.299027280996582,48.14307858378126,1.1023530476546257,19.72328964678954
147.48734547850063,146.23521266285377,0.9915102355962506,-1.2521328156468599,170.7116398535752,219.3505471805635,1.284918517382338,48.63890732698829,207.0738379471402,218.52547759288893,1.0553022040798414,11.451639645748742,1.4040108815798407,59.58649246863956,1.4943423927361519,72.29026493003516,1.0643381845122648,12.703772461395602
152.20050448415012,140.13149299356778,0.9207032096806277,-12.06901149058234,189.44073762692747,205.56598424398854,1.0851202693731963,16.125246617061066,244.8073768892025,231.05688889858754,0.9438313985250605,-13.750487990614943,1.6084531238508233,92.60687240505237,1.6488576833274258,90.92539590501977,1.025120134915632,-1.681476500032602
144.13252149100768,153.07785484646237,1.0620632544474897,8.945333355454693,210.40260125176053,196.03495890277432,0.9317135707281756,-14.367642348986209,204.74163468841485,236.21603896014292,1.1537274249061618,31.474404271728076,1.4205096294051063,60.60911319740717,1.5431104596877743,83.13818411368055,1.0863076375863865,22.529070916273383
155.10419411339942,163.28120625495552,1.0527194779502722,8.177012141556105,181.7021943577121,203.48914951812762,1.1199047443396535,21.786955160415516,164.6916335956699,213.09859679309093,1.2939248469431281,48.40696319742102,1.0618128964021498,9.587439482270497,1.3051018036965505,49.81739053813541,1.2291259675963266,40.229951055864916
160.90373341443862,140.12349841031633,0.8708529966138275,-20.78023500412229,177.75366851838945,196.44108451986241,1.1051309723013658,18.687416001472968,201.51918782972828,229.6939244073154,1.139811681860256,28.17473657758711,1.2524208329627549,40.61545441528966,1.6392248767206388,89.57042599699906,1.308845105077701,48.9549715817094
156.79418361057787,183.9593439707278,1.1732536228998054,27.165160360149912,180.50698126113403,206.76841996422684,1.145487108141824,26.261438703092807,216.9921861531483,214.140180392194,0.9868566430362546,-2.852005760954313,1.383930074167045,60.198002542570435,1.16406253561259,30.18083642146621,0.8411281446522592,-30.017166121104225
176.19667268207346,159.72006689596068,0.9064874180919245,-16.47660578611277,188.1374352523504,197.88768784559718,1.0518251595179273,9.750252593246785,216.3977338983368,242.55087811567498,1.1208568303660003,26.153144217338166,1.2281601610536739,40.201061216263355,1.5185999031271948,82.83081121971429,1.2364836047314418,42.62975000345094
137.67035621300954,151.58679876873356,1.1010852513099616,13.916442555724018,187.96241826747897,203.23649169860792,1.0812613158093831,15.274073431128954,213.40660782548082,217.83135936600524,1.0207339012864254,4.424751540524426,1.5501275197929238,75.73625161247128,1.4370074514096498,66.24456059727169,0.9270253144087234,-9.491691015199592
130.8966553035307,115.2622420080125,0.8805591077994757,-15.6344132955182,200.53958480700376,221.53698003720126,1.1047044913870998,20.997395230197498,211.51560129603362,215.75662921781304,1.0200506624371588,4.24102792177942,1.6158976774888485,80.61894599250292,1.8718760407490131,100.49438720980054,1.1584124829351585,19.87544121729762
109.98418464311344,190.92608802349483,1.7359412959511311,80.94190338038139,194.34697098885852,195.6966454294827,1.0069446641424709,1.3496744406241703,191.46864139645518,213.3767919754932,1.1144216119112422,21.908150579038022,1.7408743085903653,81.48445675334175,1.1175884562681433,22.450703951998378,0.6419696417790702,-59.03375280134337
146.4678308531259,145.20436652845538,0.9913737759526358,-1.2634643246705082,182.8396264256588,197.52909558983086,1.0803407305699386,14.689469164172067,204.10653557230185,203.96126932107939,0.9992882822158774,-0.14526625122246628,1.3935246694338947,57.63870471917596,1.4046496961309325,58.756902792624004,1.0079833726241512,1.118198073448042
143.70152140170353,148.8841421946925,1.0360651769197449,5.182620792988956,208.77897274294173,201.46757393022412,0.9649801954830013,-7.311398812717613,218.83797301718607,219.00552972452087,1.0007656655973578,0.16755670733479633,1.522864691219559,75.13645161548254,1.470979558307373,70.12138752982838,0.9659292560847054,-5.01506408565416
141.26296899027537,138.58750437200544,0.9810603965257583,-2.6754646182699275,165.7334546214603,201.27175372264696,1.2144304490747333,35.53829910118665,205.10925657818362,227.78786967068368,1.1105684524962207,22.678613092500058,1.4519676178709189,63.84628758790825,1.643639307186317,89.20036529867824,1.1320082396854376,25.354077710769985
161.90732036057844,210.64527221570611,1.301023769318058,48.737951855127676,192.4865581576477,207.82262230842926,1.0796734291348347,15.336064150781567,192.311700938664,251.93545290812992,1.3100370475558445,59.62375196946593,1.1877887949128734,30.40438057808555,1.1960175999114835,41.2901806924238,1.006927835178992,10.885800114338252
132.42500069973642,132.34253382100206,0.9993772559690497,-0.08246687873435121,171.0989902284983,209.20825606245012,1.222732266175609,38.10926583395181,172.2445904726089,196.43786728941305,1.1404588483761495,24.193276816804143,1.3006954091936187,39.81958977287249,1.4843139361008622,64.09533346841098,1.1411695048736121,24.275743695538495
152.99619266553702,168.56903420158037,1.1017858109063337,15.572841536043342,215.26428537795823,201.54703472782782,0.9362771644815774,-13.71725065013041,205.7615502080811,212.42095962632894,1.0323646930707577,6.659409418247833,1.3448802001099056,52.76535754254408,1.2601422356867098,43.85192542474857,0.9369921838270272,-8.913432117795509
162.51069592243257,131.03208133920543,0.8062981983767266,-31.47861458322714,200.3893208073441,193.7815844160332,0.9670255063259403,-6.60773639131088,219.4789416547261,209.39894160117058,0.9540730423722705,-10.080000053555523,1.3505507462689401,56.968245732293525,1.5980738416197118,78.36686026196514,1.1832756718209843,21.39861452967162
188.11041475307957,143.0147534852412,0.7602702576195339,-45.09566126783838,146.7299119571181,193.68939728634007,1.3200403019593299,46.95948532922196,203.01421424783348,197.79064176340535,0.974269917484441,-5.223572484428132,1.0792289970457891,14.903799494753912,1.3830086543051443,54.77588827816416,1.281478405501429,39.87208878341025
168.81104423525048,169.81637586901024,1.0059553664768448,1.0053316337597664,175.08553764712633,200.45015191065514,1.1448698425032087,25.364614263528807,188.4981398612516,212.79558119272465,1.1289001650061787,24.297441331473067,1.1166220830822284,19.68709562600111,1.2530922303798715,42.97920532371441,1.122216951791731,23.2921096977133
130.7890401343708,137.26496443914908,1.0495142735058305,6.475924304778289,193.58400723329063,184.12930807428927,0.9511597094505468,-9.454699159001365,190.6904707800062,250.43088664925938,1.313284746872191,59.740415869253184,1.458000384314263,59.9014306456354,1.8244341349046709,113.1659222101103,1.2513262373128602,53.264491564474895
147.74347476333494,183.33714646583357,1.240915355209527,35.593671702498625,214.55014007408855,189.60604169668161,0.8837376737726984,-24.94409837740693,233.1154064128007,218.1623154716098,0.935855415258518,-14.953090941190908,1.5778389318798685,85.37193164946575,1.1899515165207732,34.82516900577622,0.7541653919662392,-50.54676264368953
142.76599963519274,177.03984171998331,1.2400700599048085,34.27384208479057,208.36007466937926,200.72161840422245,0.9633401155318392,-7.638456265156805,184.11947267862493,212.60295056815949,1.1547010616267168,28.483477889534555,1.289659114558802,41.35347304343219,1.2008763027727107,35.56310884817617,0.9311579232187536,-5.790364195256018
152.6837758356125,155.17033613790753,1.016285687779769,2.4865603022950324,182.2946012285985,190.30680164543264,1.0439519347409898,8.012200416834133,199.57945448412008,210.3499833342639,1.0539661203002275,10.770528850143819,1.3071425132883665,46.895678648507584,1.3556069321607676,55.17964719635637,1.0370766143551398,8.283968547848787
122.02034358138299,140.97680959258395,1.1553549634004898,18.95646601120096,157.49611621202274,185.45826921855132,1.1775418574060943,27.96215300652858,213.69061364961544,226.8345460944441,1.061509170760212,13.143932444828664,1.7512703814597261,91.67027006823245,1.6090202831939864,85.85773650186016,0.9187731947209826,-5.812533566372295
148.8259441046791,149.53957477135086,1.004795068971105,0.7136306666717473,196.3637316700779,209.8544044531951,1.0687024669391783,13.49067278311719,227.16733457138412,213.15699268163715,0.9383258956831031,-14.010341889746968,1.5263960590876704,78.34139046670501,1.425421952734309,63.61741791028629,0.9338480299708624,-14.723972556418715
162.28929386158282,156.76967249482774,0.965988998809356,-5.519621366755075,192.82542694070955,207.90104516217676,1.0781827296360802,15.07561822146721,214.83365056244293,234.11990482501187,1.0897729671868293,19.286254262568946,1.323769704400066,52.54435670086011,1.493400484285225,77.35023233018413,1.128142213348232,24.80587562932402
165.66294871048163,138.40005820329827,0.8354315752592999,-27.262890507183357,184.84997577834466,204.55683859134453,1.1066100373019825,19.706862812999873,163.62358194472912,220.32638849825761,1.3465442198465152,56.70280655352849,0.9876896627663161,-2.0393667657525043,1.5919530046339743,81.92633029495934,1.6117947414527358,83.96569706071185
149.1719738668545,163.97475188227423,1.0992329700526196,14.802778015419733,201.88034916342644,194.70181114222746,0.9644416207375003,-7.178538021198989,224.50504230679314,201.11984480247497,0.8958366490835357,-23.38519750431817,1.5050081894550662,75.33306843993864,1.2265293436569373,37.14509292020074,0.8149652289274515,-38.187975519737904
167.19345683756322,131.26196790749918,0.785090340198102,-35.931488930064035,171.30992368481301,192.0022355551988,1.1207887519024107,20.692311870385794,195.06832737562203,196.15695773360503,1.0055807643025858,1.0886303579829928,1.1667222573497038,27.874870538058815,1.4943929369688986,64.89498982610584,1.2808472003984248,37.02011928804703
151.20295494774487,150.33344374535318,0.9942493769206283,-0.869511202391692,210.8001582922909,208.63063043352267,0.989708129840396,-2.1695278587682196,219.87523409888556,204.74370963912006,0.9311813150681613,-15.131524459765501,1.454172864378699,68.67227915114069,1.3619305494386953,54.410265893766876,0.9365671597926464,-14.262013257373809
130.51801081839722,136.55309866803174,1.0462395022096356,6.035087849634522,173.14463177192292,198.31970408532524,1.1453990923990327,25.175072313402325,207.39832365401261,210.40325693486724,1.014488705732586,3.0049332808546296,1.5890398754436021,76.8803128356154,1.5408164222356417,73.8501582668355,0.9696524587248019,-3.030154568779892
126.84053491247782,185.149504139774,1.459702959054299,58.308969227296174,183.71048644988377,206.094533519919,1.1218441445700575,22.384047070035223,211.1378751444229,229.24367016924006,1.0857534206614157,18.105795024817155,1.6645930679030305,84.29734023194509,1.238154383584945,44.09416602946607,0.7438180582745719,-40.20317420247902
126.27524350391404,121.814833065488,0.9646770790959688,-4.460410438426038,224.56955453030676,197.04327453586492,0.8774264835141442,-27.526279994441836,199.68857983619998,230.2651015372036,1.1531210333915183,30.576521701003628,1.5813755277376313,73.41333633228594,1.8902878717028855,108.4502684717156,1.195344077701262,35.036932139429666
152.56029008049498,133.097608986607,0.872426297278152,-19.462681093887966,181.43658941048488,204.2592680123979,1.1257887324495428,22.822678601913026,225.5491901431575,198.59687404406282,0.8805036006469903,-26.952316099094674,1.478426594654163,72.98890006266251,1.492114513221997,65.4992650574558,1.00925843637914,-7.489635005206708
131.55786547918623,155.98611226471982,1.1856844263667259,24.428246785533588,167.9361295491183,213.4198571368879,1.270839441815684,45.48372758776961,192.63282435433197,218.5235976643074,1.1344047848374559,25.89077330997543,1.464244069730733,61.07495887514574,1.4009170078773225,62.53748539958758,0.9567510204326414,1.4625265244418415
140.40791091839182,131.85557751995395,0.9390893764995287,-8.552333398437867,179.59570926624224,177.35624358864052,0.9875305168105001,-2.2394656776017143,167.61234422648675,228.19404831680131,1.361439393798188,60.58170409031456,1.1937528528852392,27.204433308094934,1.7306362962330377,96.33847079684736,1.4497442180348963,69.13403748875243
169.38740919249116,148.8234683644739,0.8785981737010424,-20.56394082801725,186.63816808249626,198.8754293130968,1.0655667667354702,12.237261230600524,197.51966952222708,214.11474159336674,1.0840173138770477,16.59507207113967,1.1660823579736468,28.132260329735914,1.4387162451354258,65.29127322889283,1.233803286103691,37.15901289915692
120.68009454469193,143.79349017476878,1.1915261644207378,23.11339563007685,190.873843655389,206.32883957802179,1.0809696898572223,15.454995922632776,221.0874581754562,230.81199197307424,1.0439850088190015,9.72453379761805,1.8320126364632572,100.40736363076427,1.6051630132389294,87.01850179830546,0.8761746405514613,-13.388861832458801
150.01676810547318,151.72710303415042,1.0114009583746981,1.7103349286772414,191.27825265771398,211.50921089983663,1.105767163600795,20.230958242122654,202.93108471376308,221.58806737173504,1.0919375298480658,18.65698265797195,1.3527226807811719,52.91431660828991,1.460438266733798,69.86096433758462,1.079628727663842,16.94664772929471
151.51886166585174,146.96684037728645,0.9699573951485725,-4.5520212885652995,174.62400970100603,192.38114591795465,1.1016878277354452,17.757136216948624,183.93382134137508,209.0872945496341,1.1367528441741825,25.153473208259015,1.213933495270106,32.414959675523335,1.422683470726287,62.12045417234765,1.1719616241495447,29.705494496824315
160.85649889464077,168.94852801936716,1.0503058886668084,8.092029124726395,198.30467625107508,211.67085603852138,1.0674022420455849,13.366179787446299,206.63572999728885,190.92495018957325,0.9239687163109607,-15.710779807715596,1.284596714570003,45.77923110264808,1.1300776184784922,21.976422170206092,0.8797139255153448,-23.80280893244199
143.11669973347867,128.53944546462552,0.8981442815827931,-14.577254268853153,188.79630929250948,206.02776058737456,1.0912700643324955,17.23145129486508,202.54556442817025,217.579638761174,1.0742256409092354,15.034074333003758,1.4152475902907482,59.42886469469158,1.6927071528486768,89.0401932965485,1.1960501925326912,29.61132860185691
144.3133221698292,116.4660658942546,0.8070361359791599,-27.84725627557461,190.8745280279148,202.1193363673032,1.058912042667861,11.244808339388385,193.43107031886746,219.42003460589967,1.13435775464712,25.988964287032218,1.3403549125647323,49.11774814903825,1.883982539644828,102.95396871164508,1.4055848357655356,53.836220562606826
134.01731805462276,147.42309850727653,1.10003020988071,13.405780452653772,232.29085966255343,210.49045149858406,0.906150383206474,-21.800408163969365,199.30389552285772,211.29712474805447,1.0601755886092115,11.993229225196757,1.487150305765897,65.28657746823495,1.4332701380416668,63.87402624077794,0.9637695211335875,-1.4125512274570156
142.2535104708936,139.61390284727398,0.981444341057863,-2.639607623619611,201.66968960350766,206.7299717625498,1.0250919321043777,5.060282159042146,242.02070211355988,236.73619483779416,0.9781650609653791,-5.284507275765719,1.70133377596386,99.76719164266629,1.6956491438876535,97.12229199052018,0.9966587202602346,-2.6448996521461083
160.01249917082188,160.10154247619826,1.000556477186706,0.08904330537637861,164.40102956813618,214.87080281744093,1.3069918319969371,50.46977324930475,181.02940954178084,222.18526406019564,1.2273434721053775,41.1558545184148,1.1313454291375218,21.016910370958954,1.3877771608179674,62.083721583997374,1.2266608633191152,41.06681121303842
142.38028041319032,161.26486995212028,1.1326348668799255,18.88458953892996,164.93686089489557,189.29462274862794,1.1476793102619682,24.35776185373237,228.8918297220783,225.00125010458567,0.9830025404479635,-3.890579617492648,1.6076090667740632,86.511549308888,1.395227926400764,63.73638015246539,0.8678900581224779,-22.775169156422606
146.1360183957637,136.48803190856515,0.9339794077250004,-9.647986487198551,181.59502728616067,217.12675641038808,1.195664659188249,35.53172912422741,181.35889528991274,232.4981946772691,1.281978445587724,51.139299387356374,1.241028031835101,35.22287689414904,1.703432831627481,96.01016276870396,1.3725981911211342,60.787285874554925
156.0217226350229,141.64734557865995,0.9078693863034154,-14.37437705636296,176.15556243091171,204.28141190485692,1.1596648387698583,28.12584947394521,196.4901700513407,192.5228935624424,0.9798092877223237,-3.9672764888983068,1.2593770068222132,40.46844741631779,1.3591705003432635,50.87554798378244,1.079240364863306,10.407100567464653
136.0065546854946,152.831976726236,1.1237103761627445,16.825422040741415,165.63684293827154,204.29119211136472,1.2333680628499943,38.65434917309318,223.17075628050688,210.6936626805001,0.9440917178937005,-12.477093600006782,1.6408823589169894,87.16420159501229,1.3785967255917277,57.86168595426409,0.8401557357845113,-29.302515640748197
139.18184116171508,149.5160737699098,1.074249862783374,10.334232608194725,189.18526082277162,182.9538800224697,0.9670620175525223,-6.231380800301935,184.27494162236724,209.81880179007717,1.1386181970419869,25.543860167709937,1.3239869517766947,45.09310046065215,1.4033193656019032,60.302728020167365,1.0599193320740437,15.209627559515212
144.94107894638057,151.89156151591354,1.0479538486953324,6.950482569532966,199.03930590896448,189.63443573455302,0.9527486788026029,-9.404870174411457,220.14960558259978,218.30240993300166,0.9916093619849569,-1.8471956495981203,1.5188903462215968,75.2085266362192,1.4372253978712985,66.41084841708812,0.9462338090742043,-8.797678219131086
157.18018386444004,157.17081143338672,0.9999403714207294,-0.009372431053321861,162.88687657710133,179.38884891156476,1.101309403686996,16.50197233446343,185.42085940881012,242.1257648834014,1.305817293994793,56.70490547459127,1.1796707119819012,28.240675544370077,1.540526276318303,84.95495345001467,1.3058951626680193,56.71427790564459
133.17900649540374,168.95852081559087,1.2686573151559135,35.77951432018713,188.25958440755304,204.64846894886742,1.0870547153967736,16.388884541314383,217.92705133523967,224.9314146509931,1.0321408621501447,7.004363315753437,1.6363468768087015,84.74804483983593,1.3312818647157407,55.97289383540223,0.8135694720865565,-28.775151004433695
183.19056907625318,145.5253446004236,0.7943932121300884,-37.665224475829575,192.25173184247288,189.6192525064554,0.9863071229018916,-2.632479336017468,197.77002864302008,216.43211642136438,1.0943625680108984,18.6620877783443,1.0795862998858756,14.5794595667669,1.4872468917055865,70.90677182094078,1.377608155886014,56.327312254173876
115.39937418566872,145.36429025412613,1.2596627259021886,29.964916068457413,205.04322054921104,191.80769698339418,0.9354500795960708,-13.235523565816862,225.24298202848317,227.53282986728706,1.0101661229050605,2.289847838803894,1.9518561830853998,109.84360784281445,1.565259455878151,82.16853961316093,0.8019338050838687,-27.67506822965352
130.97650584973093,163.84422503470591,1.2509436251313961,32.86771918497499,184.38832836001203,203.89868748128825,1.1058112478962492,19.510359121276224,185.08017706581632,205.7470739921558,1.1116645621048338,20.66689692633949,1.413079207336302,54.10367121608539,1.2557480982230158,41.90284895744989,0.8886607995528713,-12.200822258635498
189.77166610936138,161.4614745973839,0.8508197135410989,-28.31019151197748,179.79403317792526,184.81606290871048,1.0279321267898551,5.022029730785221,210.55267202045331,216.5086472623036,1.0282873410472404,5.955975241850297,1.1095053141342832,20.78100591109194,1.340930694471755,55.047172664919714,1.208584291926575,34.266166753827775
143.4289440585641,137.82922821545003,0.9609582579034562,-5.599715843114069,174.12789842825404,197.73485309809698,1.1355725009198898,23.606954669842935,192.0149272124288,211.6270659396051,1.1021386150123584,19.6121387271763,1.3387460144308554,48.5859831538647,1.5354295215873717,73.79783772415507,1.1469162223725706,25.21185457029037
143.98010296335713,144.3892724717958,1.0028418475887797,0.40916950843867994,188.82694044304742,189.36061379181436,1.0028262563991917,0.5336733487669392,191.38049317042518,208.7111724767498,1.090556142996724,17.330679306324612,1.32921486532852,47.40039020706806,1.445475615354446,64.32190000495399,1.0874657311308293,16.921509797885932
132.0454858170859,182.28525713992494,1.3804732211174031,50.23977132283903,192.56152394268938,205.32844748048365,1.06630049075429,12.76692353779427,191.34888693669097,219.97758122756963,1.1496151597701776,28.628694290878656,1.4491134305170739,59.30340111960507,1.2067765911464332,37.69232408764469,0.8327688956107667,-21.611077031960377
142.27093550363506,129.55283212159847,0.9106064542486147,-12.718103382036588,205.55315597038683,174.38960139308324,0.8483917484497626,-31.163554577303586,208.18763260935773,209.81164760820025,1.0078007275383634,1.6240149988425117,1.463318083010978,65.91669710572268,1.6195064528675895,80.25881548660178,1.1067357614656361,14.3421183808791
155.52870939201742,165.28332004953032,1.0627190355764218,9.754610657512899,170.3047813622397,208.82315810466275,1.2261731962797575,38.518376742423044,195.32993090496362,215.7297719695963,1.104437865564792,20.39984106463268,1.2559091608779789,39.8012215129462,1.305211995408543,50.44645192006598,1.039256688354831,10.645230407119783
146.2726183932574,145.53627271687438,0.9949659363148655,-0.7363456763830243,178.28455824855678,206.5154778933943,1.1583475311724931,28.230919644837513,236.49205590569224,222.44769955255666,0.940613834577445,-14.044356353135584,1.616789652796655,90.21943751243484,1.528469125942956,76.91142683568228,0.9453729019721732,-13.30801067675256
153.19803557061428,156.2584187518245,1.0199766476757437,3.060383181210227,194.5053073771638,212.42098476499996,1.092108938462517,17.915677387836155,217.7525193997279,256.2946589225672,1.176999740940253,38.54213952283928,1.421379318531524,64.55448382911362,1.6401974432470354,100.03624017074267,1.1539477336293171,35.48175634162905
155.7976011161902,168.07600719860753,1.078809981632903,12.27840608241732,218.08927854421253,194.39096225652665,0.89133662853178,-23.698316287685884,206.43004190391707,208.2868641347558,1.0089949225108572,1.8568222308387305,1.324988577648037,50.632440787726864,1.2392421000853084,40.210856936148275,0.9352851194272667,-10.421583851578589
130.6407986713079,146.65831820778084,1.1226073301708221,16.017519536472946,222.71670766139187,207.1530514105133,0.9301190448875492,-15.563656250878552,219.14178331055618,222.3736391281277,1.0147477846020423,3.231855817571528,1.6774375657478693,88.50098463924829,1.5162702112339501,75.71532092034687,0.903920504819466,-12.785663718901418
129.09406790249076,125.22774020878336,0.9700503070626935,-3.8663276937074045,197.9711112775241,174.08068612781256,0.8793236801291631,-23.890425149711547,206.41391731215413,226.58537422410777,1.0977233375279094,20.17145691195364,1.5989419240244698,77.31984940966336,1.809386433439891,101.35763401532441,1.1316148549571714,24.037784605661045
181.53361315027882,151.26746532638637,0.8332752414351096,-30.266147823892453,157.60116898888907,201.5721705304414,1.2790017474086903,43.97100154155234,203.9642210728571,218.22754689398468,1.069930528727549,14.26332582112758,1.1235617334626042,22.430607922578275,1.4426601676911823,66.96008156759831,1.2840061428980651,44.52947364502003
165.45170755540747,180.88461520233145,1.0932774153555092,15.43290764692398,202.11656581621085,214.94791439002051,1.0634848930961824,12.831348573809663,202.05779207140122,212.81735334140475,1.0532499200337764,10.75956127000353,1.2212493606554946,36.60608451599376,1.1765365070067149,31.932738139073308,0.9633876134643129,-4.673346376920449
138.7468366775356,111.86957809414588,0.806285611787635,-26.877258583389732,177.49838126714306,192.86186605696176,1.0865556332409363,15.363484789818699,191.0164003191076,239.79829083541324,1.2553806397503657,48.78189051630565,1.3767261646696332,52.26956364157198,2.143552294740994,127.92871274126736,1.55699248677777,75.65914909969538
164.9991744015227,177.27626548232055,1.0744069849157047,12.277091080797845,176.79332697847053,193.0900968542314,1.0921797793745092,16.296769875760873,219.73233097006667,207.92444039162388,0.9462623887603898,-11.807890578442795,1.3317177602074042,54.73315656854396,1.1728836899057975,30.64817490930332,0.8807299301340927,-24.08498165924064
144.8710716554779,169.07034988967916,1.1670400995703978,24.199278234201273,173.4545985954252,210.20868389330772,1.2118945568206567,36.75408529788251,180.2507724925991,203.00593046574477,1.1262416668648672,22.755157973145657,1.2442150833346406,35.37970083712122,1.2007186984483622,33.935580576065604,0.9650411046539453,-1.444120261055616
168.53957638211963,177.35121576267272,1.0522823159385128,8.811639380553089,196.08242913180774,207.17948705532066,1.0565938415422904,11.09705792351292,191.62066181570563,210.2558914897767,1.0972506278680627,18.63522967407107,1.1369475699954035,23.081085433585997,1.1855339732834775,32.90467572710398,1.0427340754932706,9.82359029351798
128.78485990491524,145.14865380257334,1.1270630251858786,16.3637938976581,187.7766663817026,206.7151343290992,1.1008563434015783,18.93846794739659,214.2622009206782,202.2000402977545,0.943703739758609,-12.062160622923699,1.6637219707260062,85.47734101576296,1.3930548785714587,57.05138649518116,0.8373123052306418,-28.425954520581797
144.62131773727003,138.62128968915025,0.958512146466402,-6.000028048119788,198.03840477751282,181.0299388394986,0.9141153153746999,-17.00846593801421,211.75524511460924,232.12242926098142,1.0961826666222543,20.367184146372182,1.4642049210151697,67.1339273773392,1.6745077886773507,93.50113957183117,1.143629395478587,26.36721219449197
121.05697630044239,131.31195915571442,1.08471203534624,10.254982855272033,225.93999853763364,207.84596756750088,0.9199166544779855,-18.094030970132764,202.13969133542506,234.48429155566086,1.1600111289700352,32.344600220235804,1.6697896933568657,81.08271503498267,1.7857040064233678,103.17233239994644,1.0694185103235807,22.08961736496377
152.87298873818102,182.3434126750727,1.1927771817646897,29.470423936891677,181.07752406501547,191.60319707734348,1.05812799278473,10.525673012328014,178.56671279657473,220.76776066826665,1.2363321092199744,42.20104787169191,1.1680723603984629,25.693724058393713,1.2107251774521974,38.42434799319395,1.0365155605935101,12.730623934800235
140.18843418550918,175.54484258521714,1.2522063150582121,35.35640839970796,189.21340730318448,229.1985279771187,1.2113228721147884,39.985120673934205,190.49336963254618,232.40922738222025,1.220038407796177,41.915857749674075,1.3588379864523579,50.304935447036996,1.3239308199521649,56.86438479700311,0.974311016583126,6.5594493499661155
180.67338382703943,169.85823100400265,0.9401397560949528,-10.815152823036783,200.17725464162345,185.213749490842,0.925248724299019,-14.963505150781458,195.31212681962347,233.46862388115497,1.1953616382293053,38.156497061531496,1.0810232402941977,14.638742992584042,1.3744910829528971,63.61039287715232,1.271472278966762,48.97164988456828
138.2951555873594,163.62551956758975,1.183161614538475,25.330363980230345,188.06564871480404,210.54793535458793,1.1195448865511723,22.482286639783894,226.67847351516176,198.49281304954175,0.8756579748022048,-28.185660465620003,1.6390919302445968,88.38331792780235,1.2130920260732871,34.867293481952004,0.7401000539928599,-53.51602444585035
140.79731803830364,156.65184557163218,1.1126053234125906,15.854527533328536,193.83970720347813,193.07368034072087,0.9960481426957938,-0.7660268627572577,205.8099292004525,198.6890615299034,0.9654007573968232,-7.120867670549103,1.461746090536059,65.01261116214886,1.268348041511256,42.03721595827122,0.8676938147623989,-22.97539520387764
178.06605510178508,157.50095487382814,0.8845085874665913,-20.565100227956947,211.06072839554403,217.85819941713325,1.0322062331219204,6.797471021589217,211.23928853568816,224.48291308618585,1.0626948928028614,13.243624550497685,1.186297345751501,33.17323343390308,1.4252796960248022,66.98195821235771,1.2014523181133054,33.80872477845463
145.56937785132658,139.86110465862495,0.9607865797260491,-5.7082731927016255,202.2905248485322,183.68536242896812,0.9080275142224534,-18.605162419564067,213.2121756167247,228.17766296933948,1.0701905850795177,14.965487352614787,1.4646773845147796,67.64279776539811,1.6314590359219519,88.31655831071453,1.113869206400305,20.673760545316412
121.20630082029065,142.93494982112512,1.1792699624836414,21.728649000834466,173.47254387383077,199.86588326861116,1.1521470706855874,26.393339394780384,204.36148537621867,219.11778353826014,1.0722068453107783,14.756298162041475,1.686063216129498,83.15518455592802,1.5329895439322117,76.18283371713503,0.9092123766576914,-6.972350838792991
149.74825622622706,129.88541247744192,0.8673584304128522,-19.86284374878514,180.96157221085284,208.9561905459495,1.1546992435635888,27.994618335096675,193.85046737387538,222.18463848636986,1.146165090527468,28.334171112494488,1.2945090130533634,44.10221114764832,1.710620417246303,92.29922600892795,1.321443419858048,48.19701486127963
126.5448468104723,134.79095473544373,1.0651635221252567,8.24610792497144,182.31369080037777,189.0064942306251,1.0367103721111957,6.692803430247324,209.42934400002073,225.2143220815391,1.075371377191139,15.784978081518375,1.654981212420965,82.88449718954844,1.670841508049043,90.42336734609538,1.0095833689887495,7.538870156546935
143.23741009309572,153.1287491320463,1.0690555563139672,9.891339038950576,199.56524811249935,190.70693306530066,0.9556119357905187,-8.858315047198687,220.04808664282987,220.93022818997733,1.0040088580664612,0.8821415471474552,1.53624731485868,76.81067654973415,1.4427743284147403,67.80147905793103,0.9391549879112151,-9.009197491803121
178.82319328195294,170.09274704055775,0.9511783338549952,-8.730446241395185,176.1799751668482,216.1573142352021,1.226911934971577,39.9773390683539,252.10657246616879,211.35880797250266,0.8383708758757797,-40.747764493666125,1.4098091407453448,73.28337918421585,1.2426091744059211,41.26606093194491,0.8814024100801137,-32.01731825227094
120.05174015729709,137.22962190589126,1.1430873199012939,17.177881748594174,202.16773955782267,211.7335010663761,1.0473159641072085,9.565761508553436,244.29324471320191,217.79241968634787,0.8915204345582057,-26.500825026854045,2.034899655707765,124.24150455590483,1.5870656543505206,80.5627977804566,0.7799232998535832,-43.67870677544822
142.86008685509702,156.59366588694357,1.0961330721139524,13.733579031846546,192.37093955864316,220.59855223258992,1.1467353267531437,28.227612673946766,215.79419877702153,222.77593432394133,1.0323536758007752,6.9817355469197935,1.5105282624943492,72.93411192192451,1.4226369442348938,66.18226843699776,0.9418141848505902,-6.751843484926752
160.65638003629002,139.80739792921364,0.8702262424787183,-20.84898210707638,204.01225285001578,188.08047674476242,0.9219077487617081,-15.931776105253363,173.97647620343335,212.5411945334414,1.2216662802441967,38.56471833000805,1.0829104711816269,13.320096167143333,1.5202428317924481,72.73379660422776,1.4038490459267814,59.41370043708443
142.06215983709785,138.19069906945822,0.9727481211599273,-3.8714607676396326,184.1224536950959,195.6664440728763,1.062697352474441,11.543990377780375,148.8119185600111,210.00055498256214,1.4111810197371766,61.18863642255104,1.0475127136645899,6.749758722913242,1.5196431915943232,71.80985591310392,1.4507157495760075,65.06009719019067
129.88857579582282,151.7903800193442,1.1686199428189108,21.901804223521395,186.2836853909245,197.4296583775823,1.0598333287387327,11.145972986657824,185.94136651609998,231.21348146049286,1.2434752190576859,45.27211494439288,1.4315451946165676,56.05279072027716,1.5232419961727939,79.42310144114865,1.064054423081478,23.370310720871487
136.0773608821602,124.8507506504257,0.9174983247841167,-11.226610231734512,205.81676649529277,201.21273231668192,0.9776304221613736,-4.604034178610846,218.88633198037442,220.98400735426887,1.0095834004568294,2.0976753738944467,1.608543335653936,82.80897109821422,1.7699854122063734,96.13325670384317,1.100365388344856,13.324285605628958
135.70150595081918,124.81738022574302,0.9197936261000613,-10.88412572507616,184.83788778141695,204.93115617509378,1.1087075200590826,20.093268393676823,168.22417267365446,247.9884510082686,1.4741546774573973,79.76427833461415,1.2396632704623198,32.52266672283528,1.9868102547879154,123.17107078252559,1.6027015578568804,90.64840405969031
134.486562879422,152.2525915973563,1.132102630460286,17.76602871793429,193.63673261491695,188.42374016855084,0.9730784940647954,-5.2129924463661155,218.69297527954086,212.33648319116332,0.9709341734445176,-6.356492088377536,1.6261325339663613,84.20641240011886,1.3946329646243627,60.08389159380704,0.8576379449359277,-24.122520806311826
127.69113761158665,128.7700747505147,1.0084495851404347,1.0789371389280547,193.09605093915468,192.54016128421662,0.9971211754345343,-0.5558896549380563,206.81889186989915,203.70235740058263,0.9849310938612078,-3.1165344693165196,1.6196808622615988,79.12775425831249,1.5819075805869127,74.93228265006792,0.9766785651699667,-4.195471608244574
157.2416615535437,167.5376868123052,1.0654789904726076,10.296025258761489,196.67379060271273,214.30365567590056,1.089640134657295,17.62986507318783,201.66228159348543,225.81920872178455,1.1197890202243923,24.156927128299117,1.2824990501948854,44.420620039941724,1.3478711149615725,58.28152190947935,1.0509724079380436,13.860901869537628
165.42825127259692,139.90785385943906,0.8457313232967403,-25.520397413157866,178.82956853213344,199.67596067729679,1.116571282457786,20.84639214516335,178.10473416806812,205.68206073972078,1.1548376953620412,27.577326571652662,1.076628283246388,12.676482895471196,1.4701251935889386,65.77420688028172,1.3654900363159956,53.09772398481053
129.93233529748198,150.82860311270477,1.160824230299413,20.896267815222785,184.65748452870017,181.60957590879107,0.9834942589644377,-3.0479086199090943,240.18064240594563,212.59409053896445,0.8851424844623603,-27.586551866981182,1.8485055460293893,110.24830710846365,1.4095077866636887,61.76548742625968,0.7625120680277792,-48.48281968220397
152.5658717905594,159.3280030216183,1.0443226991180692,6.7621312310588735,196.9738882230447,213.3133292622791,1.0829523201609967,16.3394410392344,225.05556123888664,238.09482884537496,1.057937993332445,13.039267606488323,1.4751369922877653,72.48968944832723,1.4943690018701186,78.76682582375668,1.0130374396973982,6.27713637542945
116.00158710760066,131.53922235931503,1.133943298873161,15.537635251714377,191.25801055055726,191.69313041425536,1.0022750412515824,0.4351198636981053,183.4530413408019,207.085629905308,1.1288209145609296,23.632588564506108,1.581470098082664,67.45145423320123,1.5743260921797833,75.54640754599296,0.995482680379767,8.09495331279173
154.88525980470774,184.32654478869708,1.1900844859033801,29.441284983989334,201.04010730035506,223.70255257119774,1.1127259907247506,22.66244527084268,194.6795548698043,196.73025714997377,1.010533732119641,2.0507022801694745,1.2569275805539695,39.79429506509655,1.0672920570148792,12.403712361276689,0.8491277250392487,-27.39058270381986
125.68639686347308,168.52196721576902,1.3408130984837294,42.835570352295946,199.5368758380505,206.79947457742983,1.0363972759865894,7.262598739379342,222.6628224231822,209.86326719132137,0.9425159750848096,-12.799555231860836,1.7715745536491894,96.97642555970913,1.2453169794927716,41.341299975552346,0.702943591579365,-55.63512558415678
131.41857966233528,148.15554061466807,1.1273561241898709,16.736960952332794,174.92649242357334,193.3221334008825,1.1051621210854974,18.39564097730917,210.48176761862905,217.40018538716177,1.032869439699253,6.91841776853272,1.6016134716981223,79.06318795629377,1.4673780304483475,69.2446447724937,0.916187367537905,-9.818543183800074
165.6611401000588,160.67399093790772,0.9698954796572157,-4.98714916215107,174.92033831512006,220.74875868765704,1.2619959509223952,45.82842037253698,204.38177134323314,233.92382511131663,1.1445434863096053,29.54205376808349,1.2337339415857407,38.72063124317435,1.4558910483633671,73.24983417340891,1.1800688943453106,34.52920293023456
195.35296913386256,150.57499446059865,0.770784263623961,-44.77797467326391,192.67917756939747,222.57300120522885,1.155148179543503,29.89382363583138,204.90512059995913,208.84185716743582,1.0192124850562543,3.936736567476686,1.0488968839759538,9.552151466096575,1.3869624097650823,58.26686270683717,1.322305777578112,48.7147112407406
131.08459643825003,155.02139583559344,1.1826057374225454,23.936799397343407,186.25615715263515,218.09756717425373,1.1709549391998078,31.84141002161857,192.21198266359593,224.62132987579858,1.1686125222948487,32.40934721220265,1.4663201313217693,61.1273862253459,1.4489698577738181,69.59993404020514,0.9881674723156728,8.47254781485924
157.8486911387963,151.26240404339993,0.9582746803417896,-6.586287095396386,188.4588778719673,205.76237574468277,1.0918157747095942,17.303497872715468,189.8487722761147,220.39933905755865,1.1609205390963047,30.550566781443962,1.2027263001451225,32.000081137318375,1.4570662184789955,69.13693501415872,1.211469490858547,37.13685387684035
134.42387579139628,153.47834221178584,1.1417491223803051,19.05446642038956,184.37375361653176,201.24438663458477,1.091502356963135,16.870633018053013,207.11712096189277,251.11989122699842,1.2124535627993867,44.00277026510565,1.5407762924742954,72.69324517049648,1.636191058673779,97.64154901521258,1.0619264241444546,24.948303844716094
154.55779090209205,144.58693046900783,0.9354878173731114,-9.970860433084226,176.58688303391833,195.56520466725377,1.1074729974688444,18.97832163333544,167.29592924571813,203.83511838497535,1.2184105094726472,36.53918913925722,1.0824166693201207,12.738138343626076,1.4097755428086036,59.24818791596752,1.302433326062967,46.510049572341444
127.01803558724286,156.94484416201715,1.2356107023417076,29.926808574774284,180.50640020725504,207.99017226344256,1.152259266289899,27.48377205618752,221.26975464600136,229.676781926872,1.037994471021675,8.407027280870636,1.7420341420256127,94.2517190587585,1.4634235559198892,72.73193776485485,0.8400659439534526,-21.519781293903648
155.69293242655064,138.17629118341947,0.887492380224807,-17.516641243131176,198.87946728440502,195.85072780434606,0.9847709795213412,-3.0287394800589595,195.87536379420195,230.8411788131441,1.1785105300719658,34.96581501894215,1.2580877034133047,40.182431367651304,1.6706279842662617,92.66488762972463,1.3279105898052244,52.48245626207333
168.81690396474616,159.29089073289273,0.9435719231419933,-9.526013231853426,210.8629664868117,204.15953367839734,0.9682095300085156,-6.703432808414362,185.59514292036724,237.01590556967435,1.277058773415046,51.42076264930711,1.099387197381163,16.778238955621077,1.4879438772623537,77.72501483678161,1.3534302389610928,60.946775881160534
136.4154300833867,166.4445482103039,1.220129923048744,30.02911812691721,191.21199540048278,198.82889936240426,1.0398348646797408,7.61690396192148,183.26571649452856,222.7922687610102,1.2156789225095557,39.526552266481644,1.3434383220615416,46.850286411141866,1.338537495860246,56.3477205507063,0.9963520273906025,9.497434139564433
150.50394082274042,135.41858031273048,0.8997676710154914,-15.085360510009934,159.08929186410091,216.40496041670812,1.3602735789506692,57.31566855260721,178.36729907610834,226.38008169194293,1.2691792882693582,48.012782615834595,1.185133745342819,27.86335825336792,1.6717062102493576,90.96150137921245,1.4105633366855062,63.09814312584453
122.82206008507485,134.67083621907534,1.0964710747059057,11.848776134000488,166.1569832944484,194.19211082963662,1.1687267485201445,28.035127535188224,185.17836000135753,199.08949271945463,1.0751228854062382,13.911132718097093,1.5076962548347626,62.35629991628268,1.4783415497293448,64.41865650037929,0.9805300935043877,2.062356584096605
136.22285196121206,122.01578957785621,0.8957072019942649,-14.207062383355847,196.50876555391244,193.7517902385174,0.9859702171166576,-2.7569753153950387,206.97949550111176,225.1308997385653,1.0876966300140394,18.151404237453534,1.51941830993266,70.7566435398997,1.845096446267006,103.11511016070908,1.214343959267399,32.35846662080938
180.0673770449208,201.5474864874321,1.1192892893483575,21.48010944251132,180.89740757104292,219.07390257065194,1.2110394809534026,38.17649499960902,226.64439535727993,204.32228029249873,0.9015104034247445,-22.3221150647812,1.2586643903894914,46.577018312359144,1.0137674443548055,2.774793805066622,0.8054310998987562,-43.80222450729252
141.2435995545571,154.2804362291975,1.0923003712434045,13.036836674640398,170.48944019285628,201.96502209428135,1.1846189527387747,31.475581901425073,172.30728689001543,242.1757661496462,1.4054876640488696,69.86847925963076,1.219929875997387,31.063687335458326,1.5697114428032355,87.89532992044869,1.2867226827442644,56.83164258499036
168.35701922728808,200.78716384449035,1.1926272202136128,32.430144617202274,176.42298285396942,211.93142289489074,1.2012687886039923,35.50844004092133,199.89390182373177,226.90447106868373,1.1351245285550038,27.010569244951967,1.187321459724039,31.53688259644369,1.1300745860647807,26.117307224193382,0.9517848572596644,-5.419575372250307
154.30084947508573,147.17172842108448,0.9537972663257933,-7.129121054001246,183.4113717441791,201.7797601539878,1.1001485798570265,18.368388409808716,198.89987454750954,227.28213887800348,1.1426962404831207,28.38226433049394,1.2890394007819446,44.599025072423814,1.544332877763784,80.110410456919,1.198049397735225,35.511385384495185
187.84325950240336,156.45765967807208,0.8329160178146838,-31.38559982433128,196.50686997111998,196.06007077628166,0.9977262922415691,-0.4467991948383201,180.93760078050332,196.52565425499662,1.086151542892421,15.588053474493307,0.9632371225872405,-6.905658721900039,1.2560948096716302,40.06799457692455,1.3040348842637817,46.97365329882459
154.55351557867593,116.10282048790361,0.7512143612728184,-38.450695090772314,193.01032125764223,203.4537516890456,1.054108144908286,10.443430431403357,181.79446231781637,222.79169885878946,1.2255142209409051,40.99723654097309,1.1762557560541116,27.24094673914044,1.9189171970374435,106.68887837088585,1.6313775190139577,79.4479316317454
147.1134745464413,149.49333649339852,1.0161770494123292,2.37986194695722,160.85905191880798,225.61604325392588,1.4025697687675254,64.7569913351179,249.02140671275788,213.59364188142976,0.8577320508345153,-35.42776483132812,1.6927165066320689,101.90793216631658,1.428783696261016,64.10030538803125,0.844077369519962,-37.80762677828534
130.87592730435537,157.371809459514,1.2024503871788566,26.495882155158625,218.78160241100682,200.25863822440422,0.9153358235679935,-18.522964186602593,210.4562809147194,204.19756261922467,0.9702611950173591,-6.258718295494731,1.6080595205663593,79.58035361036403,1.297548546467957,46.82575315971067,0.8069033079142244,-32.754600450653356
182.71113742209832,158.93771240383234,0.8698851895199758,-23.773425018265982,188.03608231791222,202.2927048411735,1.075818546884835,14.256622523261285,165.27548825212045,217.55442602279996,1.3163139212206125,52.278937770679505,0.9045725979489794,-17.435649169977864,1.3688030532994777,58.61671361896762,1.513204198759824,76.05236278894549
149.7798127482577,152.4461808796441,1.0178019192470742,2.6663681313863776,211.50387204916555,194.50956764264401,0.9196501499387628,-16.994304406521536,217.05204277018652,225.26019171602238,1.037816501706582,8.208148945835859,1.4491408340521599,67.2722300219288,1.477637487644671,72.81401083637829,1.0196645163278073,5.541780814449481
172.7856334710841,129.21559167180894,0.7478375897116083,-43.570041799275174,186.65175932996507,207.5879712881107,1.1121672361048276,20.936211958145634,187.76195105139706,208.51338574993443,1.110519914084494,20.751434698537366,1.086675710702645,14.976317580312951,1.6136859573381186,79.29779407812549,1.4849747182576747,64.32147649781254
164.6583706918382,137.44136637838264,0.8347062211347106,-27.21700431345556,180.47356750769018,205.34619382351698,1.1378186659648482,24.872626315826807,220.7610121438095,199.99139290280883,0.9059180829109861,-20.76961924100067,1.34072146600411,56.102641451971294,1.4551033518702294,62.55002652442619,1.0853136827942522,6.4473850724548925
159.8739964235474,148.02115789716927,0.9258613733844689,-11.852838526378122,189.4656090910329,231.47571121642235,1.2217294332566961,42.010102125389466,189.47667079525286,195.59011142837312,1.0322648725432082,6.113440633120263,1.1851625344579513,29.60267437170546,1.3213659061108691,47.568953531203846,1.1149237912040582,17.966279159498384
156.41373033813107,162.28129824202713,1.0375131255498586,5.8675679038960595,161.29228040833618,197.64421377223172,1.2253792510829722,36.35193336389554,189.90335492017698,215.8563897702912,1.1366644357653566,25.95303485011422,1.2141092377865352,33.489624582045906,1.3301371883799076,53.57509152826407,1.0955663188963993,20.085466946218162
126.31649571160436,168.58687384795726,1.3346386225981224,42.2703781363529,208.91198995716232,213.9231627949051,1.0239870044738473,5.011172837742777,219.51805530205988,220.93442074275518,1.006452159202788,1.4163654406953015,1.7378415547819328,93.20155959045552,1.310507845005824,52.347546894797915,0.7541008795650929,-40.8540126956576
132.82081232120052,143.96346273502,1.0838923525544566,11.142650413819467,194.4103020712853,215.60577129160325,1.109024413801621,21.19546922031796,190.32421529393514,211.19604541917008,1.1096646062247026,20.871830125234936,1.43293970250441,57.50340297273462,1.4670114305870705,67.23258268415009,1.0237775030052638,9.729179711415469
155.84072086403896,153.59174870876302,0.9855687772566323,-2.2489721552759363,200.56690005395618,211.38094521957,1.0539173969518632,10.814045165613834,174.70646698384368,222.10815480239611,1.271321884283402,47.40168781855243,1.1210578725201348,18.865746119804726,1.4460943160661075,68.5164060936331,1.2899372561518985,49.65065997382837
156.46781495876513,130.95096400767068,0.8369194907091976,-25.516850951094455,174.65820965835266,208.46258688915222,1.1935458819652622,33.80437723079956,196.284417278276,196.97776949704652,1.0035323854454912,0.6933522187705137,1.2544715175450234,39.81660231951088,1.5042101521719857,66.02680548937585,1.1990787603657165,26.21020316986497
150.56392951949886,125.5325638489657,0.8337492535535116,-25.031365670533162,172.20055075943705,210.20717539954418,1.2207114000070889,38.006624640107134,187.37419112436314,226.64382088492232,1.2095786486117255,39.269629760559184,1.2444826043152464,36.81026160486428,1.8054583921157579,101.11125703595663,1.4507702926945918,64.30099543109235
138.7248377196576,133.91933454986497,0.9653594608666702,-4.805503169792615,201.0609046770484,203.89075418590792,1.0140745885601428,2.8298495088595246,216.0837467628443,199.0460261523482,0.9211522344195776,-17.03772061049611,1.5576428151930344,77.35890904318671,1.4863128376599963,65.12669160248322,0.9542064606613947,-12.232217440703494
145.5726479862494,132.9649445109046,0.9133923601050679,-12.607703475344806,176.5082394271326,185.7423173337725,1.052315279652721,9.234077906639897,205.2794833468444,222.782435900985,1.0852640130848696,17.50295255414062,1.4101514686071714,59.706835360594994,1.6754975284685987,89.81749139008042,1.1881684810238957,30.110656029485426
169.35286604813908,140.79021803571678,0.8313423995770861,-28.5626480124223,200.3532965224978,228.1671837963022,1.1388242058232427,27.813887273804397,245.4543487945873,221.49827664850594,0.9024011093560643,-23.956072146081368,1.449366370480061,76.10148274644823,1.5732504696619938,80.70805861278916,1.0854746610002408,4.606575866340933
143.27011020205103,146.54101166012762,1.0228303129903629,3.270901458076594,197.8248242541832,201.40804510659987,1.0181131001426424,3.583220852416673,193.017376091983,208.91587929537513,1.082368248523986,15.898503203392124,1.3472271070342194,49.74726588993198,1.4256478574060445,62.37486763524751,1.0582090057143076,12.62760174531553
166.30453326052083,155.51921684831066,0.9351471893113421,-10.785316412210165,180.7037523051588,209.82107488752368,1.1611329162285118,29.117322582364892,234.6506718188297,230.447029119405,0.9820855288125053,-4.203642699424705,1.410969786681898,68.34613855830887,1.481791342507704,74.92781227109433,1.0501935310694026,6.581673712785459
129.66600057797203,160.66631671623418,1.2390782163410734,31.00031613826215,192.84372038981573,183.28108909138822,0.9504125346726482,-9.562631298427505,226.79371878782982,207.25513568428377,0.913848658560845,-19.538583103546046,1.749060800648756,97.12771820985779,1.289972533884211,46.588818968049594,0.7375229799934562,-50.538899241808195
171.18526023657515,158.92382935036804,0.9283733256633075,-12.261430886207108,172.59861122800484,202.92288980644148,1.1756924830546747,30.324278578436633,203.77756120132537,221.3550533355137,1.0862582319199627,17.577492134188333,1.1903919818780437,32.59230096475022,1.3928374004096515,62.431223985145664,1.1700661812357103,29.83892302039544
137.81008670670445,157.13579887044386,1.140234380701534,19.32571216373941,207.92741234381708,200.05543874139053,0.9621407609814818,-7.87197360242655,198.65989642448747,226.5472504953034,1.1403773714410255,27.887354070815917,1.4415483015208252,60.84980971778302,1.4417290784392691,69.41145162485952,1.0001254046903965,8.561641907076506
168.37118947493414,160.9060497343124,0.955662606150721,-7.465139740621737,163.54022865862967,203.4394922497278,1.2439721646371364,39.89926359109813,188.15824588237584,226.9214428555606,1.2060138092348978,38.76319697318476,1.1175204408138213,19.787056407441696,1.4102729091308415,66.0153931212482,1.2619660971067577,46.2283367138065
165.59850912089436,161.16389847455702,0.9732207091121824,-4.434610646337347,189.0626046056585,215.04451887002222,1.1374249250324044,25.981914264363724,206.39262451916463,232.02264292643812,1.1241808832412692,25.630018407273496,1.246343494363761,40.794115398270264,1.4396688409908849,70.85874445188111,1.1551140175251715,30.064629053610844
148.4006388152167,145.71695564002457,0.9819159594148799,-2.6836831751921295,209.59897942802502,207.76228170209,0.9912370865022951,-1.8366977259350108,186.96808748580304,219.0562388296853,1.1716236806792966,32.08815134388226,1.2598873493975264,38.567448670586344,1.5032995842353187,73.33928318966073,1.1932015865975567,34.77183451907439
144.3470397097192,150.30015602067797,1.0412416930955455,5.953116310958762,212.3335370969512,185.47123056728103,0.8734900435563089,-26.862306529670178,183.62285808624554,209.95975607930004,1.1434292999659355,26.336897993054492,1.272092995156047,39.27581837652633,1.3969363814260727,59.65960005862206,1.0981401412832332,20.38378168209573
153.31284248047515,174.80780517477683,1.1402032755151554,21.494962694301677,173.5598375623148,213.37009793635377,1.2293748423205657,39.81026037403896,194.2283215758937,243.18847804084513,1.2520752692898112,48.96015646495144,1.2668757452633443,40.91547909541853,1.3911763138819788,68.3806728660683,1.09811583265634,27.465193770649762
151.34075080688174,122.9274091817839,0.8122558433626732,-28.413341625097843,208.22907629332818,192.73079239222815,0.9255709904832508,-15.498283901100024,200.36255256395748,219.48918216494062,1.0954601014821757,19.126629600983136,1.3239167342286413,49.021801757075735,1.7855186538615002,96.56177298315671,1.3486638605726242,47.53997122608098
143.867872116784,155.65437055568142,1.0819258550604667,11.78649843889741,170.1651828473262,175.9805093429948,1.034174596696941,5.815326495668586,163.06697392558758,212.7057230207513,1.304407127330488,49.63874909516372,1.1334495431559506,19.19910180880356,1.3665258627907346,57.05135246506987,1.205634490782723,37.85225065626631
132.0939743796354,152.78337370327776,1.1566263671057504,20.689399323642363,195.02254387503686,206.66423237855383,1.0596940654767406,11.641688503516974,174.33147714318102,216.16735937024677,1.2399789350302202,41.83588222706575,1.3197534403965763,42.23750276354562,1.4148618015862624,63.38398566696901,1.072065249673535,21.14648290342339
148.06348954656258,124.28980945884189,0.8394359057690288,-23.77368008772069,180.43904482680531,190.77954404406782,1.0573074371302944,10.340499217262504,232.5200928029316,211.48072845137662,0.909515930008739,-21.03936435155498,1.5704080291165186,84.45660325636902,1.7015130152034523,87.19091899253473,1.0834846636390996,2.734315736165712
151.57151124130925,162.94916313930307,1.075064580440054,11.377651897993815,177.68566828382745,208.633310334301,1.174170727157573,30.947642050473547,194.5444494422524,217.35070687826624,1.1172290317271867,22.80625743601385,1.283515931516498,42.97293820094313,1.3338559259273766,54.40154373896317,1.039220389225244,11.428605538020037
127.5195322574375,157.7005477387934,1.2366775892843318,30.1810154813559,202.16234268293442,183.18444650503807,0.906125463693994,-18.977896177896355,219.09133257373685,219.16600079234126,1.0003408086377825,0.07466821860441542,1.718100189792364,91.57180031629935,1.3897605552731236,61.46545305354786,0.8088937790298941,-30.106347262751484
129.95915545254385,160.534076622654,1.2352656191373523,30.574921170110144,162.7675663368135,190.99216273405796,1.1734043030344237,28.224596397244454,203.1666681858422,204.4436816141739,1.0062855459497104,1.277013428331685,1.5633116995749559,73.20751273329836,1.2735220204662985,43.9096049915199,0.8146309023418379,-29.29790774177846
171.506811418676,184.78160266762495,1.07740095649346,13.274791248948958,189.3579180175133,200.85399533534408,1.0607108350059464,11.496077317830782,221.77117471284063,219.09106289069223,0.9879149676434787,-2.6801118221484046,1.293075026457469,50.26436329416464,1.1856757368036321,34.309460223067276,0.9169427237736778,-15.954903071097362
181.83468298728204,150.8449971386001,0.8295721952513898,-30.989685848681944,197.879233641582,223.5767470065073,1.1298646295117107,25.6975133649253,167.3836512837837,226.76988706534237,1.354791135968678,59.38623578155867,0.9205265383584216,-14.45103170349833,1.5033305138849293,75.92488992674228,1.6331202319987692,90.37592163024061
142.3565394848726,189.105206962029,1.3283914293387562,46.7486674771564,189.95334165121088,215.1623023356341,1.1327113303998173,25.208960684423232,169.92417986551627,236.2840278474081,1.3905262219562353,66.35984798189185,1.19365208286461,27.567640380643667,1.249484515224651,47.17882088537911,1.0467744606334959,19.611180504735444
107.09652085559735,152.7955326571686,1.4267086496973054,45.699011801571245,204.47938319481804,199.93784641914627,0.9777897570663894,-4.541536775671773,200.93025354862797,212.99369910581584,1.0600379750890443,12.063445557187862,1.8761604199967477,93.83373269303063,1.3939785764791663,60.19816644864724,0.7429954078668725,-33.635566244383384
149.89635504253468,196.38669511457877,1.3101499036374298,46.49034007204409,179.27927832082347,210.88087345722408,1.176270204969528,31.60159513640062,206.09452249511278,218.07203557052534,1.0581166007247795,11.97751307541256,1.3749135023105217,56.198167452578105,1.1104216374907403,21.685340455946573,0.8076301786437425,-34.51282699663153
139.19038350702976,171.56724316343812,1.2326084521117306,32.37685965640836,175.76444179226004,198.5336256992031,1.1295437443135083,22.769183906943056,181.12731880582774,202.16967118752623,1.1161743712678502,21.042352381698493,1.3012919013667346,41.93693529879798,1.178369876788984,30.602428024088113,0.9055384695404263,-11.334507274709864
139.32510843019963,128.7126005392815,0.9238291790296013,-10.612507890918124,177.2827382201995,203.78225284292884,1.1494760002511628,26.49951462272935,213.39125100366968,208.7228931902993,0.9781230121131343,-4.668357813370392,1.5316065668850807,74.06614257347005,1.6216197350981159,80.01029265101778,1.058770424571958,5.944150077547732
140.7845212545566,140.87676683612358,1.0006552253098917,0.09224558156697071,198.94384312523712,199.32272765291145,1.001904479785463,0.37888452767433023,199.84364463474068,209.08434445848832,1.0462396482041603,9.240699823747633,1.4195001187197103,59.059123380184076,1.4841648424662381,68.20757762236474,1.0455545743841508,9.148454242180662
167.60384707771905,134.0416383188757,0.7997527542235929,-33.562208758843354,196.1744572194151,198.56291263357957,1.0121751600489612,2.3884554141644685,204.4322954863259,219.4517353465179,1.0734690173314452,15.019439860191994,1.2197351018531768,36.828448408606846,1.6371907871228606,85.4100970276422,1.342251104059752,48.58164861903535
148.87235984626903,151.7504281171147,1.0193324554928642,2.8780682708456595,214.11490529745097,203.95933909521432,0.9525695505031356,-10.155566202236656,200.5799870645382,214.4584615381535,1.069191720852738,13.878474473615313,1.3473285925719476,51.70762721826915,1.413231344379756,62.708033421038806,1.0489136445044969,11.000406202769653
163.40892589333728,206.27866361637538,1.2623463650389617,42.8697377230381,205.40248909450767,214.3084134985783,1.0433584054571652,8.905924404070618,159.66826010792954,204.14466202670974,1.2785550609038758,44.4764019187802,0.9771085590033839,-3.7406657854077423,0.989654763356261,-2.134001589665644,1.0128401335115453,1.6066641957420984
219.76408856733346,171.11552296107007,0.7786327787974423,-48.64856560626339,186.08435491566425,204.68822651251904,1.0999754740546903,18.603871596854788,215.51265654492295,218.94681567470468,1.015934837354046,3.434159129781733,0.9806545644007351,-4.251432022410512,1.2795263216681783,47.83129271363461,1.3047676196256526,52.08272473604512
171.11004719876595,134.68126459268908,0.7871031935152222,-36.42878260607688,191.0433361764564,218.55499697675637,1.1440074349146045,27.51166080029998,185.52674200657484,220.32598394519286,1.187569951168467,34.799241938618025,1.0842539350775942,14.41669480780888,1.6359067061889827,85.64471935250378,1.5087855835837107,71.2280245446949
130.7177362823118,163.01575105828988,1.2470821152090936,32.29801477597809,163.36959870085641,196.30108400182803,1.2015765819518964,32.931485300971616,206.1148963783364,206.32906038922843,1.0010390515904242,0.21416401089203418,1.5767936489749865,75.3971600960246,1.2657001489104627,43.31330933093855,0.8027050018455149,-32.083850765086055
107.5531814507998,112.81976725631584,1.0489672712092226,5.266585805516044,165.73187962987285,198.29749386399286,1.1964957756277697,32.565614234120005,189.3929461572146,188.5214851911543,0.9953986619684511,-0.8714609660602832,1.7609236993500967,81.8397647064148,1.6709969340997781,75.70171793483847,0.9489320489675346,-6.138046771576327
196.74940648465235,124.92055863909043,0.6349221625165867,-71.82884784556192,195.05283577433406,210.8421019530737,1.0809486625306335,15.789266178739638,213.68855406157923,214.94496752826515,1.005879647939982,1.2564134666859275,1.0860950377415661,16.93914757692687,1.720653268524562,90.02440888917472,1.5842566338416395,73.08526131224785
173.61346681119073,114.76263185401744,0.6610237901580807,-58.85083495717329,172.05906974326433,210.59372981038248,1.2239618063994948,38.53466006711815,194.32350215358758,202.90511187028446,1.0441614607682101,8.581609716696875,1.1192881849708096,20.71003534239685,1.7680416403171,88.14248001626702,1.5796125287994616,67.43244467387017
175.47575580262358,113.85698714956258,0.6488473956346982,-61.618768653061,191.49374535685743,197.54571361174513,1.031603999616852,6.051968254887697,179.1014432481178,230.1403853244677,1.2849722545543267,51.03894207634991,1.0206620420519654,3.625687445494208,2.0213110419139686,116.28339817490512,1.9803920971238163,112.65771072941091
154.22350980172624,148.46922909276293,0.9626886930769429,-5.754280708963307,170.00518028972954,213.07910636228522,1.253368315007504,43.07392607255568,210.41341962171182,228.4073886915168,1.0855172122679015,17.99396906980496,1.3643407538333474,56.18990981998559,1.5384156709590566,79.93815959875386,1.1275890327519837,23.74824977876827
152.19728071840106,137.3785027512753,0.9026344104363875,-14.818777967125754,183.8236243492553,171.91801725716326,0.9352335308683065,-11.905607092092055,187.78551910101055,212.86311985719348,1.133543847663214,25.07760075618293,1.2338296598640004,35.58823838260949,1.5494645493595427,75.48461710591818,1.2558172329317592,39.896378723308686
149.7772788502836,148.35733348674864,0.9905196210370845,-1.4199453635349641,190.06299122960056,192.92573124367857,1.0150620591392239,2.862740014078014,178.18460064342582,236.48113500236673,1.3271693184957158,58.2965343589409,1.1896637594914379,28.407321793142216,1.5939969359417567,88.12380151561808,1.33987181102597,59.71647972247587
155.2509874158689,152.49786735440503,0.9822666502333468,-2.753120061463875,180.22987174098148,196.3781715969359,1.0895983540351295,16.148299855954434,190.00794644572616,207.51858777327118,1.0921574158086422,17.510641327545017,1.22387592896111,34.756959029857256,1.3607966548869697,55.02072041886615,1.1118746783769864,20.26376138900889
116.36034316464942,226.92597140066167,1.950200259203106,110.56562823601224,214.92700116673578,210.03324145634272,0.9772305960450424,-4.893759710393056,202.51654197175935,220.32245462471312,1.0879232505137124,17.805912652953765,1.7404257882361112,86.15619880710993,0.9709001277588921,-6.603516775948549,0.5578520694886285,-92.75971558305848
168.15838964391128,134.51790489803625,0.799947627845917,-33.64048474587503,196.61928503101936,187.8631613996046,0.9554666083236272,-8.756123631414766,164.8575606618039,204.61305240249143,1.24115055191338,39.755491740687546,0.9803707148415423,-3.30082898210739,1.521084145323159,70.09514750445518,1.5515397617410598,73.39597648656257
160.14633530582552,141.8397375477408,0.885688312984963,-18.306597758084706,184.15898772493344,200.91990444834087,1.0910132974256035,16.760916723407433,196.41293956005666,228.66811566754836,1.164221238069853,32.25517610749171,1.226459158025528,36.26660425423114,1.612158338847621,86.82837811980755,1.3144818792360187,50.56177386557641
133.01522685803047,177.46672258147217,1.3341835124702346,44.451495723441695,190.82420357653984,189.9584993142333,0.9954633414101514,-0.8657042623065365,182.9584083964647,204.60055871719533,1.118290001046756,21.64215032073062,1.3754696565058637,49.94318153843423,1.1528953470319847,27.133836135723158,0.8381830464808002,-22.809345402711074
156.58342727188517,132.2362346216639,0.8445097730046118,-24.347192650221274,175.27107372657193,183.5790411093416,1.0474006760278674,8.307967382769675,169.417678977458,203.61603974325172,1.2018582769649677,34.19836076579372,1.0819643044553364,12.834251705572825,1.5397900607636772,71.37980512158782,1.423143124429425,58.545553416015
125.71560228576004,148.2022210519323,1.1788689578486737,22.486618766172256,200.4289894772411,185.11051341667743,0.9235715546911787,-15.318476060563654,227.54841903865486,196.26486110631933,0.8625191154282588,-31.283557932335526,1.8100252864510957,101.83281675289481,1.324304451804033,48.06264005438703,0.7316496966738999,-53.77017669850778
156.1264852864234,128.50563192254864,0.8230866895312309,-27.620853363874744,230.44605501134365,196.81554469985863,0.8540634149288017,-33.63051031148501,200.8616437538748,235.34637575822615,1.171684007757136,34.48473200435134,1.2865315156834671,44.73515846745141,1.8314090381662904,106.8407438356775,1.4235244266001197,62.10558536822609
185.55183266855644,149.96470775322555,0.80820925127213,-35.58712491533089,191.68429773900826,208.3400462916934,1.0868915646672483,16.65574855268514,221.65536436845233,222.18563240754102,1.0023923086210864,0.5302680390886962,1.194573835141721,36.10353169989588,1.4815861394079373,72.22092465431547,1.240263343983393,36.117392954419586
140.89348159538517,139.3565744084792,0.9890917083636301,-1.536907186905978,196.18705426634844,200.33522364388804,1.021143950568257,4.1481693775396025,226.18020230476523,225.60896687493093,0.9974744233844809,-0.571235429834303,1.6053276542225325,85.28672070938006,1.6189330703094815,86.25239246645174,1.0084751645878411,0.9656717570716751
115.20011806626776,147.32558552497483,1.278866619218456,32.125467458707064,218.77616798319264,192.51041872446572,0.8799423652911557,-26.265749258726913,204.68899670176447,217.0621595562302,1.060448597891628,12.373162854465733,1.7768123864597003,89.4888786354967,1.4733500551364416,69.73657403125537,0.8292096939238995,-19.75230460424133
118.89265379938054,155.11605213445554,1.3046731415062731,36.223398335075004,185.61105416168883,189.75816788005264,1.022343031976701,4.147113718363812,222.41556029187973,215.28760925366615,0.9679521026817572,-7.127951038213581,1.870725845409959,103.52290649249919,1.38791315464278,60.171557119210604,0.7419115730122533,-43.351349373288585
116.32242518263007,187.9195803344011,1.615506038834396,71.59715515177103,189.769134796053,202.28977096103299,1.0659782539370064,12.520636164979976,207.24065039627666,224.8580491528154,1.0850093778554135,17.617398756538734,1.7816053101618365,90.9182252136466,1.1965653007136492,36.93846881841429,0.6716219882645929,-53.9797563952323
158.45104544853567,142.61602735857252,0.9000636566004464,-15.835018089963143,187.8209269266318,195.5156016233832,1.0409681435538711,7.6946746967513775,172.74267744621474,210.37752283712044,1.2178665165278784,37.634845390905696,1.090195883259861,14.291631997679076,1.4751324008498603,67.76149547854791,1.3530893149577645,53.46986348086884
137.67803467957552,125.77750243584808,0.9135625935435228,-11.90053224372744,226.20500620138012,216.30040260064743,0.956214038906305,-9.904603600732685,216.14309409271252,209.24436526981518,0.9680825850492443,-6.89872882289734,1.5699170502814945,78.465059413137,1.663607252628814,83.4668628339671,1.0596784411829403,5.0018034208301
157.32730016902312,160.68493277063808,1.0213417035569017,3.3576326016149665,188.4764674598686,209.64338389749074,1.112305354206244,21.16691643762215,174.782689461187,223.74778961143898,1.2801484534950205,48.96510015025197,1.110949525437803,17.455389292163886,1.3924627888466488,63.06285684080089,1.2533987881203756,45.607467548637004
145.21210400346897,160.48469453077578,1.1051743629232311,15.272590527306818,176.50462042679638,204.16038032451308,1.1566857560490134,27.655759897716706,188.05627152055806,212.0320353543827,1.127492498069673,23.975763833824658,1.2950454289682738,42.84416751708909,1.3211978623526732,51.54734082360693,1.0201942208353527,8.70317330651784
143.91556203972092,131.50140825322467,0.9137400180317544,-12.414153786496257,183.99579944239397,215.4286506212068,1.1708346129317693,31.432851178812825,193.00708006651564,225.14022081842108,1.1664868498131336,32.133140751905444,1.341113339871093,49.091518026794716,1.7120745991166997,93.63881256519642,1.2766069415738295,44.5472945384017
175.68405624765208,151.03917575024107,0.8597204491757039,-24.64488049741101,200.91147122372536,206.78100691366865,1.0292145373989485,5.869535689943291,216.01281569950493,231.6968364797649,1.072606899407663,15.68402078025997,1.2295527568819542,40.32875945185285,1.5340181468078165,80.65766072952383,1.2476228760593906,40.32890127767098
195.23999408754062,163.07478575213608,0.8352529742395788,-32.16520833540454,194.08717650286812,218.08016181465322,1.1236196318793403,23.992985311785105,174.50458665281482,212.26493557027163,1.216385996733615,37.76034891745681,0.8937952875299281,-20.7354074347258,1.3016416645360591,49.19014981813555,1.4563084888635358,69.92555725286135
191.05382668254484,162.47783668521527,0.8504296381102512,-28.57598999732957,187.23371973038442,222.5850516399155,1.1888085755089244,35.35133190953107,190.04434474950867,237.1140480713353,1.2476774743487773,47.06970332182664,0.9947162433196718,-1.0094819330361702,1.4593624146456377,74.63621138612004,1.467114289573979,75.64569331915621
163.49601326101086,141.98763493617454,0.8684470777247665,-21.508378324836315,208.90012158194045,197.43655670342628,0.9451241828309916,-11.463564878514177,198.3244115637115,182.52751905664456,0.9203482194525902,-15.796892507066929,1.2130229209142815,34.828398302700634,1.285517003918639,40.53988412047002,1.059763160080864,5.711485817769386
133.17406120738556,178.73864154190176,1.3421430563986532,45.564580334516194,207.26166277382833,217.8517659142971,1.0510953304086201,10.590103140468756,177.70570535968116,233.5973892094847,1.3145182296577211,55.89168384980354,1.3343867698301144,44.5316441522956,1.3069215878242109,54.858747667582946,0.9794173753615676,10.327103515287348
149.1468674195918,152.01900842663602,1.0192571326286328,2.872141007044206,184.62643999519773,194.0838726928573,1.0512246929416262,9.457432697659584,177.67384601168928,259.33616620081415,1.45961925191709,81.66232018912487,1.1912677020016995,28.526978592097464,1.7059456503820647,107.31715777417813,1.4320422248630988,78.79017918208066
111.29518454011814,159.86083348074712,1.4363679268003073,48.565648940628975,174.9581491052243,200.7833081728713,1.147607637596321,25.825159067647007,194.69785051441673,230.01884095059995,1.1814143830702837,35.32099043618322,1.7493825210760556,83.40266597429859,1.4388692711170077,70.15800746985283,0.822501227594266,-13.244658504445752
148.53329832369505,144.39613467783965,0.9721465577581172,-4.137163645855395,192.98603561237928,214.67133756593807,1.1123672077347329,21.685301953558792,196.74326192647354,215.463140877143,1.0951487678275122,18.719878950669454,1.3245734400761482,48.20996360277849,1.4921669569470126,71.06700619930334,1.126526406011304,22.85704259652485
142.03453527398187,134.1674060876625,0.9446111526950552,-7.867129186319374,174.9073176164549,216.47726084331234,1.2376684051493718,41.56994322685745,240.81307479578268,234.80156934257275,0.9750366318012098,-6.011505453209935,1.6954543789738103,98.77853952180081,1.7500641637892123,100.63416325491025,1.0322095277187318,1.8556237331094394
136.4813296001311,133.01198798152348,0.9745801009649288,-3.469341618607615,182.40172916225353,215.73346567706122,1.1827380511571675,33.33173651480769,197.90862125901876,187.36203527420375,0.9467098203316173,-10.54658598481501,1.4500783501952978,61.42729165888767,1.4086101419687822,54.35004729268027,0.9714027809456429,-7.077244366207395
124.51793843356707,129.79755959844653,1.0424004864784704,5.279621164879458,187.70834306222733,215.0549006878134,1.1456864259705302,27.34655762558606,178.25975384217634,230.38888093872595,1.2924335189125333,52.12912709654961,1.4315989815176844,53.74181540860927,1.7749862297217132,100.59132134027942,1.239862735750198,46.84950593167015
146.08404966759258,162.88696161324995,1.11502222168602,16.80291194565737,178.171067559833,198.09289184957277,1.1118129029734283,19.92182428973976,199.7627499861028,277.6795746424597,1.3900468163447766,77.91682465635694,1.3674507958990292,53.67870031851021,1.7047378862758038,114.79261302920978,1.246653913536264,61.113912710699566
178.39364940489483,134.20790674885828,0.7523132532831958,-44.18574265603655,193.2993921154401,210.58556446871611,1.0894269359261748,17.286172353276015,176.97370562123115,220.40958643215913,1.245436917639572,43.43588081092798,0.9920403905161396,-1.4199437836636832,1.6422995617136706,86.20167968330085,1.6554765082288774,87.62162346696454
149.3100220548837,116.91951812834344,0.7830654400771967,-32.39050392654025,190.7165666477688,187.63319211012285,0.9838326864213083,-3.0833745376459376,205.22345640576177,226.31571224650222,1.1027770227153637,21.09225584074045,1.3744787763163366,55.91343435087808,1.9356538229833768,109.39619411815877,1.408282074875695,53.4827597672807
172.1002982486344,168.523932455069,0.9792192934587562,-3.576365793565401,198.54377783553545,212.8731960373764,1.072172587617985,14.329418201840951,183.17838660557663,212.28242575858295,1.158883587154164,29.104039153006312,1.0643699544374854,11.078088356942231,1.2596574425129832,43.758493303513944,1.183477076989369,32.68040494657171
141.71944768533993,137.98766432954025,0.9736678104752048,-3.731783355799678,204.74744407362127,208.74340735982642,1.0195165478342592,3.9959632862051535,169.58611220253746,229.81750170249688,1.3551669928491834,60.23138949995942,1.196632607396763,27.866664517197535,1.6654930918581958,91.82983737295663,1.391816570569161,63.9631728557591
147.58371608006192,148.59523591103155,1.0068538715370259,1.0115198309696325,175.10603637888713,203.5135795045746,1.1622305187938835,28.407543125687482,209.92870146306572,232.87406371570887,1.1093007392163576,22.94536225264315,1.422438105225529,62.3449853830038,1.5671704566298317,84.27882780467732,1.1017494897476436,21.933842421673518
128.84617496971651,158.04149227093393,1.2265904851896408,29.195317301217415,207.5429569168654,202.6737939556151,0.9765390113276612,-4.869162961250282,216.54106127956462,219.85783082741128,1.0153170466988917,3.3167695478466612,1.6806169164933267,87.6948863098481,1.3911399321040596,61.81633855647735,0.8277555214704895,-25.878547753370754
122.4761577054087,154.97175387181483,1.2653218126304029,32.49559616640613,204.837147217955,203.99715104394053,0.9958991999965676,-0.839996174014459,197.86410730781859,207.07912202255213,1.0465724422691665,9.215014714733542,1.615531635012099,75.38794960240989,1.3362378423737657,52.1073681507373,0.8271195768715223,-23.28058145167259
127.62509242601192,146.7786205094362,1.150076507051528,19.153528083424277,201.0936054419268,199.4749332758407,0.9919506532167999,-1.6186721660860997,207.1503076404665,205.27879998333825,0.9909654604019392,-1.8715076571282623,1.6231158285785983,79.52521521445459,1.3985606300894562,58.50017947390205,0.8616517721438337,-21.02503574055254
169.18147754467424,174.33615845648941,1.0304683526035172,5.154680911815177,184.80196320158927,190.30702457116925,1.0297889766656583,5.505061369579977,195.6481150284711,208.6444709439319,1.0664271971829096,12.99635591546081,1.156439332886238,26.46663748379686,1.196794014455728,34.30831248744249,1.0348956321545835,7.8416750036456335
226.80955753868344,148.36363134324336,0.6541330663190383,-78.44592619544008,171.07846563819987,202.76836942978392,1.1852360767520704,31.689903791584044,179.33010166994782,188.75134041298475,1.0525357352463696,9.421238743036923,0.7906637780877565,-47.47945586873561,1.272221087500233,40.38770906974139,1.609054471392552,87.867164938477
148.96346747288337,156.819703168121,1.052739344944879,7.856235695237643,193.21390145094185,207.0602887184541,1.0716635147033038,13.846387267512256,205.47391651716612,216.35281989837873,1.0529454227846178,10.87890338121261,1.3793577714251963,56.51044904428275,1.37962778609799,59.53311673025772,1.0001957539069175,3.022667685974966
144.84267222581863,156.80578168084696,1.0825938190119628,11.96310945502833,208.7829190753683,187.10471889382447,0.896168708256645,-21.678200181543843,216.77686547765256,236.0538823966614,1.0889256188686616,19.277016919008844,1.4966367448653812,71.93419325183393,1.5053901703516983,79.24810071581445,1.005848730840231,7.313907463980513
155.65905255254484,131.47263753421805,0.844619284123149,-24.186415018326784,198.8777311376434,206.11597900248321,1.0363954668199138,7.2382478648398205,174.61559812695657,212.50383849769037,1.2169808469412147,37.8882403707338,1.1217824807716383,18.956545574411734,1.6163350981863625,81.03120096347232,1.4408632028863004,62.07465538906058
124.12828658034034,121.74057231859842,0.9807641406522074,-2.3877142617419196,181.12906314088158,211.209004361686,1.166069103981443,30.079941220804415,185.64365230469173,192.04198497924608,1.0344656690122265,6.398332674554354,1.4955789483530524,61.51536572435138,1.5774690501426831,70.30141266064766,1.0547547836774576,8.786046936296273
153.87395665814063,155.89268998586115,1.0131193957155824,2.0187333277205255,191.61819898761578,198.06719872888888,1.0336554657926302,6.448999741273099,203.79029173020703,213.11791983241037,1.0457707186294818,9.327628102203334,1.3243975534012213,49.9163350720664,1.367080905793205,57.22522984654921,1.0322285044112074,7.308894774482809
162.6605906481188,145.5767391097535,0.8949723994589289,-17.08385153836531,230.4061039608473,197.01152537981307,0.8550620925098887,-33.39457858103424,154.83603475352834,217.2151811059846,1.4028722800332163,62.379146352456274,0.9518964251671923,-7.824555894590475,1.4921008839346326,71.63844199623111,1.567503401089628,79.46299789082158
182.9606052396954,159.65601102733754,0.8726250703979325,-23.30459421235787,200.42983306166684,179.62736428730716,0.8962107164557717,-20.80246877435968,209.13228104645842,209.26412033850883,1.0006304110077637,0.13183929205041522,1.1430454155553087,26.171675806763005,1.3107187069998698,49.60810931117129,1.1466899645130049,23.436433504408285
156.8535072813954,109.63311090262789,0.6989522440575456,-47.220396378767504,156.6107676087112,200.68229550466262,1.2814080319564185,44.07152789595142,163.62686320959395,246.84805010324342,1.5086034484878517,83.22118689364947,1.043182687117395,6.773355928198555,2.2515830123846876,137.21493920061553,2.1583784318798847,130.44158327241698
136.82023513861822,127.43345043518663,0.931393300896454,-9.386784703431587,176.85399670502238,208.14471572746606,1.1769296685708153,31.29071902244368,239.13893515929544,220.03078135011324,0.9200960153291062,-19.1081538091822,1.7478330958649058,102.31870002067723,1.7266328471740011,92.59733091492662,0.987870553120283,-9.721369105750611
151.34603113738245,159.3765821229259,1.0530608627473939,8.030550985543442,190.59140241375476,187.82501819980487,0.9854852622997948,-2.766384213949891,195.97198370042392,248.1205105783835,1.2661019493361731,52.14852687795957,1.2948604084803044,44.625952563041466,1.5568191215633556,88.74392845545759,1.2023065276901126,44.117975892416126
150.45351639353729,152.9103061289954,1.0163292277531881,2.456789735458102,178.58619360178645,190.8251406707071,1.0685324370382807,12.238947068920652,215.8907995999327,233.76097377556246,1.0827741349272177,17.870174175629757,1.434933558051464,65.43728320639542,1.5287457052002846,80.85066764656708,1.0653773456077025,15.413384440171654
116.11253375179281,121.52992551672331,1.046656390915652,5.4173917649305,216.9149090738637,200.72539034455818,0.9253646565907894,-16.18951872930552,198.7936308106329,215.66416522864156,1.084864562054703,16.870534418008674,1.712077278716377,82.68109705884008,1.7745766263879161,94.13423971191826,1.0365049804985427,11.453142653078174
198.6641896977744,106.69310331113388,0.5370525179874889,-91.97108638664051,180.17902741167998,184.71790715445346,1.0251909437406546,4.538879742773474,161.73943827781113,229.10806049736723,1.4165256349155897,67.3686222195561,0.8141348399218981,-36.92475141996326,2.1473558588810757,122.41495718623335,2.6375923908219883,159.3397086061966
137.5913800220969,173.26848420562408,1.2592975241457531,35.67710418352718,194.16514976800045,186.1953014389544,0.9589532501658053,-7.9698483290460445,169.42130784249647,247.70719994704663,1.4620781948946415,78.28589210455016,1.2313366419850411,31.829927820399575,1.4296148609061725,74.43871574142256,1.1610268160309811,42.60878792102298
152.0734736407122,135.42987167018796,0.8905555218009533,-16.64360197052423,176.25488305303736,199.39361787362327,1.1312799646726563,23.13873482058591,215.9861255038761,214.90157052828954,0.9949785896058999,-1.0845549755865704,1.4202748206709839,63.912651863163916,1.5868107078447125,79.47169885810158,1.1172561005447184,15.55904699493766
131.14315690956195,154.76381806822766,1.180113562272676,23.620661158665712,183.64110886558856,201.35831401214034,1.0964773369971286,17.717205146551777,191.1970868737919,220.53413807335883,1.153438798044722,29.33705119956693,1.4579265238036319,60.05392996422995,1.424972198451038,65.77032000513117,0.9773964429519958,5.716390040901217
166.4022918361577,161.59719514467957,0.9711236147143376,-4.805096691478127,191.22198375964862,181.92437440593017,0.9513779264762526,-9.297609353718457,184.1900899085193,223.86123847458225,1.215381558181367,39.67114856606295,1.1068963526648763,17.787798072361596,1.3853039854692841,62.26404332990268,1.2515209596039734,44.47624525754108
135.8502113126692,149.6270888002615,1.1014122639521247,13.776877487592316,180.17108645903787,185.59812879538313,1.0301216052087199,5.4270423363452664,235.80997180560885,226.33717952774373,0.9598287035729173,-9.472792277865125,1.735808649298859,99.95976049293967,1.5126751535604839,76.71009072748222,0.8714527112026405,-23.24966976545744
198.9637655586716,121.63061394819529,0.6113204261422572,-77.33315161047632,183.18448620305674,210.79778936571526,1.150740402394391,27.613303162658525,174.86984632475045,239.9948093893362,1.3724196277020928,65.12496306458576,0.878902979312501,-24.093919233921156,1.9731447667571127,118.36419544114092,2.2450086223402654,142.45811467506206
155.5538212211053,150.61197099934137,0.9682306086538398,-4.941850221763929,186.07774659706888,196.55437904334812,1.056302446895841,10.47663244627924,206.75445839865893,219.33923601872115,1.0608682285138276,12.584777620062226,1.3291506230809764,51.20063717755363,1.4563200691376672,68.72726501937979,1.0956772271316486,17.526627841826155
169.12613018525795,182.95697010579806,1.0817782557041307,13.830839920540114,200.08603280131183,205.30348561027117,1.0260760470679147,5.217452808959337,197.88751087033083,248.76755679609468,1.2571160034404791,50.88004592576385,1.1700587641517497,28.76138068507288,1.3597052719677227,65.81058669029662,1.1620828915831931,37.04920600522374
164.78673529372242,141.6759926710166,0.8597536228780046,-23.11074262270583,174.48117622770147,185.1084775333978,1.0609080104539614,10.627301305696335,194.87464548602415,235.69833666352596,1.2094869297936943,40.823691177501814,1.1825869669586684,30.087910192301734,1.6636434460059657,94.02234399250938,1.406783173236265,63.93443380020764
139.5728572724786,156.3423698913356,1.1201488093499372,16.76951261885702,178.57250806475585,186.52239658221117,1.0445191065725103,7.949888517455321,213.76268939268482,232.19005377259305,1.0862047742394227,18.427364379908227,1.531549139066276,74.18983212020623,1.4851383788922652,75.84768388125744,0.969696852036817,1.6578517610512051
181.6069544417953,125.7254582519483,0.6922942936760887,-55.881496189847,233.32220457639764,203.78697329274414,0.8734143998970203,-29.535231283653502,177.8726607935199,206.71642558932987,1.162159629631294,28.84376479580996,0.9794374964342447,-3.734293648275383,1.644189080425376,80.99096733738158,1.6787075095769115,84.72526098565696
134.95536649092284,184.69730050206593,1.3685806300595593,49.74193401114309,175.44666722627565,194.311757330439,1.1075260670516631,18.865090104163357,225.32803895465167,244.52330973578842,1.0851881144938198,19.195270781136742,1.6696486017086793,90.37267246372883,1.3239138258712846,59.82600923372249,0.7929296167567368,-30.546663230006345
130.713868666772,149.0340185944776,1.1401545996194868,18.320149927705614,201.73773711349045,195.82207981373026,0.9706764962054062,-5.915657299760198,224.81910699021577,247.5196471371754,1.1009724682695567,22.70054014695964,1.7199330819543384,94.10523832344379,1.6608264976782097,98.48562854269781,0.9656343697924766,4.380390219254025
131.02951328402926,150.69926864068069,1.150116984056972,19.66975535665142,209.07908460403146,201.96914559710578,0.9659940207773964,-7.109939006925686,188.43314243309229,209.40306039300023,1.1112857201718314,20.969917959907946,1.4380969425157726,57.40362914906302,1.3895426453083175,58.703791752319546,0.9662371181163105,1.300162603256524
147.32248163391208,151.4420685049911,1.027963056455402,4.119586871079036,163.39790385757797,200.76593774336175,1.2286934716026392,37.368033885783774,175.46695701630802,212.47992068237764,1.2109397934257766,37.01296366606962,1.1910399218792238,28.14447538239594,1.4030442318963365,61.037852177386526,1.177999331611498,32.89337679499059
144.21632478854607,122.12307447076815,0.8468047889157371,-22.09325031777793,209.48001589089912,199.59402935621497,0.9528070184039277,-9.88598653468415,213.07919240367946,217.53576275700365,1.0209150893761658,4.456570353324196,1.4774970359014628,68.86286761513338,1.7812830515421871,95.41268828623551,1.2056085448965899,26.549820671102125
138.95415875262117,165.09567927371228,1.1881305371193,26.14152052109111,177.41767158667253,218.08235730115612,1.2292031303917659,40.664685714483596,211.54064091190446,210.85198218573137,0.9967445559245522,-0.6886587261730881,1.5223771840359837,72.58648215928329,1.2771502144290505,45.756302912019095,0.8389183888339614,-26.830179247264198
113.24517321107153,184.1424926011836,1.6260515780038625,70.89731939011206,202.33710518520206,204.34943129550877,1.0099454131681127,2.0123261103067023,185.89235583400364,217.87315886096357,1.1720393659194779,31.980803026959933,1.6415035675518723,72.6471826229321,1.183176983124878,33.73066625977998,0.7207885541725995,-38.91651636315213
178.9052022813396,132.5713370795718,0.7410144332812363,-46.33386520176779,191.27564143993536,185.67127466706754,0.9707000497780178,-5.60436677286782,170.93610266708694,217.1835028619511,1.2705537301557357,46.247400194864156,0.9554563002493313,-7.969099614252656,1.6382387599484909,84.6121657823793,1.7146140116727306,92.58126539663195
142.4158497097471,210.37494442403212,1.4771877206981536,67.95909471428502,169.6444938465864,195.70269183467073,1.1536047377502825,26.058197988084316,198.0049117261815,212.89233987071475,1.0751871658876873,14.88742814453326,1.390329181265488,55.58906201643438,1.0119662322600953,2.5173954466826274,0.7278608878359267,-53.071666569751756
176.8433043624144,150.808241850586,0.8527789185703444,-26.035062511828386,218.80400106431713,192.27942269264494,0.8787747105050637,-26.52457837167219,214.99981255110234,204.89234504064999,0.9529884822199557,-10.107467510452352,1.2157645059068325,38.15650818868795,1.358628298602195,54.084103190063985,1.1175094288418965,15.927595001376034
145.17466578149916,184.62315149474617,1.2717311970438459,39.44848571324701,219.74779868449923,196.79035338590515,0.8955282126327235,-22.95744529859408,221.8178465674058,220.3638388044786,0.9934450370633935,-1.4540077629272048,1.5279377112619739,76.64318078590665,1.193587245263493,35.74068730973244,0.7811753296393674,-40.902493476174214
162.8780522613511,147.72497945058734,0.9069667607121835,-15.153072810763746,189.1761631035457,215.7451512705063,1.1404457503053282,26.568988166960622,192.1598811994886,221.83725197117883,1.1544410341349087,29.67737077169022,1.179777622163313,29.281828938137522,1.5016908636320465,74.11227252059149,1.272859253660409,44.83044358245397
139.87395283559638,137.16792873211864,0.9806538383407358,-2.706024103477745,222.59935644200186,206.57767012797504,0.9280245613908535,-16.021686314026823,203.165286370207,225.46225147673826,1.1097479077498593,22.296965106531246,1.4524883457680027,63.29133353461063,1.6436950937493089,88.29432274461962,1.1316408138753125,25.00298921000899
165.70655964518815,167.85130331040793,1.012943022109759,2.144743665219778,213.82436488584244,207.29130344201954,0.9694465995616973,-6.533061443822902,174.86935001718948,220.19600171132356,1.2592029517447083,45.326651694134085,1.0552952785431111,9.162790372001325,1.3118516053707037,52.34469840091563,1.243113308705201,43.18190802891431
159.3725607394281,140.7228370642331,0.8829803349543524,-18.64972367519502,191.61822658833728,190.61480055340985,0.9947634102830775,-1.003426034927429,226.660856886937,217.42473985060374,0.9592513803963053,-9.236117036333269,1.4222075358224577,67.2882961475089,1.54505654083253,76.70190278637065,1.0863790986306574,9.41360663886175
141.11985169642347,122.88109905368212,0.8707570024805831,-18.238752642741346,176.18286833479647,207.60550002692716,1.1783523675662888,31.422631692130693,206.3586456460372,217.8005338241331,1.055446614035847,11.441888178095923,1.462293526852304,65.23879394961372,1.7724494287684087,94.91943477045099,1.2121023557997541,29.68064082083727
168.4174141619375,125.96411885772761,0.7479281135180594,-42.45329530420989,164.76745637667898,208.76107171613936,1.2670042756433981,43.993615339460376,176.6178293285401,227.52966827112616,1.2882599063534017,50.91183894258606,1.0486910169438755,8.200415166602596,1.8063054013668252,101.56554941339854,1.7224381368601884,93.36513424679595
152.87244464003672,176.33676546381585,1.1534895374966347,23.464320823779133,208.70599414302094,220.85264173556644,1.0581998022741106,12.146647592545492,222.2068248047125,225.44526690178154,1.0145739992455909,3.2384420970690257,1.4535440008690577,69.33438016467579,1.278492697247771,49.108501437965685,0.8795693123038413,-20.225878726710107
140.1948143980142,128.11129847888856,0.9138091093382353,-12.083515919125631,167.97467603613387,222.99313003379885,1.3275401703160878,55.01845399766498,212.74688824718586,231.98244540822319,1.0904152221426993,19.23555716103732,1.5175089689351544,72.55207384917168,1.810788339222489,103.87114692933463,1.1932636816592461,31.31907308016295
172.23777477856706,148.18159423121196,0.8603315644417592,-24.056180547355098,197.27451947795836,222.64726852176446,1.1286164534119725,25.372749043806095,222.36437138892018,215.0481382113228,0.9670979971660967,-7.316233177597383,1.2910313761008412,50.12659661035312,1.4512472977971682,66.86654398011083,1.1240991695958695,16.739947369757715
134.9714772497046,133.95257402893432,0.9924509737795545,-1.0189032207702837,212.84504197355008,189.06697551206176,0.8882846119364003,-23.778066461488322,184.53082183047528,219.62064660237897,1.1901569852874767,35.08982477190369,1.3671838346192446,49.55934458077067,1.639540323838346,85.66807257344465,1.1992098519033114,36.10872799267398
108.88146484857715,132.73785315809397,1.2191042189108514,23.856388309516817,169.11903184746703,180.68003812036375,1.0683601729894239,11.56100627289672,222.57286570285495,196.5789294682061,0.8832115669061297,-25.993936234648856,2.044175893595755,113.6914008542778,1.480956070866054,63.84107631011213,0.7244758513715845,-49.85032454416567
129.91859315888158,150.30567918774105,1.1569220042579083,20.38708602885947,171.62233274486212,200.09624054454153,1.1659102713748182,28.47390779967941,212.36109272524016,234.80318091164136,1.1056789070841593,22.442088186401207,1.6345704457062356,82.44249956635858,1.5621710515565932,84.49750172390031,0.955707388237794,2.055002157541736
151.6966502436902,134.32712836590585,0.8854983162127746,-17.369521877784337,189.0850548096724,214.58169223975392,1.1348421611414274,25.496637430081506,179.6972592773384,211.11406937910263,1.1748318824010369,31.41681010176424,1.184582909303977,28.000609033648203,1.57164135009296,76.78694101319678,1.3267466023263885,48.78633197954858
191.01357397071192,165.38619604146956,0.8658347812853772,-25.627377929242357,202.78117788530778,188.23722829016916,0.9282776155715763,-14.543949595138628,210.1664571714034,214.16995301329368,1.019049166531009,4.00349584189027,1.1002697494348135,19.15288320069149,1.2949687346312257,48.78375697182412,1.1769556831826242,29.630873771132627
123.73853409464216,129.21254085640666,1.0442384969388572,5.4740067617645,196.17847780448565,202.21671441638287,1.0307793019880347,6.038236611897219,207.7994465849921,200.78494227550155,0.9662438739622844,-7.0145043094905475,1.6793430446335775,84.06091249034993,1.553912189519073,71.57240141909489,0.9253095694085107,-12.488511071255047
147.37866525342034,146.98735514566593,0.9973448659812358,-0.391310107754407,179.00678227461685,205.45797525635052,1.147766428990129,26.45119298173367,212.90811204182776,216.88271388698527,1.0186681559807202,3.9746018451575083,1.4446331948774833,65.52944678840743,1.4755195348065984,69.89535874131934,1.0213800569159248,4.365911952911915
138.22612559429936,161.39236741543314,1.1675966950642014,23.16624182113378,207.39927424137832,208.12573075095452,1.0035026955240485,0.7264565095761952,191.59890465601165,212.73647336631961,1.1103219705157368,21.13756871030796,1.3861265649473826,53.37277906171229,1.3181321816707963,51.34410595088647,0.9509464828133011,-2.028673110825821
162.41253419560616,135.90175622636963,0.8367688916342656,-26.51077796923653,189.2786753791013,223.6250864723477,1.181459485726297,34.34641109324642,215.58114524823804,228.72182856190656,1.0609546966574337,13.140683313668518,1.3273676586352428,53.16861105263189,1.6829939134923897,92.82007233553693,1.267918426777695,39.651461282905046
162.21015758662293,159.2508053950097,0.9817560611761759,-2.9593521916132204,164.8223657929401,204.58512070102833,1.2412461119387197,39.762754908088226,207.34407067134194,208.1254372523409,1.0037684539445426,0.781366580998963,1.2782434451468723,45.13391308471901,1.3069035144663874,48.874631857331195,1.0224214482994842,3.7407187726121833
134.4710203609555,136.83508683832216,1.017580490361573,2.364066477366663,227.78669620591867,210.75397414707277,0.925225123580315,-17.032722058845906,217.99579618456792,198.99138283398335,0.912822110869999,-19.00441335058457,1.6211358819127721,83.52477582361243,1.454242383527714,62.156295995661196,0.8970515055233118,-21.368479827951234
111.41800849650446,129.92750846565124,1.1661266452247483,18.509499969146788,156.46805756490505,202.91680405149305,1.2968576922949302,46.44874648658799,207.3845146323489,208.8847494265599,1.0072340733678722,1.5002347942109964,1.8613195248311696,95.96650613584444,1.6077022633107942,78.95724096090865,0.8637432970873823,-17.00926517493579
151.32514693694472,166.04185169018714,1.0972522085795475,14.716704753242425,195.00403905755525,195.70578025842715,1.0035985982868016,0.7017412008719077,203.2645544850237,212.21986244229038,1.0440574008584782,8.955307957266683,1.343230511249538,51.939407548078975,1.2781106707859744,46.17801075210323,0.9515199811810514,-5.761396795975742
186.58317385716828,104.02896734794183,0.5575474207957106,-82.55420650922645,194.84924610369717,184.49057252350906,0.9468374972583917,-10.35867358018811,167.83959224967836,230.1261995692871,1.3711079518529283,62.28660731960875,0.8995430229853505,-18.743581607489915,2.2121357679115716,126.09723222134528,2.4591772837835655,144.8408138288352
152.67527902724274,151.3112166953508,0.9910655979109195,-1.3640623318919438,169.9910705744797,230.20724532826125,1.354231399039272,60.21617475378156,227.51628179612362,225.36177420459475,0.9905303146899196,-2.154507591528869,1.490197255546044,74.84100276888088,1.4893923869394095,74.05055750924396,0.9994598912300776,-0.7904452596369254
119.19764787439026,142.63536773672402,1.1966290466321305,23.437719862333765,200.86022511449914,204.34031933463902,1.0173259500140264,3.4800942201398755,193.70314787622667,210.65282243377928,1.0875033510987813,16.949674557552612,1.6250584749822399,74.50550000183641,1.4768624765114478,68.01745469705526,0.9088057440687408,-6.488045304781153
163.70737012439815,201.87199812742492,1.2331271217296214,38.16462800302676,185.6865476323244,216.11876597504568,1.163890269547042,30.432218342721285,189.74081890378727,223.77243163422972,1.1793584160069375,34.03161273044245,1.1590242929173364,26.03344877938912,1.1084867327314059,21.900433506804802,0.9563964616662828,-4.133015272584316
149.9291352455866,99.05371379346336,0.6606702135059448,-50.875421452123234,190.0428315453088,203.67988587531818,1.0717577938568976,13.637054330009391,212.69607572462883,207.94316195121442,0.9776539658420033,-4.752913773414406,1.4186440505791544,62.76694047904223,2.0992969772420262,108.88944815775106,1.4797911966606412,46.12250767870883
133.1653787832557,161.1253520768155,1.2099642831269857,27.959973293559784,190.79417319090877,207.35672356226473,1.0868084705856476,16.562550371355968,161.0378889617391,230.67877899803923,1.432450341253828,69.64089003630014,1.2093074824189072,27.872510178483395,1.431672769211791,69.55342692122375,1.1838782030423722,41.68091674274035
177.64335988230087,134.40923897495603,0.756624053181667,-43.234120907344845,191.94506693361646,212.61061176536495,1.1076638496726545,20.66554483174849,189.11240152168202,215.17434003827717,1.1378118955017718,26.06193851659515,1.0645621747245722,11.469041639381146,1.6008895049124547,80.76510106332114,1.503800851581678,69.29605942394
131.34008812280402,157.9516685452629,1.2026158258518667,26.61158042245887,176.55247534841342,213.93194991040846,1.2117187792934048,37.37947456199504,199.72350031638862,220.16311744861662,1.102339569954707,20.439617132227994,1.5206591008957264,68.3834121935846,1.3938638285769442,62.21144890335373,0.9166182136127059,-6.171963290230877
151.03416393853868,133.3609696931404,0.8829854531946152,-17.673194245398292,188.5445318550858,168.58451280437637,0.8941363143533084,-19.960019050709434,207.0016295435298,215.68349655169467,1.041941056344869,8.681867008164886,1.3705616275518056,55.967465604991105,1.6172910038669932,82.32252685855428,1.180020636325499,26.35506125356318
133.3558493827467,133.33764048628703,0.9998634563347318,-0.018208896459668722,205.25397034011576,198.4036868267094,0.9666253300627748,-6.850283513406367,187.2562965036415,239.6345771604509,1.279714389501401,52.37828065680941,1.404185098519333,53.900447120894796,1.797201272547611,106.29693667416387,1.2798891502571141,52.39648955326908
158.9109470362134,162.46710535855618,1.0223783092899974,3.5561583223427817,183.01222844964457,210.41730014340092,1.1497444838845663,27.405071693756355,191.53584650956236,243.08818413023292,1.2691524253038287,51.552337620670556,1.2053030334399444,32.62489947334896,1.4962301666774351,80.62107877167674,1.2413726052005216,47.996179298327775
165.23917535522978,153.62021255200457,0.9296839700497969,-11.618962803225202,186.20817438931945,210.99762594469334,1.1331276225475726,24.789451555373887,193.2229080625274,227.0951183931536,1.175301213868829,33.87221033062619,1.1693528949605227,27.983732707297634,1.478289312457993,73.47490584114902,1.2641943410144805,45.49117313385139
168.93881586060965,150.37157330856152,0.8900948698055997,-18.56724255204813,178.07007148334105,202.7746817815696,1.138735330942683,24.704610298228545,169.95049039907994,243.74040201337607,1.4341847525183464,73.78991161429613,1.0059884078938082,1.011674538470288,1.620920740871829,93.36882870481455,1.6112717881764427,92.35715416634426
180.3519107533364,165.0758085679105,0.9152983623981744,-15.276102185425884,188.3729752753696,203.299869671456,1.0792411670212556,14.926894396086396,232.8734320789263,233.83894629175344,1.0041460900206938,0.965514212827145,1.2912168831824715,52.5215213255899,1.4165549048063846,68.76313772384293,1.0970696892647434,16.24161639825303
140.62980811988587,164.5289532610682,1.1699436660029323,23.899145141182345,191.28570564068488,217.0029075894829,1.1344439296321793,25.71720194879802,208.9366400942229,221.2183304212415,1.05878188871746,12.281690327018595,1.4857208644991249,68.30683197433703,1.3445556300976447,56.68937716017328,0.9049853591111338,-11.61745481416375
124.4130785232013,158.72439864551464,1.2757854763308887,34.31132012231333,185.58086652922688,223.7612824152787,1.2057346568108565,38.18041588605183,204.14681693214456,214.66379415664355,1.0515167338023923,10.516977224498987,1.6408790728064335,79.73373840894325,1.3524309809234845,55.93939551112891,0.8242112434345271,-23.794342897814346
129.14706646187102,149.64726532385052,1.1587353040499135,20.5001988619795,183.13234530135117,197.39895477432506,1.0779032750850084,14.266609472973897,208.86959312151973,209.52203560445483,1.0031236834102295,0.6524424829351005,1.6173003293356705,79.72252665964871,1.4001060102971463,59.87477028060431,0.8657056360535462,-19.847756379044398
137.67528825121948,115.42212066746852,0.8383648375360939,-22.253167583750965,166.75573943755856,206.77410825346865,1.2399819577478166,40.018368815910094,200.44570731037024,232.44129235786522,1.15962220132733,31.995585047494984,1.455930907111028,62.770419059150754,2.013836611333189,117.0191716903967,1.3831951787665535,54.24875263124595
141.0366733860344,187.15409793390998,1.3269888848104536,46.11742454787557,209.345771142213,182.45266174107147,0.8715373649326191,-26.893109401141544,172.26217475899725,226.6523278514866,1.315740545877722,54.390153092489356,1.22139987156032,31.22550137296284,1.2110465672599096,39.49822991757662,0.99152341134015,8.272728544613784
154.93269847707518,146.34131812671362,0.9445476620828831,-8.591380350361561,202.91595140234645,207.7387821982968,1.0237676277425205,4.8228307959503525,217.7293689767273,216.84994406449024,0.9959609265558885,-0.8794249122370559,1.4053157991625886,62.79667049965212,1.4818094222489155,70.50862593777663,1.0544316253556023,7.711955438124505
172.65432133666505,145.14557123386055,0.8406715227870598,-27.5087501028045,201.38215613190573,200.8298062970426,0.9972572056756541,-0.5523498348631222,190.4981910992618,223.93226114921063,1.1755085959452893,33.43407004994884,1.1033502644153477,17.84386976259674,1.5428115322127733,78.78668991535008,1.3982971518389866,60.94282015275334
144.74347975411806,149.15519552691725,1.0304795475436515,4.411715772799198,194.17173398930433,204.0570754659559,1.0509103012758598,9.885341476651575,203.21841657301385,219.8676894718642,1.0819279727675097,16.64927289885034,1.4039901273496374,58.4749368188958,1.474086696713061,70.71249394494694,1.0499266825299887,12.237557126051144
155.83402239736606,133.29138284345083,0.8553419901051322,-22.542639553915222,193.77424469043115,212.62353780606895,1.097274501808798,18.849293115637806,195.507551408882,219.31694533273992,1.1217824772101168,23.809393923857925,1.2545883652438308,39.67352901151594,1.645394778373071,86.02556248928909,1.311501703631124,46.35203347777315
134.02550918845137,124.66149786280091,0.9301326189144795,-9.364011325650452,203.93708830252783,216.982798157296,1.0639692856427159,13.045709854768177,210.66324114215044,219.1431851232253,1.0402535531832666,8.479943981074854,1.5718145181298273,76.63773195369907,1.7579059202738634,94.48168726042438,1.1183927238217972,17.843955306725306
165.57296736325958,141.95616448207923,0.8573631719158228,-23.616802881180348,201.5951983480787,203.88402493908325,1.0113535769192905,2.2888265910045504,207.27255310082776,209.02841539817373,1.0084712725880876,1.7558622973459705,1.2518502047866376,41.699585737568185,1.4724856518968699,67.0722509160945,1.176247482539524,25.37266517852632
149.36581922467045,146.72366726122854,0.9823108661864086,-2.642151963441904,175.15323393955745,176.4612512951206,1.0074678458749697,1.3080173555631518,181.35879078791717,212.64259580282533,1.1724967666524186,31.283805014908154,1.2141920536392874,31.992971563246726,1.4492726345520928,65.91892854159678,1.1936107061549286,33.92595697835006
132.10914718240596,144.7089015367945,1.0953738225029324,12.599754354388551,179.03185925131615,196.86879256147122,1.099629939524431,17.836933310155075,196.85806177104553,226.88490197405713,1.1525304065928177,30.026840203011602,1.4901168160539204,64.74891458863956,1.567871081630511,82.17600043726262,1.0521799799444562,17.42708584862305
152.72133166619767,152.90408142155266,1.0011966223274849,0.18274975535499038,189.1139488450198,194.6031869114353,1.0290260877102935,5.48923806641551,211.7954805789136,230.7746272173566,1.0896107253401541,18.979146638442984,1.3868100694789254,59.07414891271594,1.5092770910484516,77.87054579580393,1.0883084311722235,18.796396883087994
145.52053116041304,149.9237050430854,1.0302580938068358,4.403173882672348,177.55237771101318,199.67610626507812,1.1246039554033676,22.12372855406494,217.53347727332047,226.92489216808644,1.043172274044818,9.391414894765973,1.4948645083869623,72.01294611290743,1.5136024826952634,77.00118712500105,1.0125348981149604,4.988241012093624
110.10408417254648,147.446798414855,1.3391583021006557,37.34271424230853,178.45116300537006,188.81057797178894,1.058051820968559,10.359414966418882,190.79087141437648,201.53352527641246,1.056305911191653,10.74265386203598,1.7328228362118157,80.68678724183,1.3668219821862766,54.08672686155745,0.7887834541552636,-26.600060380272552
136.49521803812542,153.97425909047138,1.1280560689493442,17.479041052345963,173.93817578198346,191.69827248579864,1.1021058006614715,17.76009670381518,203.6170469971835,213.41826673394795,1.0481355558451844,9.801219736764438,1.491752238091666,67.12182895905809,1.3860645798499915,59.44400764347657,0.9291520028976956,-7.677821315581525
131.72461321162112,152.63183778201815,1.1587191949981945,20.907224570397034,194.29301434055205,201.20229839613918,1.0355611552944293,6.909284055587136,212.84115233678122,226.77232149770967,1.0654533627918203,13.931169160928448,1.615803965162099,81.1165391251601,1.4857471730215002,74.14048371569152,0.9195095476031021,-6.976055409468586
147.70275179448265,144.6797187746262,0.9795329945913074,-3.023033019856456,165.101878949797,209.50343633598195,1.2689342948040359,44.40155738618495,188.92811602856605,202.92479040734312,1.0740846554393246,13.996674378777072,1.2791103329709483,41.2253642340834,1.4025793810357605,58.24507163271693,1.096527285318722,17.01970739863353
138.01296818707866,175.57245535034153,1.272144622760018,37.55948716326287,209.0396911917028,191.20751149729347,0.9146947663730709,-17.83217969440932,154.73643023698628,217.0020902287296,1.4023981934724774,62.26565999174332,1.121173120682679,16.723462049907624,1.2359688756172964,41.42963487838807,1.1023889645737481,24.706172828480447
119.29974569345723,180.51155949413769,1.5130925757207,61.21181380068046,229.09402014129674,205.82658364996965,0.8984371723147702,-23.26743649132709,172.58968033092458,201.67016907369484,1.1684949452772098,29.080488742770257,1.44668942358349,53.289934637467354,1.1172147071292922,21.15860957955715,0.7722560826925244,-32.1313250579102
193.04001615917744,168.9570717828168,0.8752437714442467,-24.082944376360643,173.79446591765335,184.50931441331173,1.0616524147594852,10.714848495658373,194.0985267631901,226.16093574683737,1.1651862562705846,32.06240898364726,1.005483373991949,1.0585106040126675,1.338570403478301,57.20386396402057,1.3312705491727195,56.1453533600079
172.4144107163846,147.88714159009535,0.8577423486564838,-24.52726912628924,192.0139103382182,219.90562370547468,1.1452588164999469,27.89171336725647,235.25954435732515,208.75346383749925,0.8873326028398363,-26.5060805198259,1.3645004694202651,62.84513364094056,1.4115727817372352,60.8663222474039,1.0344978351945673,-1.9788113935366596
160.70527034654552,183.6584088985145,1.1428275407674728,22.953138551968976,201.407931304141,190.46338992474853,0.9456598292404613,-10.944541379392462,212.4461786256231,218.8831614248053,1.03029935789302,6.4369827991822035,1.3219614899219128,51.74090827907759,1.1917949346155734,35.224752526290814,0.9015352895688148,-16.516155752786773
141.92031110966923,141.8584319358409,0.9995639864840734,-0.061879173828316425,208.46641926374784,205.90080706776848,0.9876929233732682,-2.565612195979355,200.19369977922858,222.1976476108871,1.1099132882599414,22.003947831658508,1.4106064044950442,58.27338866955935,1.5663337355327713,80.33921567504618,1.1103974365503275,22.065827005486824
147.23155314368844,128.18194157809077,0.8706146124329308,-19.049611565597672,205.66494421776554,202.33006289312712,0.9837848820696087,-3.334881324638417,189.8044127303223,214.00456387336968,1.127500466374464,24.20015114304738,1.2891558139381,42.572859586633854,1.6695375435781974,85.8226222952789,1.2950626491596164,43.24976270864505
179.93627006681774,142.53647008174053,0.7921497429551634,-37.39979998507721,185.8300219399425,193.17341708348224,1.0395167318330998,7.3433951435397375,191.98070524866253,210.12813754090863,1.0945273759086398,18.147432292246094,1.0669372282607181,12.04443518184479,1.4742061271785827,67.5916674591681,1.3817177694528284,55.5472322773233
136.94303476080765,150.6048976927738,1.0997631092068956,13.66186293196614,182.94782451319642,208.7429497197197,1.1409971683192255,25.795125206523267,187.2426311567226,197.45461409993547,1.054538770792349,10.21198294321286,1.367303064984437,50.29959639591496,1.3110769777403433,46.84971640716168,0.9588781092619478,-3.449879988753281
140.16925832122286,158.99118554643974,1.1342799944199111,18.821927225216882,180.54424673269878,191.65870386122052,1.0615608490974349,11.114457128521735,184.9771491119515,221.42210544532904,1.1970241000488142,36.44495633337755,1.3196698857323148,44.807890790728635,1.3926690632837244,62.4309198988893,1.055316241084717,17.623029108160665
170.4656872592081,175.1084682683855,1.0272358683077238,4.642781009177412,190.42921961030916,200.70892704281314,1.0539817757670813,10.279707432503983,225.41070974195227,246.3851495032458,1.0930498811937766,20.974439761293524,1.322323063169865,54.94502248274418,1.4070430284708781,71.27668123486029,1.0640690370308772,16.331658752116113
165.65105045598227,177.6792908266024,1.072611917265302,12.028240370620125,167.62526328980732,185.3629092090902,1.1058172591121678,17.73764591928287,211.21926626960416,216.32049246901207,1.0241513299875618,5.101226199407904,1.2750855831471501,45.56821581362189,1.2174772392586803,38.64120164240967,0.9548200178483066,-6.927014171212221
149.12096468269587,120.6737026607356,0.8092336507982548,-28.44726202196027,200.30647201709417,196.78190372101344,0.982404121741109,-3.52456829608073,173.1765190078534,222.05223514488753,1.2822306188913388,48.875716137034146,1.1613157102111273,24.055554325157516,1.8401045981755404,101.37853248415193,1.5844998754395643,77.32297815899442
146.3260875056194,151.8608275948902,1.0378246981356503,5.534740089270798,187.0996993021877,179.6711544971281,0.9602963295357217,-7.428544805059602,192.23684137160146,239.04899509125494,1.2435129155558884,46.81215371965348,1.3137564507369128,45.91075386598206,1.57413204495995,87.18816749636474,1.198191677062356,41.27741363038268
135.44156388045027,145.97187077772048,1.077747971860137,10.530306897270208,157.61445334444383,191.34581520556495,1.2140118570687553,33.731361861121115,203.71751488728023,215.9572455116714,1.0600818767653022,12.239730624391171,1.5040989564111564,68.27595100682996,1.4794442543010329,69.98537473395092,0.9836083244356802,1.7094237271209636
126.89562572657826,146.94008310146194,1.1579601917726734,20.044457374883677,187.39889270714013,192.56472611409734,1.0275659761502975,5.165833406957205,211.59043184567395,220.09017103330544,1.0401707161968028,8.49973918763149,1.6674367665090948,84.69480611909569,1.4978225572482728,73.1500879318435,0.898278475881324,-11.544718187252187
142.9718484293049,140.56574730906812,0.9831708049754526,-2.406101120236798,186.40196012578437,191.76421317646205,1.0287671494820076,5.36225305067768,161.6850826218615,214.40387124348308,1.3260584573835845,52.71878862162157,1.130887544633024,18.713234192556598,1.5252924367987304,73.83812393441497,1.3487569511552908,55.12488974185837
146.93692481911262,133.1868411664815,0.9064218631936241,-13.750083652631105,180.83451015095866,197.6819750269241,1.0931650980883094,16.847464875965443,213.72346696030817,218.9354957319913,1.0243867874960642,5.212028771683123,1.4545252476422346,66.78654214119555,1.6438222711380719,85.74865456550978,1.1301435116390623,18.962112424314228
166.92970191077654,154.27426504859756,0.9241870277289341,-12.655436862178988,201.72184581057058,184.19792018175733,0.9131282704736436,-17.52392562881326,209.15857298545242,216.51259491810234,1.0351600311078877,7.354021932649914,1.252973980012539,42.22887107467588,1.4034265199701275,62.23832986950478,1.120076348238359,20.0094587948289
135.64221167570793,156.05637090545966,1.1505000469806383,20.414159229751732,198.8382379880289,199.89750207413786,1.005327265503996,1.0592640861089535,187.57241490425432,216.05441171557803,1.1518453383769796,28.48199681132371,1.3828469219648276,51.93020322854639,1.384463898923202,59.99804081011837,1.001169310162022,8.067837581571979
128.8557370571998,138.43693602818632,1.0743560138632662,9.58119897098652,225.19657155676123,205.59646354287074,0.9129644475562088,-19.60010801389049,219.08163250824884,221.7002031922369,1.011952488458335,2.618570683988054,1.7002086015851763,90.22589545104904,1.6014526870711574,83.26326716405057,0.9419154129546548,-6.962628286998466
131.89024118182908,140.0496982197205,1.061865510023918,8.159457037891428,204.7934274602826,191.19026131183603,0.9335761585850466,-13.603166148446576,180.66771545186813,233.9016615036293,1.2946511274502903,53.233946051761166,1.3698338393573222,48.77747427003905,1.6701332775217177,93.85196328390879,1.2192232587167546,45.07448901386974
128.083849338405,180.665523452771,1.4105254049278464,52.581674114365995,215.47472099795937,222.79633100670495,1.0339789743076866,7.32161000874558,222.89136174480768,229.28001327758827,1.0286626250688669,6.388651532780585,1.740198806454635,94.80751240640268,1.2690855947262452,48.61448982481727,0.7292762125907876,-46.19302258158541
141.11892032812978,154.51391456165626,1.0949199030319992,13.39499423352649,171.8261485100575,195.2839078358371,1.1365203115427251,23.45775932577962,184.88727557258008,223.69245373137483,1.209885607533663,38.805178158794746,1.3101522825052807,43.768355244450305,1.4477172128217228,69.17853916971856,1.1049991914324568,25.410183925268257
134.75241322622207,185.19875476821656,1.3743631771351306,50.446341541994485,192.1755838738308,209.86077856151215,1.0920262310704998,17.68519468768136,190.6923235585276,206.4179829785685,1.0824661377373923,15.725659420040898,1.4151310465838836,55.939910332305516,1.114575436735029,21.21922821035193,0.7876128782741402,-34.72068212195359
112.80329551175704,133.85692534811878,1.186640201785305,21.053629836361736,191.8591410468854,207.0744827002935,1.0793047522801629,15.215341653408075,172.10709070225025,223.6872123886059,1.299697830437391,51.58012168635565,1.5257275057563562,59.303795190493204,1.671091815435529,89.83028704048712,1.0952754073913813,30.526491849993917
162.0035851545567,176.10666202400384,1.0870541035001933,14.103076869447136,191.08379655891108,202.98844567875122,1.0623006729729172,11.904649119840144,173.90750041222134,206.43129139221605,1.1870177588827509,32.523790979994715,1.0734793322401348,11.903915257664636,1.1721946746346192,30.324629368212214,1.0919583073746613,18.42071411054758
184.21604833757453,168.69400424992423,0.9157400007886052,-15.5220440876503,198.3178412738628,204.6651735864457,1.032005856214508,6.347332312582893,211.09203886098635,218.5889287689163,1.0355147922601997,7.496889907929955,1.1458938608549554,26.875990523411815,1.2957717717404558,49.89492451899207,1.1307956312582703,23.018933995580255
173.50309173884986,183.6870543255708,1.0586961447468006,10.183962586720952,174.1196292795611,204.027190856463,1.1717644455174163,29.907561576901884,200.07267918828242,218.2422341498507,1.090814773087881,18.16955496156828,1.153136103703697,26.56958744943256,1.1881198430186242,34.55517982427989,1.0303379099852696,7.985592374847329
140.01050727834897,142.5779135665142,1.01833724009771,2.5674062881652446,179.8575025729202,197.66426556540682,1.0990048384846618,17.806762992486625,157.6673731989712,211.8985809513978,1.3439596071914546,54.2312077524266,1.1261110059798538,17.656865920622238,1.486194990871042,69.32066738488359,1.3197588718865874,51.663801464261354
160.00713731904457,121.81049342435706,0.761281624465753,-38.19664389468751,201.74538052651937,176.97933362593517,0.8772410707201858,-24.7660469005842,189.71406584741132,227.78969176719875,1.2007000680192685,38.07562591978743,1.1856600213347541,29.706928528366745,1.8700334048696188,105.97919834284168,1.577208787696521,76.27226981447494
134.16132450441043,155.39233346544083,1.1582498461420039,21.231008961030398,196.28595414593556,205.7732050524174,1.0483338247393301,9.487250906481847,186.74008093415577,210.61171246413846,1.1278334646240182,23.871631529982693,1.3919069569711713,52.57875642974534,1.3553545903278323,55.219378998697636,0.9737393606230133,2.6406225689522955
169.43153328006588,176.95832427147855,1.0444237908121334,7.526790991412668,183.98421474890333,179.4044711402856,0.9751079536096723,-4.579743608617719,212.37400347858593,221.40394775416644,1.0425190660234975,9.029944275580505,1.2534502838237158,42.942470198520056,1.2511643555942706,44.44562348268789,0.9981762912666373,1.503153284167837
147.2250789881286,137.17305720270033,0.9317234410433647,-10.052021785428252,202.2562833703699,215.13206352546874,1.063660717682233,12.875780155098823,195.59885174178376,209.7124628022154,1.0721558993560119,14.113611060431651,1.3285701939243366,48.373772753655174,1.5288167157514303,72.53940559951508,1.1507233285398377,24.165632845859903
122.36507829366191,141.81324433607782,1.1589355910494543,19.448166042415906,156.49370277618775,189.63544945342184,1.211776870821648,33.141746677234096,217.1609977529663,227.0018295031416,1.0453158341138673,9.840831750175312,1.7746974936084725,94.79591945930439,1.6007096556170635,85.18858516706379,0.9019619745798809,-9.607334292240594
151.17004016867938,142.54959758464238,0.9429751915497404,-8.620442584036994,217.84355313805395,173.8655995197656,0.7981213903979145,-43.97795361828835,206.423445684202,220.69760887322528,1.0691499124128598,14.274163189023284,1.3655049998919724,55.253405515522616,1.5482162883145325,78.1480112885829,1.1338049208439476,22.894605773060277
135.8113795785097,141.8905015591226,1.0447615067270464,6.079121980612911,178.99095642781057,183.4025392466365,1.0246469593038081,4.411582818825934,204.51740929246827,237.38436079273637,1.1607049082714862,32.8669515002681,1.5058930255122036,68.70602971395857,1.673010935787154,95.49385923361376,1.1109759507771864,26.78782951965519
147.3769807121678,144.22956739010235,0.9786437928986178,-3.1474133220654608,201.39239523134356,213.49105863286567,1.0600750757625388,12.098663401522117,185.01423283772075,216.29234406110194,1.1690578651363313,31.278111223381188,1.2553808060368652,37.63725212555295,1.4996394149619066,72.0627766709996,1.1945693352570412,34.42552454544665
140.51966250577757,166.1454050941271,1.1823641057157814,25.62574258834954,194.98944073072266,182.1779965947835,0.934296728643724,-12.811444135939155,189.61873168599018,231.96537971746451,1.2233252361459765,42.34664803147433,1.3494106682628408,49.09906918021261,1.3961588620885912,65.8199746233374,1.0346434150294155,16.720905443124792
137.57209255947203,158.7032505484909,1.15360061474593,21.131157989018874,185.4465482055854,178.17217849364638,0.9607737659054475,-7.274369711939016,196.34697321284125,205.10728192919169,1.0446164693705475,8.760308716350437,1.427229676890762,58.77488065336922,1.2923949649444786,46.404031380700786,0.9055269700949446,-12.370849272668437
154.66968081565003,138.7018767082395,0.8967618991440056,-15.96780410741053,188.87344747709804,219.08916451058067,1.1599786388033524,30.215717033482633,180.95216147371175,215.94567790818633,1.1933854569598956,34.99351643447457,1.1699265203074136,26.28248065806173,1.5569052346885672,77.24380119994683,1.3307718114463034,50.9613205418851
158.67216838084408,129.95547215541663,0.8190186942142128,-28.716696225427455,185.64801740227313,190.90947548833722,1.0283410410716278,5.261458086064096,187.59335051776233,226.11876939639475,1.2053666549070172,38.52541887863242,1.1822700378525224,28.921182136918247,1.7399711273871892,96.16329724097812,1.4717205644047922,67.24211510405988
133.80365734650508,146.18110724280555,1.0925045708148857,12.377449896300476,189.2787281156042,192.9671291731992,1.0194866115929428,3.6884010575950015,204.61893893143346,207.35127807705,1.0133533052213322,2.7323391456165496,1.5292477275231824,70.81528158492839,1.4184546962874027,61.17017083424446,0.9275506320907054,-9.645110750683926
158.49790741403692,149.58885989993175,0.9437907562348286,-8.909047514105168,204.83600307841857,199.28809250549116,0.9729153542856259,-5.547910572927407,210.7145431401307,214.26749432497635,1.0168614426507945,3.5529511848456536,1.3294468461952031,52.216635726093784,1.4323760102745065,64.6786344250446,1.0774225493662122,12.461998698950822
126.72075108801994,150.71665283803603,1.1893604760387555,23.99590175001609,162.87349682304475,188.89187978245377,1.159745959084288,26.018382959409024,209.54826458233882,192.35034071842725,0.9179285788971356,-17.19792386391157,1.6536223371718108,82.82751349431888,1.276238140221518,41.63368788039122,0.7717833217010525,-41.19382561392766
152.23299445793694,149.6494031365079,0.9830287032674583,-2.583591321429026,198.74119824359892,229.51052537527315,1.154821080901203,30.76932713167423,204.88507770621496,196.06555736227838,0.9569538180004359,-8.819520343936574,1.3458651223130618,52.65208324827802,1.3101659829770946,46.41615422577047,0.9734749502427011,-6.235929022507548
165.50642773774098,131.2407706024917,0.7929647953640439,-34.265657135249285,200.93069660243,206.37757754213075,1.0271082568855976,5.446880939700748,205.70511553276165,209.55019407396034,1.0186921872664187,3.8450785411986885,1.2428829402246475,40.198687795020675,1.5966851848855412,78.30942347146865,1.2846625641164122,38.11073567644797
151.3711437992571,169.44104235119178,1.1193747903226412,18.06989855193467,185.3872264856975,215.94297498208275,1.1648212181368525,30.555748496385235,189.58671737325244,231.03204509101917,1.2186088154908576,41.44532771776673,1.2524627390321859,38.21557357399533,1.3634951832518292,61.59100273982739,1.0886512953714227,23.37542916583206
174.3361605800313,201.58100136212724,1.1562776230212368,27.244840782095935,185.97791285043618,194.41790720864728,1.0453817027455221,8.439994358211095,187.41761303487178,212.06775193082242,1.131525199242422,24.650138895950647,1.075035795278027,13.081452454840473,1.0520225145119526,10.486750568695186,0.9785930097703187,-2.5947018861452875
132.77656521854234,188.85446194413797,1.4223478490597699,56.07789672559562,200.3284759942695,175.88951317955366,0.8780055471723605,-24.438962814715836,224.82119061505432,221.94675552639464,0.9872145722527492,-2.8744350886596806,1.6932294508824806,92.04462539651198,1.175226432256841,33.09229358225667,0.6940739376133189,-58.9523318142553
165.74126473999442,158.72001440578813,0.9576372827538101,-7.021250334206286,183.15708902796158,202.52461531638775,1.1057427063905205,19.367526288426177,152.5066461901637,189.06825958686093,1.2397378364160456,36.561613396697226,0.9201489226560903,-13.234618549830714,1.19120616448209,30.348245181072798,1.294579752420477,43.58286373090351
158.935351681121,231.97840651974855,1.459577142945372,73.04305483862754,165.4267736120805,196.34070374050202,1.1868738019452252,30.913930128421526,218.03328840920526,231.17377240829572,1.060268246628599,13.140483999090463,1.371836322775156,59.09793672808425,0.9965314266809384,-0.8046341114528275,0.7264215199266669,-59.90257083953708
132.4522318438999,153.19431160967156,1.156600454949049,20.74207976577165,215.95348300734054,188.18379431466215,0.8714089335075255,-27.769688692678386,231.59613395077176,230.03379531668463,0.9932540383665506,-1.5623386340871264,1.7485257192473493,99.14390210687185,1.501581833552637,76.83948370701307,0.8587702296989894,-22.304418399858776
175.19338716628326,145.4457972926963,0.8302014113960119,-29.747589873586946,183.8598902064705,203.6789854787738,1.1077945562245626,19.819095272303286,233.58515228884437,189.05872113405098,0.8093781615890836,-44.526431154793386,1.3332989108038598,58.39176512256111,1.2998568858857273,43.61292384135467,0.9749178337676959,-14.77884128120644
149.44303002120955,155.54861855928934,1.040855625968058,6.105588538079786,184.36390221030305,196.50024690135055,1.0658282046840364,12.136344691047498,227.75437553532643,223.0199420976604,0.9792125467335678,-4.734433437666041,1.5240213980070039,78.31134551411688,1.4337635664225041,67.47132353837105,0.940776532598209,-10.840021975745827
161.80576673876183,146.7132691062844,0.906724599891149,-15.092497632477432,170.99965972980695,213.51757568586245,1.2486432781400687,42.517915956055504,209.22879389639536,196.41033947790382,0.9387347497455876,-12.818454418491541,1.2930861372462628,47.42302715763353,1.3387360303151385,49.69707037161942,1.0353030565822097,2.274043213985891
158.6989631768407,173.28547988941455,1.091913119157054,14.586516712573854,207.4252239856854,193.60599414907347,0.9333772934116942,-13.819229836611925,227.9913799488827,211.27688641852328,0.9266880461265381,-16.71449353035942,1.4366280370390851,69.292416772042,1.2192417192332194,37.99140652910873,0.8486829490994046,-31.301010242933273
141.61550650677657,163.65574348761416,1.1556343477102413,22.04023698083759,177.25507805788288,209.54410465834601,1.182161362902783,32.28902660046313,224.9869880991796,210.46761131717344,0.9354657044628479,-14.519376782006162,1.5887171796996225,83.37148159240303,1.2860386493743932,46.811867829559276,0.809482433882627,-36.55961376284375
109.85747717457508,131.0338573354138,1.1927623017155877,21.176380160838733,212.36654629706356,208.5024496291036,0.9818045886447917,-3.8640966679599558,198.965730537869,232.8751081825487,1.1704282318015853,33.909377644679694,1.8111259757193545,89.10825336329393,1.7772132555515543,101.84125084713489,0.9812753388651883,12.732997483840961
132.65090511187245,115.7263992118953,0.872413189448623,-16.92450589997715,218.16037833440728,172.69234627734565,0.7915843729086043,-45.468032057061635,173.02915740767654,222.85631593117026,1.28796972296464,49.82715852349372,1.3043948494867086,40.37825229580409,1.9257171868202676,107.12991671927496,1.4763299529878204,66.75166442347087
141.45390703475076,154.6512236210165,1.0932976462998902,13.197316586265742,172.84200468841735,193.87875817637732,1.1217108857646205,21.03675348795997,169.83472729310984,211.1368287091891,1.2431899651759555,41.30210141607927,1.2006365243159158,28.38082025835908,1.3652451223185564,56.485605088172605,1.1371011081779552,28.104784829813525
109.7281638257683,135.17578205320115,1.23191510128466,25.44761822743284,177.81974434831443,199.99506194693262,1.124706722978867,22.175317598618193,189.92943406703876,205.0259495085251,1.0794848650797209,15.096515441486332,1.7309087060694637,80.20127024127045,1.5167358116547311,69.85016745532394,0.8762656322290533,-10.351102785946509
139.61318983556316,129.7376413614151,0.9292649320183893,-9.875548474148076,177.43834407221448,189.0431852143187,1.0654021046171465,11.60484114210422,180.80363933010912,203.8176234373003,1.1272871729377778,23.01398410719119,1.295032650876756,41.19044949454596,1.570998372550321,74.07998207588523,1.2130955705917779,32.88953258133927
141.13088233219761,142.86993560483555,1.0123222730836792,1.739053272637932,198.19666062690416,188.28220567471854,0.9499766801275773,-9.914454952185622,183.18393598908384,217.66908766134148,1.1882542346634186,34.48515167225764,1.2979720169105202,42.05305365688622,1.5235471811465862,74.79915205650593,1.1737904679740232,32.74609839961971
173.783015604537,145.47030796335773,0.8370801223428642,-28.312707641179287,204.72181514096846,190.28566636516675,0.929484072003459,-14.436148775801712,184.23483337660727,214.51949747059152,1.1643807717516548,30.284664093984247,1.0601429186604434,10.451817772070257,1.4746617400756894,69.04918950723379,1.3910027734175845,58.597371735163534
150.89758216854332,144.47619996043582,0.9574454267866584,-6.421382208107502,226.55570309449726,191.53777589546826,0.8454334774153848,-35.017927199029,161.055399486117,214.6142876992585,1.3325494729393303,53.5588882131415,1.067315971346897,10.157817317573688,1.4854646492503936,70.13808773882269,1.3917759024778902,59.980270421249
137.63208704238244,151.10191503365888,1.0978683698019382,13.469827991276446,192.8479877193541,186.17135279281806,0.9653787679845933,-6.676634926536053,189.89267524680517,213.88411782513518,1.1263421169202452,23.99144257833001,1.3797122410003824,52.26058820442273,1.4154957452226278,62.782202791476294,1.0259354836167143,10.521614587053563
141.3143789772016,180.30237477120295,1.2758954614257003,38.987995794001336,181.64516134404062,190.20296972860922,1.0471127792298298,8.557808384568602,179.3268816377794,231.090208959994,1.2886534737539843,51.76332732221459,1.268992461600177,38.01250266057778,1.2816814490282722,50.78783418879104,1.0099992614708637,12.775331528213258
129.38529431702102,145.00173651645483,1.120697195781541,15.616442199433806,206.9127205509707,198.2628928617603,0.958195766474978,-8.649827689210412,182.13984230240885,220.33397683906142,1.2096967585666316,38.19413453665257,1.4077321790228197,52.75454798538783,1.5195264700437423,75.3322403226066,1.0794144601415057,22.577692337218764
143.09298936185004,176.6835079357111,1.2347460817169609,33.59051857386106,188.93480875514445,194.31578075514994,1.0284805750483974,5.3809720000054995,198.68291418534287,225.75939871112993,1.1362798841400552,27.076484525787066,1.3884881088263408,55.58992482349282,1.2777615825540198,49.07589077541883,0.9202538894150735,-6.514034048073995
145.94148434052207,139.44763726677238,0.9555037616405371,-6.493847073749691,184.94478485149423,209.1537405305006,1.1308982878238256,24.20895567900638,204.30208568949374,223.00317365521175,1.0915364515374584,18.701087965718017,1.3998904191819794,58.36060134897167,1.5991893303189657,83.55553638843938,1.1423675084893044,25.19493503946771
138.91251239864306,157.3666704360721,1.1328473419620428,18.45415803742904,169.4886291062925,196.8936455279423,1.161692359930902,27.405016421649805,257.62718618766013,209.83227575867548,0.814480330526259,-47.79491042898465,1.8546002929407583,118.71467378901707,1.3333971874553752,52.46560532260338,0.7189674198428307,-66.24906846641369
144.9173798816869,161.33290353553224,1.1132750513930576,16.415523653845327,194.99588904652558,190.34008100556738,0.9761235579697409,-4.655808040958192,190.82718846915432,210.69764086868233,1.104127994333155,19.870452399528006,1.3167998802141536,45.90980858746741,1.3059805920016676,49.36473733315009,0.991783650367035,3.454928745682679
147.53063530450626,166.50064675833934,1.1285835407315816,18.97001145383308,210.810718944154,190.51536576082682,0.9037271288434644,-20.295353183327165,220.38165483130402,218.74540590219416,0.9925753850502559,-1.636248929109854,1.4938026558106507,72.85101952679776,1.313781118338137,52.24475914385482,0.8794877377060087,-20.606260382942935
141.52034764314513,134.65158540247205,0.95146449005345,-6.868762240673078,193.47038638906622,204.13708539727872,1.0551334972100688,10.666699008212504,204.6078522324417,214.43402020026724,1.0480243932997384,9.82616796782554,1.445783985412308,63.08750458929657,1.5925101777251742,79.78243479779519,1.1014855564823696,16.69493020849862
167.6700078193701,207.96000687751166,1.2402934167066164,40.28999905814155,179.89454041242902,209.69546361092208,1.1656577410863664,29.800923198493052,212.52272710188677,214.34896596213866,1.008593146178556,1.826238860251891,1.2675059175212553,44.85271928251666,1.0307220565172903,6.388959084627004,0.8131891474976137,-38.463760197889656
116.88518789537613,167.40809847656394,1.4322439095226576,50.5229105811878,198.4985252378515,190.64917806874016,0.9604563955338921,-7.849347169111354,217.5879623531376,213.7329511219613,0.9822829756320813,-3.85501123117632,1.861552915908391,100.70277445776148,1.2767181102166485,46.32485264539736,0.6858349818079934,-54.37792181236412
138.55298462810575,136.3187033317403,0.9838741741842476,-2.2342812963654524,153.89802155544203,186.1475934133748,1.2095515688375162,32.24957185793278,210.07313085641343,227.77898712063333,1.084284249927812,17.705856264219904,1.5161934722682233,71.52014622830768,1.670929825134256,91.46028378889304,1.1020558099584397,19.940137560585356
144.85983208807173,136.0310668417486,0.9390530479080259,-8.828765246323115,154.55652466620595,190.08141896727633,1.2298504988889543,35.52489430107039,176.84603632861868,216.92317338121495,1.226621630230514,40.07713705259627,1.220807961596283,31.986204240546954,1.594659061474332,80.89210653946634,1.306232521115946,48.905902298919386
125.21562128478035,155.18323788992657,1.2393280989836746,29.96761660514622,182.39535827017252,198.71022661560278,1.0894478264148801,16.314868345430256,204.91915491811332,222.91837861579106,1.0878357306561717,17.999223697677735,1.6365302732640814,79.70353363333297,1.4364849042131076,67.73514072586448,0.8777625001387963,-11.968392907468484
154.09292391439388,161.25308629647995,1.0464665229278398,7.160162382086071,206.02162512159998,186.97122755897422,0.9075320488740847,-19.05039756262576,215.42070239902625,228.58894006795722,1.0611280045152731,13.16823766893097,1.397992178529255,61.327778484632375,1.417578697673256,67.33585377147728,1.0140104640389382,6.0080752868449
158.21291409818966,189.61996414964378,1.1985112923965382,31.40705005145412,198.64603736830767,203.2280037420007,1.0230659842723047,4.581966373693035,209.40226223062768,212.53212640401966,1.0149466588376437,3.1298641733919794,1.3235472175215042,51.18934813243803,1.1208320144828956,22.912162254375886,0.8468394626538399,-28.27718587806214
142.1402290509773,123.4622637181277,0.8685947992517241,-18.677965332849595,175.6266169352813,197.37318697290547,1.123822746330289,21.746570037624167,203.56109368556872,217.33750054721705,1.067677013383157,13.776406861648326,1.4321145747736441,61.420864634591425,1.7603557070961582,93.87523682908935,1.2292003294320184,32.45437219449792
106.93113933324317,160.40305862744935,1.5000593805286673,53.47191929420619,182.3803964733778,196.3785356647489,1.0767524331674234,13.99813919137111,204.06793762414065,230.88317108455294,1.131403461869652,26.815233460412287,1.908405155846864,97.13679829089749,1.4393938186727475,70.48011245710359,0.7542391165014484,-26.6566858337939
139.11548145799281,166.6780648656511,1.1981273623811672,27.56258340765828,185.0292657875913,200.70903401356864,1.0847420982796165,15.679768225977341,196.57613606515937,221.4378207637259,1.1264735648803557,24.861684698566535,1.4130428476036818,57.46065460716656,1.3285360670716526,54.759755898074815,0.9401951747780751,-2.700898709091746
177.5910748020307,134.05517873061663,0.7548531303166804,-43.53589607141407,179.97413862858014,184.62072685241165,1.0258180884166967,4.646588223831515,208.1928829613744,204.88091322967185,0.9840918206012017,-3.311969731702561,1.172316138034848,30.601808159343705,1.5283326997861026,70.82573449905522,1.303686480293656,40.22392633971151
136.53796697206164,152.90476078817036,1.1198699100262544,16.366793816108725,203.94582260087816,198.72594391347857,0.9744055621202162,-5.219878687399586,219.80263634443108,233.17984786600576,1.0608601049744124,13.37721152157468,1.6098279564204074,83.26466937236944,1.525000573324503,80.2750870778354,0.9473065536241987,-2.9895822945340456
117.87792842206841,155.5554210417046,1.3196314452077054,37.67749261963618,180.40673993476173,209.87062818199342,1.1633192210994243,29.463888247231694,183.84661585111022,207.64005247962027,1.1294200413663278,23.79343662851005,1.5596356189161833,65.96868742904181,1.3348300630676941,52.084631437915675,0.8558602066265258,-13.884055991126132
143.95247654758552,160.73610032753257,1.1165914208804806,16.78362377994705,216.59170112030748,193.40825019732893,0.8929624228303137,-23.18345092297855,207.43680380642846,198.9708071665557,0.9591875863659522,-8.46599663987277,1.4410089272611943,63.48432725884294,1.2378725548343659,38.23470683902312,0.8590318431871807,-25.24962041981982
134.27333408691473,170.45187583880238,1.269439513049325,36.17854175188765,197.17603771140898,226.6469498369138,1.1494649779332673,29.47091212550481,210.11432745677305,232.14478284161774,1.1048498484206273,22.030455384844686,1.5648254278155236,75.84099336985832,1.3619373896545368,61.69290700281536,0.870344618284855,-14.148086367042964
148.21693258014238,185.61177841297686,1.2522980686610465,37.39484583283448,191.02879733824935,187.48446910678072,0.9814461050854402,-3.5443282314686257,200.84841741225446,202.75780072617763,1.0095065887923032,1.909383313923172,1.355097652581993,52.63148483211208,1.092375723457871,17.146022313200774,0.8061232497720489,-35.485462518911305
139.14319288330697,128.75530218561653,0.9253438814904709,-10.387890697690437,210.0956023312079,205.81254973094005,0.9796137922319964,-4.283052600267865,225.79647353800237,217.3287973578763,0.9624986340687871,-8.467676180126062,1.6227633480235542,86.65328065469541,1.6879211470807645,88.57349517225978,1.0401523728870075,1.920214517564375
125.69686447570139,164.7909985193674,1.3110191666811495,39.09413404366602,178.6442503317377,220.87579023994383,1.2364002190374628,42.231539908206116,182.8950412328987,258.19850923834815,1.4117305067312238,75.30346800544945,1.4550485566666969,57.19817675719732,1.5668241078592824,93.40751071898075,1.0768191210392641,36.20933396178343
118.133924099163,160.38637332254038,1.3576656709372508,42.25244922337738,212.9508214193909,179.31811442851497,0.8420635019545719,-33.63270699087593,189.92710102220462,199.100437218829,1.0482992482234113,9.173336196624376,1.6077270138150799,71.79317692304163,1.2413800068814689,38.71406389628862,0.7721335750499817,-33.07911302675301
146.66648289814884,168.63897434874275,1.1498126294189006,21.972491450593907,175.7748514722501,218.35099361045934,1.242219758865396,42.576142138209235,173.25620991492335,209.98262658350964,1.2119774909460426,36.726416668586296,1.1812938204513943,26.589727016774503,1.2451607191897933,41.34365223476689,1.054065210223477,14.75392521799239
143.37952633762032,140.7032041515463,0.9813340003664679,-2.6763221860740316,215.0264875875323,210.1317256845973,0.9772364699909706,-4.894761902934988,175.84375042412807,211.69082838961444,1.203857560356991,35.84707796548636,1.2264216162219927,32.464224086507755,1.5045203104373512,70.98762423806815,1.2267561909680336,38.523400151560395
146.80673796223385,128.34067791485208,0.8742151736105451,-18.466060047381774,178.49485767381552,189.18889319350046,1.05991228912167,10.694035519684945,236.25010606477585,253.90839714058447,1.0747440556533212,17.65829107580862,1.6092592843085403,89.443368102542,1.9783937662308484,125.56771922573239,1.2293816077506219,36.124351123190394
152.37133391706132,156.56930573605766,1.0275509291090237,4.197971818996336,206.45657057013446,190.5960468390991,0.9231774329718053,-15.860523731035357,211.23537216310623,225.8128633087923,1.069010653833251,14.577491145686054,1.386319635936808,58.86403824604491,1.4422549953019812,69.24355757273463,1.0403480971596963,10.379519326689717
133.49800364719619,128.93797587753286,0.9658419778192758,-4.560027769663321,180.31911406712325,202.2451170959147,1.1215955565344535,21.926003028791456,174.2533981315879,212.2563438544304,1.2180901269663877,38.002945722842526,1.3052884190845178,40.7553944843917,1.646189514065542,83.31836797689755,1.2611691715001347,42.56297349250585
174.8010537160117,165.61496904354638,0.9474483449774315,-9.186084672465313,209.49423638663407,203.2739111848724,0.9703078933862328,-6.220325201761682,223.75043734546094,232.2727875561208,1.0380886415766049,8.522350210659852,1.2800291107453747,48.949383629449244,1.402486676763183,66.65781851257441,1.09566779770071,17.708434883125165
142.6442187397734,168.8582003098493,1.1837717770945784,26.2139815700759,178.92113934217446,209.16274826526433,1.1690220006103071,30.24160892308987,235.89584391749239,213.8505098033538,0.9065463225293225,-22.045334114138598,1.653735748995467,93.25162517771898,1.2664502488534466,44.99230949350448,0.7658117384368874,-48.2593156842145
129.79287881540932,151.73531702493898,1.169057335115712,21.942438209529655,187.45576919375875,223.26328535559125,1.1910184803371988,35.807516161832496,217.57278503207772,233.04518749472342,1.0711136848313292,15.472402462645704,1.6763075680100175,87.7799062166684,1.5358664816077097,81.30987046978444,0.9162199771196949,-6.470035746883951
126.74298631062118,143.5731265782868,1.1327895196221618,16.830140267665627,166.92179213788404,186.0178068365938,1.114400968586149,19.09601469870975,214.47086231473543,236.78187014647006,1.104028153712523,22.311007831734628,1.692171445204164,87.72787600411425,1.6492074512102992,93.20874356818325,0.9746101412385663,5.480867564069001
181.40411921388105,146.7583663332226,0.8090134169455654,-34.64575288065845,201.06465137814538,204.2249907219682,1.015718025630866,3.1603393438228125,192.90332880404063,220.44832404428288,1.1427917051043925,27.544995240242258,1.0633900136336025,11.49920959015958,1.5021175933761988,73.68995771106029,1.4125744779598453,62.19074812090071
148.36432426669123,127.65892623006356,0.860442204425042,-20.70539803662767,192.5702954613606,210.56736204023264,1.093457127101325,17.99706657887205,186.1648306051392,215.49221746997057,1.157534518037059,29.327386864831368,1.254781643264185,37.800506338447974,1.688030941773834,87.83329123990701,1.3452786393834992,50.03278490145904
166.700103748676,169.88248500432297,1.0190904575587119,3.182381255646959,179.55351977074847,203.63251626553014,1.1341048425312152,24.078996494781677,178.25183043012908,221.91002718257866,1.2449242548988166,43.658196752449584,1.0692964576606918,11.551726681453061,1.3062560697586438,52.027542178255686,1.2216032891536464,40.475815496802625
138.1250395823654,148.55160955927767,1.0754864578387673,10.426569976912276,172.6086056613174,222.83990018411558,1.291012689259301,50.23129452279818,212.151326110005,236.9785335547118,1.1170259356843868,24.8272074447068,1.5359367624542613,74.0262865276396,1.5952606252990376,88.42692399543412,1.0386238966961003,14.400637467794525
170.09570064401507,154.14039894444227,0.9061980894334015,-15.9553016995728,207.34220105885734,178.48077088638468,0.8608029140952358,-28.861430172472666,190.47261475071244,208.8822610370602,1.0966524574172618,18.409646286347765,1.1197967616438655,20.37691410669737,1.355142859805033,54.741862092617936,1.2101685825700002,34.364947985920566
167.22122006142095,162.87125747104258,0.9739867787785509,-4.349962590378368,167.78135275215797,189.72690701571165,1.130798529774468,21.945554263553674,204.85898596491597,229.13210447123302,1.1184869601496223,24.273118506317047,1.2250776898390678,37.63776590349502,1.406829590616817,66.26084700019044,1.1483594895941864,28.623081096695415
148.13328752840343,149.83384694540356,1.0114799276069133,1.700559417000136,192.71145677632433,192.43376811184382,0.9985590443395236,-0.27768866448050744,208.4616352977498,241.29765253811658,1.1575158766910105,32.83601724036677,1.4072571990801115,60.32834776934638,1.6104348747452275,91.46380559271302,1.1443784944201587,31.135457823366636
181.09537373294162,160.98305706329612,0.8889407484295827,-20.11231666964551,203.24091070349846,193.46436195388992,0.9518967479737815,-9.776548749608537,184.78501120315187,222.63574724318573,1.2048366141473505,37.850736040033865,1.0203740017989156,3.6896374702102435,1.3829762665995882,61.65269017988962,1.3553621164018352,57.963052709679374
165.55856504778535,108.9993437146245,0.658373329601908,-56.55922133316085,185.3027201904861,205.22095470884474,1.1074902435208898,19.918234518358645,168.65378271028624,218.19717219396327,1.29375795008869,49.54338948367703,1.018695605761064,3.095217662500886,2.00182097210818,109.19782847933877,1.9650825632183093,106.10261081683788
121.33975885355176,126.54387295029518,1.0428887789617616,5.2041140967434245,169.3013646365806,232.3257683168539,1.3722616401560639,63.02440368027331,196.6497686831557,219.63339489432994,1.116875938197546,22.983626211174226,1.620654025862188,75.31000982960396,1.735630416342632,93.08952194403476,1.0709444388781724,17.7795121144308
156.6270189360464,159.69200884623976,1.019568717651741,3.0649899101933613,179.0759040865039,180.90158234151545,1.0101949967212207,1.8256782550115531,215.3884500449486,214.63340011562127,0.9964944734540326,-0.7550499293273276,1.3751679085004838,58.7614311089022,1.3440459648940988,54.94139126938151,0.9773686228321594,-3.820039839520689
179.54306407149411,132.71002874585287,0.7391543050251592,-46.83303532564125,205.44345959964582,190.6911712379557,0.9281929520149321,-14.75228836169012,204.9180591505348,223.5459815229176,1.0909042494819774,18.627922372382812,1.1413309682012351,25.374995079040673,1.6844693926713004,90.83595277706473,1.4758816150639147,65.46095769802406
159.87935299194325,126.39845585972,0.7905864859616336,-33.48089713222325,207.7730082083808,214.13994418353207,1.030643710797919,6.366935975151279,164.7245812161289,224.01773710552843,1.3599532956869576,59.293155889399515,1.0303055280967381,4.845228224185661,1.7723138750535736,97.61928124580842,1.720182826086095,92.77405302162276
124.23043660522171,168.77084923656818,1.3585305972391175,44.54041263134647,213.13234847359345,201.71883565236848,0.946448707092255,-11.41351282122497,221.05355193402565,220.04727937774123,0.9954478335793276,-1.006272556284415,1.7793832008856856,96.82311532880394,1.3038227891435106,51.27643014117305,0.7327386189183615,-45.546685187630885
144.0027327039218,114.20071158771204,0.7930454474257479,-29.802021116209758,181.27634731744152,206.19591860472278,1.137467306993137,24.919571287281258,190.23575542959648,202.35661107047187,1.0637149184363563,12.12085564087539,1.321056565091251,46.23302272567469,1.7719382677843611,88.15589948275984,1.3413038582961554,41.92287675708515
188.74124263435442,117.28883762166993,0.6214266473220791,-71.4524050126845,204.54536269048154,189.6126995742061,0.926995836425431,-14.93266311627545,191.11215723108384,238.00699275841257,1.245378610166729,46.89483552732872,1.012561719757894,2.3709145967294205,2.0292382257733204,120.71815513674264,2.0040637387106797,118.34724054001322
