adj_mean_chatbot,adj_mean_dashboard,adj_diff_interface,adj_ratio_interface,complexity_mean__easy,complexity_mean__mid,complexity_mean__hard,complexity_diff__mid_vs_easy,complexity_ratio__mid_vs_easy,complexity_pct__mid_vs_easy,complexity_diff__hard_vs_easy,complexity_ratio__hard_vs_easy,complexity_pct__hard_vs_easy,complexity_diff__hard_vs_mid,complexity_ratio__hard_vs_mid,complexity_pct__hard_vs_mid
224.06368925933424,224.91691490866387,-0.8532256493296302,0.996206485182868,101.28221900838582,199.33838109008528,372.85030615352605,98.05616208169945,1.9681478451176186,96.81478451176187,271.5680871451402,3.6813007238976003,268.13007238976,173.51192506344077,1.870439120226561,87.04391202265609
201.341741901863,239.25369158180476,-37.911949679941756,0.8415407953403342,96.76177212156972,203.30864598988558,360.8227321140462,106.54687386831586,2.101125698012768,110.11256980127682,264.06095999247646,3.7289801974762833,272.8980197476283,157.5140861241606,1.7747535052296635,77.47535052296635
238.06566792101808,225.14614162899323,12.919526292024841,1.057382845642162,103.98237425990959,209.2026549921155,381.6326850729919,105.22028073220591,2.011904964481789,101.1904964481789,277.6503108130823,3.6701670623434723,267.0167062343472,172.43003008087638,1.8242248650590738,82.42248650590737
214.84717970269594,216.31884620115474,-1.4716664984588022,0.9931967716900159,99.09032562032472,192.415948958535,355.2427642769162,93.32562333821029,1.9418237628544839,94.18237628544838,256.15243865659147,3.5850398316185497,258.503983161855,162.8268153183812,1.8462230714225765,84.62230714225765
206.00510455057966,209.35600362273533,-3.35089907215567,0.9839942537392237,93.74638994915043,187.4408629143561,341.8544093964659,93.69447296520568,1.9994461975125346,99.94461975125346,248.10801944731546,3.646587453467737,264.6587453467737,154.41354648210978,1.8237987388729806,82.37987388729806
213.04743407084175,214.51829819367373,-1.4708641228319834,0.9931434095123016,101.88762829221389,194.25373951827024,345.20723058628903,92.36611122605635,1.9065488398763213,90.65488398763213,243.31960229407514,3.388117246151163,238.81172461511628,150.9534910680188,1.777094389237336,77.70943892373361
206.44682954146253,223.24198316482588,-16.795153623363348,0.9247670470165864,91.45828800414604,196.63939427679702,356.43553677848945,105.18110627265098,2.1500445565729684,115.00445565729684,264.9772487743434,3.897246980638117,289.7246980638117,159.79614250169243,1.8126354492160273,81.26354492160273
194.99131051412957,222.23009215498953,-27.23878164085997,0.8774298234018512,97.26519538173942,182.7443346842351,345.82257393770425,85.47913930249568,1.8788255548864454,87.88255548864454,248.55737855596482,3.555460641192821,255.5460641192821,163.07823925346915,1.8923846505843964,89.23846505843964
220.506687771493,220.1891207053866,0.31756706610639185,1.0014422468516566,104.46205472882048,200.66260003928983,355.9190579472091,96.20054531046935,1.9209137763966286,92.09137763966287,251.45700321838865,3.407161182796581,240.71611827965808,155.2564579079193,1.7737189584781619,77.37189584781619
213.77497549148472,220.59952091376317,-6.824545422278447,0.9690636435019897,108.2209557537763,193.85689209977178,349.48389675432384,85.63593634599549,1.791306413342291,79.1306413342291,241.26294100054753,3.22935511260377,222.93551126037698,155.62700465455205,1.8027932510877969,80.27932510877969
217.13967960985778,216.4488913184971,0.6907882913606898,1.0031914614445598,97.46038973437123,189.15870490831773,363.76376174984335,91.6983151739465,1.9408777804385013,94.08777804385014,266.3033720154721,3.7324267093665773,273.2426709366577,174.60505684152562,1.9230611772593493,92.30611772593494
216.88682741087882,219.03733777458444,-2.150510363705621,0.9901819918669814,96.00432735534285,191.9618273350126,365.92009308783935,95.95749997966975,1.999512236823453,99.9512236823453,269.9157657324965,3.8114958269896686,281.14958269896687,173.95826575282675,1.9062128037009882,90.62128037009882
209.70941387523732,215.0729197037433,-5.363505828505993,0.9750619192974455,98.01528855884006,185.78852701397847,353.36968479565246,87.77323845513841,1.8955055863805044,89.55055863805043,255.35439623681242,3.6052506704963614,260.52506704963616,167.581157781674,1.901999496282488,90.1999496282488
230.6515024678234,229.30707176645026,1.3444307013731418,1.0058630145639051,110.82397645256833,205.81038080437682,373.3035040944653,94.98640435180849,1.857092547951136,85.7092547951136,262.479527641897,3.3684362900859806,236.84362900859804,167.4931232900885,1.8138225226320874,81.38225226320874
206.11480698741013,214.0468360129539,-7.9320290255437556,0.962942554193776,100.25184785772836,185.4536921175485,344.53692452526917,85.20184425982015,1.8498780429537187,84.98780429537187,244.2850766675408,3.436713954781323,243.6713954781323,159.08323240772066,1.8578056904194007,85.78056904194007
212.52740117758773,211.97459957686195,0.5528016007257861,1.0026078671776206,96.57676865209946,203.99868316052346,336.17754931905165,107.421914508424,2.112295596629374,111.22955966293739,239.60078066695218,3.4809359850304284,248.09359850304284,132.1788661585282,1.6479398009374338,64.79398009374337
219.1771151978257,216.02977159601687,3.147343601808842,1.014569027123236,97.3283785526841,193.32665789946813,362.15529373861165,95.99827934678403,1.9863339015230785,98.63339015230785,264.82691518592753,3.720962982472538,272.0962982472538,168.82863583914352,1.873281717449107,87.3281717449107
207.80733956721303,223.6401853667296,-15.832845799516576,0.9292039318713962,99.07467740434299,194.50983110442803,353.58677889214295,95.43515370008504,1.963264844260816,96.3264844260816,254.51210148779995,3.5688915488373145,256.88915488373146,159.07694778771491,1.8178350003414996,81.78350003414995
224.03859443121024,209.9842038241301,14.054390607080137,1.0669307040773945,105.47303088370712,194.98394601500544,350.5772204842979,89.51091513129832,1.8486616377791554,84.86616377791553,245.10418960059081,3.3238565114416665,232.38565114416664,155.59327446929248,1.7979799242411396,79.79799242411396
211.66927279413133,208.2395020288098,3.4297707653215355,1.0164703177442627,102.99661224736724,184.19800219221264,342.66854779483185,81.2013899448454,1.788388939917983,78.83889399179832,239.6719355474646,3.3269885321261237,232.69885321261236,158.4705456026192,1.8603271681375428,86.03271681375429
212.6202487392225,232.2417262637088,-19.621477524486323,0.9155126951553646,93.75733348251939,203.29772517107529,370.23790385080224,109.5403916885559,2.168339452710429,116.83394527104292,276.4805703682829,3.948895410083643,294.8895410083643,166.94017867972696,1.8211610756551584,82.11610756551583
200.6925176275211,234.5963232420583,-33.90380561453719,0.8554802345322566,100.00457841300582,200.0436040873979,352.8850788039653,100.0390256743921,2.000344456843206,100.0344456843206,252.8805003909595,3.5286892300730086,252.86892300730085,152.8414747165674,1.764040797074381,76.4040797074381
225.97828722059873,231.73949241516968,-5.761205194570948,0.9751393034716347,107.74335133163608,201.37992684255602,377.4533912794605,93.63657551091994,1.8690705677300197,86.90705677300197,269.71003994782444,3.5032638823128104,250.32638823128104,176.0734644369045,1.8743347323517663,87.43347323517663
192.86439380497862,226.61307089790472,-33.7486770929261,0.8510735635892301,94.55273356773023,190.03195934835153,344.63150413824326,95.4792257806213,2.0097986824698983,100.97986824698984,250.07877057051303,3.6448602926046134,264.48602926046135,154.59954478989172,1.8135449706461853,81.35449706461853
213.6847346776112,239.85585600291802,-26.171121325306814,0.8908881285558923,99.23982309672957,201.2006970725836,379.8703658514806,101.96087397585404,2.0274189412497465,102.74189412497465,280.630542754751,3.8278017231169286,282.78017231169287,178.66966877889698,1.8880171459567134,88.80171459567134
216.1802094345179,230.04287959787038,-13.862670163352476,0.93973875571552,98.00060399374253,203.80935507183455,367.52467448300536,105.80875107809202,2.079674479198598,107.9674479198598,269.52407048926284,3.7502286670240554,275.02286670240557,163.7153194111708,1.8032767649623727,80.32767649623726
227.0385809568828,229.5041897160866,-2.465608759203775,0.9892568028398352,102.4339784058255,204.42107589629947,377.95910170732907,101.98709749047397,1.9956373761684716,99.56373761684716,275.5251233015036,3.6897825076159907,268.97825076159904,173.5380258110296,1.8489243344901654,84.89243344901654
197.29539530693384,192.52541341193879,4.769981894995055,1.0247758558751354,97.12451633355784,174.28989019251136,313.3168065522397,77.16537385895353,1.7944994402231258,79.44994402231258,216.19229021868188,3.2259291307686495,222.59291307686496,139.02691635972835,1.7976763093152828,79.76763093152827
193.33062610652826,216.2548716440198,-22.924245537491544,0.8939943162287346,93.64966261159286,178.1980142168419,342.5305697973874,84.54835160524904,1.9028153358748228,90.28153358748227,248.8809071857945,3.657573986336878,265.7573986336878,164.3325555805455,1.9221907230715596,92.21907230715595
202.83259531557087,226.7615777841456,-23.92898246857473,0.8944751456467959,95.5626929544582,186.96527135141676,361.86329534369986,91.40257839695856,1.9564671690501418,95.64671690501419,266.30060238924165,3.786658623320202,278.6658623320202,174.8980239922831,1.9354572789272064,93.54572789272065
204.71209970191356,219.22295929012182,-14.510859588208262,0.9338077561073134,106.65477817089494,194.2196222283455,335.02818808881267,87.56484405745054,1.8210119186328788,82.10119186328788,228.37340991791774,3.141239369060341,214.12393690603412,140.80856586046718,1.7249966004717971,72.49966004717972
215.64521243623585,215.6942838017114,-0.04907136547555524,0.9997724957536628,101.42682353426522,200.49944377279414,345.08297704986154,99.07262023852891,1.976789144984502,97.67891449845021,243.65615351559632,3.402285165060715,240.2285165060715,144.5835332770674,1.721116879710197,72.1116879710197
217.4881981258539,222.54708279225787,-5.058884666403969,0.9772682499229778,95.4140522183883,195.06554913473857,369.57332002404087,99.65149691635027,2.0444111176440036,104.44111176440036,274.1592678056526,3.8733636338821826,287.3363633882183,174.5077708893023,1.894610922653306,89.4610922653306
214.13762101192165,213.89892339868035,0.23869761324129968,1.001115936487424,106.14197354143174,187.24514889436296,348.6676941801083,81.10317535293122,1.7641008796701259,76.41008796701259,242.52572063867655,3.284918138854922,228.4918138854922,161.42254528574534,1.8620920020566951,86.20920020566952
206.29806990866132,235.8182085803091,-29.52013867164777,0.8748182388062093,102.11535431598297,209.4490698596124,351.6099935578603,107.33371554362942,2.051102610989322,105.1102610989322,249.49463924187734,3.443262728833589,244.32627288335888,142.16092369824793,1.6787374314602317,67.87374314602317
218.8443011281134,217.75247360612596,1.091827521987426,1.0050140763221012,105.01891718167118,193.83524380518884,356.04100111449895,88.81632662351765,1.8457174098441251,84.57174098441251,251.02208393282777,3.3902558764587827,239.02558764587826,162.20575730931012,1.8368228301780483,83.68228301780482
212.95361239736658,208.50168842069908,4.451923976667501,1.0213519804582336,100.6397597833981,192.60748720830838,338.935704235392,91.96772742491028,1.9138309513342222,91.38309513342222,238.29594445199388,3.36781114109241,236.78111410924097,146.3282170270836,1.7597223718973452,75.97223718973451
208.33760047611233,220.9306065800948,-12.593006103982475,0.9430001741319753,98.18240390700488,188.99631909785379,356.72358757945204,90.8139151908489,1.9249510256121334,92.49510256121334,258.5411836724472,3.6332741243260736,263.32741243260733,167.72726848159826,1.887463148923851,88.74631489238509
237.4247947013675,212.4690743685944,24.955720332773097,1.1174557775381444,106.40169027202901,199.80712844649463,368.6319848864193,93.40543817446562,1.8778567138892541,87.78567138892541,262.23029461439023,3.464531286523421,246.45312865234212,168.82485643992464,1.8449391057893785,84.49391057893784
209.42198246242964,223.74795610098994,-14.3259736385603,0.9359727173011843,97.88284117569081,190.167021332774,361.70504533666445,92.28418015708318,1.9428024263358015,94.28024263358014,263.8222041609736,3.6952855167683243,269.5285516768324,171.53802400389046,1.9020387594109465,90.20387594109465
203.49830692774515,234.4657694517946,-30.967462524049466,0.8679233109530035,100.59938746224752,198.04951605854578,358.2972110485163,97.45012859629826,1.9686950492901252,96.86950492901252,257.6978235862688,3.5616241816877507,256.16241816877505,160.24769498997054,1.80912944489397,80.912944489397
220.05595431252243,232.03077160362116,-11.97481729109873,0.9483912534172176,95.17568454410042,196.6279718620373,386.32643246807766,101.45228731793688,2.0659475453620524,106.59475453620524,291.15074792397724,4.059087510834453,305.9087510834453,189.69846060604036,1.964758263077346,96.4758263077346
228.5599119492338,204.40981317519402,24.150098774039776,1.1181454960449546,104.45582467534864,190.50464173378458,354.4941212775085,86.04881705843594,1.8237818936940842,82.37818936940842,250.03829660215985,3.393722871647275,239.3722871647275,163.98947954372392,1.860816188263205,86.08161882632051
199.63935225613787,214.40540250644307,-14.766050250305199,0.9311302323650101,101.98516336514595,191.08169729522194,328.00027148350364,89.09653393007599,1.8736225053743971,87.3622505374397,226.0151081183577,3.216156749282609,221.61567492826092,136.9185741882817,1.7165446828575213,71.65446828575213
212.51280080915532,204.1382872820008,8.374513527154534,1.041023727781089,93.51127818564427,186.26205440014948,345.20329955094036,92.75077621450521,1.991867270067368,99.1867270067368,251.69202136529609,3.691568613420317,269.1568613420317,158.94124515079088,1.8533205846067557,85.33205846067557
207.02704454226028,226.34625456888338,-19.319210026623097,0.9146475382885395,95.42650645062005,186.88318539484789,367.7502568212476,91.45667894422783,1.9583991109593175,95.83991109593175,272.3237503706275,3.853753747252036,285.3753747252036,180.86707142639972,1.967808158044089,96.78081580440889
209.13531980292333,226.78397108096132,-17.64865127803799,0.9221785772869394,97.094059210125,192.97240441467454,363.8124727010275,95.87834520454955,1.9874790073103805,98.74790073103806,266.7184134909025,3.7470106375271315,274.70106375271314,170.84006828635296,1.8853082843868088,88.53082843868087
207.76690982180844,215.8915891963885,-8.124679374580069,0.9623668554906539,95.79257042932599,170.53563672421834,369.1595413737511,74.74306629489234,1.7802595332801556,78.02595332801556,273.36697094442513,3.85373875781014,285.37387578101396,198.62390464953276,2.164706148608325,116.4706148608325
228.48082936720456,218.66754566803874,9.813283699165822,1.044877641394775,103.1536537336837,196.29043322261805,371.27847559656317,93.13677948893435,1.9028936554141809,90.28936554141809,268.12482186287946,3.5992760523549565,259.92760523549566,174.98804237394512,1.8914751447692137,89.14751447692137
221.39748711483185,204.54062608686166,16.856861027970183,1.0824132660120618,99.92028373470662,184.87429495287148,354.1125911149622,84.95401121816487,1.8502178741177522,85.02178741177522,254.19230738025556,3.5439510165438377,254.39510165438378,169.2382961620907,1.91542361908795,91.54236190879499
211.40790560585026,216.24311792301415,-4.835212317163894,0.9776399250824468,101.02032759710175,187.41488487338336,353.0413228228116,86.3945572762816,1.8552195318634093,85.52195318634092,252.02099522570984,3.4947552756989895,249.47552756989896,165.62643794942824,1.8837421748081786,88.37421748081786
204.12589684561073,217.75566369502178,-13.629766849411055,0.9374079800353654,103.6011491076015,196.28374728229926,332.937444421048,92.68259817469776,1.8946097506933675,89.46097506933674,229.3362953134465,3.213646250923866,221.3646250923866,136.65369713874873,1.696204851552027,69.62048515520269
216.06582693887916,214.64096129332341,1.424865645555741,1.0066383677978807,103.4235794333957,192.95865851769523,349.6779443972129,89.53507908429953,1.8657124378678045,86.57124378678046,246.2543649638172,3.381027289066164,238.1027289066164,156.71928587951768,1.8121910003076942,81.21910003076943
216.57702934520626,216.82733843378904,-0.25030908858278167,0.9988455833549826,99.80458263682517,198.8091630907446,351.49280594092323,99.00458045391942,1.9919843141289728,99.19843141289728,251.68822330409807,3.521810288210473,252.1810288210473,152.68364285017864,1.7679909742414017,76.79909742414017
212.91316183380354,234.0390664104419,-21.125904576638362,0.9097334265571322,106.77658245132932,205.84058557832967,357.81117433670926,99.06400312700035,1.9277690000254082,92.77690000254081,251.03459188537994,3.351026658863202,235.10266588632018,151.9705887583796,1.7382926371463774,73.82926371463773
215.93396739977678,212.88094310633355,3.0530242934432295,1.0143414635847336,100.18849198458902,189.2521606714851,353.7817131030913,89.06366868689607,1.8889610665124676,88.89610665124677,253.5932211185023,3.531161175252642,253.11611752526423,164.52955243160622,1.869366837598257,86.93668375982571
210.4880176222293,229.50820305985417,-19.02018543762486,0.9171263371677197,100.1540219037675,192.45061938578314,367.38968973357464,92.29659748201564,1.9215465912162606,92.15465912162605,267.23566782980714,3.668246993481492,266.8246993481492,174.9390703477915,1.9090075724677804,90.90075724677804
218.48819047156704,215.16534388392523,3.3228465876418056,1.0154432239303108,102.4946949302871,197.2178075717157,350.76779903123554,94.7231126414286,1.9241757605684429,92.41757605684428,248.27310410094844,3.422301995921,242.2301995921,153.54999145951984,1.7785807648413463,77.85807648413463
214.49875036031315,222.40434786891086,-7.905597508597708,0.9644539435296589,89.71254497592987,187.44257885716175,378.1995235107444,97.73003388123188,2.089368648581457,108.93686485814568,288.48697853481457,4.21568158179234,321.568158179234,190.75694465358268,2.01768203263436,101.76820326343599
215.19164787873717,218.0941837009365,-2.902535822199326,0.9866913652948239,98.85681646100576,206.48600501418744,344.58592589431714,107.62918855318168,2.088738160970783,108.87381609707832,245.72910943331138,3.485707290910381,248.5707290910381,138.0999208801297,1.6688100768409995,66.88100768409994
192.3967647439186,227.6163261362232,-35.2195613923046,0.8452678593396394,97.43872584400327,193.7103641909711,338.8705462852383,96.27163834696782,1.9880223444331167,98.80223444331166,241.431820441235,3.4777809679876226,247.77809679876225,145.16018209426718,1.7493671425404977,74.93671425404978
204.64840548222853,232.5558611312787,-27.907455649050178,0.8799967650211306,104.61296363500111,201.501779104572,349.6916571806878,96.88881546957089,1.926164522091353,92.6164522091353,245.0786935456867,3.3427181969605244,234.27181969605243,148.1898780761158,1.735427144785708,73.54271447857079
210.60672593421063,208.56822842353628,2.038497510674347,1.009773768162497,100.23774116620359,182.73779111064195,345.7868992597748,82.50004994443836,1.8230437855502502,82.30437855502501,245.54915809357124,3.449667712348263,244.9667712348263,163.04910814913288,1.8922571907986554,89.22571907986554
218.07546555077585,218.68252929488548,-0.607063744109638,0.9972239952315027,96.98951333589166,194.52940158144074,363.6180773511597,97.53988824554908,2.0056745816194725,100.56745816194726,266.628564015268,3.7490452817500657,274.9045281750066,169.08867576971895,1.8692191226369916,86.92191226369917
221.97228190322238,214.78447820810277,7.187803695119612,1.033465191503063,99.01546972234955,190.64409975021317,365.47557069442496,91.62863002786362,1.9253971150649545,92.53971150649545,266.4601009720754,3.6910956613068575,269.1095661306858,174.8314709442118,1.9170568151507468,91.70568151507467
215.46267411952599,225.81858587004706,-10.355911750521074,0.9541405694725206,99.86200408337858,192.46386886812053,369.59601703286046,92.60186478474195,1.9272982816109432,92.72982816109432,269.7340129494819,3.701067492339436,270.1067492339436,177.13214816473993,1.9203397458777776,92.03397458777775
228.65068022002222,209.17919040286054,19.471489817161682,1.0930852145457746,103.67556321098033,190.90904802883256,362.16019469451135,87.23348481785223,1.841408352326301,84.1408352326301,258.484631483531,3.4932069185629926,249.32069185629925,171.2511466656788,1.8970300173505403,89.70300173505403
209.92084641552128,214.05142714813564,-4.130580732614362,0.9807028582446415,100.46513277846041,185.77688176282444,349.7163958042006,85.31174898436403,1.8491677323762494,84.91677323762494,249.25126302574017,3.4809728124818573,248.09728124818574,163.93951404137616,1.882453793420177,88.2453793420177
203.4194852491042,232.0214692540833,-28.6019840049791,0.8767269938556527,98.4340950706321,199.34338670962129,355.3839499745278,100.90929163898919,2.0251457238122725,102.51457238122725,256.9498549038957,3.6103745325186307,261.0374532518631,156.04056326490652,1.7827727111519733,78.27727111519734
218.9256952726207,218.56193563237264,0.3637596402480483,1.0016643320768348,100.73274038116419,194.66640174329171,360.8323042330341,93.93366136212752,1.9325037818557351,93.25037818557351,260.0995638518699,3.58207572699477,258.207572699477,166.1659024897424,1.8535931265060666,85.35931265060665
201.86827231448433,228.8074355196127,-26.93916320512838,0.8822627282896178,97.59480744665782,198.73947962281295,349.67927468167494,101.14467217615513,2.036373500008569,103.6373500008569,252.08446723501712,3.582970076279912,258.2970076279912,150.939795058862,1.7594857113711386,75.94857113711386
198.49103820000357,219.8163719678725,-21.325333767868926,0.9029856894781898,97.46063551193488,181.56028907148857,348.44019066839064,84.09965355955369,1.862908938750507,86.29089387505068,250.97955515645577,3.5751889861801813,257.5188986180181,166.87990159690207,1.9191431807601598,91.91431807601597
209.62272668304408,217.13686185569145,-7.5141351726473715,0.9653944746717338,94.17816722570339,190.9020102329899,355.05920534941004,96.72384300728652,2.0270304238930694,102.70304238930694,260.8810381237066,3.770079794592841,277.00797945928406,164.15719511642013,1.859902915197548,85.99029151975479
192.55960875292368,220.10565582386263,-27.546047070938954,0.8748507985047762,94.71231935805497,182.62344927489917,341.6621282322253,87.9111299168442,1.9281910791826433,92.81910791826434,246.94980887417034,3.607367347225333,260.7367347225333,159.03867895732614,1.870855739439729,87.08557394397289
202.41948815304062,222.88664234978523,-20.467154196744616,0.9081723607078047,100.64117121987765,189.6180025395468,347.70002199481434,88.97683131966916,1.8840997202355225,88.40997202355226,247.05885077493667,3.454848724238019,245.4848724238019,158.08201945526753,1.8336867667525285,83.36867667525286
183.44627171557198,221.6393590902332,-38.19308737466122,0.8276791291427974,96.98184646317553,181.70215578616,328.94444395937234,84.72030932298448,1.8735687390232685,87.35687390232685,231.9625974961968,3.391814612276681,239.1814612276681,147.24228817321233,1.8103497040866015,81.03497040866014
216.2478577822101,213.85674934577537,2.3911084364347346,1.0111808883458182,98.07440044030717,190.20230960139827,356.8802006502728,92.1279091610911,1.93936754899832,93.936754899832,258.80580020996564,3.6388721118666165,263.88721118666166,166.67789104887453,1.8763189647811154,87.63189647811154
220.8023359025421,210.41174467786982,10.390591224672278,1.0493821827321463,105.97586697405313,195.16384959326655,345.6814043032982,89.18798261921341,1.8415876667567153,84.15876667567153,239.7055373292451,3.2618879578303805,226.18879578303805,150.51755471003167,1.771236860841388,77.1236860841388
216.41928610795097,221.50615267776874,-5.086866569817772,0.9770351003422565,99.43330205234047,203.17502113603067,354.27983499020837,103.7417190836902,2.0433297189414654,104.33297189414654,254.8465329378679,3.5629897396318975,256.2989739631897,151.1048138541777,1.7437174757472245,74.37174757472245
227.4453807180472,220.61272609165454,6.832654626392667,1.030971262390158,100.48442924567827,198.06287613775376,373.5398548311206,97.57844689207549,1.971080272083769,97.1080272083769,273.0554255854423,3.7173904219313276,271.7390421931328,175.47697869336682,1.885966023089161,88.5966023089161
225.78039436605522,235.33095113305538,-9.55055676700016,0.9594164867773797,108.40042970539137,206.06144959466496,377.20513894860954,97.66101988927359,1.9009283464530062,90.09283464530063,268.80470924321816,3.4797384103897975,247.97384103897974,171.14368935394458,1.8305468572146528,83.05468572146528
217.57317228785556,212.16554219470208,5.407630093153472,1.0254877867405583,107.57243385913702,190.82086767762905,346.21477018707037,83.24843381849203,1.7738825908457498,77.38825908457498,238.64233632793335,3.2184339218393863,221.84339218393862,155.39390250944132,1.8143443869669553,81.43443869669554
220.70848911634542,225.43439658138507,-4.725907465039654,0.9790364401497464,99.99554197065042,195.42947561458107,373.78931096136427,95.43393364393064,1.9543818830637605,95.43818830637605,273.79376899071383,3.7380597534145545,273.80597534145545,178.3598353467832,1.9126557536210045,91.26557536210045
212.91298268182405,231.40463916041256,-18.49165647858851,0.9200895170223019,103.6207553200549,195.52396672103248,367.33171072226753,91.90321140097758,1.8869189489800073,88.69189489800074,263.7109554022126,3.544962682309011,254.4962682309011,171.80774400123505,1.8787042677298227,87.87042677298227
216.22779771299778,228.17230044339803,-11.944502730400245,0.9476513901679171,102.03178937093597,192.7354212474326,371.83293661622514,90.70363187649664,1.8889742347528977,88.89742347528977,269.80114724528914,3.644285167482741,264.4285167482741,179.09751536879253,1.9292402725437177,92.92402725437177
209.1193388504456,213.98653214200567,-4.867193291560085,0.9772546746618141,102.003172801102,184.55130128351132,348.10433240406354,82.54812848240933,1.8092702042060158,80.92702042060158,246.10115960296156,3.412681418085289,241.26814180852892,163.55303112055222,1.8862198748157233,88.62198748157233
205.08297644066414,227.51001690298207,-22.427040462317933,0.9014239427010303,98.93701409080136,188.41773157734735,361.53474434732067,89.480717486546,1.9044210431135848,90.44210431135849,262.5977302565193,3.654190978671695,265.4190978671695,173.11701276997331,1.9187936364625378,91.87936364625378
227.18858032445436,207.0108399966797,20.17774032777467,1.09747190209024,105.66423878093191,192.74423254421959,352.8906591565496,87.07999376328767,1.8241198230162432,82.41198230162432,247.2264203756177,3.3397359714877535,233.97359714877535,160.14642661233,1.8308753237303173,83.08753237303172
218.90616815688742,229.98576002458034,-11.079591867692926,0.9518248787815873,97.1005696682576,198.73488370875174,377.50243889519237,101.63431404049413,2.046691223210389,104.66912232103888,280.40186922693476,3.8877469018454045,288.7746901845405,178.76755518644063,1.8995278123815773,89.95278123815773
201.6567617760277,217.8135352538634,-16.156773477835685,0.9258229133510696,99.25155082142334,183.946104592776,346.00779013063726,84.69455377135267,1.8533322962755303,85.33322962755304,246.75623930921392,3.486170112880008,248.6170112880008,162.06168553786125,1.8810280918785263,88.10280918785263
209.01048664531126,234.93642216904948,-25.925935523738218,0.8896470147779679,102.47324467446686,199.89725848223642,363.54986006483784,97.42401380776957,1.9507263492754865,95.07263492754865,261.076615390371,3.5477539646543774,254.77539646543775,163.65260158260142,1.8186835718767207,81.86835718767207
215.66910072995103,216.4050061051466,-0.7359053751955855,0.9965994068786097,101.73917009766403,194.52925346150582,351.8427366934766,92.79008336384179,1.912038925369338,91.2038925369338,250.10356659581254,3.4582819611731335,245.82819611731335,157.31348323197076,1.8086880529930196,80.86880529930195
213.66321754941615,230.20370603341647,-16.54048848400032,0.9281484700268062,102.32571330171247,199.30085098862432,364.1738210839121,96.97513768691185,1.947710351170246,94.77103511702461,261.84810778219963,3.5589668455095684,255.89668455095685,164.8729700952878,1.8272567290979524,82.72567290979525
202.04337432718526,200.43846680366295,1.6049075235223142,1.0080069836350045,95.18820965033656,180.83570928566618,327.69884276026954,85.64749963532962,1.8997700445249082,89.97700445249082,232.510633109933,3.442641099817249,244.2641099817249,146.86313347460336,1.812135689652997,81.2135689652997
197.76765139568457,215.84281077638994,-18.075159380705372,0.9162577650110804,101.06732528260652,185.31016933881494,334.0381986366903,84.24284405620843,1.8335319433916635,83.35319433916635,232.97087335408378,3.3051057570055,230.51057570055,148.72802929787537,1.8025896788532203,80.25896788532204
201.5583372463751,226.21156450740122,-24.65322726102613,0.8910169455097884,102.38216348678763,199.42143279988127,339.85125634399554,97.03926931309364,1.9478142091187252,94.78142091187252,237.4690928572079,3.3194381205653385,231.94381205653386,140.42982354411427,1.7041862129485106,70.41862129485106
213.79526946134808,222.7506028858847,-8.955333424536605,0.959796591755469,100.64156543495581,198.45370460225217,355.7235384836413,97.81213916729637,1.9718861063475002,97.18861063475002,255.08197304868548,3.5345588768046716,253.45588768046716,157.2698338813891,1.7924761807626357,79.24761807626356
223.18552512213188,217.50445611834982,5.681069003782056,1.0261193223585765,105.53025875352296,192.0520940870464,363.45261902015324,86.52183533352346,1.819877032004672,81.9877032004672,257.9223602666303,3.444060720717412,244.4060720717412,171.40052493310682,1.8924689196849924,89.24689196849924
214.666158097918,219.58308103042955,-4.916922932511568,0.9776079153756377,101.04567314761059,200.633135285288,349.6950502596226,99.58746213767742,1.9855687931555173,98.55687931555173,248.649377112012,3.4607622411379992,246.07622411379992,149.06191497433457,1.7429576114751817,74.29576114751816
206.52202274646078,231.917322974211,-25.395300227750226,0.8904984763446319,96.64861866505588,201.38021875794948,359.6301811580024,104.7316000928936,2.0836326637616,108.36326637616,262.9815624929465,3.721006943765351,272.1006943765351,158.24996240005294,1.7858267479104426,78.58267479104425
230.2222003434946,216.62612700862653,13.596073334868066,1.0627628510125495,108.27171492358835,200.94128724199206,361.0594888626013,92.66957231840371,1.8558982591511024,85.58982591511024,252.78777393901296,3.334753579154217,233.4753579154217,160.11820162060926,1.7968407280469947,79.68407280469947
221.60694685106168,231.9929535741877,-10.38600672312603,0.9552313699053591,100.79801295847285,197.7438085586594,381.8580291207419,96.94579560018654,1.9617828045888825,96.17828045888825,281.06001616226905,3.788348777054377,278.8348777054377,184.1142205620825,1.9310745145654775,93.10745145654775
220.48636166470237,215.8834725390285,4.602889125673869,1.021321174203559,102.15903126127046,190.69817762460357,361.6975424197222,88.53914636333312,1.86667958055412,86.66795805541202,259.53851115845174,3.540534184341326,254.0534184341326,170.99936479511862,1.8967016199375393,89.67016199375392
206.7129737988334,221.307248011167,-14.594274212333602,0.9340542420391167,100.66587598027603,200.55323970840658,340.81121702631793,99.88736372813055,1.9922663738375652,99.22663738375653,240.1453410460419,3.38556848293949,238.55684829394897,140.25797731791135,1.699355330892878,69.93553308928779
197.42075014238662,206.89786001217126,-9.477109869784641,0.9541942586103737,97.26485956946723,184.32614580018165,324.886909862188,87.06128623071442,1.895094966631136,89.50949666311361,227.6220502927208,3.340229053948837,234.02290539488368,140.56076406200637,1.7625655245587404,76.25655245587404
224.95382550875195,239.2942661850994,-14.340440676347441,0.9400719419442554,100.25063507018992,203.32876850771785,392.79273396286925,103.07813343752794,2.0282042938217635,102.82042938217634,292.54209889267935,3.9181071889256125,291.8107188925612,189.4639654551514,1.93181091316136,93.181091316136
212.31939554570897,235.2477962389297,-22.928400693220738,0.902535109532191,104.2533168623953,204.41003058204737,362.68744023251537,100.15671371965207,1.9607052968094016,96.07052968094017,258.43412337012006,3.4789055269217872,247.89055269217872,158.277409650468,1.7743133211211846,77.43133211211845
224.77543058475794,226.60322696271757,-1.8277963779596291,0.9919339349114373,106.55098581053076,197.21967304562713,373.29732746505533,90.66868723509637,1.8509417960367225,85.09417960367225,266.7463416545246,3.5034619776193683,250.34619776193682,176.0776544194282,1.892799646710155,89.2799646710155
213.22692601515647,216.88692402493058,-3.659998009774114,0.9831248562990667,95.28851147278706,191.7892486868634,358.0930149004801,96.50073721407634,2.012721635825274,101.27216358252741,262.804503427693,3.7579872889791752,275.7987288979175,166.3037662136167,1.867117251630423,86.7117251630423
205.49146159007435,216.93804567359075,-11.446584083516399,0.9472357001835484,91.77289879111687,194.0290458127217,347.84231629165913,102.25614702160483,2.1142303269110934,111.42303269110934,256.0694175005423,3.790250944163577,279.0250944163577,153.81327047893743,1.792733221125043,79.2733221125043
207.22969894309503,221.1996301113023,-13.969931168207268,0.9368446901960101,98.64260993403275,189.00017723718722,355.0012064103761,90.35756730315447,1.9160094949188906,91.60094949188905,256.35859647634334,3.598862668453148,259.8862668453148,166.00102917318887,1.8783115000197308,87.83115000197309
223.87289670185893,211.5739099037847,12.298986798074225,1.05813092362696,104.17480449317192,191.01541335436357,357.97999206093,86.84060886119165,1.833604721253723,83.3604721253723,253.80518756775808,3.4363394661747946,243.63394661747947,166.9645787065664,1.8740895604943717,87.40895604943717
216.68291472173334,217.0315342356525,-0.3486195139191466,0.9983936918883842,101.1572938482317,188.3498387995003,361.0645407883468,87.1925449512686,1.8619501534124203,86.19501534124203,259.9072469401151,3.5693376824617222,256.93376824617224,172.71470198884649,1.9169888495243284,91.69888495243283
211.44397711605822,211.68007200429767,-0.23609488823944957,0.9988846617161267,94.02593081026944,185.64203331574282,355.0181095545215,91.61610250547338,1.9743705987908937,97.43705987908938,260.9921787442521,3.7757468231917435,277.57468231917437,169.3760762387787,1.9123799885918145,91.23799885918145
223.88941458854075,216.69782549260236,7.191589095938383,1.0331871770267667,98.31043519782756,185.52675758395978,377.04366733992737,87.21632238613222,1.8871522357787254,88.71522357787254,278.73323214209984,3.8352354618430087,283.52354618430087,191.5169097559676,2.032287268154821,103.22872681548212
214.1540976594503,231.0568985567178,-16.902800897267525,0.926845720673783,98.6164920715836,204.79423498528797,364.4057672673805,106.17774291370438,2.0766732894598627,107.66732894598627,265.7892751957969,3.6951807918990487,269.5180791899049,159.61153228209253,1.7793751239802171,77.93751239802171
240.43647748051364,216.54749934666336,23.888978133850287,1.1103174971122953,112.58100070492496,202.62422119329452,370.27074334254604,90.04322048836956,1.7998083151203552,79.98083151203552,257.68974263762107,3.2889274480072035,228.89274480072035,167.64652214925152,1.8273765158081678,82.73765158081679
213.81458568389738,215.76048536093268,-1.9458996770352996,0.9909812045807177,101.69525790518125,192.52326628005855,350.14408238200537,90.8280083748773,1.89313907300932,89.313907300932,248.44882447682411,3.4430718756667407,244.30718756667406,157.62081610194682,1.818710481842023,81.8710481842023
203.5798402840389,217.62333864723144,-14.043498363192526,0.9354687854230694,99.97869859001757,200.21405019192528,331.6120196149627,100.23535160190771,2.0025670769424853,100.25670769424852,231.63332102494513,3.316826727009154,231.68267270091542,131.39796942303744,1.6562874548368574,65.62874548368573
200.26046136460482,245.5429839657901,-45.28252260118529,0.8155820953634163,95.32535998874505,198.5745965153204,374.805211491527,103.24923652657534,2.0831245383050834,108.31245383050833,279.47985150278197,3.9318520437350544,293.1852043735054,176.23061497620662,1.8874781470982875,88.74781470982876
214.517271215224,218.23999570166472,-3.722724486440711,0.9829420612181019,102.45843523724014,195.140614989494,351.536850148599,92.68217975225386,1.9045832052544078,90.45832052544078,249.07841491135886,3.431019118480812,243.1019118480812,156.396235159105,1.8014540446514689,80.14540446514688
231.94767899981258,219.5715889657552,12.37609003405737,1.0563647149995694,108.14160075054932,208.137776443158,360.9995247546444,99.99617569260869,1.92467815344504,92.46781534450399,252.8579240040951,3.338211402912035,233.8211402912035,152.86174831148642,1.7344257775965655,73.44257775965654
208.60591518849992,219.95701258501572,-11.351097396515797,0.9483940190716653,91.6263845738079,193.3749871370377,357.8430199494279,101.7486025632298,2.1104727425021133,111.04727425021133,266.21663537562,3.9054582543434773,290.5458254343477,164.46803281239022,1.8505134777117673,85.05134777117674
214.2067284587156,232.24494814747135,-18.03821968875576,0.9223310567887926,99.0505995974471,196.47384433921815,374.15307097261524,97.42324474177104,1.9835704694137157,98.35704694137158,275.10247137516814,3.777393296892859,277.7393296892859,177.6792266333971,1.904340357521729,90.4340357521729
209.59143748147685,226.752400610956,-17.160963129479143,0.924318494167025,106.24676256740621,201.46917007203425,346.7998244992088,95.22240750462804,1.8962382024978504,89.62382024978504,240.55306193180257,3.2640978051372467,226.40978051372466,145.33065442717455,1.7213543113083374,72.13543113083374
203.08665806665164,207.40572118348558,-4.319063116833945,0.9791757763855848,100.60881825613183,183.52826418179478,331.60148643727916,82.91944592566296,1.8241767209168989,82.41767209168988,230.99266818114734,3.2959485280214884,229.59485280214884,148.07322225548438,1.8068142687210824,80.68142687210825
217.96359484392826,229.7594721321977,-11.795877288269423,0.9486598868860459,99.62192145011507,192.4549526181514,379.50772639592253,92.83303116803633,1.931853449690004,93.1853449690004,279.8858049458075,3.809480091045606,280.9480091045606,187.05277377777114,1.9719301646079295,97.19301646079295
212.9708783696832,220.5692124750348,-7.598334105351597,0.9655512479729617,104.18525288461859,194.98734761903378,351.1375357634246,90.80209473441519,1.8715446017583242,87.15446017583241,246.952282878806,3.370318985089922,237.03189850899219,156.1501881443908,1.800822156161009,80.0822156161009
206.47093175619773,239.65865609833685,-33.18772434213912,0.8615208610344476,102.58552796254057,200.4007801921669,366.20807362709434,97.81525222962634,1.9534995254432368,95.34995254432368,263.62254566455374,3.56978299863911,256.978299863911,165.80729343492743,1.8273784826383044,82.73784826383044
192.94700568007352,239.00840814946423,-46.061402469390714,0.8072812466054075,93.5288362056135,202.2001621975206,352.2041223411725,108.6713259919071,2.1619018305007494,116.19018305007494,258.67528613555896,3.7657276261503783,276.57276261503785,150.00396014365188,1.7418587527992164,74.18587527992165
202.70964850603357,217.87192982858116,-15.162281322547585,0.9304073666833673,99.75122017167732,192.3577485128735,338.76339881737124,92.6065283411962,1.9283748928766513,92.83748928766514,239.01217864569392,3.3960827570263388,239.60827570263388,146.40565030449773,1.761111270205471,76.1111270205471
216.94947728808702,220.2375573858545,-3.2880800977674767,0.9850703025551324,103.84359434299122,193.00315051168658,358.93380715623454,89.15955616869536,1.8585946656873695,85.85946656873695,255.0902128132433,3.4564848166820052,245.64848166820053,165.93065664454795,1.8597303007989014,85.97303007989015
214.6929476347116,231.44962587395682,-16.75667823924522,0.9276011867551232,96.63249434390869,197.02846862654476,375.55289729254906,100.39597428263608,2.038946318878341,103.89463188783412,278.92040294864034,3.8864038421276907,288.64038421276905,178.5244286660043,1.9060844349573984,90.60844349573985
226.67833120418456,241.60407270682427,-14.92574150263971,0.9382223100156452,108.02931085013081,212.82042799680445,381.573867019578,104.79111714667364,1.9700248601238461,97.00248601238461,273.5445561694472,3.53213275190597,253.21327519059702,168.75343902277356,1.7929381620513771,79.29381620513772
223.4839151269506,240.60352720311556,-17.11961207616497,0.9288472106989822,102.74670682674827,211.7473305559168,381.63712611243415,109.00062372916852,2.0608673221319456,106.08673221319455,278.8904192856859,3.7143489840112496,271.43489840112494,169.88979555651736,1.8023231986466721,80.23231986466722
222.2723778556747,228.15284519950126,-5.8804673438265525,0.974225754937728,97.42117964511351,208.05577217836708,370.16088275928337,110.63459253325357,2.1356318301243524,113.56318301243525,272.73970311416986,3.7995935186548526,279.95935186548525,162.1051105809163,1.7791425774140162,77.91425774140161
225.30856318207776,220.34533531701007,4.963227865067694,1.0225247693940382,100.47625744844511,200.21743363992874,367.78715666025784,99.74117619148363,1.9926840302810975,99.26840302810976,267.31089921181274,3.660438455811029,266.0438455811029,167.5697230203291,1.836938721938104,83.69387219381039
226.51527014289522,214.1337843789225,12.381485763972705,1.0578212625340004,107.55741692687675,189.33660897891448,364.0795558769353,81.77919205203773,1.760330569370549,76.03305693705491,256.52213895005855,3.3849786121626173,238.49786121626173,174.7429468980208,1.9229221323884653,92.29221323884653
210.06319889310063,219.4924898428984,-9.429290949797775,0.9570404848177412,104.86074280943781,196.9100084470521,342.5627818475087,92.04926563761428,1.8778238945426349,87.7823894542635,237.7020390380709,3.266835353913561,226.68353539135612,145.6527734004566,1.7396920783720435,73.96920783720435
216.61516622268104,228.90786395623545,-12.292697733554405,0.9462984909251321,103.29799819959449,198.3826598042073,366.60388726457313,95.0846616046128,1.9204889084190024,92.04889084190025,263.30588906497866,3.548993142695889,254.89931426958893,168.22122746036584,1.8479633634632728,84.79633634632728
204.9906050375054,217.25850503048846,-12.267899992983075,0.943533165749891,93.32104044698451,188.80175634655558,351.25086830845066,95.48071589957107,2.0231424279266736,102.31424279266736,257.92982786146615,3.7638979015455316,276.38979015455317,162.44911196189508,1.860421614212694,86.0421614212694
218.84335175452716,217.02936909409567,1.813982660431492,1.00835823588302,108.88497354644319,190.3528803411192,354.57122738537186,81.46790679467601,1.7482015574897223,74.82015574897223,245.68625383892868,3.2563834644652325,225.63834644652326,164.21834704425265,1.862704818282589,86.2704818282589
187.81548506620547,219.02015535335593,-31.204670287150464,0.8575260334520061,101.9226331447154,191.60296073743785,316.72786674718884,89.68032759272245,1.8798862904708256,87.98862904708255,214.80523360247344,3.1075322229703493,210.75322229703494,125.12490600975099,1.653042654080984,65.30426540809839
226.1055023879067,225.91547078543937,0.19003160246734296,1.0008411624126787,104.10275807011304,207.64135548932043,366.2873462005856,103.53859741920739,1.994580732908866,99.4580732908866,262.18458813047255,3.5185172130971942,251.85172130971944,158.64599071126517,1.7640385044559428,76.40385044559427
207.94462799042478,220.30391019139523,-12.359282200970455,0.9438989430998616,97.64024629568067,183.08057836268983,361.6519826143594,85.44033206700917,1.8750524021444301,87.50524021444302,264.0117363186787,3.7039232932614783,270.39232932614783,178.57140425166955,1.9753705491246185,97.53705491246185
192.5446493011335,236.22269015989855,-43.67804085876506,0.8150980296211193,92.08956440847405,198.9519150386905,352.10952974438356,106.86235063021644,2.1604175925538747,116.04175925538746,260.01996533590955,3.8235551661701916,282.3555166170192,153.15761470569308,1.7698222692448489,76.98222692448489
222.92987456972543,226.98367866777008,-4.053804098044651,0.9821405480700747,107.39807433555235,197.42403527047225,370.04822025021866,90.0259609349199,1.8382455783484963,83.82455783484963,262.6501459146663,3.4455759336433496,244.55759336433496,172.62418497974642,1.8743828214393963,87.43828214393963
211.6331320664658,201.21101859672845,10.422113469737354,1.0517969321085023,98.33902963086794,189.50141283314773,331.42578353077573,91.16238320227978,1.9270213825016689,92.70213825016688,233.0867538999078,3.3702364643502998,237.02364643502997,141.924370697628,1.7489356864193388,74.89356864193388
227.31986692554628,221.892943639566,5.42692328598028,1.0244573946199729,103.68641209474154,185.72921318096041,384.4035905719665,82.04280108621887,1.7912589453983014,79.12589453983014,280.71717847722493,3.707367077382568,270.7367077382568,198.6743773910061,2.0696991280388017,106.96991280388018
210.47609327659893,214.3139509769766,-3.8378577003776684,0.982092357110294,95.15981239253269,185.9168346754248,356.10841931240583,90.75702228289212,1.9537326735000367,95.37326735000366,260.94860691987316,3.742214390287618,274.2214390287618,170.19158463698102,1.915417826116193,91.5417826116193
211.8002157066016,207.07164611564716,4.728569590954436,1.022835427638961,95.04210325166824,187.3670967530026,345.8985927287023,92.32499350133438,1.9714115149247167,97.14115149247166,250.85648947703405,3.639424853770067,263.94248537700673,158.53149597569967,1.8461010429418374,84.61010429418374
212.1909065654454,233.29174278481776,-21.100836219372354,0.909551722802143,107.68595372779039,195.16450088642011,365.3735194111843,87.47854715862972,1.812348724512009,81.23487245120089,257.6875656833939,3.3929542968508137,239.2954296850814,170.2090185247642,1.872131036903175,87.2131036903175
216.2209508563772,212.85351927765876,3.367431578718424,1.015820417675715,99.21095182336627,189.49173106923234,354.90902230845523,90.28077924586607,1.9099880364679964,90.99880364679964,255.69807048508898,3.5773169774676696,257.73169774676694,165.4172912392229,1.872952557379859,87.29525573798591
205.49098979988645,210.50278520994695,-5.0117954100605004,0.9761913106989918,97.53993531451621,199.16030218457925,327.2904250156546,101.62036687006304,2.0418334453717804,104.18334453717803,229.75048970113838,3.3554505030202346,235.54505030202347,128.13012283107534,1.6433517193216847,64.33517193216846
213.9380187533956,232.07789011673688,-18.139871363341285,0.9218371411674899,103.55688739392593,193.2864785783744,372.1804973328984,89.72959118444848,1.866476324680569,86.64763246805688,268.6236099389725,3.593971455680585,259.39714556805853,178.894018754524,1.9255381963099167,92.55381963099167
218.92647003218164,220.69062110082163,-1.7641510686399897,0.9920062254578819,101.11484286382203,187.7093487629865,370.6014450726963,86.59450589916447,1.8563975717767465,85.63975717767465,269.4866022088743,3.6651537457444254,266.51537457444255,182.8920963097098,1.9743366407426022,97.43366407426022
230.81041127395625,208.05142892122672,22.758982352729532,1.1093911369450224,102.51548043100169,191.08616838856616,364.69111147320655,88.57068795756447,1.863973788009287,86.3973788009287,262.1756310422048,3.557424790284847,255.7424790284847,173.60494308464038,1.9085165323511097,90.85165323511097
210.44862792208428,241.7282972319791,-31.279669309894814,0.870599885623334,105.20946550016005,198.26114010155717,374.79478212937767,93.05167460139712,1.8844420429191855,88.44420429191855,269.58531662921763,3.562367514630207,256.2367514630207,176.5336420278205,1.8904096987306387,89.04096987306387
210.74527747350317,224.36927662636944,-13.623999152866276,0.9392786777328983,105.41954789156821,188.5314764206956,358.7208068375452,83.1119285291274,1.7883920031094627,78.83920031094627,253.30125894597697,3.4027921197927733,240.27921197927733,170.18933041684957,1.9027104314246353,90.27104314246353
221.49040839049997,240.5004353711397,-19.010026980639736,0.9209563718614334,102.27522336695706,214.41298190547516,376.2980603700272,112.1377585385181,2.0964313237055947,109.64313237055947,274.02283700307015,3.6792690153302665,267.92690153302664,161.88507846455204,1.755015284176775,75.5015284176775
185.4314862536374,220.04470212475272,-34.61321587111533,0.8426991627751546,93.71810124667786,183.3756907000397,331.12049062086766,89.65758945336185,1.9566731320918653,95.66731320918653,237.4023893741898,3.53315406752978,253.31540675297802,147.74479992082794,1.8056945790186787,80.56945790186786
218.35199043340214,210.19876438933292,8.153226044069214,1.0387881730311588,103.10988056655724,197.77361225330426,341.94263941424117,94.66373168674703,1.9180859406159603,91.80859406159603,238.83275884768392,3.316293623223798,231.6293623223798,144.1690271609369,1.7289598724438944,72.89598724438943
208.8772393528327,231.37434832255028,-22.497108969717573,0.9027674885620631,97.64602004386583,190.82147161755609,371.9098898516527,93.17545157369025,1.9542165828349456,95.42165828349457,274.2638698077868,3.8087562573935774,280.87562573935776,181.0884182340966,1.948993929766109,94.8993929766109
201.65124181814704,222.20127482181613,-20.550033003669085,0.9075161336488811,110.39510232402353,201.03732273355806,324.3463499023631,90.64222040953453,1.821071030338721,82.1071030338721,213.95124757833958,2.9380501768127876,193.80501768127877,123.30902716880504,1.6133638544929834,61.336385449298334
214.36491668670485,225.17307257099085,-10.808155884286009,0.9520006732559974,97.41258302454797,191.07923064278413,370.8151702192114,93.66664761823615,1.9615456721297715,96.15456721297716,273.4025871946634,3.806645493896471,280.6645493896471,179.73593957642726,1.9406356670570715,94.06356670570715
205.7779651867525,225.0701026486982,-19.292137461945686,0.9142838731803579,100.76422370285324,200.05239550996788,345.45548254035486,99.28817180711464,1.9853514288951266,98.53514288951266,244.6912588375016,3.428354527486653,242.83545274866532,145.40308703038698,1.7268250233131655,72.68250233131654
206.97807899574414,207.9513857718265,-0.973306776082353,0.9953195465734943,100.29770924382107,193.33525956061044,328.7612283469245,93.03755031678936,1.9276139108084467,92.76139108084467,228.4635191031034,3.2778538096788896,227.78538096788895,135.42596878631406,1.7004721699192078,70.04721699192078
215.52231127767772,218.74019530373113,-3.2178840260534116,0.9852890136557425,107.53534428447993,194.1737399937523,349.6846755938811,86.63839570927236,1.805673672091237,80.5673672091237,242.14933130940113,3.2518115594516157,225.18115594516158,155.5109356001288,1.8008855142056412,80.08855142056413
221.53247078131062,221.99427270777232,-0.46180192646170326,0.9979197574746912,97.78708482252605,200.58704407166326,366.91598633943516,102.7999592491372,2.0512631543900612,105.12631543900612,269.1289015169091,3.7521927052570554,275.21927052570555,166.3289422677719,1.8292107949322387,82.92107949322387
217.58903582002455,212.1148809359298,5.474154884094759,1.0258075004447624,99.31701428370664,196.54929641469315,348.68956443553174,97.2322821309865,1.9790093150931325,97.90093150931325,249.3725501518251,3.510874415127637,251.0874415127637,152.1402680208386,1.7740565384667806,77.40565384667806
229.254489829258,220.10999250713908,9.144497322118923,1.0415451257708,105.78344396466905,204.75740075053588,363.50587878939064,98.97395678586683,1.9356280442043792,93.56280442043791,257.7224348247216,3.4363210835790063,243.63210835790062,158.74847803885476,1.775300318606136,77.5300318606136
217.25355131623607,216.33082584425483,0.9227254719812379,1.0042653443788245,96.352168647713,202.4032694913987,351.62112760162466,106.0511008436857,2.100661275528051,110.06612755280511,255.26895895391166,3.6493327813641345,264.93327813641343,149.21785811022596,1.737230473031302,73.7230473031302
203.14785112819067,218.14789296929598,-15.000041841105315,0.9312391165601744,93.91248444764162,190.82399062238852,347.2071410761997,96.9115061747469,2.0319342177426614,103.19342177426614,253.2946566285581,3.6971350839916894,269.713508399169,156.3831504538112,1.8195151455734386,81.95151455734387
219.4439520178615,224.7119940177279,-5.268041999866398,0.9765564716610062,93.93472657154851,202.27264213502636,370.0265503468092,108.33791556347785,2.1533318881910906,115.33318881910905,276.09182377526065,3.939188028241783,293.9188028241783,167.75390821178283,1.8293455132691614,82.93455132691614
212.21162569193189,220.55723163538505,-8.345605943453165,0.9621612681589614,102.63036722447801,191.56721445744532,354.955704309052,88.93684723296731,1.8665743837634374,86.65743837634375,252.32533708457402,3.4585835938078255,245.85835938078256,163.3884898516067,1.8529042420664406,85.29042420664406
226.8198364395278,223.06229585124726,3.757540588280534,1.0168452520133044,103.22166555822031,212.4894290444751,359.1121038334672,109.26776348625478,2.05857392336519,105.85739233651901,255.89043827524688,3.4790380671673673,247.90380671673674,146.6226747889921,1.6900233835081897,69.00233835081897
221.4503253719808,219.62855943702303,1.8217659349577673,1.0082947588402325,99.60222872684383,198.16230640184787,363.8537920848141,98.56007767500404,1.9895368701568128,98.95368701568128,264.2515633579702,3.6530687790397978,265.3068779039798,165.6914856829662,1.8361402765819903,83.61402765819903
216.76624794158954,221.39288884700548,-4.62664090541594,0.979102125052385,101.69358164554373,202.4281898526752,353.11693368467365,100.73460820713146,1.9905699708585858,99.05699708585858,251.42335203912992,3.472362050492765,247.2362050492765,150.68874383199847,1.7444059245980905,74.44059245980905
213.98594615236755,203.19073771665782,10.795208435709725,1.0531284474726563,97.83750601483983,179.69714035234608,348.2303794363521,81.85963433750625,1.8366897079846856,83.66897079846855,250.39287342151226,3.5592728557853173,255.92728557853172,168.53323908400603,1.9378737956182823,93.78737956182823
204.98762831903758,236.97483774042917,-31.987209421391583,0.8650185406754922,100.74505617540594,197.43337610169735,364.76526681209685,96.68831992629141,1.9597326518727491,95.97326518727492,264.02021063669093,3.6206765935691045,262.06765935691044,167.3318907103995,1.8475359841094312,84.75359841094313
195.95161783157823,234.64975853008275,-38.69814069850452,0.8350812677544549,93.28353469124718,198.93235710505215,353.68617274619214,105.64882241380496,2.1325559517388015,113.25559517388015,260.402638054945,3.7915176983465937,279.1517698346594,154.75381564114,1.7779217915736938,77.79217915736938
225.49568523895303,231.16835771960956,-5.67267248065653,0.975460860921385,103.02630748445044,198.50453029305905,383.4652266603344,95.4782228086086,1.9267363369595571,92.67363369595571,280.43891917588394,3.722012717171389,272.20127171713887,184.96069636727535,1.9317706557840848,93.17706557840847
221.3031031899937,230.8096731565975,-9.50656996660382,0.9588120816749569,101.90077598637093,208.9137805934703,367.35460794004564,107.01300460709938,2.0501686917616033,105.01686917616033,265.4538319536747,3.605022674107788,260.5022674107788,158.44082734657533,1.7584029492764226,75.84029492764226
215.51840717150742,243.4662004315477,-27.94779326004027,0.8852087344752481,106.0901869216649,201.82361578603633,380.5631086968814,95.73342886437143,1.9023777942351943,90.23777942351943,274.4729217752165,3.5871659739640425,258.71659739640427,178.73949291084506,1.8856222906061502,88.56222906061501
216.6451711065148,216.07817463651514,0.5669964699996513,1.0026240339680463,102.28023768210822,187.2489758250303,359.5558051074065,84.96873814292208,1.830744433807525,83.0744433807525,257.2755674252983,3.5153986073528967,251.53986073528966,172.3068292823762,1.9202017181839415,92.02017181839415
213.15776048933472,221.63174490594312,-8.473984416608403,0.9617654753374585,105.33046075050119,194.18494874730126,352.6688485951143,88.85448799680007,1.8435782713157578,84.35782713157577,247.33838784461312,3.3482132906499813,234.82132906499814,158.48389984781303,1.8161492477671528,81.61492477671528
204.29567970222385,215.04155629565437,-10.745876593430523,0.9500288373161868,95.31153076478034,185.028547505764,348.6657757262729,89.71701674098367,1.9413028625297877,94.13028625297876,253.35424496149255,3.658169928953784,265.8169928953784,163.6372282205089,1.8843890871240356,88.43890871240356
198.5259975539196,206.70591272510472,-8.179915171185115,0.9604272801714024,91.43227180533212,180.6072235872431,335.8083700259612,89.17495178191099,1.9753115614558154,97.53115614558155,244.3760982206291,3.6727554002040845,267.27554002040847,155.2011464387181,1.8593296732882199,85.93296732882199
230.05599521164984,223.4091257586577,6.646869452992149,1.0297520051180566,103.0708769548092,204.04584131229123,373.08096318836095,100.97496435748204,1.9796653268192712,97.96653268192712,270.01008623355176,3.619654496118589,261.9654496118589,169.03512187606972,1.8284173830201333,82.84173830201334
229.67610505164788,221.01492127178673,8.661183779861148,1.0391882309575393,100.23294358418872,193.97630391516049,381.82729198580256,93.74336033097177,1.9352549868221105,93.52549868221105,281.59434840161384,3.8093991688979396,280.93991688979395,187.85098807064207,1.968422349942303,96.8422349942303
200.16862601421545,226.74160957152543,-26.572983557309982,0.8828049972498428,102.83108397846794,193.8573948398191,343.6768745603243,91.02631086135116,1.8852022884482225,88.52022884482224,240.84579058185633,3.3421496814356995,234.21496814356993,149.81947972050517,1.7728334523648084,77.28334523648084
209.2973944314217,218.9366286343333,-9.639234202911581,0.955972491843697,101.00496630083643,205.35511450251113,335.990953795285,104.3501482016747,2.0331189843762223,103.31189843762223,234.98598749444858,3.3264795395758937,232.64795395758938,130.63583929277388,1.63614602250959,63.61460225095901
207.14789279003546,231.34232217765253,-24.194429387617078,0.8954171931885525,95.27342768292041,192.31320827851115,370.14868649010043,97.03978059559074,2.0185398274800077,101.85398274800077,274.87525880718,3.885119864921756,288.5119864921756,177.83547821158928,1.9247179629703073,92.47179629703072
218.10956659808963,225.9814291962629,-7.871862598173266,0.9651658871874086,103.61761967943855,198.2243405898592,364.2945334222311,94.60672091042065,1.9130370028099961,91.3037002809996,260.6769137427925,3.515758560650667,251.57585606506672,166.0701928323719,1.8377891046992225,83.77891046992225
234.39624923824542,219.21167443984476,15.18457479840066,1.0692690060289993,102.03975478871746,205.14834819946364,373.22378252895413,103.10859341074618,2.0104747274652106,101.04747274652107,271.1840277402367,3.6576311193784004,265.76311193784005,168.0754343294905,1.81928729041519,81.928729041519
206.64051378343123,224.458273450583,-17.817759667151762,0.9206188330987294,99.54295697818321,189.55041482377106,357.55480904906716,90.00745784558785,1.9042071943403767,90.42071943403766,258.01185207088395,3.591964915482994,259.1964915482994,168.0043942252961,1.88633092352498,88.63309235249801
204.5998434905505,227.07935544764487,-22.47951195709436,0.9010059196584376,94.57711930248276,193.80405708205794,359.1376220227523,99.22693777957518,2.049164306455783,104.91643064557832,264.56050272026954,3.7972992270375117,279.7299227037512,165.33356494069434,1.8530965111359408,85.30965111359407
206.55451186532474,234.18274656530303,-27.628234699978293,0.8820227574183224,98.12630632804073,198.67677800905548,364.3028033088455,100.55047168101476,2.024704540950211,102.47045409502111,266.1764969808048,3.7125906083834908,271.25906083834906,165.62602529979003,1.833645617568053,83.36456175680532
201.62197762357525,209.77950696682504,-8.157529343249792,0.9611137929476599,98.30609724985037,188.07407416080724,330.7220554749428,89.76797691095688,1.9131476014433428,91.31476014433429,232.41595822509242,3.3642069487754607,236.42069487754605,142.64798131413556,1.7584670133331006,75.84670133331007
223.10980931887937,231.7823989588349,-8.672589639955532,0.9625830534203083,98.30450450905444,206.84509137917337,377.1887165283436,108.54058687011893,2.1041262799928124,110.41262799928124,278.8842120192892,3.8369423498147253,283.6942349814725,170.34362514917024,1.823532354639776,82.3532354639776
217.49322956164897,217.4395396983953,0.053689863253680414,1.0002469185840264,106.80306878818118,197.5250640188868,348.0710210829984,90.72199523070563,1.8494324766138641,84.94324766138641,241.26795229481723,3.25899831374055,225.899831374055,150.5459570641116,1.7621612872871506,76.21612872871506
213.2547227975432,215.24966259321124,-1.9949397956680457,0.990731972484258,97.04064401985273,200.95114910170574,344.7647849645732,103.910505081853,2.0707936466352677,107.07936466352676,247.7241409447205,3.5527874783481512,255.27874783481514,143.81363586286747,1.7156646603204058,71.56646603204058
207.57746079334018,220.889525273771,-13.31206448043082,0.9397342881518179,100.63351422020624,185.65874585439227,356.40821902606837,85.02523163418603,1.8448997562395946,84.48997562395945,255.77470480586214,3.541645363255187,254.16453632551872,170.7494731716761,1.919695284948175,91.9695284948175
208.99253852382603,230.33345838412498,-21.340919860298953,0.9073477209519908,92.98984721273209,194.38447382540724,371.61467432378714,101.39462661267515,2.090383839224034,109.0383839224034,278.6248271110551,3.9962929874876276,299.6292987487628,177.2302004983799,1.911750805044054,91.17508050440539
215.50121049374914,208.42302237658524,7.078188117163904,1.033960682636944,95.6533244860573,201.58420615378526,338.64881866565906,105.93088166772796,2.107445896281093,110.74458962810931,242.99549417960176,3.5403768816735846,254.03768816735845,137.0646125118738,1.6799372586129564,67.99372586129564
206.41597110977,218.890530513945,-12.474559404175011,0.9430100545012828,99.49251933556292,185.2599203354262,353.2073127645833,85.76740099986327,1.8620487406755846,86.20487406755845,253.7147934290204,3.5500891436199846,255.00891436199845,167.94739242915713,1.9065500628796368,90.65500628796369
208.63029609891078,223.36766744326218,-14.737371344351402,0.9340219132292508,96.26180051925917,189.8875955476195,361.84754924638077,93.62579502836033,1.9726162872844721,97.26162872844722,265.5857487271216,3.7589941939013043,275.89941939013045,171.95995369876127,1.9055881359856264,90.55881359856264
221.218703494886,231.3092069584368,-10.090503463550789,0.9563765593413499,102.66274209873842,200.93751244319628,375.1916111380493,98.27477034445786,1.9572583815259843,95.72583815259843,272.5288690393109,3.6546034468590323,265.46034468590324,174.25409869485304,1.8672054141414414,86.72054141414414
213.99490227407657,223.69343657381611,-9.69853429973955,0.9566436349305262,99.13567547889892,194.28436864298268,363.11246414995736,95.14869316408377,1.9597825677229204,95.97825677229204,263.97678867105844,3.662782972888968,266.2782972888968,168.82809550697468,1.868974157242745,86.8974157242745
214.44323719632388,219.6051205270712,-5.161883330747315,0.9764947041382352,102.23514361613222,204.81526302545038,344.0221299435099,102.58011940931816,2.0033743366613854,100.33743366613854,241.7869863273777,3.3650085261798846,236.50085261798844,139.20686691805955,1.6796703764248355,67.96703764248355
195.23949031008104,233.44686281642151,-38.20737250634048,0.8363337504501567,100.2026084326377,189.92109366322572,352.9058275938904,89.71848523058802,1.8953707556515582,89.53707556515582,252.70321916125272,3.5219225638336074,252.19225638336073,162.9847339306647,1.8581707844399555,85.81707844399556
211.46405108131876,214.75129469804102,-3.2872436167222645,0.9846927878998615,94.7218892311776,183.8426202545471,360.7585091833149,89.12073102336952,1.9408673301042598,94.08673301042599,266.0366199521373,3.808607620809274,280.86076208092743,176.9158889287678,1.9623224945543716,96.23224945543716
224.11045326364797,221.68060974122704,2.4298435224209243,1.0109610106416493,103.78120742275435,193.21824156340472,371.6871455211535,89.43703414065037,1.8617844825829326,86.17844825829326,267.9059380983992,3.5814494237581975,258.14494237581977,178.4689039577488,1.923664880260201,92.3664880260201
223.28382682423614,219.67038603378958,3.6134407904465604,1.016449376066061,102.4227155740519,206.02352427203047,355.9850794409562,103.60080869797856,2.0115022640956526,101.15022640956526,253.56236386690432,3.475645782732425,247.56457827324252,149.96155516892574,1.7278855931564334,72.78855931564334
222.96823877193424,222.91546641320213,0.05277235873211339,1.00023673708954,103.70488826501877,201.429316529745,363.69135298294077,97.72442826472623,1.9423319372852568,94.23319372852568,259.986464717922,3.5069837021908192,250.69837021908194,162.26203645319578,1.8055532295331727,80.55532295331727
212.57877669053093,220.35031978593096,-7.771543095400034,0.9647309652059954,102.60540056933637,190.48609721215433,356.30214693320215,87.88069664281797,1.856491921041056,85.6491921041056,253.69674636386577,3.4725476919943246,247.25476919943245,165.81604972104782,1.8704889865866159,87.04889865866159
202.0393624535825,210.08445136397827,-8.045088910395776,0.9617054529349371,100.07469801258974,173.25267279120246,344.85834992254905,73.17797477861272,1.7312335308711766,73.12335308711766,244.7836519099593,3.4460093986910127,244.60093986910127,171.6056771313466,1.9904936782023515,99.04936782023515
225.59714457515045,229.50624772306492,-3.9091031479144647,0.982967334498748,104.86870801197404,195.62527509443393,382.16110534091507,90.7565670824599,1.8654303919916435,86.54303919916435,277.29239732894104,3.644186264765267,264.4186264765267,186.53583024648114,1.9535364495024221,95.35364495024221
220.21035656129953,216.16954170505014,4.040814856249398,1.0186928039185226,100.88570678440794,194.97085209971848,358.7132885153981,94.08514531531054,1.9325914276079748,93.25914276079747,257.8275817309902,3.555640337455988,255.5640337455988,163.74243641567963,1.8398303369568956,83.98303369568956
215.7379537594749,233.17410819781904,-17.436154438344147,0.925222596226028,103.06907206130658,194.67151555442456,375.6275053202097,91.60244349311797,1.88874811484314,88.874811484314,272.5584332589031,3.644425023025166,264.4425023025166,180.95598976578515,1.9295452868408736,92.95452868408735
208.65580435629872,234.52967672085228,-25.873872364553563,0.8896776189422296,100.53186112804984,201.48625315956932,362.7601073281074,100.95439203151948,2.0042029551500242,100.42029551500242,262.2282462000575,3.608409346625456,260.8409346625456,161.27385416853807,1.800421128685218,80.04211286852181
220.5381593849016,217.38234625358265,3.1558131313189506,1.0145173386234299,103.10353084318281,190.48064623056368,363.2965813839798,87.37711538738087,1.8474696712402476,84.74696712402476,260.193050540797,3.5236095060269306,252.36095060269307,172.81593515341612,1.9072624362279533,90.72624362279534
211.3787431219389,212.17454363638166,-0.7958005144427602,0.9962493120013182,92.56275687394265,191.67944771059018,351.0877255529481,99.11669083664754,2.070805302089591,107.08053020895912,258.52496867900544,3.792969628498423,279.2969628498423,159.4082778423579,1.8316399058236157,83.16399058236156
201.91490187147835,217.67265921548244,-15.75775734400409,0.9276080082781325,96.55737723439645,193.20292075355357,339.6210436424911,96.64554351915712,2.0009130973446663,100.09130973446662,243.06366640809463,3.5172977287695892,251.72977287695892,146.41812288893752,1.7578463219803289,75.78463219803288
194.99068654720952,221.84887981681652,-26.858193269607,0.8789347357003373,102.34329581364304,194.87576004247353,328.0402936899225,92.53246422883049,1.9041380140553896,90.41380140553896,225.69699787627948,3.205293430135876,220.5293430135876,133.164533647449,1.6833304132767746,68.33304132767746
230.46254178700326,233.3106255171954,-2.848083730192144,0.987792738869571,104.41468054645412,210.49772331898768,380.7473470908561,106.08304277253356,2.0159782342611985,101.59782342611985,276.332666544402,3.6464924769028193,264.6492476902819,170.24962377186844,1.8087955588663192,80.87955588663192
191.31928890442427,212.80517475812314,-21.485885853698875,0.8990349465039091,98.84677980147896,179.54241727782826,327.79749841451394,80.6956374763493,1.8163709292140433,81.63709292140433,228.95071861303498,3.3162182832142135,231.62182832142136,148.25508113668567,1.825738471078242,82.57384710782421
196.98157911903996,207.46406262390153,-10.482483504861563,0.9494732563689134,93.10872257486083,184.7417863401338,328.8179536994177,91.63306376527298,1.984151229135365,98.41512291353649,235.70923112455688,3.5315483298038277,253.15483298038276,144.07616735928391,1.7798786090225458,77.98786090225458
211.6060432262211,203.8065892142962,7.799454011924894,1.0382689001469134,98.61999680581512,184.72625635834672,339.77269549661406,86.1062595525316,1.8731115629832829,87.31115629832829,241.15269869079896,3.4452718160763456,244.52718160763456,155.04643913826735,1.839330814118248,83.9330814118248
212.38480552841665,246.6889278172148,-34.30412228879814,0.8609417836773934,99.18554441724352,201.91284211822935,387.51221348297435,102.72729770098583,2.0357083615818374,103.57083615818374,288.3266690657308,3.906942445693779,290.69424456937793,185.599371364745,1.9192053829645364,91.92053829645363
209.15014228073957,221.3364891538106,-12.186346873071017,0.94494198891624,95.24229041514987,201.49346414432046,348.994192592355,106.25117372917059,2.1155881832118304,111.55881832118304,253.75190217720512,3.664277613139401,266.4277613139401,147.50072844803452,1.7320372850525145,73.20372850525145
230.66338902614663,224.14743347911295,6.515955547033684,1.0290699538508918,100.14771157902419,200.56680575509512,381.50171642377006,100.41909417607093,2.002709823247759,100.27098232477591,281.3540048447459,3.809390253742704,280.9390253742704,180.93491066867495,1.9021179251845295,90.21179251845295
229.29994093831175,217.9311256252379,11.368815313073839,1.052167010473869,102.97676331230552,195.48762623619743,372.38221029682165,92.5108629238919,1.8983663881853339,89.83663881853339,269.4054469845161,3.616177070621938,261.6177070621938,176.89458406062423,1.9048889050752082,90.48889050752082
207.90861345808307,220.43361852653248,-12.525005068449417,0.9431801503229335,96.31604665319128,196.97504785259622,349.2222534711358,100.65900119940494,2.0450906645063154,104.50906645063154,252.9062068179445,3.625795135971404,262.5795135971404,152.24720561853957,1.7729263542683429,77.2926354268343
214.44181297909734,213.25970914783596,1.1821038312613723,1.0055430246809627,98.47021167905417,197.5636016041107,345.5184699072351,99.09338992505651,2.006328596591561,100.6328596591561,247.04825822818094,3.5088628735093006,250.88628735093005,147.9548683031244,1.7488974036806886,74.88974036806886
200.4872280210884,224.973434276387,-24.486206255298583,0.8911595658658235,97.39494522456987,192.72056502306634,348.0754831985769,95.32561979849648,1.9787532564313064,97.87532564313064,250.680537974007,3.573855731383149,257.3855731383149,155.35491817551053,1.806114895713991,80.61148957139909
214.000536510057,216.9371637426095,-2.936627232552496,0.9864632357965335,108.03737545826785,198.7819566974768,339.58721822325515,90.74458123920896,1.839936927885307,83.99369278853071,231.54984276498732,3.143238317136177,214.32383171361772,140.80526152577835,1.7083402531350855,70.83402531350855
224.54330581919294,232.48851054205534,-7.9452047228624,0.9658253876531883,101.55341268961894,198.2683098590195,385.7260019932339,96.71489716940056,1.9523549687590855,95.23549687590855,284.172589303615,3.798257407381681,279.82574073816807,187.45769213421443,1.9454748076861499,94.54748076861499
210.1497522606094,220.11308638889952,-9.963334128290114,0.9547353849253346,102.65995124972252,203.97608953239248,338.75821719214844,101.31613828266995,1.9869100564466107,98.69100564466106,236.0982659424259,3.299808864784202,229.98088647842022,134.78212765975596,1.6607741523466741,66.07741523466741
200.22657261791426,225.32415846694136,-25.097585849027098,0.8886156459219204,101.90224261406514,190.52148960289432,345.9023644103239,88.61924698882918,1.8696496241447529,86.9649624144753,244.00012179625878,3.394452914253925,239.44529142539247,155.3808748074296,1.815555636958809,81.5555636958809
211.69722715334657,200.05949488946655,11.637732263880025,1.0581713568271773,97.38796325157965,188.14233204606663,332.1047877665734,90.75436879448698,1.9318848630199166,93.18848630199166,234.71682451499373,3.410121504529838,241.0121504529838,143.96245572050677,1.7651784378076996,76.51784378076995
226.0040880750644,220.34106241320083,5.663025661863571,1.0257011816129116,104.26454218226476,185.7657657062549,379.4874178438782,81.50122352399015,1.7816772779908046,78.16772779908045,275.22287566161344,3.6396593693424224,263.9659369342422,193.72165213762327,2.0428275166908243,104.28275166908243
208.1650560737335,234.02365479038787,-25.85859871665437,0.8895043377567298,95.80273988975524,194.50604419597178,372.97428221045493,98.70330430621654,2.030276424450899,103.02764244508991,277.1715423206997,3.893148386357782,289.3148386357782,178.46823801448315,1.9175459752534478,91.75459752534478
217.30071988966046,234.91214554225192,-17.611425652591464,0.925029735640366,103.37186830382188,207.20619848715185,367.7412313568949,103.83433018332997,2.0044737691897843,100.44737691897842,264.369363053073,3.557459465432712,255.7459465432712,160.53503286974305,1.7747597998604143,77.47597998604144
202.59661172676144,242.02808446097285,-39.43147273421141,0.837078937256268,93.37962397167848,194.26107894279608,379.2963413671269,100.88145497111759,2.0803369159176994,108.03369159176994,285.9167173954484,4.061874799176374,306.18747991763746,185.03526242433082,1.9525081577397088,95.25081577397087
212.65239082031502,225.18150219429938,-12.529111373984364,0.9443599440811371,106.0628486047331,196.15635691731555,354.53163399987295,90.09350831258244,1.8494351179302757,84.94351179302757,248.46878539513983,3.3426561577759832,234.26561577759833,158.3752770825574,1.8073930387548758,80.73930387548758
207.6732944818249,239.45618273973977,-31.782888257914863,0.8672705465598312,101.32057721889701,197.20732980405992,372.1663088093901,95.88675258516291,1.9463699794959255,94.63699794959255,270.8457315904931,3.673156223788058,267.3156223788058,174.95897900533018,1.8871829418265784,88.71829418265784
212.07604315415304,234.34219882873205,-22.26615567457901,0.9049844382024762,101.21042187192644,210.5834436987111,357.83349740369016,109.37302182678467,2.080649796768828,108.0649796768828,256.62307553176373,3.535540024292156,253.5540024292156,147.25005370497905,1.699248008858924,69.9248008858924
201.74427384086857,226.78751696616624,-25.043243125297664,0.8895739789371485,90.35254910085112,196.17500351372848,356.2701335959726,105.82245441287736,2.1712171429137963,117.12171429137963,265.91758449512145,3.9431110371695812,294.31110371695814,160.0951300822441,1.8160832278055268,81.60832278055268
224.3070572875489,226.09582925387662,-1.7887719663277153,0.9920884344827116,106.10145681567188,210.41460699177838,359.088266004688,104.3131501761065,1.9831453149350045,98.31453149350044,252.98680918901613,3.384385820719931,238.4385820719931,148.67365901290964,1.7065748007633275,70.65748007633275
216.515178817481,220.81107371792393,-4.295894900442931,0.980544929979686,96.27556969137744,196.27575029214896,363.438058819581,100.00018060077151,2.0386869786523594,103.86869786523593,267.16248912820356,3.77497697478835,277.497697478835,167.16230852743203,1.851670714688989,85.1670714688989
227.1913098537709,220.83664817110522,6.354661682665665,1.0287753945520042,98.13896466476947,201.6155801248384,372.2873922477064,103.47661546006893,2.0543887008950237,105.43887008950237,274.14842758293696,3.793471772597092,279.3471772597092,170.671812122868,1.8465209485159315,84.65209485159315
217.46408258127866,211.768786828668,5.695295752610662,1.026893933888465,100.89874858878952,194.40509579454576,348.5454597315847,93.50634720575624,1.9267344591838216,92.67344591838216,247.64671114279517,3.4544081527916024,245.44081527916023,154.14036393703893,1.7928823228992925,79.28823228992925
206.89113431484435,210.93160075487788,-4.040466440033526,0.9808446604227457,92.23504163173672,193.99440973552407,340.5046512373225,101.75936810378735,2.1032614752869963,110.32614752869962,248.26960960558577,3.6917059418354494,269.17059418354495,146.51024150179842,1.7552291929522008,75.52291929522008
204.1262490364833,227.01725377462546,-22.891004738142158,0.8991662335900358,103.6281534003046,208.8336630916868,334.2534377246718,105.20550969138219,2.01522131041923,101.52213104192298,230.62528432436721,3.225507999100265,222.5507999100265,125.41977463298502,1.6005725934037773,60.05725934037773
213.27276538494067,226.74818355868743,-13.47541817374676,0.9405709983548378,99.73303303362451,197.91952817881528,362.37886220300237,98.18649514519078,1.9844932231439074,98.44932231439074,262.64582916937786,3.6334888369516256,263.34888369516256,164.4593340241871,1.8309404106683311,83.09404106683311
212.08412205393543,223.24567450498,-11.161552451044571,0.9500032756478084,98.21061354882995,193.71830851275624,361.0657727767869,95.50769496392628,1.9724783453922747,97.24783453922747,262.85515922795696,3.6764435098174633,267.6443509817463,167.34746426403066,1.8638701501619344,86.38701501619343
202.59937803533734,218.11136368283783,-15.511985647500495,0.9288804334374025,93.70869780508984,190.41298374276653,346.9444310294063,96.70428593767669,2.0319670233687117,103.19670233687117,253.23573322431645,3.702371702475646,270.2371702475646,156.53144728663978,1.8220628877813387,82.20628877813387
195.46203036781264,213.68177628789536,-18.219745920082715,0.9147342078646188,92.97434109378037,183.11695339394794,337.6244154958336,90.14261230016757,1.9695429001130913,96.95429001130913,244.65007440205324,3.6313719626717464,263.13719626717466,154.50746210188566,1.8437638309189572,84.37638309189572
210.74429271286445,216.38909106329504,-5.644798350430591,0.9739136648585512,99.20138238088329,194.90313555648902,346.59555772686696,95.70175317560573,1.9647219713951087,96.47219713951087,247.39417534598368,3.4938581439935463,249.38581439935464,151.69242217037794,1.7782964688447136,77.82964688447136
203.42525187638128,218.37413651590495,-14.94888463952367,0.9315446193490277,102.00953940738195,191.24421603953962,339.44532714150773,89.23467663215767,1.8747679594532134,87.47679594532134,237.43578773412577,3.327584156476876,232.75841564768763,148.2011111019681,1.7749312066584415,77.49312066584415
191.26467246310108,216.52193641536076,-25.257263952259677,0.8833500920488357,93.76763995081387,187.17774055592918,330.7345328109496,93.4101006051153,1.9961869644379862,99.61869644379861,236.96689286013572,3.5271713459402143,252.71713459402145,143.5567922550204,1.7669544029575743,76.69544029575744
218.77028857960048,222.62280867177705,-3.852520092176576,0.982694854515754,102.78500747277047,193.9450166448614,365.35962175943433,91.16000917209092,1.8868998642262178,88.68998642262179,262.57461428666386,3.554600332701483,255.4600332701483,171.41460511457294,1.8838309335292456,88.38309335292456
217.26710658738276,227.80109733261182,-10.533990745229062,0.9537579455561251,101.68839762504163,193.831379484379,372.0825287705711,92.14298185933737,1.906130728887072,90.6130728887072,270.3941311455295,3.659046041246132,265.9046041246132,178.25114928619212,1.9196196702534303,91.96196702534303
232.22746886612265,229.98953705257057,2.2379318135520805,1.0097305809743882,97.32213488558286,199.8803576671753,396.1230163252816,102.55822278159245,2.0538016136017303,105.38016136017303,298.80088143969874,4.070225306822391,307.0225306822391,196.24265865810628,1.981800617871986,98.1800617871986
205.9685637830465,214.25605389944408,-8.287490116397578,0.9613196921834138,98.02972761189938,186.08601791787046,346.2211809939661,88.05629030597109,1.898261093355138,89.8261093355138,248.1914533820667,3.5317978477371583,253.17978477371582,160.1351630760956,1.860543768241479,86.0543768241479
184.55737642222851,214.9095691693515,-30.352192747122984,0.8587676069314295,91.71468243141963,182.74150158488,324.7442343710704,91.02681915346038,1.992499965548334,99.2499965548334,233.02955193965073,3.5408096693122215,254.08096693122215,142.00273278619036,1.7770688735433902,77.70688735433902
223.73139613379172,231.08398571473515,-7.35258958094343,0.9681821760248677,101.10421856607438,202.2352452646196,378.8836089420962,101.13102669854523,2.000265153451073,100.0265153451073,277.7793903760218,3.747455984682631,274.7455984682631,176.6483636774766,1.8734796125489241,87.34796125489241
191.70759176255063,219.82602487891188,-28.118433116361246,0.8720877879138746,100.12774268231958,183.38513026539968,333.78755201447456,83.2573875830801,1.8315116805063216,83.15116805063217,233.65980933215496,3.333617068283457,233.3617068283457,150.40242174907488,1.8201451313495736,82.01451313495735
219.14714259819942,215.1952197976148,3.9519228005846117,1.018364361458871,91.8381951464296,194.57927735515216,365.09607109213965,102.74108220872256,2.11871843784505,111.87184378450499,273.25787594571005,3.975427331841827,297.54273318418274,170.5167937369875,1.876335836245064,87.6335836245064
212.54343160821182,214.94486830106356,-2.401436692851746,0.9888276621264195,99.74395609152377,197.07283408643355,344.4156596859558,97.32887799490977,1.9757872236950582,97.57872236950583,244.67170359443202,3.4529977873538966,245.29977873538965,147.34282559952226,1.7476567040939779,74.76567040939779
197.22616135308579,211.2916926403175,-14.065531287231721,0.933430741590132,98.99527842583747,180.44449716424913,333.33700540001837,81.44921873841166,1.8227586207500748,82.27586207500748,234.34172697418092,3.3672010493888203,236.72010493888203,152.89250823576924,1.8473104507952893,84.73104507952894
210.70616106724734,218.7789170659703,-8.072755998722954,0.9631008503607836,99.71169414989075,197.65064145135318,346.86528159858244,97.93894730146243,1.9822212744097654,98.22212744097654,247.1535874486917,3.478682059871134,247.86820598711338,149.21464014722926,1.7549413401926892,75.49413401926893
221.8969438010851,218.71201757886618,3.1849262222189054,1.0145621912205645,96.69773605173833,202.57427674807977,361.6414292701088,105.87654069634144,2.094922642653102,109.49226426531018,264.94369321837047,3.739916196968787,273.99161969687873,159.06715252202903,1.7852287816376808,78.52287816376808
217.58499619519532,233.2996422578816,-15.714646062686285,0.9326417910006229,101.82193924664091,184.94078050553446,389.56423792744016,83.11884125889355,1.8163156376108367,81.63156376108367,287.74229868079925,3.8259361470597,282.59361470597,204.6234574219057,2.1064269160245175,110.64269160245175
236.04684857702037,223.42612249797054,12.620726079049831,1.0564872448124971,104.44725883926685,213.34279060586988,371.4194071673497,108.89553176660303,2.0425886995673252,104.25886995673252,266.9721483280828,3.556047437673059,255.6047437673059,158.0766165614798,1.7409512930460866,74.09512930460866
209.3917457993257,221.54822226514386,-12.156476465818173,0.94512943348618,96.30814403094735,190.67613019351938,359.4256778722376,94.36798616257204,1.9798546853135093,97.98546853135093,263.11753384129025,3.732038255837854,273.20382558378543,168.74954767871822,1.8850061489471828,88.50061489471828
208.43274343501756,223.38016688761903,-14.94742345260147,0.933085270456793,102.21218339245615,192.2302361597729,353.2769459317258,90.01805276731673,1.880697875532914,88.0697875532914,251.06476253926962,3.4563095533853905,245.63095533853905,161.0467097719529,1.8377803252454952,83.77803252454952
196.6346849855525,225.0837100853187,-28.449025099766203,0.8736069123394914,97.9201617603923,185.3783081150492,349.27912273086525,87.4581463546569,1.8931576989084675,89.31576989084675,251.35896097047294,3.5669786124898444,256.69786124898445,163.90081461581605,1.8841423588465172,88.41423588465172
192.47819031916094,208.37701699668432,-15.898826677523374,0.9237016303109074,94.40578506733905,173.51135384583915,333.36567206058965,79.1055687785001,1.83793136958794,83.79313695879401,238.9598869932506,3.531199616875195,253.1199616875195,159.8543182147505,1.9212902479959748,92.12902479959749
202.79317492178131,216.9642056627334,-14.17103074095209,0.9346849370951968,100.20744531924007,185.74955684754866,343.6790687099834,85.5421115283086,1.8536502577806393,85.36502577806392,243.47162339074336,3.4296759848042573,242.96759848042572,157.92951186243477,1.8502282026548962,85.02282026548961
206.4779893825227,222.2675263333627,-15.789536950839988,0.9289615662201665,96.55121148976566,190.7403840102938,355.82667807376856,94.18917252052815,1.975535895067584,97.55358950675841,259.2754665840029,3.6853673049093314,268.53673049093317,165.08629406347475,1.8655025778629315,86.55025778629314
213.1445403568279,224.15787236662314,-11.01333200979525,0.950867966877459,100.46203920313013,201.79631017388633,353.69526970816,101.3342709707562,2.0086822024970292,100.86822024970292,253.2332305050299,3.520685748703574,252.0685748703574,151.8989595342737,1.7527340782563543,75.27340782563543
222.0304323081993,214.4486930758068,7.5817392323924935,1.0353545602150738,107.38879937384583,197.2633001614302,350.066588540733,89.87450078758438,1.8369075854429657,83.69075854429657,242.67778916688718,3.2598054041191795,225.98054041191796,152.80328837930278,1.774615897910338,77.46158979103379
215.10317555832177,217.24269739835856,-2.1395218400367924,0.9901514671578877,104.17475157039368,196.7815877723925,347.5624700922342,92.60683620199882,1.8889566311029011,88.89566311029012,243.38771852184053,3.3363407625443378,233.63407625443378,150.7808823198417,1.7662347073560687,76.62347073560687
201.3865310864494,226.34664849691998,-24.960117410470588,0.8897261453782461,93.15896767530931,198.8438601649331,349.5969415348117,105.68489248962378,2.1344575313240006,113.44575313240006,256.4379738595024,3.7526923092715663,275.2692309271566,150.75308136987863,1.7581480325559709,75.81480325559708
215.5745244152903,207.2847104711522,8.289813944138103,1.039992404289229,99.76668657659025,189.6043918094516,344.9177739436219,89.83770523286137,1.900477988350285,90.04779883502849,245.15108736703166,3.4572439536601305,245.72439536601306,155.3133821341703,1.819144433585995,81.9144433585995
197.7192861242175,207.27067670449796,-9.551390580280469,0.953918273765769,98.60197035533434,181.6197972296382,327.2631766581006,83.01782687430386,1.8419489648648042,84.19489648648042,228.66120630276623,3.319032829452943,231.9032829452943,145.64337942846237,1.801913566968211,80.19135669682109
219.3667730979304,234.33509226072903,-14.968319162798622,0.9361242952628521,99.88185372847413,204.4833900700126,376.1875542395024,104.60153634153848,2.047252653378808,104.72526533788078,276.30570051102825,3.76632531532862,276.632531532862,171.7041641694898,1.839697366669735,83.96973666697349
218.97657730289794,225.48744257073201,-6.5108652678340775,0.9711253753485997,91.24035174747901,198.8214746445446,376.6342034184213,107.58112289706558,2.1790958806780143,117.90958806780142,285.3938516709423,4.127934583821109,312.7934583821109,177.8127287738767,1.8943336180951902,89.43336180951901
220.242878856056,230.37364445106263,-10.130765595006636,0.9560246328561309,106.71592339013792,188.85900081378958,380.3498607567504,82.14307742365166,1.7697359008303615,76.97359008303614,273.6339373666125,3.564134092400124,256.4134092400124,191.4908599429608,2.0139355769003893,101.39355769003893
201.24989325726014,221.05243097685045,-19.802537719590305,0.9104170099732397,92.64824480501711,185.04797202498057,355.75726952116815,92.39972721996345,1.9973176223081541,99.7317622308154,263.10902471615105,3.83987058006201,283.987058006201,170.7092974961876,1.922513744020619,92.2513744020619
205.41222721136535,216.3123658911875,-10.900138679822163,0.9496092669741067,97.20872578089332,188.20166455399283,347.17649931894323,90.99293877309951,1.9360573142188482,93.60573142188483,249.96777353804993,3.5714540698894943,257.14540698894945,158.9748347649504,1.8447047221484187,84.47047221484188
213.90130909494286,216.02217328994155,-2.1208641949986884,0.9901821921208426,106.99573868835787,194.40955323919695,343.4799316497717,87.41381455083908,1.8169840745288532,81.69840745288532,236.4841929614138,3.210220667294159,221.0220667294159,149.07037841057473,1.7667852527142123,76.67852527142122
204.065962034344,215.71984648148393,-11.653884447139916,0.9459767627447286,91.24523511899513,187.36156468296093,351.0719129717859,96.1163295639658,2.05338464456383,105.33846445638302,259.82667785279074,3.8475643414578795,284.756434145788,163.71034828882495,1.8737669786535098,87.37669786535098
227.67079249710696,228.65170606317037,-0.980913566063407,0.9957100098531851,105.37616610347857,205.37559883164957,373.7319829052879,99.999432728171,1.9489758113800832,94.89758113800832,268.35581680180934,3.5466462362873026,254.66462362873025,168.35638407363834,1.8197487190853836,81.97487190853836
223.24038703725134,225.9289138305572,-2.6885267933058685,0.9881001207515997,106.00324767876435,194.8015954961535,372.9491081267949,88.79834781738916,1.8376945967399652,83.76945967399652,266.94586044803054,3.5182800177688125,251.82800177688125,178.1475126306414,1.9145074616914985,91.45074616914985
224.9472551171996,216.1479898165857,8.79926530061391,1.0407094477634542,109.76388462731879,191.7045744345453,360.1744083388139,81.9406898072265,1.7465177647952206,74.65177647952206,250.41052371149513,3.2813562453781016,228.13562453781014,168.46983390426863,1.8787992378439053,87.87992378439054
217.8809305923418,221.33332469691376,-3.4523941045719653,0.9844018332562458,99.77574714873116,184.42071274087422,374.62492304427803,84.64496559214307,1.8483521097162687,84.83521097162688,274.84917589554686,3.7546691831416883,275.4669183141688,190.2042103034038,2.031360347092118,103.1360347092118
221.38152996749534,231.53230056990998,-10.150770602414639,0.9561582959378505,101.67488314574287,202.56556222446167,375.1303004359034,100.8906790787188,1.9922871407100613,99.22871407100612,273.45541729016054,3.689508055772082,268.9508055772082,172.56473821144172,1.851895733492072,85.18957334920721
210.7178972602205,228.7769854223222,-18.059088162101716,0.9210624786896083,97.45520578754613,207.36160677135098,354.42551146491695,109.90640098380484,2.1277632641133866,112.77632641133866,256.9703056773708,3.636804299993682,263.6804299993682,147.06390469356597,1.7092147238988518,70.92147238988518
211.6359729295486,226.72117288793248,-15.085199958383896,0.9334636471475892,97.49930062618601,198.43915571369988,361.5972623863358,100.93985508751386,2.035287991187947,103.52879911879471,264.09796176014976,3.7087164734925215,270.87164734925216,163.1581066726359,1.8222072205751265,82.22072205751265
215.54186140957518,221.96052065672094,-6.418659247145769,0.9710819778753685,98.1476129756427,188.18776939230304,369.91819073149844,90.04015641666034,1.9173952752065972,91.73952752065972,271.77057775585575,3.768998343579696,276.8998343579696,181.7304213391954,1.9656866752076412,96.56866752076412
203.79382105277062,235.09194243589144,-31.298121383120815,0.8668685916717215,99.43128098045618,196.08537169573688,362.8119925568001,96.6540907152807,1.9720692498598973,97.20692498598973,263.3807115763439,3.648871753227367,264.8871753227367,166.7266208610632,1.8502756703328729,85.02756703328728
202.28646888832222,239.57316672061071,-37.286697832288496,0.8443619611382768,97.4793235588059,205.2694288492206,360.0407010053729,107.79010529041469,2.1057740385876667,110.57740385876667,262.561377446567,3.6935084063049826,269.3508406304983,154.77127215615232,1.7539908549647625,75.39908549647625
215.66554528095466,211.77726214195053,3.8882831390041304,1.0183602484028615,98.57003816634749,178.52977310406348,364.0643998639468,79.959734937716,1.811197159148659,81.1197159148659,265.4943616975993,3.693459053445319,269.3459053445319,185.5346267598833,2.0392363331562446,103.92363331562447
204.28685590974783,239.7711114644056,-35.48425555465778,0.8520077946924584,100.25640720475643,207.18772527751977,358.64281857895395,106.93131807276335,2.0665783968736737,106.65783968736737,258.3864113741975,3.5772558440727664,257.72558440727664,151.45509330143418,1.7310041803806961,73.10041803806962
213.1883137429297,232.97311539402585,-19.78480165109616,0.9150768893756935,96.73526843474777,195.2604175189549,377.24645775173065,98.52514908420714,2.01850287571866,101.850287571866,280.5111893169829,3.899781991158686,289.9781991158686,181.98604023277574,1.9320170598073696,93.20170598073696
218.88166156426382,224.29833680017566,-5.416675235911839,0.9758505777921239,103.19225155190814,200.80450445365892,360.7732415410921,97.61225290175078,1.94592618567538,94.592618567538,257.58098998918393,3.496127239355899,249.6127239355899,159.96873708743317,1.7966391865693943,79.66391865693943
198.07242228431983,223.26137346086185,-25.18895117654202,0.887177299028138,96.88439709800353,186.76318251009977,348.35311400966924,89.87878541209624,1.9276910225408044,92.76910225408044,251.4687169116657,3.5955543353104855,259.55543353104855,161.58993149956947,1.8652129896685126,86.52129896685126
207.37987138108215,225.52734549341386,-18.147474112331707,0.9195331542938695,103.06641210182183,192.16582223425667,354.12859097566553,89.09941013243484,1.864485415912328,86.44854159123281,251.06217887384372,3.4359262513748248,243.5926251374825,161.96276874140887,1.8428281723477902,84.28281723477902
206.565760905444,221.95671273752308,-15.390951832079082,0.9306578672829787,93.67091852432709,190.99898309786727,358.1138088422562,97.32806457354017,2.0390424915953322,103.90424915953322,264.44289031792914,3.8231055538251306,282.3105553825131,167.11482574438895,1.8749513899702799,87.495138997028
231.67125616192317,243.31843902888494,-11.64718286696177,0.9521319349513865,111.82963450833621,211.19354521893862,389.4613630589374,99.36391071060241,1.888529334352742,88.85293343527421,277.6317285506012,3.4826311001660786,248.26311001660787,178.2678178399988,1.8440969048329265,84.40969048329265
195.49261420399458,217.20695334916994,-21.71433914517536,0.9000292632885072,100.55011516810467,185.36426268872992,333.13497347291224,84.81414752062526,1.8435012469038823,84.35012469038823,232.58485830480757,3.313123738505527,231.3123738505527,147.7707107841823,1.7971909398324746,79.71909398324746
215.83604323537025,235.27458331293923,-19.438540077568973,0.9173793454275776,98.93611299747518,197.33684811386482,380.3929787111242,98.40073511638964,1.9945886505456385,99.45886505456384,281.45686571364905,3.8448344814277444,284.4834481427744,183.0561305972594,1.9276327880317348,92.76327880317348
206.5736049614757,203.18558073622975,3.3880242252459425,1.0166745308056293,95.58059886120775,193.4282420054525,325.6299376798979,97.84764314424474,2.0237186658176203,102.37186658176202,230.04933881869016,3.406862287531218,240.68622875312178,132.20169567444543,1.6834663558112617,68.34663558112616
221.72547899417864,226.53270073463992,-4.807221740461273,0.9787791267005974,106.08244521936605,199.77160024432396,366.53322412953787,93.68915502495791,1.883173034249161,88.3173034249161,260.45077891017183,3.4551732227852607,245.51732227852608,166.7616238852139,1.8347614159433157,83.47614159433157
204.79177883655845,222.6195595420507,-17.827780705492245,0.9199181745657674,99.88697549336496,189.95321982993792,351.27681224461094,90.06624433657296,1.901681564505431,90.16815645054311,251.38983675124598,3.5167429037627103,251.67429037627102,161.32359241467302,1.8492806416185177,84.92806416185176
205.4276139013152,207.74275123993365,-2.315137338618456,0.9888557491185598,88.44282817005009,187.91935603690413,343.393363504919,99.47652786685404,2.1247551658523327,112.47551658523327,254.95053533486893,3.8826592343324036,288.26592343324035,155.4740074680149,1.8273442967603746,82.73442967603745
219.50677196104647,223.53427253480422,-4.027500573757749,0.9819826260730078,107.5769537264072,201.26537030149842,355.7192427158704,93.68841657509122,1.8708967239708452,87.08967239708451,248.1422889894632,3.3066491510862615,230.66491510862613,154.45387241437197,1.767414047349516,76.74140473495159
204.7742999716133,211.9802882513928,-7.205988279779518,0.9660063285165753,96.4105713549926,183.92366492070792,344.7976460588086,87.51309356571532,1.9077126329174428,90.77126329174428,248.38707470381598,3.576346879941536,257.63468799415364,160.87398113810067,1.8746779877807225,87.46779877807225
212.86451946497058,229.9943307873785,-17.129811322407903,0.9255207236466894,99.18992794212323,200.53624150954914,364.56210592685125,101.34631356742591,2.021739965640069,102.1739965640069,265.372177984728,3.6753944023386245,267.5394402338624,164.0258644173021,1.8179362651986848,81.79362651986848
205.81244114052768,221.38088877552235,-15.56844763499467,0.9296757379505288,98.39946178801115,190.79313587263164,351.5973972134323,92.39367408462049,1.9389652382822036,93.89652382822035,253.19793542542118,3.5731638245227724,257.31638245227725,160.80426134080068,1.8428199505465923,84.28199505465923
214.34951364375272,230.63186347958685,-16.28234983583414,0.9294011261489231,108.01977515479933,188.25143045976105,371.20086007044887,80.23165530496172,1.742749697358512,74.27496973585119,263.18108491564954,3.436415781633446,243.6415781633446,182.94942961068782,1.971835534868849,97.1835534868849
198.55555497665094,214.48365253930163,-15.928097562650692,0.9257374752151236,100.00734074352766,180.70969730887842,338.8417732215227,80.70235656535075,1.8069643284717947,80.69643284717947,238.83443247799505,3.3881690154175215,238.81690154175215,158.1320759126443,1.8750613733935746,87.50613733935747
202.41734725158423,210.18032384788327,-7.7629765962990405,0.9630651601720938,101.82908693402494,182.54826928176215,334.5191504334141,80.7191823477372,1.7926927833501556,79.26927833501556,232.69006349938917,3.28510409457122,228.51040945712202,151.97088115165195,1.8324969705250167,83.24969705250167
210.5077796308459,211.36542020317438,-0.8576405723284779,0.9959423799242844,94.441863903992,183.36777324150967,355.0001626055288,88.92590933751767,1.9415941793346883,94.15941793346883,260.55829870153684,3.758927957694863,275.89279576948627,171.63238936401916,1.9360008377151743,93.60008377151743
207.18941585521776,205.0809680071485,2.108447848069261,1.0102810507896363,97.27285959472026,181.3314619665469,339.80125423228236,84.05860237182664,1.8641526806351763,86.41526806351763,242.5283946375621,3.493279170038155,249.3279170038155,158.46979226573546,1.8739233145044125,87.39233145044125
218.1060863753995,204.94124243742962,13.164843937969891,1.0642371627174518,96.1106988483219,185.9413894494498,352.51890492147203,89.83069060112788,1.9346585934506118,93.46585934506118,256.40820607315015,3.667842489396559,266.7842489396559,166.57751547202224,1.8958603351585053,89.58603351585053
200.15365644941363,209.51087024812034,-9.35721379870671,0.9553378123644606,93.71343273325274,184.00298910143232,336.78036821161584,90.28955636817957,1.9634644013647549,96.34644013647548,243.0669354783631,3.593725663323339,259.3725663323339,152.77737911018352,1.8302983546966427,83.02983546966428
199.346104153819,207.97089550333155,-8.624791349512549,0.9585288541041341,95.59485522606859,179.5331182375233,335.84752602213393,83.93826301145471,1.8780625569540572,87.80625569540572,240.25267079606533,3.5132385025104234,251.32385025104233,156.31440778461064,1.8706717140500273,87.06717140500272
207.23009762069958,229.5426359353305,-22.312538314630928,0.9027956692066694,105.72224222367787,194.39758164436918,355.0392764659981,88.67533942069132,1.838757649814878,83.8757649814878,249.31703424232023,3.3582268877237498,235.822688772375,160.64169482162893,1.8263564467355708,82.63564467355708
227.89214720341647,237.0341684425996,-9.142021239183123,0.9614316311473172,106.4066990148272,205.6185734264632,385.36420102773366,99.211874411636,1.9323837251807932,93.23837251807932,278.95750201290645,3.621615975268956,262.1615975268956,179.74562760127046,1.8741701909801165,87.41701909801165
224.07569835034263,229.9795281131064,-5.903829762763763,0.974328890005113,105.26557688179608,214.84620986314104,360.9710529502364,109.58063298134496,2.0409920909320083,104.09920909320083,255.70547606844033,3.429146199954568,242.91461999545677,146.12484308709537,1.6801369369288768,68.01369369288767
225.73693615007264,210.83466705512998,14.902269094942653,1.0706822521319321,99.39636170558998,194.42091525579994,361.04012784641395,95.02455355020996,1.9560164166941116,95.60164166941117,261.64376614082397,3.632327397614487,263.2327397614487,166.619212590614,1.8570025111310315,85.70025111310315
202.13471792433504,202.83710618898922,-0.7023882646541892,0.9965371806083658,90.72918777689408,178.72575752331454,338.00279086977775,87.99656974642046,1.9698815993239882,96.98815993239882,247.27360309288366,3.7254030279752666,272.54030279752664,159.2770333464632,1.8911811904094782,89.11811904094782
216.40084990051025,216.7399160769562,-0.3390661764459537,0.9984356080661877,101.72892801597509,191.2814165045734,356.7008044456512,89.55248848859831,1.8803050443482052,88.03050443482053,254.97187642967612,3.506385168923007,250.6385168923007,165.41938794107782,1.8647959167383243,86.47959167383243
196.31839602389428,215.45115584374568,-19.1327598198514,0.9111967640882498,98.61761246857436,184.2594243937441,334.77729093914144,85.64181192516973,1.86842309179266,86.84230917926601,236.1596784705671,3.394700830400067,239.47008304000673,150.51786654539734,1.8168801516700475,81.68801516700475
221.27017131715226,231.65871664332633,-10.388545326174068,0.9551558194023461,102.75459015403223,196.8410446915455,379.79769709514017,94.08645453751328,1.9156423513195358,91.56423513195358,277.0431069411079,3.696162833463809,269.6162833463809,182.95665240359466,1.9294639372103108,92.94639372103109
220.95810621395097,225.59206856841072,-4.633962354459754,0.9794586645538271,106.52043642809214,185.8564447788058,377.4483809666447,79.33600835071367,1.7447961256173632,74.47961256173632,270.9279445385526,3.5434362984557017,254.34362984557018,191.5919361878389,2.030859792975482,103.08597929754822
206.89738826382373,218.85214513922813,-11.9547568754044,0.9453751898671174,95.33278297406797,194.44038100825074,348.8511361222591,99.10759803418277,2.0395961907578175,103.95961907578175,253.51835314819112,3.659298776761318,265.9298776761318,154.41075511400837,1.7941290503203458,79.41290503203457
227.9952953494776,208.9279530449813,19.067342304496293,1.0912627631994805,105.6094719127904,194.4134574217862,355.36194325711176,88.80398550899581,1.8408714095486423,84.08714095486422,249.75247134432135,3.3648681015142334,236.48681015142336,160.94848583532556,1.8278670004111015,82.78670004111015
208.89823074074246,219.141018787393,-10.242788046650531,0.9532593756142572,101.59592299008438,192.3441017171542,348.1188495849646,90.74817872706981,1.89322657894379,89.322657894379,246.52292659488023,3.4265041287034768,242.65041287034768,155.77474786781042,1.809875356078661,80.98753560786609
199.99844094261806,229.73375322449235,-29.735312281874286,0.8705662016812244,99.2224502233633,190.30851226844183,355.0673287588605,91.08606204507853,1.917998515860386,91.7998515860386,255.84487853549723,3.5784978899387734,257.8497889938773,164.7588164904187,1.8657459118697552,86.57459118697552
203.52780712741577,227.25545413193774,-23.72764700452197,0.8955904178618903,96.28497343824257,195.3083905301915,354.58152792059616,99.02341709194893,2.0284410282925696,102.84410282925695,258.2965544823536,3.6826258060716572,268.2625806071657,159.27313739040466,1.8154956218626133,81.54956218626133
216.60464403297573,237.99876244758545,-21.39411841460972,0.9101082787381243,101.87239940141782,199.5612165832205,380.4714937362035,97.68881718180268,1.9589331139327526,95.89331139327525,278.5990943347857,3.7347848482197255,273.47848482197253,180.910277152983,1.906540259928413,90.6540259928413
224.6344348461298,223.2878988946684,1.3465359514614192,1.006030492284298,101.4618384347449,206.46481186702744,363.9568503094249,105.00297343228253,2.0349011515281688,103.49011515281687,262.49501187468,3.5871304514505074,258.7130451450507,157.49203844239747,1.7628032932983728,76.28032932983729
214.64470939972853,224.62893159273162,-9.984222193003092,0.955552376436063,102.36020564228751,211.17256938466983,345.37768646173294,108.81236374238232,2.0630338524586675,106.30338524586675,243.01748081944544,3.3741402168407615,237.41402168407615,134.2051170770631,1.6355234369128522,63.552343691285216
206.05268618098884,214.7264519212888,-8.673765740299956,0.9596055089501527,102.89172572276495,183.8285995083273,344.4483819223242,80.93687378556236,1.7866217931230106,78.66217931230106,241.55665619955926,3.3476781490711693,234.76781490711693,160.6197824139969,1.87374751721764,87.37475172176401
213.73149857619288,212.74030903917892,0.9911895370139518,1.0046591524732222,101.78048916157354,193.87864521028075,344.0485770512034,92.09815604870721,1.9048704403700014,90.48704403700015,242.26808788962984,3.3802998972134666,238.02998972134665,150.16993184092263,1.7745563296981384,77.45563296981383
223.99306911621176,238.84631741100625,-14.853248294794497,0.9378125295972847,97.97182282622285,205.76768232351702,390.51957464108716,107.79585949729417,2.100274103182674,110.02741031826741,292.54775181486434,3.986039693614457,298.6039693614457,184.75189231757014,1.8978664201849496,89.78664201849496
203.71625683548882,219.32037902389968,-15.604122188410855,0.9288523836323005,104.22074803938858,189.68603911926022,340.64816663043405,85.46529107987163,1.8200410444911734,82.00410444911735,236.42741859104547,3.2685254427620447,226.85254427620447,150.96212751117383,1.7958526004977113,79.58526004977114
223.6575715436158,223.2760907060464,0.38148083756939855,1.0017085610750487,103.57412830128645,199.4649141879897,367.36145088521727,95.89078588670326,1.9258179379291211,92.58179379291211,263.7873225839308,3.5468456931310173,254.68456931310172,167.89653669722756,1.841734684923034,84.1734684923034
219.77316314609328,218.0091289902425,1.7640341558507941,1.0080915609544485,97.11127325628958,191.03099013485922,368.5311748133548,93.91971687856964,1.967135057849597,96.7135057849597,271.41990155706526,3.794937111376884,279.4937111376884,177.5001846784956,1.9291695789944265,92.91695789944265
206.59809354779242,240.24969731811336,-33.651603770320946,0.8599307131456526,102.65092052976962,196.9270911309273,370.69367463816184,94.27617060115767,1.9184152476627503,91.84152476627503,268.0427541083922,3.611206531076919,261.1206531076919,173.76658350723454,1.8823904446529682,88.23904446529683
217.79158067911723,226.76655219178608,-8.974971512668844,0.9604219783476783,100.0003494858692,194.5495132837446,372.2873365367411,94.54916379787541,1.9454883336306332,94.54883336306332,272.2869870508719,3.7228603544965426,272.28603544965426,177.73782325299652,1.9135865736850817,91.35865736850816
211.49903099805223,229.70312526691245,-18.204094268860217,0.9207494706582365,97.3789208845746,200.90953298835302,363.5147805245195,103.53061210377842,2.063172719140065,106.31727191400651,266.1358596399449,3.732992491828921,273.2992491828921,162.60524753616647,1.8093456050469885,80.93456050469885
221.06522013982848,215.28286695636683,5.782353183461652,1.026859328218783,104.19695672168946,202.455117986995,347.8700559356085,98.25816126530553,1.9430041371338083,94.30041371338082,243.67309921391904,3.338581729068834,233.85817290688342,145.4149379486135,1.7182576533232143,71.82576533232144
221.49622602124236,218.10547444912706,3.390751572115306,1.0155463845218897,106.20092781664023,192.75921548948745,360.44240739942643,86.55828767284721,1.8150426691402664,81.50426691402663,254.2414795827862,3.393966651795579,239.3966651795579,167.68319190993898,1.869910118092818,86.99101180928179
207.18638618306684,220.49822922691777,-13.311843043850928,0.9396283449054299,105.53915888204159,184.60657265236276,351.38119158057253,79.06741377032117,1.7491760840987258,74.91760840987259,245.84203269853094,3.329391623949763,232.9391623949763,166.77461892820978,1.9034056400703956,90.34056400703956
207.1072737492651,228.18762705878999,-21.080353309524895,0.907618333293357,96.63858131745721,182.72578775899808,373.5779821356272,86.08720644154087,1.8908161240358534,89.08161240358534,276.93940081817004,3.8657229549803263,286.57229549803264,190.85219437662914,2.04447323345706,104.447323345706
203.42148833235785,216.26914225103368,-12.847653918675832,0.9405941421649374,101.3692627511538,186.16443363678286,342.00224948715066,84.79517088562906,1.8364978553093394,83.64978553093394,240.63298673599687,3.373825952810907,237.38259528109072,155.8378158503678,1.8370976819042462,83.70976819042461
226.3909500101423,211.56089678895228,14.830053221190013,1.0700982716857363,100.39821892960813,208.4951107366103,348.03444053242345,108.09689180700215,2.076681369046913,107.66813690469128,247.6362216028153,3.4665399868939875,246.65399868939875,139.53932979581316,1.6692690744776828,66.92690744776829
209.09216632546432,205.673755868798,3.4184104566663223,1.0166205476349008,106.32434871968229,193.109068873249,322.71546569846214,86.7847201535667,1.8162262096932225,81.62262096932224,216.39111697877985,3.0351981421422285,203.51981421422286,129.60639682521315,1.671156448433206,67.1156448433206
218.35679648205104,221.9013672118992,-3.544570729848175,0.9840263682266392,97.50786077699911,193.2070057736468,369.6723789902794,95.6991449966477,1.9814505644371796,98.14505644371796,272.1645182132803,3.7912059196511523,279.12059196511524,176.4653732166326,1.9133487293073212,91.33487293073213
188.4780236465097,233.15371708598354,-44.67569343947383,0.8083852404420466,93.79996237818985,187.769196455461,350.8784522650891,93.96923407727117,2.001804603059422,100.18046030594219,257.07848988689926,3.740709946667042,274.07099466670417,163.10925580962808,1.868668870553098,86.8668870553098
197.66301354189514,222.8043480985449,-25.141334556649753,0.8871595874532489,93.758873486215,192.7178741553849,344.22429481906016,98.9590006691699,2.0554627737045013,105.54627737045013,250.46542133284515,3.6713783135381863,267.1378313538186,151.50642066367527,1.7861565582729415,78.61565582729415
209.63560716946006,227.24615519371048,-17.61054802425042,0.922504528143771,97.47023529233104,193.92824495056826,363.9241633018565,96.45800965823722,1.9896150283103557,98.96150283103557,266.45392800952544,3.7336953400223303,273.369534002233,169.99591835128822,1.8765918466112024,87.65918466112024
214.1308742336889,225.65236807420814,-11.521493840519241,0.9489414007092083,94.78395594621647,197.27713726693827,367.61377024869086,102.4931813207218,2.081334707942342,108.13347079423421,272.8298143024744,3.878438777732457,287.8438777732457,170.3366329817526,1.8634382845451973,86.34382845451974
191.98542286260468,220.28482595863557,-28.299403096030886,0.871532671517988,97.55029983170067,195.44055501940036,325.4145183807593,97.8902551876997,2.003484923742782,100.34849237427821,227.86421854905865,3.3358638460587304,233.58638460587304,129.97396336135895,1.6650306705711981,66.50306705711981
213.0058181076042,210.6672103717621,2.338607735842089,1.0111009574376344,93.29252274158296,193.14500656624438,349.0720134112221,99.85248382466142,2.0703160434545147,107.03160434545147,255.77949066963913,3.7416933656959777,274.16933656959776,155.9270068449777,1.807305400315893,80.7305400315893
222.07355726989982,230.25628949154483,-8.182732221645011,0.9644625028931273,99.83876921514994,204.65054350926573,374.0054574177513,104.81177429411579,2.0498103604247078,104.98103604247078,274.16668820260134,3.7460944316308558,274.6094431630856,169.35491390848557,1.8275321971027059,82.75321971027059
203.2609703736549,216.51043836074322,-13.249467987088309,0.9388044840359501,100.84927824406346,186.8784597438166,341.9293751137172,86.02918149975314,1.8530470718050704,85.30470718050705,241.08009686965374,3.390498980926966,239.0498980926966,155.0509153699006,1.8296885343685572,82.96885343685571
226.2487031302108,214.16727543562743,12.081427694583368,1.0564111751900898,102.7950697362469,191.27183389454947,366.55706421796094,88.47676415830257,1.8607101915035182,86.07101915035183,263.76199448171405,3.5659012164540425,256.5901216454042,175.28523032341147,1.9164194578698315,91.64194578698314
206.3430058091134,237.50953121193027,-31.16652540281686,0.8687777907531344,98.01195266292744,192.8425329013736,374.92431996726435,94.83058023844616,1.967540974972488,96.7540974972488,276.9123673043369,3.8252918116698,282.52918116698,182.08178706589075,1.9441993129130581,94.41993129130582
217.76870806365937,222.25757081288032,-4.488862749220942,0.9798033302856525,104.70845111582571,199.10918865852165,356.2217785404622,94.40073754269594,1.9015579596175323,90.15579596175323,251.5133274246365,3.402034647102354,240.20346471023538,157.11258988194055,1.7890775455440857,78.90775455440857
207.19016358011976,214.96484781058717,-7.774684230467415,0.9638327647071024,91.15328557835132,193.35926978055437,348.71996172715467,102.20598420220306,2.1212539795326557,112.12539795326558,257.56667614880337,3.8256433601333053,282.56433601333055,155.3606919466003,1.8034819955770462,80.34819955770462
207.4205238013567,221.8752400772645,-14.4547162759078,0.9348520534744023,98.67383751504886,201.47099434436004,343.798813958523,102.79715682931118,2.0417873614536726,104.17873614536725,245.12497644347414,3.4841942161830874,248.41942161830875,142.32781961416296,1.706443228105045,70.6443228105045
226.21888892685507,231.3891453134606,-5.17025638660553,0.9776555793937463,101.68239730696489,193.31796898711502,391.41168506639355,91.63557168015014,1.9011940523344981,90.11940523344981,289.72928775942864,3.8493553990940694,284.93553990940694,198.09371607927852,2.02470410338566,102.47041033856598
218.6734980407261,217.6475937178017,1.02590432292439,1.004713602872424,95.65219120110237,191.0180594941174,367.81138694257186,95.36586829301504,1.9970066246837423,99.70066246837423,272.1591957414695,3.8453001684955956,284.53001684955956,176.79332744845445,1.9255320042338666,92.55320042338666
205.73534608999447,215.544706097785,-9.80936000779053,0.954490369142537,103.21317132965116,202.48943632152032,326.2174706304977,99.27626499186916,1.9618565509899122,96.18565509899122,223.00429930084653,3.160618615124189,216.0618615124189,123.72803430897739,1.6110345139808546,61.10345139808546
217.21979358239014,234.73744143265134,-17.5176478502612,0.9253734396040642,102.1427149578865,198.87612262535188,376.9170149393239,96.73340766746539,1.9470416730879792,94.70416730879792,274.7742999814374,3.69010178645366,269.01017864536595,178.04089231397202,1.89523513413106,89.523513413106
215.25596167503977,223.34272440449683,-8.086762729457064,0.9637921371693707,104.15101991946517,191.31227415596558,362.4347350438742,87.16125423650041,1.8368737464491265,83.68737464491265,258.283715124409,3.4798961673551254,247.98961673551253,171.1224608879086,1.8944667123051528,89.44667123051528
213.80183904550023,233.5236111384841,-19.721772092983883,0.9155469890310642,97.67718531020263,193.90473534088284,379.4062546248911,96.2275500306802,1.985158916333239,98.5158916333239,281.7290693146885,3.8842873432519065,288.42873432519065,185.50151928400828,1.956663172551708,95.66631725517081
208.40161429260309,214.69913624173032,-6.29752194912723,0.9706681542396294,101.41402068557537,185.59088751002068,347.6462176059041,84.17686682444531,1.830031846241732,83.0031846241732,246.23219692032873,3.4279896927048035,242.79896927048034,162.05533009588342,1.873185813539113,87.31858135391131
215.6360206375827,204.67194912467605,10.964071512906656,1.0535689993660435,105.4149461480757,192.56376279173833,332.483245703574,87.14881664366263,1.8267216351013948,82.67216351013948,227.06829955549833,3.154042741116966,215.4042741116966,139.9194829118357,1.7266137765658511,72.66137765658512
204.50782412083674,220.29004544010348,-15.782221319266739,0.928357083554382,101.28093948606464,184.1547480979461,351.7611167573997,82.87380861188147,1.818256712787347,81.8256712787347,250.48017727133504,3.4731225691858723,247.31225691858722,167.60636865945358,1.910138730554528,91.0138730554528
201.59657266274047,219.9461618657422,-18.349589203001727,0.9165723600387147,98.68674088213979,192.0095607068558,341.6178002037284,93.32281982471602,1.9456469936135612,94.56469936135612,242.9310593215886,3.461638282408351,246.1638282408351,149.60823949687259,1.7791707816324938,77.91707816324937
193.13694387069253,228.1239751489707,-34.98703127827815,0.846631502649247,100.19067599656255,202.6031042609169,329.09759827201543,102.41242826435435,2.022175239818404,102.2175239818404,228.90692227545287,3.2847128238091385,228.47128238091386,126.49449401109854,1.6243462777756654,62.43462777756654
211.27461300584267,232.06968282787972,-20.79506982203705,0.9103929924467548,99.1865472689773,197.70163964497712,368.12825683662913,98.51509237599983,1.9932303834394336,99.32303834394335,268.94170956765186,3.711473652150901,271.14736521509013,170.426617191652,1.8620394727008625,86.20394727008625
212.77337964774367,210.23871326555147,2.5346663821921993,1.0120561353464463,92.5792651970763,184.89549100643714,357.0433831664293,92.31622580936084,1.9971587656571317,99.71587656571317,264.46411796935297,3.8566236446830744,285.66236446830743,172.14789215999215,1.9310551123931887,93.10551123931887
207.00515314707158,229.36584818467486,-22.36069503760328,0.9025107913206003,101.38710048633418,193.4459677649897,359.7234337462957,92.05886727865551,1.907993885189211,90.7993885189211,258.3363332599615,3.548019738416154,254.8019738416154,166.27746598130602,1.8595550887021348,85.95550887021348
218.30093605954175,229.16357960992474,-10.862643550382984,0.9525987350656983,107.0822783123793,184.31332621566432,379.80116897615613,77.23104790328502,1.7212308994583343,72.12308994583343,272.71889066377685,3.546816288949364,254.6816288949364,195.48784276049182,2.060627827484119,106.06278274841192
217.9354898821101,224.97203134774347,-7.036541465633377,0.9687225944332748,100.3794105524847,197.133165825984,366.8487054663116,96.75375527349931,1.9638804884484784,96.38804884484784,266.46929491382696,3.6546210367961858,265.46210367961856,169.71553964032762,1.8609182474659853,86.09182474659853
201.37141354525016,223.6972616835532,-22.32584813830303,0.9001961491603521,101.71140168097645,184.54126645190328,351.3503447103254,82.82986477092683,1.814361648763109,81.4361648763109,249.63894302934892,3.4543850434030547,245.43850434030549,166.8090782584221,1.9039120705389616,90.39120705389617
199.85893261894034,215.68725865484578,-15.828326035905434,0.9266144595901478,97.1234649744062,186.74280322418988,339.4530187120831,89.61933824978368,1.9227362128544323,92.27362128544323,242.32955373767692,3.4950670139449325,249.50670139449323,152.71021548789324,1.8177568979970833,81.77568979970833
212.37507504993573,225.61813247756024,-13.243057427624507,0.9413032220318478,95.46018960366187,196.28396624852283,365.24565543905925,100.82377664486096,2.056186637209375,105.61866372093749,269.78546583539736,3.826156819460668,282.6156819460668,168.96168919053642,1.8608022979146823,86.08022979146823
209.91778131883277,228.56783394364848,-18.650052624815714,0.9184047365588033,102.54193955321219,189.84209121412246,365.3443921263872,87.30015166091027,1.8513604486250967,85.13604486250968,262.80245257317506,3.562877723185631,256.2877723185631,175.50230091226476,1.9244646421130924,92.44646421130925
220.56907417641872,230.19271127675742,-9.623637100338698,0.9581931285010656,100.34763654906332,199.3436457570013,376.45139587369954,98.99600920793797,1.9865305513153317,98.65305513153318,276.1037593246362,3.7514724693056407,275.14724693056405,177.10775011669824,1.8884544548392153,88.84544548392152
211.3023962311873,209.24025331597196,2.0621429152153326,1.0098553833812336,99.27118657251162,188.3999536128651,343.1428341353622,89.12876704035347,1.8978311846333202,89.78311846333202,243.87164756285057,3.4566206568379942,245.66206568379943,154.7428805224971,1.821353071245822,82.1353071245822
221.61601620744966,220.85848900878327,0.757527198666395,1.003429921132152,99.17400832629691,198.38213649254843,366.15561300550405,99.20812816625151,2.000344040142477,100.0344040142477,266.9816046792071,3.6920521735977316,269.20521735977314,167.77347651295563,1.8457085878760937,84.57085878760937
202.46682763004168,230.98141906465173,-28.514591434610054,0.8765502803209083,102.83427972805802,189.28999832710326,358.0480919868788,86.45571859904524,1.8407285861064484,84.07285861064484,255.21381225882075,3.4817970518559136,248.17970518559136,168.7580936597755,1.8915320151683475,89.15320151683474
221.3951149813893,201.35759242933946,20.037522552049836,1.0995121282008844,95.28519229683204,187.07320197534284,351.7706668439183,91.7880096785108,1.963297732480543,96.3297732480543,256.48547454708626,3.6917663528251463,269.1766352825146,164.69746486857548,1.8803904735125205,88.03904735125205
200.0942538944068,229.30474381283756,-29.210489918430767,0.87261279713309,102.16424823142054,197.81774758335874,344.11650074608724,95.6534993519382,1.9362717487556476,93.62717487556476,241.9522525146667,3.368267341101566,236.8267341101566,146.2987531627285,1.7395633351910422,73.95633351910422
235.31311084380175,238.64276768247638,-3.329656838674623,0.9860475267236891,106.20749360041262,209.7896209266645,394.93670326234013,103.58212732625188,1.9752807811844404,97.52807811844404,288.7292096619275,3.7185389643806244,271.85389643806246,185.14708233567563,1.8825369030072128,88.25369030072127
210.6230823733,216.6438918354019,-6.02080946210188,0.9722087273677844,97.17910258842609,191.1399579347994,352.5814007898274,93.96085534637332,1.966883340591416,96.6883340591416,255.40229820140132,3.6281606991482898,262.816069914829,161.441442855028,1.84462424602028,84.462424602028
234.5485931978172,224.2961066239121,10.252486573905117,1.045709605611193,103.7477004910215,206.06018817366572,378.4591610679068,102.31248768264422,1.986166316924764,98.6166316924764,274.7114605768853,3.647879994223672,264.7879994223672,172.39897289424107,1.836643771037153,83.66437710371531
203.82740980472758,217.5048170984012,-13.67740729367361,0.9371167614762029,102.04263746002853,185.35572927112756,344.59997362353704,83.31309181109903,1.8164537284106743,81.64537284106743,242.55733616350852,3.3770194714784934,237.70194714784932,159.24424435240948,1.8591277160873527,85.91277160873527
204.12980373880268,215.3517650218054,-11.221961283002713,0.9478900891206234,98.53084706194622,178.0856622637769,352.605843815189,79.55481520183068,1.8074102433303416,80.74102433303416,254.0749967532428,3.5786340453716607,257.86340453716605,174.52018155141212,1.979978844635546,97.9978844635546
230.89557081272545,219.1975603662568,11.698010446468658,1.0533674299427533,104.33396631472161,209.38214127678694,361.42358917696475,105.04817496206533,2.006845408763521,100.6845408763521,257.0896228622431,3.4641028415112367,246.41028415112368,152.04144790017781,1.7261433423741275,72.61433423741275
206.10147647781588,216.53933503027983,-10.43785855246395,0.9517969400293744,101.63748440168575,193.33988416023666,338.98384870022113,91.70239975855091,1.902249797880967,90.22497978809669,237.34636429853538,3.335224702733776,233.5224702733776,145.64396453998447,1.7533053263819964,75.33053263819964
222.64427837807057,217.9599914800033,4.684286898067256,1.0214914988125103,93.62125414125924,203.54843893164258,363.736711714209,109.92718479038334,2.174169111476771,117.4169111476771,270.1154575729497,3.8851937527496636,288.51937527496636,160.1882727825664,1.7869786357652304,78.69786357652305
206.42950686720735,224.25839944985614,-17.82889258264879,0.9204984400745475,105.88747588731452,193.49700819834308,346.64737538993774,87.60953231102856,1.827383329113092,82.73833291130921,240.75989950262323,3.2737334843909203,227.373348439092,153.15036719159465,1.7914870034300927,79.14870034300927
226.69330230072595,223.90099854595942,2.7923037547665217,1.012471153647818,101.21873266175534,203.52972002273657,371.14299858553613,102.31098736098123,2.0107910331467584,101.07910331467585,269.9242659237808,3.6667422010290536,266.67422010290534,167.61327856279956,1.8235322022949536,82.35322022949536
215.785631701332,219.36380848879838,-3.57817678746639,0.9836883904773694,99.43312432082291,195.37358676813395,357.9174491962387,95.94046244731103,1.9648742619990223,96.48742619990223,258.4843248754158,3.5995796334570667,259.9579633457067,162.54386242810475,1.8319643669182828,83.19643669182828
230.57723717451037,225.50275202173927,5.0744851527711035,1.022502985472576,99.21278637885642,207.2625696156373,377.6446277998807,108.04978323678087,2.0890711487950684,108.90711487950684,278.4318414210243,3.806410862787358,280.6410862787358,170.38205818424342,1.822058987786421,82.20589877864211
202.19803042439904,224.7717462138332,-22.573715789434175,0.8995704924231935,100.25909991141836,187.770998359021,352.4245666869089,87.51189844760265,1.8728574116955148,87.28574116955147,252.16546677549056,3.515137947560726,251.5137947560726,164.6535683278879,1.8768849809972665,87.68849809972666
191.7007934401729,208.94377309550364,-17.242979655330743,0.9174755035774655,93.86937941199028,180.46474426973597,326.63272612178866,86.5953648577457,1.922509186703801,92.25091867038012,232.76334670979838,3.4796514919759516,247.96514919759517,146.1679818520527,1.8099531154604869,80.99531154604868
189.45926814806938,230.5124158231974,-41.053147675128,0.8219048309024027,95.04045971459843,181.06010364366807,353.85696259863374,86.01964392906964,1.9050844681031864,90.50844681031865,258.81650288403534,3.723224442108633,272.3224442108633,172.79685895496567,1.954361869222362,95.4361869222362
211.31789146452047,224.46925571874866,-13.151364254228184,0.9414112894341916,97.70206328987166,202.46885781826887,353.5097996667631,104.76679452839721,2.072308925734406,107.2308925734406,255.80773637689146,3.6182429291993254,261.82429291993253,151.04094184849424,1.745995919945698,74.5995919945698
217.10678770639936,224.76935653505103,-7.662568828651672,0.9659091926640954,102.3357152514741,193.9114165803684,366.56708453033315,91.57570132889431,1.8948557314898447,89.48557314898447,264.23136927885906,3.5820053988927674,258.20053988927674,172.65566794996474,1.8903842331449627,89.03842331449627
217.24579630327895,217.04785334145956,0.1979429618193933,1.0009119784359626,103.98498178546205,200.12762598300532,347.3278666986404,96.14264419754326,1.9245820170060826,92.45820170060826,243.34288491317832,3.3401733667197666,234.01733667197666,147.20024071563506,1.7355318387084409,73.55318387084408
240.19027680494221,214.37848817351212,25.81178863143009,1.1204028858088537,110.79677689352825,198.13795164319455,372.91841893095875,87.34117474966631,1.788300681648872,78.8300681648872,262.1216420374305,3.365787610313972,236.5787610313972,174.7804672877642,1.8821150407495262,88.21150407495261
212.97346377200714,226.74020142233485,-13.766737650327713,0.939284090055626,97.59017270363361,199.6683625761742,362.31196251170513,102.07818987254058,2.0459884130191712,104.59884130191712,264.72178980807155,3.712586549180428,271.2586549180428,162.64359993553094,1.814568707015273,81.4568707015273
213.27945233458516,224.04789766105586,-10.768445326470697,0.9519368606494965,99.3145321035646,193.3328243324272,363.34366855746975,94.0182922288626,1.9466720553123171,94.66720553123172,264.02913645390515,3.6585146288418007,265.8514628841801,170.01084422504255,1.8793687508165526,87.93687508165526
210.6360666361889,211.2670381963483,-0.630971560159395,0.9970133932602729,108.03446352352339,186.07598657960037,338.74420714568197,78.04152305607698,1.7223761798852664,72.23761798852664,230.70974362215858,3.1355198711374537,213.55198711374535,152.6682205660816,1.8204617015467095,82.04617015467095
212.00528921224597,210.12543874267323,1.8798504695727445,1.0089463250181472,99.68189442762065,192.5008897453642,341.01330775939397,92.81899531774354,1.9311519995754065,93.11519995754065,241.33141333177332,3.4210155185905387,242.10155185905387,148.51241801402978,1.7714895147262884,77.14895147262884
204.19794261696373,225.78876740030353,-21.590824783339798,0.9043760013753865,100.9389787497221,200.3629508287633,343.67813544741557,99.4239720790412,1.9849908658731594,98.49908658731594,242.7391566976935,3.4048109036209344,240.48109036209345,143.31518461865227,1.7152778696153965,71.52778696153965
220.73447098178866,219.93991704281336,0.794553938975298,1.0036125954290536,96.23491797566149,199.92302763747995,364.8536364237616,103.68810966181846,2.0774478935810174,107.74478935810174,268.61871844810014,3.791281211628774,279.1281211628774,164.93060878628165,1.8249705435901562,82.49705435901562
189.4097225105829,227.4986993790976,-38.08897686851469,0.8325749686812747,93.25102336578308,185.8636314867875,346.2479779819501,92.61260812100443,1.9931537990497494,99.31537990497495,252.99695461616702,3.7130742965015013,271.30742965015014,160.3843464951626,1.8629140903585748,86.29140903585748
213.0497148511509,220.80823852875156,-7.758523677600664,0.9648630697418908,99.1993191134021,194.48794199349135,357.0996689629602,95.28862288008925,1.9605773883503954,96.05773883503954,257.9003498495581,3.5998197583869813,259.98197583869813,162.61172696946886,1.8361018441693973,83.61018441693973
213.33458828335375,225.12893265404773,-11.794344370693977,0.9476107125297033,95.09746336168287,199.46371617247598,363.1341018719433,104.36625281079311,2.097466211205428,109.74662112054281,268.03663851026045,3.8185466681781026,281.85466681781025,163.67038569946732,1.8205521727968899,82.05521727968899
227.10459587068195,228.58635446540399,-1.481758594722038,0.9935177294454542,101.68204437792981,200.84170736113273,381.0126737650664,99.15966298320292,1.975193443344316,97.5193443344316,279.3306293871366,3.7470988717430385,274.70988717430384,180.17096640393365,1.8970794401780746,89.70794401780746
213.26095855120815,234.12153327242865,-20.8605747212205,0.9108985216795642,100.62731591737345,199.97562262167833,370.4707991964034,99.34830670430487,1.9872896419684016,98.72896419684017,269.84348327902995,3.6816126497958304,268.16126497958305,170.49517657472506,1.8525798011754386,85.25798011754387
200.60093564544786,200.48925805859872,0.1116775868491402,1.000557025288689,94.03714006321243,178.7641483835286,328.8340021093288,84.72700832031617,1.90099516279804,90.09951627980399,234.7968620461164,3.4968524339243436,249.68524339243436,150.06985372580021,1.8394851824753677,83.94851824753677
236.7145196869561,228.27622016628672,8.438299520669375,1.0369653024503496,108.03698956472782,207.39533109088507,382.05378912425135,99.35834152615725,1.9196696606084995,91.96696606084996,274.0167995595235,3.536323907797827,253.6323907797827,174.6584580333663,1.8421523142043503,84.21523142043503
218.72801867945896,221.74630107857138,-3.0182823991124224,0.9863885783689219,97.31976566794295,202.32609155946867,361.0656224096339,105.00632589152572,2.078982518821608,107.89825188216078,263.74585674169094,3.710095476818114,271.0095476818114,158.7395308501652,1.7845727144069687,78.45727144069687
213.47634808788965,223.28006792062936,-9.803719832739716,0.9560922749440192,99.92800620391901,188.5492869215005,366.6573308873589,88.6212807175815,1.8868512850815382,88.68512850815382,266.7293246834399,3.6692149159779714,266.92149159779717,178.1080439658584,1.9446232699888748,94.46232699888748
217.08824055974492,225.68255891691314,-8.59431835716822,0.9619185532173433,100.8638293553605,198.56781519850952,364.724554661117,97.70398584314903,1.9686721837510373,96.86721837510373,263.8607253057565,3.6160093959563055,261.60093959563056,166.15673946260748,1.8367757851215694,83.67757851215694
197.52017082499978,213.33389020197689,-15.813719376977105,0.9258733839147393,98.89956246762029,191.3536851598271,326.0278439130177,92.45412269220682,1.9348284298272431,93.4828429827243,227.12828144539742,3.2965549672654944,229.65549672654944,134.6741587531906,1.7037970480720281,70.37970480720281
220.4969206312505,206.2936459124752,14.203274718775305,1.0688497925176104,95.57677636245016,189.3810931650548,355.2279802880836,93.80431680260465,1.9814551230193838,98.14551230193838,259.6512039256334,3.7166767263730836,271.6676726373083,165.84688712302878,1.875730963166873,87.5730963166873
211.21460842887967,221.30569229923222,-10.091083870352549,0.9544020591358844,99.1124300528083,193.09563679482233,356.57238424453715,93.98320674201402,1.948248435558876,94.82484355588761,257.45995419172885,3.5976555519277555,259.76555519277554,163.47674744971482,1.8466102609217439,84.66102609217438
207.52168843639953,234.17415466922338,-26.652466232823855,0.8861852783434999,100.86508000922184,196.84555420873278,364.8331304404797,95.98047419951094,1.9515728752779027,95.15728752779027,263.96805043125784,3.617041005738794,261.7041005738794,167.9875762317469,1.8533978677192517,85.33978677192518
217.65259775946828,213.97520283210156,3.67739492736672,1.017186079876051,92.05185110113484,192.65004040076397,362.739809385456,100.59818929962913,2.092842654398168,109.28426543981682,270.68795828432116,3.940603095389399,294.0603095389399,170.08976898469203,1.882895060031441,88.2895060031441
219.18810220417015,209.7900995574295,9.39800264674065,1.0447971694878193,102.04193698749536,187.6886235236976,353.7367421312065,85.64668653620224,1.8393283101505387,83.93283101505386,251.6948051437111,3.4665820012271507,246.65820012271507,166.04811860750888,1.8846999647080027,88.46999647080027
216.36734192978352,218.34656743186457,-1.97922550208105,0.990935394472374,97.31632418418026,189.60234883460552,365.1521910236863,92.28602465042526,1.9483098074662717,94.83098074662718,267.8358668395061,3.752219312482473,275.2219312482473,175.5498421890808,1.9258843219406367,92.58843219406367
211.3213373425819,227.28804401356732,-15.966706670985417,0.9297512249697026,101.55474105112886,197.5741767870571,358.7851541960378,96.01943573592824,1.9454943682795292,94.54943682795292,257.23041314490894,3.5329237264797264,253.29237264797263,161.2109774089807,1.8159516594252691,81.59516594252692
192.39646394435377,234.3007320005484,-41.90426805619464,0.8211517834434399,98.68653211006786,192.59835699467158,348.7609048126138,93.91182488460372,1.951617438333543,95.1617438333543,250.07437270254593,3.5340273627573713,253.40273627573714,156.1625478179422,1.8108197300056021,81.08197300056021
212.4094496704626,225.33535692195147,-12.925907251488866,0.942637021424179,107.6050180576552,196.63679990365569,352.3753919273102,89.03178184600048,1.8273943302374327,82.73943302374327,244.770373869655,3.2747115170642513,227.47115170642513,155.73859202365452,1.7920114246161467,79.20114246161467
204.02097393981632,219.80984780504,-15.788873865223678,0.9281703070954874,98.8599641216215,178.45812979213002,358.4281387035329,79.59816567050852,1.8051607784581396,80.51607784581395,259.5681745819114,3.62561469537436,262.561469537436,179.97000891140289,2.008471898260023,100.84718982600229
231.17445729946948,215.7093560836123,15.465101215857175,1.0716941605901538,105.50586581170242,195.59197036526132,369.227883897659,90.0861045535589,1.8538492515130547,85.38492515130547,263.7220180859566,3.499595790784035,249.9595790784035,173.6359135323977,1.8877456125020806,88.77456125020807
200.77558693725095,219.96701294588092,-19.191426008629975,0.9127531635238794,96.32697509873782,190.4990802600377,344.2878444659224,94.17210516129987,1.9776296314170652,97.76296314170652,247.96086936718456,3.574158164034714,257.4158164034714,153.7887642058847,1.8072939984589838,80.72939984589837
203.19656802955697,222.860448029974,-19.663880000417038,0.9117659496144767,100.66808676371897,186.00144280919423,352.4159945163832,85.33335604547526,1.8476703868005726,84.76703868005725,251.74790775266422,3.5007717524576494,250.07717524576495,166.41455170718896,1.894694950715527,89.4694950715527
210.78325668575042,224.99094371907412,-14.207687033323708,0.9368521825880087,96.01518112839823,192.11750728065996,365.52861219817856,96.10232615226174,2.000907617137617,100.09076171376168,269.5134310697803,3.806987685721991,280.6987685721991,173.4111049175186,1.902630412876357,90.26304128763569
225.11464036550475,225.4836975170236,-0.369057151518831,0.9983632645925945,98.4785430521767,203.19886994751073,374.2200938241051,104.72032689533403,2.063382170874017,106.3382170874017,275.7415507719284,3.800016554122178,280.0016554122178,171.02122387659438,1.8416445619051507,84.16445619051507
207.6267480422384,220.77312869374333,-13.146380651504927,0.9404529856994436,101.24312296282655,186.60774892765676,354.74894321348927,85.36462596483021,1.843164685824375,84.31646858243751,253.50582025066274,3.503931258064239,250.3931258064239,168.1411942858325,1.9010407941366718,90.10407941366718
209.9812207734858,240.47650483050316,-30.495284057017358,0.8731880934542375,99.39867376518478,202.71150576534967,373.5764088754491,103.31283200016489,2.0393783748486096,103.93783748486096,274.1777351102643,3.7583641181970915,275.83641181970916,170.86490311009942,1.8428969163096518,84.28969163096518
217.23145917223036,214.0299596160104,3.2014995562199715,1.0149581841811481,99.4049765412517,190.77689880719518,356.7102528339142,91.37192226594348,1.9191886105221845,91.91886105221845,257.3052762926625,3.588454675464707,258.8454675464707,165.933354026719,1.8697769754314761,86.97769754314761
218.8443052740221,220.76241497965674,-1.9181097056346346,0.9913114299559942,101.55378141263643,188.95587276480987,368.9004262030719,87.40209135217344,1.8606483198989765,86.06483198989766,267.34664479043545,3.632562185982464,263.2562185982464,179.94455343826203,1.9523099272084332,95.23099272084332
216.99056128974573,227.70796369567347,-10.717402405927743,0.952933563534689,100.24146519868661,196.63811398370302,370.16820829573913,96.39664878501641,1.9616444511654985,96.16444511654984,269.9267430970525,3.6927653397926306,269.27653397926304,173.5300943120361,1.8824845336261613,88.24845336261613
200.2264908552686,224.13488972584875,-23.908398870580157,0.8933303114931201,93.93078109789764,193.6473919412915,348.9638978324868,99.71661084339385,2.0615967383414606,106.15967383414606,255.03311673458916,3.7151175978062567,271.51175978062565,155.3165058911953,1.8020583408543036,80.20583408543035
223.36216969675243,217.68925304220002,5.6729166545524095,1.0260597001242533,103.84182619645178,190.4321909733797,367.30311693859727,86.59036477692793,1.833867892626552,83.38678926265518,263.4612907421455,3.5371403835263813,253.7140383526381,176.87092596521757,1.9287869086689349,92.87869086689349
205.6800896402948,231.37288747587826,-25.692797835583463,0.8889550192510691,100.03562438748928,189.76531510991288,365.77852617685744,89.7296907224236,1.896977364532204,89.69773645322039,265.74290178936815,3.6564826622165083,265.64826622165083,176.01321106694456,1.9275309925051212,92.75309925051212
220.38587255264986,211.50430177653502,8.881570776114842,1.0419923883415794,92.74415600429052,184.2973601078344,370.7937453816524,91.55320410354389,1.9871587391372505,98.71587391372505,278.0495893773619,3.998028138446791,299.8028138446791,186.496385273818,2.0119319406675,101.19319406675001
215.40374248514564,217.65596170901196,-2.2522192238663195,0.9896523889987568,98.67412821349666,197.06403624414935,353.8513918335904,98.38990803065269,1.9971196078649003,99.71196078649002,255.17726362009375,3.5860604825205904,258.60604825205905,156.78735558944106,1.7956162807666838,79.56162807666838
232.0823152998355,227.51143850566555,4.570876794169948,1.0200907559821706,103.80987632302056,197.96990124419673,387.6108531410343,94.16002492117617,1.9070430315144835,90.70430315144836,283.80097681801374,3.733853337180779,273.3853337180779,189.64095189683755,1.9579282037571692,95.79282037571693
203.69717167381805,217.53408337144782,-13.836911697629773,0.9363919828875611,97.47286836296352,192.28201684372584,342.0919973612094,94.80914848076232,1.9726721914832523,97.26721914832524,244.61912899824586,3.5096125014742365,250.96125014742364,149.80998051748355,1.7791159203371538,77.91159203371538
218.29419554839117,223.52998925886178,-5.2357937104706025,0.9765767728624224,102.70589635934499,196.06410809066017,363.9662727608742,93.35821173131518,1.9089859009133774,90.89859009133774,261.2603764015292,3.543771931919444,254.37719319194437,167.902164670214,1.8563635960977414,85.63635960977413
224.54267009631224,224.16315895988524,0.3795111364269985,1.0016930129740673,100.47008242509446,201.82288405676428,370.7657771024374,101.35280163166982,2.008785891135637,100.87858911356369,270.29569467734296,3.6903102710089057,269.0310271008906,168.94289304567315,1.8370849214411018,83.70849214411018
229.82489070064122,216.77861331365492,13.046277386986304,1.0601824930400758,111.84098623151922,191.44476971010792,366.6195000798172,79.6037834785887,1.7117585972802751,71.17585972802752,254.778513848298,3.27804244609295,227.80424460929498,175.1747303697093,1.9150144484749556,91.50144484749556
201.10836456707986,212.74217465226442,-11.633810085184564,0.9453149799554297,97.07400419810429,179.90753368851153,343.79427094240054,82.83352949040724,1.8533029019938672,85.33029019938671,246.72026674429625,3.5415688657573097,254.15688657573097,163.886737253889,1.9109498301368488,91.09498301368488
213.20124831336418,215.99025442480595,-2.789006111441779,0.9870873520711893,97.95891113575352,193.2384124044963,352.58993056700524,95.27950126874278,1.9726476148423335,97.26476148423335,254.63101943125173,3.599365555200779,259.9365555200779,159.35151816250894,1.8246368627214054,82.46368627214054
210.66765476756623,221.17192120113452,-10.50426643356829,0.9525063291193475,101.89906646328198,195.97257112948668,349.8877263602825,94.0735046662047,1.9232028116774051,92.32028116774052,247.9886598970005,3.4336695958481624,243.36695958481624,153.91515523079582,1.785391314425824,78.5391314425824
218.050488738514,208.68990182531888,9.360586913195107,1.0448540481897886,103.1763760930023,187.9403809152186,348.9938288375284,84.76400482221631,1.8215446988156547,82.15446988156548,245.81745274452607,3.38249744808781,238.24974480878097,161.05344792230977,1.8569390310800862,85.69390310800861
218.5660013758547,220.69430885812378,-2.128307482269065,0.9903563100775866,97.17902359917117,188.59384937560006,373.1175923761966,91.41482577642888,1.9406847526425297,94.06847526425297,275.93856877702547,3.8394869443757087,283.94869443757085,184.52374300059657,1.9784186685383491,97.84186685383492
229.21057898081517,231.09584898012466,-1.885269999309486,0.9918420429980478,107.14039894415724,202.17582289901773,381.1434200982348,95.03542395486049,1.8870176412577482,88.70176412577482,274.00302115407754,3.557420206143632,255.74202061436318,178.96759719921707,1.8852077099674145,88.52077099674145
226.2060663698065,212.1254373809685,14.080628988838015,1.0663787858857765,109.65289456200809,197.80671442155517,350.0376466425992,88.15381985954708,1.8039351830306367,80.39351830306367,240.3847520805911,3.1922335296370576,219.22335296370576,152.23093222104404,1.7695943621843775,76.95943621843774
220.68696582478557,226.34653968207593,-5.659573857290354,0.974995978002404,106.99224588928365,201.19573726454186,362.3622751064667,94.20349137525821,1.880470267656038,88.0470267656038,255.37002921718306,3.386808755107747,238.68087551077468,161.16653784192485,1.8010435013840045,80.10435013840045
210.23029289211854,230.20128002679712,-19.97098713467858,0.9132455426296769,99.21747708986261,192.42169282899312,369.00818945951767,93.2042157391305,1.9393931238013056,93.93931238013056,269.79071236965507,3.7191853722031447,271.9185372203145,176.58649663052455,1.9177057640141362,91.77057640141362
216.09770308446235,213.69787864362522,2.3998244408371363,1.01122998719533,103.15502811102118,189.47516962373854,352.0631748573716,86.32014151271736,1.8368001356154429,83.68001356154429,248.90814674635044,3.4129521488614363,241.29521488614364,162.58800523363308,1.8580966337515452,85.80966337515451
217.7665008220652,208.09038717986223,9.676113642202978,1.046499570563245,97.75091808610429,196.6216145311607,344.4127993856263,98.87069644505641,2.0114554254924313,101.14554254924313,246.66188129952198,3.523371505137669,252.33715051376691,147.79118485446557,1.7516527885648276,75.16527885648276
221.00143981586945,213.85579018938623,7.14564962648322,1.033413402649305,98.9888742104684,189.97841129523974,363.3185595021755,90.98953708477134,1.919189533273315,91.91895332733151,264.3296852917071,3.670296913668237,267.0296913668237,173.34014820693577,1.9124202430430532,91.24202430430532
214.64755058901065,213.533422520621,1.1141280683896468,1.005217581656483,108.77991159904828,199.95200723112006,333.53954083427925,91.17209563207179,1.8381335698094965,83.81335698094965,224.759629235231,3.066186908329841,206.61869083298413,133.5875336031592,1.6680979873772828,66.80979873772827
207.75737676452857,244.25190253048407,-36.4945257659555,0.8505865240439601,107.82324980518048,202.9305808426023,367.26008829473625,95.10733103742182,1.8820670051149977,88.20670051149978,259.4368384895558,3.406130764545838,240.6130764545838,164.32950745213395,1.8097818809260284,80.97818809260285
200.15551961198494,223.0201163778771,-22.864596765892145,0.897477424291398,97.96313249245956,177.725753301396,359.0745681909375,79.76262080893643,1.8142105992279896,81.42105992279896,261.1114356984779,3.66540512798094,266.54051279809397,181.3488148895415,2.020385687053476,102.0385687053476
220.03098496705138,207.5690670865023,12.461917880549095,1.0600374518971833,104.40021474721058,187.61959299380888,349.3802703393111,83.2193782465983,1.7971188416432045,79.71188416432045,244.9800555921005,3.3465474298619298,234.65474298619299,161.76067734550222,1.8621736928660753,86.21736928660752
226.77225439593423,224.14125137399705,2.6310030219371754,1.0117381472879667,104.56222350239379,204.2676677316959,367.5403674208074,99.7054442293021,1.953551300743136,95.35513007431359,262.9781439184136,3.515039706595309,251.50397065953092,163.2726996891115,1.7993076021388221,79.93076021388221
213.8461689660448,225.3335288105414,-11.48735984449661,0.9490206366308004,107.96977431964511,195.49423326852852,355.30553907670577,87.5244589488834,1.8106385282400124,81.06385282400123,247.33576475706064,3.290787086623167,229.07870866231673,159.81130580817725,1.817473247861293,81.7473247861293
218.204786325928,234.30282787465453,-16.098041548726513,0.9312938657431036,99.19470829567625,193.38985925782953,386.176853747368,94.19515096215328,1.9495985479525737,94.95985479525737,286.98214545169174,3.8931195058940546,289.31195058940546,192.78699448953847,1.9968826453951378,99.68826453951378
219.9195336155249,213.3468786406098,6.57265497491511,1.0308073641236015,106.69907648754214,194.23612574930434,348.96441614735545,87.53704926176219,1.8204105615851582,82.04105615851583,242.26533965981332,3.2705476714046298,227.05476714046299,154.72829039805112,1.796598932362124,79.65989323621241
207.17943704602953,216.34216621804026,-9.162729172010728,0.9576470489679018,98.4694787440363,191.11250757069345,345.70041858137495,92.64302882665716,1.9408298897110592,94.08298897110592,247.23093983733867,3.5107367581379822,251.07367581379822,154.5879110106815,1.8088843214696384,80.88843214696384
227.47768699196303,224.08142172070143,3.3962652712615977,1.015156389339116,104.52969993634719,188.34286754855478,384.46609558409483,83.8131676122076,1.80181199853482,80.181199853482,279.93639564774764,3.6780560531429196,267.80560531429194,196.12322803554005,2.0413095573421676,104.13095573421676
209.20885203920608,223.97552350697887,-14.766671467772795,0.9340701553609152,105.24624545830754,199.84744223785202,344.6828756231179,94.60119677954448,1.8988557868985454,89.88557868985454,239.43663016481037,3.2750135087684558,227.50135087684558,144.8354333852659,1.7247299828480538,72.47299828480539
196.12422057939128,198.7846004773607,-2.6603798979694204,0.986616770657381,96.97792256761876,176.73657794789057,318.64873106961863,79.7586553802718,1.8224413688039083,82.24413688039083,221.6708085019999,3.2857863174728026,228.57863174728027,141.91215312172807,1.8029585882531334,80.29585882531333
215.52235981970514,238.46733985758314,-22.944980037877997,0.9037814568167651,101.20320315380398,199.22726360458196,380.55408275754655,98.02406045077798,1.9685865407027237,96.85865407027237,279.35087960374256,3.760296817672835,276.02968176728353,181.3268191529646,1.9101506283439929,91.01506283439929
221.83234583215443,214.57884283508295,7.253502997071479,1.0338034398043905,102.48638747014418,198.24138038250877,353.88901514820316,95.75499291236459,1.9343191352145128,93.43191352145128,251.402627678059,3.4530343383534357,245.30343383534355,155.6476347656944,1.7851420044865038,78.51420044865039
207.9714422529684,216.0957623836487,-8.124320130680303,0.9624040747441559,101.30477931219079,194.23582663888453,340.5602010038504,92.93104732669374,1.9173411951306687,91.73411951306687,239.25542169165962,3.361738738449314,236.1738738449314,146.32437436496588,1.753333599145982,75.33335991459819
210.0326235308252,218.6836816213664,-8.651058090541198,0.9604403125720198,91.70093560802411,191.1475996549149,360.2259224653483,99.44666404689079,2.0844672781963296,108.44672781963295,268.52498685732417,3.928268780213268,292.82687802132676,169.07832281043338,1.8845432697856321,88.45432697856322
216.61747002432003,233.69137220419202,-17.073902179871993,0.9269382432957202,109.60467026097005,204.33334863067023,361.52524445112766,94.72867836970018,1.8642759304338952,86.42759304338952,251.9205741901576,3.2984474438026377,229.84474438026376,157.19189582045743,1.7692914390816334,76.92914390816334
213.8946261459619,225.22082397502922,-11.326197829067326,0.9497106989080055,96.51185546909473,207.00084066245068,355.16047904994133,110.48898519335596,2.1448229303677313,114.48229303677313,258.6486235808466,3.6799673710933027,267.9967371093303,148.15963838749065,1.7157441385906718,71.57441385906718
220.51440825253155,221.80932505135038,-1.2949167988188321,0.9941620272343417,104.07385061789763,195.7537172830691,363.65803205485616,91.67986666517147,1.8809116422699674,88.09116422699674,259.58418143695854,3.494230586221028,249.42305862210281,167.90431477178706,1.8577324461685165,85.77324461685166
176.64356681191288,218.76211148541614,-42.118544673503266,0.8074687413304149,93.28939003088024,177.1080344772179,322.7110929378954,83.81864444633766,1.8984799280882036,89.84799280882036,229.42170290701515,3.459247539629887,245.9247539629887,145.6030584606775,1.822114360257366,82.21143602573659
195.7093274961273,219.4582660472285,-23.74893855110122,0.8917838048260605,94.57380905442011,184.25199824754463,343.92558301306883,89.67818919312452,1.9482349298368797,94.82349298368797,249.35177395864872,3.636583811646685,263.65838116466847,159.6735847655242,1.8666043586186833,86.66043586186834
213.60950767468884,220.3664148213196,-6.756907146630766,0.9693378541729715,99.38028718319897,190.0178246321685,361.5657719286452,90.63753744896952,1.9120273247136734,91.20273247136734,262.1854847454462,3.6382041366224867,263.82041366224865,171.54794729647668,1.9027992380638747,90.27992380638747
227.91837043539454,226.10217290430748,1.816197531087056,1.0080326407648268,104.54337099866628,210.02516413555307,366.4622798753337,105.4817931368868,2.0089763906525695,100.89763906525695,261.91890887666744,3.505361233090608,250.5361233090608,156.43711573978064,1.7448493916605823,74.48493916605823
228.43266349828377,221.72119324154255,6.711470256741222,1.0302698635102048,105.01932160171495,200.0244036456999,370.18705986232453,95.00508204398494,1.9046438369149923,90.46438369149922,265.16773826060955,3.5249424031346956,252.49424031346956,170.16265621662464,1.8507094790195255,85.07094790195255
224.3253584863664,235.88061165492545,-11.555253168559034,0.9510122807996468,99.81235083862175,203.371459015164,387.12514535815194,103.55910817654224,2.0375380131460714,103.75380131460714,287.3127945195302,3.8785294816276017,287.8529481627602,183.75368634298795,1.9035372378839388,90.35372378839388
224.08204610804395,231.76059027100607,-7.678544162962112,0.966868637355543,101.26629648482403,211.05203144315536,371.4456266405957,109.78573495833133,2.0841290613880012,108.41290613880012,270.1793301557717,3.6680084049115127,266.8008404911513,160.39359519744036,1.7599718140625464,75.99718140625464
211.96810078017418,213.26303794982485,-1.294937169650666,0.9939279812287241,99.54814060617794,190.74690224897347,347.5516652398472,91.19876164279553,1.9161272233460054,91.61272233460053,248.00352463366926,3.491292385005915,249.12923850059153,156.8047629908737,1.8220566685072737,82.20566685072737
213.93850378819266,207.42797705604355,6.510526732149117,1.0313869268000917,99.93245692254622,188.0087850332156,344.1084793105925,88.07632811066937,1.8813585778135518,88.13585778135517,244.17602238804625,3.4434105785800666,244.34105785800665,156.0996942773769,1.8302787247404355,83.02787247404355
203.53130123870793,208.7597622312951,-5.2284609925871735,0.9749546515252575,98.98301293770712,181.61757705496987,337.8360052123275,82.63456411726276,1.8348358133861522,83.48358133861522,238.8529922746204,3.4130705379208606,241.30705379208607,156.21842815735764,1.8601503813151041,86.01503813151041
220.38401141620352,231.12649616780004,-10.742484751596521,0.9535211889172699,102.51980226750429,195.6874584660689,379.05850064243214,93.16765619856461,1.9087771741449795,90.87771741449795,276.53869837492783,3.697417398966076,269.7417398966076,183.37104217636323,1.937060778517693,93.7060778517693
219.40979662428015,224.35991363840344,-4.950117014123293,0.9779367136764846,100.93964776544985,193.4367739351149,371.2781436934606,92.49712616966505,1.9163606988662927,91.63606988662927,270.33849592801073,3.678219133042622,267.82191330426224,177.8413697583457,1.9193772525279997,91.93772525279998
218.99235951400954,208.9867630748596,10.00559643914994,1.0478766994231397,98.92321471591939,190.17601560884594,352.86945355853845,91.25280089292656,1.9224609325018382,92.24609325018382,253.94623884261907,3.567104592909599,256.7104592909599,162.6934379496925,1.8554887293691145,85.54887293691145
204.47280831870972,221.2224525195591,-16.74964420084939,0.9242859664103557,94.85913381992083,195.06482121626595,348.6189362212164,100.20568739634513,2.0563630866224663,105.63630866224662,253.7598024012956,3.675122491451687,267.5122491451687,153.55411500495046,1.7871953233161755,78.71953233161754
203.41314016369444,216.5142286324882,-13.101088468793762,0.9394908660204887,97.3429199899625,192.52863641507332,340.019496789238,95.18571642511083,1.9778391323675713,97.78391323675713,242.67657679927552,3.4930069575095866,249.30069575095865,147.4908603741647,1.7660723262807956,76.60723262807956
209.61949395892896,228.68223276327666,-19.062738804347703,0.9166409275700892,104.06700311662429,199.3863217659029,353.9992652007813,95.3193186492786,1.9159418047472505,91.59418047472505,249.932262084157,3.4016475405183577,240.16475405183576,154.6129434348784,1.7754440829517262,77.54440829517262
232.3386976119759,214.5062962531554,17.832401358820505,1.083132298073783,101.26931209054854,197.02062070903185,371.97755799811665,95.7513086184833,1.9455115932146219,94.55115932146218,270.7082459075681,3.6731518198278876,267.3151819827888,174.9569372890848,1.8880133290589334,88.80133290589333
224.2999960114053,222.4390850117044,1.8609109997009057,1.0083659353283303,98.24598774040855,196.7042514678035,375.15838232645245,98.45826372739494,2.00216065807743,100.21606580774298,276.9123945860439,3.8185618665437864,281.85618665437863,178.45413085864897,1.9072205075743283,90.72205075743283
219.39081030161262,224.73690042879136,-5.346090127178741,0.976211783125163,107.73583983521473,201.1414391927319,357.3142870676593,93.40559935751716,1.8669872486294614,86.69872486294614,249.57844723244455,3.316577729511205,231.65777295112048,156.17284787492738,1.7764329841812656,77.64329841812656
217.8589308656075,221.8340638048435,-3.975132939236005,0.9820806017297096,98.65051918691273,196.154735275285,364.7342375434789,97.50421608837226,1.9883801615238479,98.8380161523848,266.0837183565662,3.697235864034516,269.7235864034516,168.57950226819392,1.8594210179611939,85.94210179611939
224.83539862933,228.13945458711052,-3.3040559577805197,0.9855173846901658,106.4921045338877,199.4441565516414,373.52601873913164,92.95205201775372,1.8728539305763716,87.28539305763717,267.03391420524395,3.5075465958161147,250.75465958161146,174.08186218749023,1.8728351093225226,87.28351093225226
215.50870173333047,224.44672638065367,-8.938024647323203,0.9601775227847849,100.9035772769381,200.9674998708375,358.0620650232006,100.06392259389942,1.9916786430600555,99.16786430600555,257.1584877462625,3.548556698247378,254.85566982473782,157.0945651523631,1.7816913941474533,78.16913941474533
212.0780940509638,223.23713323773816,-11.15903918677435,0.9500126209966581,101.04102578061293,202.56185181369702,349.3699633387428,101.52082603308409,2.004748568700331,100.47485687003311,248.3289375581299,3.457704042883713,245.7704042883713,146.8081115250458,1.724756957988665,72.4756957988665
205.3393584278281,211.11534030869058,-5.775981880862474,0.9726406339188005,99.51701026564083,187.22233977391588,337.94269806522135,87.70532950827504,1.8813099315801705,88.13099315801705,238.42568779958052,3.3958284836245647,239.58284836245647,150.72035829130547,1.8050340492128818,80.50340492128818
205.85719597556135,213.95480316406633,-8.09760718850498,0.9621527207206677,95.61355072365667,186.26012265899737,347.84432532678744,90.6465719353407,1.9480515183180303,94.80515183180303,252.23077460313078,3.6380232999831885,263.80232999831884,161.58420266779007,1.8675190392933239,86.75190392933239
206.00535728925553,231.32379245938475,-25.31843517012922,0.8905498007751427,100.47324407118047,202.47397097169116,353.04650958008875,102.00072690051068,2.015202881557682,101.52028815576818,252.57326550890826,3.513836074905397,251.3836074905397,150.5725386083976,1.7436636812415254,74.36636812415254
221.16724632966555,223.42970214434413,-2.2624558146785887,0.9898739702332998,102.97959113644033,197.3781553132698,366.5376762613044,94.39856417682945,1.9166725477843307,91.66725477843308,263.5580851248641,3.5593234758105528,255.93234758105527,169.1595209480346,1.8570326370694477,85.70326370694477
224.69751449084828,240.888902194895,-16.19138770404672,0.932784833354644,102.90175877626677,200.72787114178985,394.7499951105583,97.82611236552307,1.950674833247706,95.06748332477059,291.8482363342915,3.836183169316279,283.6183169316279,194.02212396876845,1.9665928446564125,96.65928446564125
220.30450548091437,224.05789692685264,-3.753391445938263,0.9832481180203008,108.20108306168278,200.60377651204985,357.7387440379178,92.40269345036707,1.8539904669687137,85.39904669687137,249.53766097623503,3.3062399554168946,230.62399554168945,157.13496752586795,1.7833101163797342,78.33101163797342
214.45188465382063,245.51263491167884,-31.060750257858217,0.8734861435174932,102.02990984071745,207.1262682624026,380.79060124512927,105.09635842168514,2.0300544084156775,103.00544084156775,278.76069140441183,3.7321467973420255,273.21467973420255,173.66433298272668,1.8384466849116217,83.84466849116217
224.0579973876624,214.01345676083045,10.044540626831946,1.0469341544165476,109.92820753621385,187.1445205632953,360.0344531232301,77.21631302708144,1.7024249258466617,70.24249258466617,250.10624558701625,3.275178056593193,227.51780565931932,172.8899325599348,1.9238311228111038,92.38311228111039
218.37771015312103,228.3918819408819,-10.014171787760858,0.9561535563231929,95.31270182242866,204.90554031224175,369.9361460063339,109.59283848981309,2.149824067457335,114.9824067457335,274.62344418390524,3.8812890510179807,288.12890510179807,165.03060569409215,1.8053984555157128,80.53984555157128
227.24221708325737,227.59664385791882,-0.354426774661448,0.9984427416474441,100.87274908470815,196.19840114831845,385.1871411787376,95.3256520636103,1.945008963556256,94.5008963556256,284.3143920940295,3.8185450944265997,281.85450944265995,188.98874003041914,1.9632532116688908,96.32532116688908
208.71940855395928,225.52222037820755,-16.802811824248266,0.925493763780485,100.7961182775133,189.84143320908453,360.7248919116525,89.04531493157123,1.883420080586937,88.3420080586937,259.9287736341392,3.578757774366862,257.87577743668623,170.88345870256796,1.9001378456428057,90.01378456428057
219.90953346231933,231.70617218765344,-11.796638725334105,0.9490879392035345,104.30512096154501,207.3702881098739,365.74814940354014,103.0651671483289,1.9881122441373396,98.81122441373395,261.4430284419951,3.506521501838662,250.65215018386618,158.37786129366623,1.7637442313324592,76.37442313324591
210.6538189255947,220.69680048557947,-10.042981559984781,0.9544942131562936,100.83736501669438,195.4087175580094,350.77984654205756,94.57135254131504,1.9378602120915995,93.78602120915995,249.94248152536318,3.4786693056089213,247.86693056089211,155.37112898404814,1.7951084830077981,79.51084830077981
205.37905839285028,220.75731727865718,-15.3782588858069,0.9303386221785108,94.42885295354874,191.05479165584035,353.72091889787214,96.6259387022916,2.023267101950541,102.3267101950541,259.2920659443234,3.745898714579048,274.5898714579048,162.6661272420318,1.8514108745048021,85.14108745048021
201.8181960133617,213.5680328336036,-11.74983682024191,0.9449831668890423,91.26817700492381,187.94553942281746,343.86562684270666,96.67736241789365,2.0592669382744218,105.92669382744218,252.59744983778285,3.7676399170781676,276.7639917078168,155.9200874198892,1.8296024896292897,82.96024896292897
206.59420667053263,234.82363331825402,-28.229426647721397,0.879784558952538,100.4350295741878,192.33541241545294,369.3563179935393,91.90038284126514,1.9150232068521629,91.50232068521629,268.92128841935147,3.67756468594166,267.756468594166,177.02090557808634,1.9203760418061413,92.03760418061412
211.1937104510084,214.0420636018867,-2.848353150878296,0.9866925542440286,96.3698212862347,192.41094408573278,349.0728957073752,96.04112279949808,1.9965891968839464,99.65891968839465,252.7030744211405,3.6222220924387685,262.2222092438768,156.66195162164243,1.8142049942431464,81.42049942431464
211.08690944580445,210.64973047054858,0.43717897525587546,1.002075383501699,94.80945055542936,183.43520393486403,354.3603053842362,88.62575337943467,1.9347776288147618,93.47776288147618,259.55085482880685,3.7376053052544917,273.76053052544916,170.92510144937216,1.9318009726751575,93.18009726751575
219.27869370773172,222.58061256549183,-3.301918857760114,0.9851652899158566,94.75067340014569,211.4970902795976,356.541195730092,116.7464168794519,2.232143400041233,123.21434000412327,261.7905223299463,3.7629410212671246,276.29410212671246,145.0441054504944,1.6857971675106602,68.57971675106602
195.02625334122462,217.5182310958009,-22.491977754576283,0.8965972753581735,98.802970415097,184.56757752659632,335.4461787138449,85.76460711149933,1.8680367275516099,86.80367275516099,236.64320829874794,3.3951021644850172,239.51021644850172,150.8786011872486,1.817470777962109,81.7470777962109
218.7535815665658,208.05608276174564,10.697498804820157,1.0514164193751083,101.59444386149987,179.5844402621897,359.0356123687775,77.98999640068983,1.7676600553767572,76.76600553767572,257.4411685072776,3.53400834457284,253.40083445728402,179.4511721065878,1.999257908116052,99.9257908116052
213.51108795235925,209.4237696197762,4.087318332583038,1.0195169743148251,101.14094233325275,186.56280541167376,346.6985386132766,85.42186307842101,1.844582432275167,84.45824322751669,245.55759628002383,3.4278753056396063,242.78753056396062,160.13573320160282,1.8583475835295447,85.83475835295447
209.67449524413144,221.5741233601259,-11.89962811599446,0.9462950459397558,94.23458113228465,188.15571580971684,364.48263096438444,93.92113467743219,1.9966737640143755,99.66737640143755,270.2480498320998,3.867822476472102,286.7822476472102,176.3269151546676,1.9371329188478559,93.71329188478559
203.64426846182772,216.79555367537148,-13.151285213543758,0.9393378462307561,95.27483241138047,188.12496993286138,347.25993086155694,92.8501375214809,1.97455052054639,97.455052054639,251.98509845017645,3.6448233187348764,264.4823318734876,159.13496092869556,1.8459002597341976,84.59002597341976
207.25093641687843,221.41333411541487,-14.162397698536438,0.9360363830158752,101.7965642294869,204.83017383183716,336.3696677371159,103.03360960235025,2.012152132856612,101.21521328566119,234.57310350762899,3.304332226565279,230.4332226565279,131.53949390527873,1.642188069484679,64.21880694846791
217.81407366635364,221.74142832345873,-3.9273546571050986,0.9822885841098841,103.95136067833324,184.84355284779,370.53833945859526,80.89219216945675,1.778173480766349,77.8173480766349,266.58697878026203,3.564535731332925,256.45357313329254,185.69478661080527,2.004605157983066,100.46051579830659
211.43353510818147,215.0472078887301,-3.613672780548626,0.9831959093260192,98.83536962623585,195.53694034093243,345.348804528199,96.70157071469659,1.9784105738703806,97.84105738703805,246.5134349019632,3.494182354294815,249.4182354294815,149.8118641872666,1.7661563279350647,76.61563279350648
225.7918945774376,227.6664040320548,-1.874509454617197,0.9917664204229568,105.38014006188,199.6116577906199,375.1956500617387,94.23151772873989,1.8942056603208768,89.42056603208768,269.8155099998587,3.560401892058798,256.0401892058798,175.58399227111883,1.8796279446528892,87.96279446528892
224.33241348693934,233.7217544215454,-9.389340934606054,0.9598268421446502,106.8624855224759,207.249077120825,372.96968921942636,100.38659159834911,1.9393997445177829,93.93997445177828,266.1072036969505,3.490183551279849,249.0183551279849,165.72061209860135,1.7996205068840292,79.96205068840293
236.8480509287989,220.5724680403975,16.275582888401402,1.0737879166561284,107.67333107833723,207.0393127290283,371.4181346464291,99.36598165069107,1.9228467314566298,92.28467314566298,263.74480356809187,3.449490518466505,244.9490518466505,164.3788219174008,1.7939498047529685,79.39498047529685
213.4620385350937,226.69289921032774,-13.230860675234027,0.9416353104957279,99.51351258251904,199.91203858751712,360.8068554480961,100.39852600499808,2.0088933994943163,100.88933994943163,261.2933428655771,3.6257071636267106,262.5707163626711,160.89481686057897,1.804828053364794,80.4828053364794
210.75006351354094,211.42772739799295,-0.6776638844520164,0.9967948201837483,90.34467025701345,174.0841473090205,368.83786880126684,83.73947705200705,1.9268889555275825,92.68889555275825,278.4931985442534,4.082563672566329,308.2563672566329,194.75372149224634,2.118733236212111,111.8733236212111
208.53798131024342,235.0385397857949,-26.500558475551486,0.8872501569329733,102.41703630979097,195.86353459025736,367.0842107440092,93.44649828046639,1.9124116616478677,91.24116616478676,264.6671744342183,3.5842104396933845,258.4210439693384,171.22067615375187,1.8741835304460432,87.41835304460433
218.6485846298096,217.62325793577293,1.0253266940366643,1.0047114757115678,98.93177672674346,191.77242996878795,363.7035571528424,92.84065324204448,1.938431071529999,93.8431071529999,264.7717804260989,3.676306735675204,267.63067356752043,171.93112718405445,1.8965372510117184,89.65372510117184
214.35001167312902,218.0030611709079,-3.6530494977788805,0.9832431275131729,108.1253851217432,187.04422944943155,353.3599946948806,78.91884432768836,1.729882665748012,72.9882665748012,245.2346095731374,3.268057674865313,226.80576748653132,166.31576524544903,1.889178809391783,88.91788093917829
199.03966818735853,225.9327072636551,-26.89303907629656,0.8809688096867118,95.92659049645873,190.45452824946295,351.07744443059863,94.52793775300422,1.9854195511774586,98.54195511774586,255.1508539341399,3.6598553395219353,265.9855339521935,160.62291618113568,1.8433662232002541,84.33662232002541
233.16820809061105,200.30508376811525,32.86312432249579,1.1640653532315737,103.86967223800725,188.03127503897284,358.3089905111093,84.16160280096558,1.8102615613161603,81.02615613161603,254.43931827310206,3.4496016285685305,244.96016285685306,170.27771547213646,1.9055818795933994,90.55818795933995
217.5846098374095,233.6924742128073,-16.10786437539781,0.9310723872060617,108.25760549680746,200.62924134152013,368.0287792369976,92.37163584471267,1.8532577034270052,85.32577034270052,259.77117374019014,3.3995651164467224,239.95651164467225,167.39953789547747,1.834372580866826,83.4372580866826
199.22656461801503,224.55901085209902,-25.33244623408399,0.8871902483985884,100.47923095359508,182.8907983364758,352.3083339151002,82.41156738288072,1.8201850929864436,82.01850929864436,251.82910296150513,3.506280159307836,250.62801593078362,169.4175355786244,1.9263316532028922,92.63316532028922
216.02869351134396,226.53523997508648,-10.506546463742524,0.9536206973144753,96.61893034558304,199.09893704115171,368.12803284291084,102.48000669556868,2.0606617805539966,106.06617805539966,271.50910249732783,3.8101025495335543,281.01025495335546,169.02909580175913,1.84897035772131,84.89703577213099
227.04697851379456,231.91817053125956,-4.871192017465006,0.9789960743209276,106.02204623036542,199.9490400324578,382.4766373047579,93.92699380209237,1.8859194586568078,88.59194586568077,276.4545910743925,3.6075198593480273,260.75198593480275,182.5275972723001,1.9128705856385724,91.28705856385724
216.3702996761366,202.00407251474613,14.36622716139047,1.0711185026249495,95.41216111147823,190.8438732969083,341.30552387793756,95.43171218543007,2.0002049117609757,100.02049117609756,245.89336276645935,3.577170036837977,257.71700368379766,150.46165058102926,1.7884017861393235,78.84017861393235
219.25883660356945,207.58720283115437,11.671633772415078,1.0562252085544428,95.03479338581185,187.13939633100125,358.0948694352725,92.1046029451894,1.969167182499921,96.9167182499921,263.0600760494607,3.7680396481898812,276.8039648189881,170.95547310427128,1.9135194216502398,91.35194216502398
223.629996296043,215.06973993095198,8.560256365091021,1.0398022351626002,103.40150061704604,193.8181309267804,360.829972796666,90.41663030973437,1.874422805957121,87.4422805957121,257.42847217962,3.4896009307739404,248.96009307739405,167.01184186988561,1.8616935942539785,86.16935942539786
230.94456155171846,226.63281482276716,4.311746728951306,1.0190252533920263,107.87065297019703,204.52305515498702,373.97235643654443,96.65240218478999,1.896002754442337,89.6002754442337,266.10170346634743,3.466859114497686,246.68591144976858,169.4493012815574,1.8285095347962077,82.85095347962077
209.95812322106104,216.1750555391811,-6.216932318120058,0.9712412132722072,99.65689499315812,185.2573457286381,354.285527418567,85.60045073547997,1.8589516133465407,85.89516133465406,254.6286324254089,3.5550528384703366,255.50528384703367,169.02818168992894,1.9123966503197052,91.23966503197052
216.67368189176648,224.49817550696278,-7.824493615196303,0.9651467385090012,104.8611442797233,201.15660570534124,355.74003611302925,96.29546142561793,1.9183140436532342,91.83140436532342,250.87889183330594,3.3924866885304215,239.24866885304215,154.583430407688,1.7684730504655926,76.84730504655926
201.9680273621949,223.5930361228801,-21.625008760685205,0.9032840685217014,95.94807442040566,194.72535509968006,347.6681657075268,98.7772806792744,2.0294868477138195,102.94868477138195,251.72009128712114,3.623503314763624,262.3503314763624,152.94281060784672,1.7854283307356413,78.54283307356414
205.2127255565454,228.28962121820862,-23.07689566166323,0.8989139517665353,95.7434977693862,195.83438047691624,358.6756419158286,100.09088270753004,2.0454065815374243,104.54065815374243,262.9321441464424,3.7462141061501355,274.62141061501353,162.84126143891234,1.8315253993826026,83.15253993826026
226.8852396025193,225.06503816454799,1.8202014379713205,1.0080874464235559,100.39698063097934,195.25714847980586,382.2712875398158,94.86016784882652,1.9448508038055048,94.48508038055049,281.87430690883645,3.807597451011977,280.7597451011977,187.0141390600099,1.9577838277165638,95.77838277165638
214.5100566281913,228.05164425322909,-13.541587625037778,0.9406205218586314,99.7321614355965,194.65489856861382,369.45549131792023,94.92273713301732,1.9517765961015001,95.17765961015002,269.72332988232375,3.704476931009878,270.4476931009878,174.80059274930642,1.8980025369754105,89.80025369754105
198.27424524239433,223.7008450356536,-25.42659979325927,0.8863365947982594,96.739898333805,180.02885006238785,356.193887020879,83.28895172858284,1.8609576106974073,86.09576106974073,259.453988687074,3.681974998483225,268.1974998483225,176.16503695849116,1.978537811564326,97.85378115643259
203.84957478049793,226.08250466933174,-22.23292988883381,0.9016601044766747,96.6050432594875,195.6325895131526,352.6604864021044,99.0275462536651,2.025076361569143,102.50763615691429,256.0554431426169,3.6505390868138754,265.05390868138755,157.02789688895183,1.8026673739775585,80.26673739775585
212.67337318387132,226.7721143112421,-14.098741127370772,0.9378285942687803,102.82999262558317,198.15533314605386,358.18290547103305,95.32534052047069,1.9270188403840711,92.70188403840712,255.35291284544988,3.483253244753422,248.3253244753422,160.0275723249792,1.8075865018834898,80.75865018834898
223.0491802531897,231.36626097887626,-8.317080725686566,0.9640523182139944,105.6732786075885,204.05662546788062,371.89325777262985,98.38334686029212,1.931014426320895,93.1014426320895,266.21997916504137,3.5192743394821084,251.92743394821085,167.83663230474923,1.8225002835360884,82.25002835360884
206.4980764652417,221.62148749521916,-15.123411029977461,0.9317601772242247,96.21922374318325,185.6853674770271,360.2747547204809,89.46614373384386,1.9298156881065276,92.98156881065276,264.0555309772977,3.744311590811446,274.43115908114464,174.5893872434538,1.9402431091671988,94.02431091671988
219.81617895610037,234.45871077985177,-14.642531823751398,0.9375475034600007,103.23569914474304,201.64666898126822,376.529966477917,98.41096983652518,1.9532649137053524,95.32649137053524,273.294267333174,3.6472845110488183,264.72845110488186,174.8832974966488,1.8672759058216548,86.72759058216548
203.98713560692383,221.14447656086426,-17.157340953940434,0.9224156930312554,100.35300261931971,188.60251757519745,348.74189805716503,88.24951495587774,1.8793908767298624,87.93908767298623,248.38889543784532,3.475151604382848,247.5151604382848,160.13938048196758,1.849084002381456,84.9084002381456
206.38089339513863,220.46357465370002,-14.082681258561394,0.9361224125995317,93.75778565531807,195.01733530455095,351.49158111338886,101.25954964923288,2.080012171165108,108.00121711651079,257.7337954580708,3.748932194341471,274.8932194341471,156.4742458088379,1.802360700726826,80.23607007268261
231.04792501595674,214.46424661052023,16.5836784054365,1.0773260749403766,106.53662411900724,195.775426393812,365.95620692689624,89.23880227480477,1.8376349730691686,83.76349730691686,259.419582807889,3.4350272495785403,243.50272495785404,170.18078053308423,1.8692652784254808,86.92652784254808
205.36801573020824,220.15443987343278,-14.786424143224536,0.9328361301651455,94.60571719041731,187.5122722794813,356.16569393556296,92.90655508906399,1.9820395410360523,98.20395410360523,261.55997674514566,3.7647375286917573,276.4737528691757,168.65342165608166,1.8994260461241113,89.94260461241113
216.66383456684034,242.1562076117734,-25.49237304493306,0.8947275673981374,102.62056565384529,206.22643228474965,379.38306532932563,103.60586663090436,2.0096013988110593,100.96013988110593,276.76249967548034,3.696949660256621,269.6949660256621,173.15663304457598,1.8396432558435956,83.96432558435956
196.92560175801773,213.02501643427652,-16.09941467625879,0.9244247697019854,92.47596329101412,183.83477498702297,338.6151890104043,91.35881169600884,1.9879195462772343,98.79195462772343,246.1392257193902,3.6616562505524883,266.1656250552488,154.78041402338135,1.8419539449720947,84.19539449720948
225.95309986103533,223.9528729790908,2.0002268819445135,1.0089314633714535,100.45172182052922,204.15758209124525,370.2496553484148,103.70586027071603,2.0323950489967784,103.23950489967784,269.7979335278856,3.685846779310728,268.5846779310728,166.09207325716957,1.8135483950967697,81.35483950967696
228.027512757345,214.80852646555493,13.21898629179006,1.0615384617607801,100.48225275678853,190.84485834291243,372.9269477346491,90.3626055861239,1.89928920886001,89.928920886001,272.4446949778606,3.7113712870002744,271.13712870002746,182.08208939173667,1.9540843330689543,95.40843330689543
200.93687278112012,211.5784590426195,-10.641586261499384,0.949703829446287,99.41373353621071,176.41762006104878,342.94164413834983,77.00388652483807,1.7745799678350274,77.45799678350274,243.52791060213912,3.4496405269140795,244.96405269140794,166.52402407730105,1.9439194566828184,94.39194566828183
205.64757071869633,226.10860823877178,-20.46103752007545,0.9095079232964519,97.55006790731923,191.6937044476826,358.3904960812003,94.14363654036336,1.965080174314258,96.50801743142581,260.84042817388104,3.6739133428559105,267.39133428559103,166.6967916335177,1.8695997195829293,86.95997195829293
214.31357703274787,213.68571970033216,0.6278573324157151,1.0029382278483383,105.95739070127891,186.36709392333108,349.67446047501005,80.40970322205217,1.7588871591671011,75.88871591671011,243.71706977373114,3.300142237938193,230.01422379381927,163.30736655167897,1.8762671731033238,87.62671731033238
228.78564269127128,217.26529390658024,11.520348784691038,1.0530243398637085,108.69314082487448,198.0973921591677,362.28587191273505,89.40425133429322,1.8225381165343326,82.25381165343326,253.59273108786056,3.3331070310724313,233.31070310724314,164.18847975356735,1.828827063112698,82.8827063112698
214.77231511334753,224.5185528401928,-9.746237726845266,0.9565905017489471,101.0287713331265,196.55177034351942,361.3557602536645,95.52299901039292,1.9455029270367037,94.55029270367037,260.32698892053804,3.57676091162339,257.676091162339,164.8039899101451,1.8384762427838337,83.84762427838336
206.003870584714,211.09995067506722,-5.096080090353212,0.975859397057855,97.00331000549374,189.9416238169782,338.7107980672,92.93831381148445,1.9580942527241691,95.80942527241692,241.70748806170627,3.49174474611245,249.174474611245,148.76917425022182,1.7832362978720828,78.32362978720828
195.68413089139514,213.77017267441724,-18.086041783022097,0.9153949236380697,96.56834897989778,187.29899449413418,330.31411187468655,90.7306455142364,1.9395484801456366,93.95484801456367,233.74576289478875,3.420521478972853,242.0521478972853,143.01511738055237,1.7635658577175721,76.35658577175721
222.2392022005544,227.27905630128132,-5.039854100726927,0.9778252594728918,102.91542090726901,191.03995534818208,380.32201149730247,88.12453444091307,1.8562811448861183,85.62811448861183,277.4065905900335,3.6954812810802,269.54812810802,189.2820561491204,1.9907982641858464,99.07982641858464
216.24482995245216,224.03671287477363,-7.791882922321463,0.9652205086285266,101.1161663425577,199.59125646609004,359.7148914321909,98.47509012353234,1.9738807718433666,97.38807718433667,258.59872508963315,3.5574419446793675,255.74419446793675,160.12363496610084,1.8022577631966827,80.22577631966827
204.63942179719504,222.48194513145833,-17.84252333426329,0.919802376216548,100.70915697814074,190.9684256780334,349.00446773680585,90.25926869989267,1.8962369600560132,89.62369600560132,248.2953107586651,3.465469061691763,246.54690616917628,158.03604205877244,1.8275506356491418,82.75506356491418
226.78936423033497,211.83329020600996,14.956074024325005,1.0706030388792058,103.32926991807344,190.42192348647828,364.1827882499656,87.09265356840484,1.8428652756131723,84.28652756131723,260.85351833189213,3.524488158473536,252.4488158473536,173.76086476348732,1.912504514091971,91.2504514091971
205.815397210031,201.52017840463074,4.295218805400253,1.0213140879459521,99.94063116044096,176.31069233774102,334.75203992381057,76.37006117730006,1.7641542813022504,76.41542813022504,234.81140876336963,3.349508963840864,234.9508963840864,158.44134758606955,1.8986485475455968,89.86485475455967
224.1164627044595,223.77106307940844,0.3453996250510727,1.0015435401713604,104.0084198370925,198.28272833957868,369.54014049913064,94.27430850248618,1.9064103526440188,90.64103526440188,265.53172066203814,3.552982932323539,255.2982932323539,171.25741215955196,1.8637031252982197,86.37031252982197
195.75080170748157,211.3972176734277,-15.646415965946119,0.9259857053080182,93.16764526607241,190.90740630161704,326.6469775036744,97.73976103554463,2.0490740724037293,104.90740724037293,233.479332237602,3.50601302169676,250.60130216967602,135.73957120205736,1.7110230756977582,71.10230756977583
206.19660068234506,233.61366069009543,-27.417060007750365,0.8826393117304857,98.69751003036713,202.45469607736644,358.5631859509273,103.75718604699931,2.05126447480869,105.12644748086899,259.86567592056014,3.632950677687867,263.2950677687867,156.10848987356084,1.7710786309145687,77.10786309145688
228.3669074721597,215.96227792091327,12.404629551246444,1.0574388715967753,104.7074064427582,189.33630199663935,372.4500696502119,84.62889555388115,1.808241732165779,80.8241732165779,267.7426632074537,3.557055630575896,255.70556305758961,183.11376765357255,1.9671350170176174,96.71350170176174
219.09056835091735,214.80351246762766,4.287055883289696,1.0199580343637806,106.17681769608882,193.1769285791278,351.4873749526008,87.00011088303899,1.8193889473318032,81.93889473318032,245.310557256512,3.3103965873103047,231.03965873103047,158.310446373473,1.8195101119884871,81.9510111988487
193.18199793949063,234.60363472493154,-41.42163678544091,0.8234399188486273,98.1769963469516,182.7282257602523,360.77322688942934,84.55122941330069,1.8612122244451412,86.12122244451412,262.59623054247777,3.6747225960598597,267.472259605986,178.04500112917705,1.9743705461398184,97.43705461398184
203.7781767581022,209.70597382353085,-5.927797065428649,0.9717328173473163,97.02003119817816,192.06322145036089,331.1429732239105,95.04319025218273,1.9796244041402395,97.96244041402396,234.1229420257323,3.4131402467548235,241.31402467548236,139.0797517735496,1.7241352650616402,72.41352650616402
215.50563664484824,216.1226497045413,-0.6170130596930505,0.997145079145862,99.70506480324485,194.4798668505419,353.25749787029747,94.77480204729704,1.950551531502667,95.05515315026669,253.55243306705262,3.543024605293681,254.3024605293681,158.77763101975557,1.8164219442919325,81.64219442919325
215.88084991576085,227.93134311897913,-12.05049320321828,0.9471310393808895,96.79328673789814,193.0908737555514,375.8341290586605,96.29758701765326,1.9948787799551928,99.48787799551928,279.04084232076235,3.8828532610568702,288.28532610568703,182.7432553031091,1.9464106290930034,94.64106290930035
208.5768894365789,230.24211030635166,-21.665220869772753,0.9059024396495245,96.16960847027332,201.33894761572495,360.7199435283976,105.16933914545163,2.0935818583264814,109.35818583264813,264.5503350581243,3.7508725393209708,275.0872539320971,159.38099591267266,1.7916053888235617,79.16053888235616
207.4010000011847,217.4796540410484,-10.078654039863693,0.953657025599455,97.66131364817912,190.87544099348932,348.7842264216813,93.2141273453102,1.9544631734231046,95.44631734231046,251.12291277350218,3.571365296991214,257.1365296991214,157.90878542819198,1.8272870758348538,82.72870758348539
218.15861378877534,218.5819482389353,-0.4233344501599561,0.998063268931535,101.56983605264334,197.87135281890156,355.6696541700211,96.30151676625822,1.9481310643875158,94.81310643875159,254.09981811737777,3.501725197091768,250.1725197091768,157.79830135111953,1.7974792667210489,79.74792667210488
214.94618576763008,227.66441662003936,-12.718230852409278,0.9441360620108,103.76455782544038,190.66682270657876,369.4845230494849,86.90226488113838,1.8374946773958323,83.74946773958322,265.71996522404453,3.5607969695303505,256.07969695303507,178.81770034290614,1.9378543041968685,93.78543041968686
212.36937438614422,222.27618835367016,-9.906813967525949,0.9554301608242313,102.71672873430573,195.0533585517846,354.1982568236312,92.33662981747888,1.8989444168955503,89.89444168955502,251.48152808932548,3.4483015686746135,244.83015686746134,159.14489827184659,1.8159044245813143,81.59044245813143
235.00920605983384,223.72733673257358,11.281869327260267,1.0504268700107298,107.98812236500164,195.9710402476412,384.14565157596826,87.98291788263957,1.8147462513076749,81.47462513076749,276.15752921096663,3.5572954058553736,255.72954058553736,188.17461132832705,1.9602164232558947,96.02164232558947
224.86556871815884,226.121018354868,-1.2554496367091588,0.9944478861547541,100.51184570522149,210.1942381807406,365.77379672357813,109.68239247551911,2.091238467525437,109.12384675254371,265.2619510183566,3.639111332173821,263.9111332173821,155.57955854283753,1.740170424695746,74.01704246957459
199.86153313355857,230.63419704645864,-30.77266391290007,0.8665737158366794,97.52585873539289,198.9016235124403,349.31611302219267,101.37576477704741,2.0394757461413398,103.94757461413397,251.79025428679978,3.5817794126782,258.17794126782,150.41448950975237,1.7562255493623193,75.62255493623194
195.41248737397277,218.91308073970256,-23.5005933657298,0.8926487476841412,100.89515125247644,183.53104516320678,337.06215575482975,82.63589391073035,1.819027405033025,81.90274050330251,236.1670045023533,3.340717086704964,234.07170867049638,153.53111059162296,1.8365402728192057,83.65402728192058
206.01721960578186,234.01139054274267,-27.994170936960813,0.8803726140337275,105.12903411883887,200.52891857035112,354.3849625335967,95.39988445151225,1.9074551597579723,90.74551597579723,249.25592841475782,3.3709523301906925,237.09523301906924,153.85604396324558,1.7672511529017627,76.72511529017628
206.36710016732118,216.03515649136668,-9.668056324045494,0.9552477639238692,92.36743331928143,184.29814829433056,356.93780337441973,91.93071497504913,1.9952719445746345,99.52719445746345,264.5703700551383,3.864325233988179,286.4325233988179,172.63965508008917,1.9367411266898766,93.67411266898766
203.1675131051453,225.31580709904813,-22.148293993902826,0.9017011088610996,94.70396299018371,182.23040420353988,365.7906131125666,87.52644121335616,1.9242109669943641,92.42109669943642,271.0866501223829,3.8624636347106365,286.24636347106366,183.5602089090267,2.0072973810890606,100.72973810890606
203.9992394203593,208.90543670195134,-4.906197281592057,0.9765147458149124,94.75057650956663,196.29695130254402,328.30948637135526,101.54637479297739,2.0717230283313857,107.17230283313856,233.55890986178863,3.4649866889011176,246.49866889011176,132.01253506881125,1.6725144440238708,67.25144440238708
218.54217714556572,218.0495768966723,0.49260024889341025,1.0022591204069469,94.25875122685295,192.1817825473762,368.4470972891279,97.92303132052325,2.03887469381863,103.887469381863,274.18834606227495,3.9088900764490786,290.88900764490785,176.2653147417517,1.9171801427031678,91.71801427031679
196.86169951904103,214.76254230888375,-17.900842789842727,0.9166482078420514,96.13339529229597,173.46871695518044,347.83425049441075,77.33532166288447,1.8044584447240681,80.44584447240682,251.70085520211478,3.6182457660713228,261.82457660713226,174.3655335392303,2.005169903829297,100.51699038292972
212.4020083171731,223.73948990975845,-11.337481592585334,0.94932731098494,104.70283817786603,191.70216301681702,357.8072461457142,86.999324838951,1.8309165859588177,83.09165859588177,253.10440796784818,3.417359570882711,241.7359570882711,166.10508312889718,1.8664747466324918,86.64747466324918
223.75908536866004,209.77721839942757,13.98186696923247,1.066651026626782,100.58447742181876,194.75753137534457,354.96244685496816,94.17305395352581,1.9362583210388864,93.62583210388864,254.37796943314942,3.52899827044257,252.89982704425702,160.2049154796236,1.8225864969035277,82.25864969035277
218.98103819363106,216.62174041596313,2.3592977776679334,1.0108913250033793,101.95395953679231,190.63102745934924,360.81918091824986,88.67706792255693,1.869775615635172,86.97756156351718,258.86522138145756,3.5390403919333844,253.90403919333843,170.18815345890062,1.8927620845729958,89.27620845729957
203.15664904623551,223.37553089974836,-20.21888185351284,0.9094847955276394,93.01086679258265,199.09932784704768,347.6880752793456,106.08846105446503,2.140602864083031,114.06028640830309,254.67720848676294,3.738144662759693,273.8144662759693,148.5887474322979,1.7463046160881412,74.63046160881413
215.3295482034647,212.3914552286454,2.938092974819284,1.0138333859601665,100.51223441729249,198.39195297259957,342.67731775827315,97.87971855530708,1.9738090006928302,97.38090006928302,242.16508334098066,3.409309520825036,240.93095208250358,144.28536478567358,1.7272742801498668,72.72742801498669
204.90534318615525,214.1592246847354,-9.253881498580142,0.9567897132976513,101.40501266129175,179.9023953611369,347.2894437839073,78.49738269984516,1.7740976569081297,77.40976569081297,245.88443112261555,3.424775902784088,242.4775902784088,167.3870484227704,1.9304325719885878,93.04325719885878
206.39715011507545,220.17463246351363,-13.777482348438184,0.9374247514607691,97.25904509139546,193.08397502392367,349.5146537525645,95.8249299325282,1.9852546860035527,98.52546860035527,252.25560866116905,3.593646775208635,259.3646775208635,156.43067872864086,1.8101691438103997,81.01691438103997
201.4505788886237,231.9875780162285,-30.536999127604787,0.8683679557813712,98.21699531913602,192.98133295492912,358.9589070832132,94.7643376357931,1.9648466370598672,96.48466370598672,260.7419117640772,3.6547534967532833,265.47534967532835,165.9775741282841,1.8600706171256898,86.00706171256898
219.67145019354115,200.57302040565486,19.09842978788629,1.095219335827222,89.0201127214922,186.95692499533675,354.389668181965,97.93681227384455,2.100164999568683,110.01649995686829,265.36955546047284,3.9810067337333805,298.10067337333805,167.43274318662827,1.8955685551139896,89.55685551139896
204.88038466431823,229.3209197234873,-24.440535059169065,0.8934221304857873,96.88728965855745,200.3406497611173,354.0740171620336,103.45336010255986,2.0677701942859796,106.77701942859797,257.18672750347616,3.6544939837808794,265.44939837808795,153.7333674009163,1.767359832286784,76.7359832286784
213.09318993566583,229.91341242436397,-16.820222488698136,0.926841055894329,99.67772721601763,201.9705922844433,362.8615840395837,102.29286506842568,2.0262359297854036,102.62359297854036,263.1838568235661,3.6403476902438237,264.03476902438234,160.8909917551404,1.7966060302905442,79.66060302905443
225.98248831780512,239.3354119401471,-13.35292362234199,0.9442083245680281,102.36114806750878,207.93422654755548,387.68147577186414,105.5730784800467,2.0313784133255286,103.13784133255285,285.32032770435535,3.7873888979457533,278.73888979457536,179.74724922430866,1.864442820254989,86.4442820254989
229.477733706825,215.00856693032952,14.469166776495484,1.0672957686434141,105.04062294285934,199.0121815500979,362.67664646277444,93.97155860723855,1.894621109190849,89.46211091908489,257.6360235199151,3.4527274905830057,245.27274905830058,163.66446491267655,1.822384155773283,82.2384155773283
235.07441265449984,226.52713907386482,8.547273580635022,1.0377317862026587,110.00495675429653,197.32967818816007,385.06769265009046,87.32472143386354,1.7938253330612108,79.38253330612109,275.06273589579394,3.5004576521962103,250.04576521962102,187.7380144619304,1.9513926956436642,95.13926956436643
226.83254188069645,208.70399499931398,18.128546881382476,1.0868624813887346,102.71332242221615,188.89510130788457,361.696381589915,86.18177888566842,1.8390516132990742,83.90516132990741,258.98305916769885,3.5214164342101224,252.14164342101225,172.80128028203043,1.9148002202575787,91.48002202575786
201.3732322124176,219.95310877732632,-18.579876564908716,0.9155280110920442,99.7833239918205,190.1009990702665,342.10518842252884,90.31767507844602,1.9051379676011755,90.51379676011754,242.32186443070833,3.4284805790852597,242.84805790852596,152.00418935226233,1.7995970042013163,79.95970042013163
224.5059721703414,234.16378442592332,-9.657812255581916,0.9587561659918546,101.9746206963254,199.25324957085235,386.77676462721934,97.27862887452694,1.9539494063352993,95.39494063352993,284.8021439308939,3.79287279507534,279.287279507534,187.523515056367,1.9411315271407186,94.11315271407186
205.5623647199032,217.55746784786743,-11.995103127964228,0.944864668417854,103.66676086867844,183.4014374598722,347.61155052310534,79.73467659119376,1.769144091346685,76.91440913466849,243.9447896544269,3.353163035193585,235.31630351935848,164.21011306323314,1.8953589205055272,89.53589205055272
215.40013190902005,211.31187790195818,4.088254007061863,1.0193470146953059,102.0518794487866,187.65439901989717,350.3617362477835,85.60251957111058,1.838813748786166,83.8813748786166,248.3098567989969,3.433172795446731,243.3172795446731,162.7073372278863,1.8670584759946625,86.70584759946624
199.9272969903525,232.00855512198933,-32.081258131636844,0.8617238139569093,92.94713750172868,190.78490306277106,364.171737604013,97.83776556104239,2.0526173068990183,105.26173068990184,271.22460010228434,3.918052211099454,291.80522110994536,173.38683454124194,1.9088079389813937,90.88079389813937
222.73667164770143,229.822259341862,-7.08558769416058,0.9691692714428469,107.80953117302049,204.04705449206136,366.9818108192633,96.23752331904087,1.892662478650352,89.26624786503521,259.17227964624277,3.403982995068446,240.39829950684458,162.9347563272019,1.7985156008882306,79.85156008882306
217.84310074814616,221.89382129920537,-4.050720551059214,0.9817447798801159,100.04636874351768,197.94967523830314,361.60933908920646,97.90330649478547,1.9785793100174756,97.85793100174756,261.56297034568877,3.614417430943852,261.44174309438523,163.6596638509033,1.8267740962640149,82.67740962640148
220.10913732922572,212.44215708965115,7.6669802395745705,1.0360897307041514,95.22493268088964,185.54500756942178,368.0570013780039,90.32007488853215,1.9484918744044244,94.84918744044244,272.83206869711427,3.8651327022872026,286.5132702287203,182.51199380858213,1.9836534876331564,98.36534876331564
234.82453083443428,223.99075092991635,10.83377990451794,1.0483670859602041,104.5548352927779,204.78769322007213,378.88039413367596,100.23285792729423,1.958663056056842,95.8663056056842,274.32555884089805,3.6237481802990996,262.37481802991,174.09270091360384,1.8501131009201692,85.01131009201693
202.5930591083137,225.02690324521444,-22.433844136900746,0.9003059464740786,99.7380066746535,187.40713943253334,354.2847974231054,87.66913275787984,1.878994233801539,87.8994233801539,254.54679074845188,3.552154381616893,255.2154381616893,166.87765799057203,1.8904551795405216,89.04551795405216
210.78242510253784,244.35558487750887,-33.57315977497103,0.8626053102416273,103.57714068407047,202.4428600671058,376.6870142188938,98.86571938303534,1.954512923701902,95.45129237019022,273.10987353482335,3.6367774948321774,263.6777494832177,174.244154151788,1.860707826860525,86.07078268605251
223.3889151239023,215.8579000215442,7.531015102358111,1.0348887629389818,103.55785875364258,194.4542381631154,360.8581258014118,90.89637940947283,1.8777352149170004,87.77352149170004,257.30026704776924,3.484603970615787,248.46039706157873,166.4038876382964,1.8557483200685534,85.57483200685535
217.46689359466504,222.25370848538478,-4.786814890719739,0.9784623846173774,97.67484632192296,204.53870202928977,357.367354768862,106.86385570736681,2.094077541265416,109.4077541265416,259.6925084469391,3.658744991428274,265.8744991428274,152.82865273957225,1.747186968643652,74.71869686436521
210.11571755483618,215.82107003054938,-5.705352475713198,0.9735644324490393,100.72829499920242,184.04041099987376,354.13647537900215,83.31211600067134,1.8270974506352065,82.70974506352064,253.40818037979972,3.5157596520600913,251.57596520600913,170.0960643791284,1.9242321480103903,92.42321480103904
231.60758327824243,237.03263626969775,-5.425052991455317,0.9771126327714524,97.20493745804764,208.56761436832264,397.1877774955401,111.362676910275,2.1456483571972633,114.56483571972633,299.98284003749245,4.086086446657723,308.6086446657723,188.62016312721747,1.9043597861464785,90.43597861464785
222.99203914088605,209.31195849590185,13.680080644984201,1.0653573773007912,105.38523477317865,195.24179062028514,347.82897106171794,89.85655584710649,1.8526484382798536,85.26484382798536,242.4437362885393,3.3005474800179795,230.05474800179795,152.5871804414328,1.781529302495443,78.15293024954431
200.1969820985272,222.07952507354094,-21.882542975013735,0.9014652838087285,101.46029476445634,191.7284697968087,340.22599619683706,90.26817503235236,1.889689658815925,88.96896588159251,238.76570143238072,3.3532920142473834,235.32920142473836,148.49752640002836,1.7745199581335211,77.45199581335211
206.8343158282531,228.55811654640436,-21.723800718151267,0.9049528363008685,101.71149672440382,190.72365448170598,360.6534973558764,89.01215775730216,1.8751435248120316,87.51435248120316,258.94200063147264,3.5458479028491596,254.58479028491595,169.92984287417045,1.8909741339424153,89.09741339424153
210.10316769578904,221.8063290545354,-11.703161358746371,0.9472370269656781,95.0007050219131,190.5893194743448,362.2742206292287,95.58861445243168,2.0061884743948264,100.61884743948264,267.2735156073156,3.8133845485216726,281.3384548521673,171.6849011548839,1.9008107150411142,90.08107150411142
216.65444219625297,216.6405841747854,0.01385802146756987,1.0000639677995715,100.6294144223369,199.55487859541316,349.7582465388075,98.92546417307626,1.9830670757745918,98.30670757745918,249.12883211647062,3.4757058713557516,247.57058713557515,150.20336794339434,1.7526920363992886,75.26920363992886
222.75684664593174,231.92289387075238,-9.16604722482063,0.9604780404735345,106.52205680676924,201.70076907534443,373.7967848929125,95.17871226857518,1.8935117770137422,89.35117770137421,267.2747280861433,3.5091022094229647,250.91022094229646,172.0960158175681,1.853224390796856,85.3224390796856
225.85383644592827,225.37850967004724,0.47532677588102956,1.002109015524936,104.8533338597567,194.48955799589277,377.5056273183139,89.63622413613606,1.8548724283390567,85.48724283390567,272.6522934585572,3.600320690072046,260.0320690072046,183.01606932242112,1.9410071738981793,94.10071738981793
221.3471220062276,236.40384341207442,-15.056721405846815,0.9363093205739405,104.0082599147282,203.41420938130645,379.2039788314184,99.40594946657825,1.9557505293144681,95.57505293144682,275.1957189166902,3.64590253833985,264.590253833985,175.78976945011195,1.864196114837722,86.4196114837722
219.32378108463067,214.36638665970503,4.9573944249256385,1.0231258011210276,98.99080131310211,191.5388002000885,360.005650103313,92.54799888698639,1.9349151401882534,93.49151401882534,261.01484879021086,3.6367586212847813,263.6758621284781,168.46684990322447,1.879544247574057,87.95442475740569
196.50996548172054,219.12488764695541,-22.614922165234873,0.8967943696031869,91.24374728537481,185.394400949015,346.81413145862416,94.15065366364018,2.0318586913048815,103.18586913048816,255.57038417324935,3.800963263531089,280.0963263531089,161.41973050960917,1.8706828776021178,87.06828776021179
203.58199607197957,224.78093090395708,-21.19893483197751,0.9056906884995718,99.15133938033539,192.78492147625394,350.60812960731573,93.63358209591856,1.9443501487836565,94.43501487836565,251.45679022698033,3.5360907053652126,253.60907053652127,157.8232081310618,1.818649129415972,81.8649129415972
223.5946488763723,225.37504087869308,-1.7803920023207809,0.9921003142345338,97.59343808801263,197.9745233918251,377.8865731527603,100.38108530381247,2.028563879605162,102.85638796051622,280.2931350647477,3.872048987678568,287.20489876785683,179.91204976093522,1.908763646344832,90.87636463448321
204.4579505217229,228.51377518724175,-24.055824665518855,0.8947292142637451,98.39573771019805,187.67094872264596,363.390902130603,89.27521101244791,1.9073077054962224,90.73077054962224,264.995164420405,3.6931569454856583,269.31569454856583,175.71995340795706,1.9363194175974943,93.63194175974942
214.07665839401045,216.8962358095986,-2.8195774155881566,0.9870003395630005,94.74692721845526,184.2858904089659,367.42652367799235,89.53896319051066,1.9450328978380824,94.50328978380824,272.6795964595371,3.8779782570766397,287.79782570766395,183.14063326902644,1.9937854323117308,99.37854323117308
211.5617594044243,210.72002000086323,0.8417394035610641,1.0039945867675868,93.23165906564525,180.43823769919658,359.7527723430896,87.20657863355133,1.9353751666281986,93.53751666281987,266.52111327744433,3.8586975277334115,285.86975277334113,179.314534643893,1.9937723673782668,99.37723673782668
220.28022834783886,237.03273053983295,-16.752502191994097,0.929324097335246,101.13196958264551,207.148115723644,377.6893530252182,106.01614614099849,2.0482950799683732,104.82950799683732,276.5573834425727,3.734618781616517,273.4618781616517,170.54123730157423,1.8232816248692942,82.32816248692943
204.5517805698554,211.50290014090146,-6.951119571046064,0.9671346370833909,99.05283771016947,186.07665935037357,338.95252400559224,87.0238216402041,1.878559601642484,87.85596016424839,239.89968629542278,3.4219365324734454,242.19365324734454,152.87586465521866,1.8215746412738452,82.15746412738451
212.9071220230944,211.31880840503763,1.588313618056759,1.0075161961684567,96.78588902307494,187.22227199137038,352.3307346277527,90.43638296829543,1.934396365845586,93.4396365845586,255.54484560467773,3.6403109811157774,264.03109811157776,165.1084626363823,1.8818847292056826,88.18847292056826
215.7865231874174,235.06578038434043,-19.279257196923027,0.9179835654283631,100.66554279771233,197.01860706650044,378.5943054934239,96.3530642687881,1.957160331042071,95.71603310420711,277.9287626957116,3.7609125721818253,276.09125721818253,181.57569842692348,1.9216170042539968,92.16170042539969
202.50423098813135,213.41497434723996,-10.910743359108608,0.9488754554712917,93.09623581381636,187.9758930072025,342.8066791820381,94.87965719338614,2.0191567506890014,101.91567506890013,249.71044336822177,3.6822829213806125,268.22829213806125,154.83078617483562,1.823673630154815,82.36736301548152
219.2943423064406,234.31983415380412,-15.025491847363526,0.9358761416777847,100.73635660855552,195.8525115017733,383.8323965800383,95.11615489321778,1.9442088049980117,94.42088049980117,283.09603997148275,3.8102668143096157,281.02668143096156,187.97988507826497,1.9598032909399936,95.98032909399936
229.37885819795906,221.39381499518345,7.985043202775614,1.0360671466949036,109.46095609458081,197.11495209047138,369.5831016046615,87.65399599589057,1.8007786440322362,80.07786440322361,260.1221455100807,3.376392046907754,237.63920469077541,172.46814951419015,1.8749622881730001,87.49622881730002
206.63238352611802,214.8496778767236,-8.217294350605584,0.9617532852186983,98.68319498973948,188.08025296706714,345.4596441474558,89.39705797732766,1.9058995099076663,90.58995099076664,246.77644915771629,3.50069375219737,250.06937521973697,157.37939118038864,1.8367672240846347,83.67672240846346
215.0717815533155,241.38941963768934,-26.31763808437384,0.8909743512210477,103.25830064968407,202.4226312991407,379.01086983768243,99.16433064945663,1.9603521462732887,96.03521462732887,275.75256918799835,3.670512369979062,267.0512369979062,176.58823853854173,1.8723739900287095,87.23739900287096
220.40587560018145,224.9135415034948,-4.507665903313352,0.9799582280676359,100.08318576871099,205.88941964029956,362.0065202465037,105.80623387158857,2.0571829129830395,105.71829129830394,261.92333447779276,3.6170563263552493,261.7056326355249,156.11710060620416,1.7582570336977468,75.82570336977467
197.65109707448985,241.11780079664382,-43.466703722153966,0.8197283502978973,103.2432364653629,194.5593358088387,360.35077453249886,91.31609934347581,1.884475365842599,88.4475365842599,257.107538067136,3.4903087782742364,249.03087782742364,165.79143872366015,1.8521381820842358,85.21381820842358
212.63108932144016,222.3471802293148,-9.716090907874644,0.9563021626905541,99.3120952415706,188.3836785763334,364.77163050822844,89.0715833347628,1.8968855517356835,89.68855517356835,265.45953526665784,3.672982929430134,267.2982929430134,176.38795193189503,1.9363228983790244,93.63228983790243
210.4054561738457,233.6431947033354,-23.237738529489718,0.9005417702878294,100.91359743037692,200.7410060560335,364.4183728293613,99.82740862565659,1.9892364474919277,98.92364474919277,263.5047753989844,3.6111919712384015,261.11919712384014,163.6773667733278,1.8153658785970217,81.53658785970217
197.22716327610607,212.26885756278696,-15.041694286680894,0.929138478157439,96.4006584609489,178.5458998071111,339.2974729902796,82.14524134616221,1.8521232391730866,85.21232391730867,242.89681452933067,3.5196592887145695,251.96592887145695,160.75157318316846,1.9003375230505632,90.03375230505632
204.0604386516478,228.38191687748568,-24.321478225837893,0.8935052364987153,101.45708990913856,200.02295229410538,347.1834910904563,98.56586238496682,1.9715029523637921,97.15029523637921,245.72640118131773,3.4219736777526513,242.19736777526512,147.16053879635092,1.7357182618721287,73.57182618721288
215.31862243847127,219.1388427455695,-3.820220307098225,0.9825671238415105,103.15436024965203,188.98150615733834,359.5503313690708,85.82714590768632,1.8320263506066952,83.20263506066952,256.3959711194188,3.485556310939204,248.5556310939204,170.56882521173247,1.9025688739602054,90.25688739602053
230.0522364232094,227.79709632823545,2.255140094973939,1.0098997754199837,98.91321258261738,199.11602429360656,388.74476225094327,100.20281171098918,2.013037683184081,101.3037683184081,289.8315496683259,3.9301601080466755,293.01601080466753,189.6287379573367,1.952352974252437,95.2352974252437
208.1621116398715,225.79840923032114,-17.63629759044963,0.9218936145273722,105.31224363455415,201.85738812684386,343.771149543891,96.54514449228971,1.9167513781902956,91.67513781902956,238.45890590933686,3.2643037284137373,226.43037284137372,141.91376141704714,1.7030397189518318,70.30397189518318
191.94118513363014,233.8039822691246,-41.862797135494446,0.8209491697737318,96.64487093936215,192.37023141082958,349.60264875394046,95.72536047146743,1.9904856775226938,99.04856775226938,252.95777781457832,3.617394750035845,261.7394750035845,157.23241734311088,1.8173427675892446,81.73427675892447
191.65884606108233,214.308369313725,-22.649523252642666,0.8943133983746284,92.0858319794268,180.71555315027368,336.1494379325105,88.62972117084688,1.9624685933298396,96.24685933298396,244.0636059530837,3.6503925816472047,265.0392581647205,155.43388478223685,1.8601024210295065,86.01024210295066
219.95327782194326,217.83965013270455,2.1136276892387116,1.0097026766612558,102.34917408073053,202.5441547977492,351.796063053492,100.19498071701867,1.9789525085760566,97.89525085760566,249.44688897276146,3.4372144788975416,243.72144788975416,149.2519082557428,1.7368857837678828,73.68857837678829
214.90995814659308,235.97821811650914,-21.068259969916056,0.9107194717458453,97.50163926002627,196.7231113503187,382.1075137843085,99.22147209029244,2.017639014516254,101.7639014516254,284.6058745242822,3.9189855338254294,291.89855338254296,185.38440243398978,1.9423620903588836,94.23620903588836
196.46273242920992,222.1746955588979,-25.711963129687973,0.8842714150456805,96.26356909393591,183.9391090449591,347.75346384326684,87.6755399510232,1.9107863003237253,91.07863003237253,251.48989474933092,3.6125137174575572,261.2513717457557,163.81435479830773,1.8905901287054054,89.05901287054054
206.6676118112909,237.87869738229966,-31.211085571008766,0.8687941126529342,98.98562504610369,200.23666825009775,367.5971704941844,101.25104320399406,2.0228863348272563,102.28863348272563,268.61154544808073,3.713641958849801,271.36419588498006,167.36050224408666,1.8358134586770671,83.58134586770672
214.0709717522426,224.71169170317987,-10.640719950937267,0.9526472349067064,98.85292120578899,190.32113176162628,368.9999422157185,91.46821055583729,1.9252959795231703,92.52959795231703,270.1470210099295,3.732817783376838,273.2817783376838,178.6788104540922,1.938828015576768,93.88280155767681
214.10098927175278,216.01410119768383,-1.913111925931048,0.9911435785195325,97.10412318133417,189.07903805186655,358.98947447095424,91.97491487053237,1.9471782644983735,94.71782644983735,261.8853512896201,3.6969539779538523,269.69539779538525,169.9104364190877,1.898621223006642,89.8621223006642
218.98840821645203,222.37045154164372,-3.382043325191688,0.9847909499587524,104.06893142001252,192.73680446776817,365.232553749363,88.66787304775565,1.8520109876971866,85.20109876971867,261.16362232935046,3.5095253575278718,250.95253575278718,172.4957492815948,1.8949808510000574,89.49808510000574
216.0068058482423,230.2897218482943,-14.282916000052012,0.9379784912439079,100.96555736158975,199.0831336026459,369.39610058056917,98.11757624105614,1.971792547924694,97.17925479246941,268.43054321897944,3.6586347882738304,265.86347882738306,170.31296697792328,1.8554866697942098,85.54866697942099
235.74664414859708,215.53482597440384,20.21181817419324,1.0937751849744854,99.63667837495368,197.39802733174096,379.8874994778067,97.76134895678729,1.9811783225941242,98.11783225941242,280.250821102853,3.81272745813756,281.272745813756,182.48947214606576,1.9244746495839071,92.44746495839071
208.24801458062933,228.4260000936788,-20.177985513049464,0.911665110343068,103.065873094288,189.03260120126953,362.9125477159046,85.96672810698153,1.8340949872741716,83.40949872741716,259.8466746216166,3.5211708475403927,252.11708475403927,173.8799465146351,1.9198410507481676,91.98410507481675
228.41486244375503,223.2824720595063,5.132390384248737,1.0229860872504175,96.91843392924933,204.78837633481126,375.8391914908314,107.86994240556193,2.1129971671261965,111.29971671261964,278.9207575615821,3.8778917101074377,287.78917101074376,171.05081515602015,1.8352564643433027,83.52564643433027
216.0589373310164,217.2758308607443,-1.2168935297278836,0.9943993148022625,96.68982614515922,189.26264054431397,364.0496855981679,92.57281439915475,1.957420424566452,95.7420424566452,267.3598594530087,3.7651291776202465,276.51291776202464,174.78704505385394,1.9235158325550747,92.35158325550748
211.06398803899708,217.12275546448254,-6.058767425485456,0.9720951983474778,98.83838890065007,200.98077325966963,342.46095309489965,102.14238435901956,2.0334282609734826,103.34282609734827,243.62256419424958,3.464857702599068,246.48577025990681,141.48017983523002,1.7039488282415745,70.39488282415745
210.14315047875252,233.79768353236395,-23.65453305361143,0.8988247757795385,100.64179358848185,199.50201620465697,365.7674412235359,98.86022261617512,1.982297901211981,98.2297901211981,265.12564763505407,3.634349390861779,263.4349390861779,166.26542501887894,1.833402229119917,83.3402229119917
198.1475384115429,219.81782036985254,-21.67028195830963,0.9014170829196264,100.72356695464113,195.14555521966852,331.07891599778355,94.4219882650274,1.9374368990282926,93.74368990282926,230.35534904314244,3.2870054745666266,228.70054745666266,135.93336077811503,1.6965742090569247,69.65742090569248
209.82056410535492,233.18411408054965,-23.36354997519473,0.8998064252047454,101.39508416912905,189.38617140219515,373.7257617075327,87.9910872330661,1.8678042723086574,86.78042723086574,272.3306775384036,3.685837087369547,268.5837087369547,184.33959030533754,1.973352958880296,97.3352958880296
212.1311477424905,221.9823144890888,-9.851166746598295,0.955621839652985,94.8107390380711,200.9707428564706,355.3887114528272,106.16000381839949,2.1197044226790713,111.97044226790713,260.57797241475606,3.7484014475419434,274.84014475419434,154.4179685963566,1.7683604409356186,76.83604409356187
210.08907738581638,225.30826423399677,-15.219186848180385,0.9324517149873637,99.71856780755378,187.33662245639454,366.04082216577143,87.61805464884075,1.8786533599031854,87.86533599031854,266.32225435821766,3.6707388625174726,267.07388625174724,178.7041997093769,1.9539202605778432,95.39202605778432
203.88679015152923,218.83578698235837,-14.948996830829145,0.9316885184230207,97.67216389253333,179.6832335174126,356.7284682908855,82.01106962487926,1.8396565239930012,83.96565239930011,259.05630439835215,3.652304342139757,265.2304342139757,177.04523477347288,1.985318614918603,98.53186149186031
202.70973606395162,225.11291989957218,-22.403183835620553,0.9004802396698728,101.39425827322297,194.31431174574206,346.0254139263205,92.92005347251909,1.9164232280503617,91.64232280503617,244.6311556530975,3.412672668248136,241.26726682481362,151.71110218057842,1.7807510461663296,78.07510461663296
215.4162078596248,215.38288062259667,0.033327237028117906,1.0001547348467612,102.20166756960421,194.4925931326373,349.5043720210907,92.29092556303308,1.9030275900359312,90.30275900359312,247.3027044514865,3.4197521462461613,241.97521462461614,155.01177888845342,1.7970060781838653,79.70060781838653
196.70470297938238,212.36771100353533,-15.663008024152958,0.926245812274672,102.88326420709761,186.2021529918908,324.5232037753881,83.3188887847932,1.8098390873084806,80.98390873084807,221.63993956829046,3.15428564865655,215.428564865655,138.32105078349727,1.7428541966940694,74.28541966940693
228.90415401807326,237.99222971920017,-9.088075701126911,0.9618135612584929,105.79244062460408,207.5216012777772,387.0305337035287,101.72916065317311,1.9615919630226777,96.15919630226777,281.23809307892463,3.658394980005001,265.8394980005001,179.5089324257515,1.8650132387204865,86.50132387204866
208.80964495052444,221.6408768819706,-12.831231931446155,0.9421080077287408,94.8686392152701,187.91150085532658,362.8956426781459,93.04286164005649,1.9807546773062628,98.07546773062627,268.0270034628758,3.8252434701280515,282.52434701280515,174.98414182281934,1.9312050674191568,93.12050674191568
225.69894048113824,235.71137576569973,-10.01243528456149,0.9575224774280136,102.23179633127691,201.6288622600041,388.25481577897597,99.39706592872719,1.9722715387552818,97.22715387552819,286.0230194476991,3.7977892369303192,279.7789236930319,186.62595351897187,1.9255914625869104,92.55914625869104
219.8017998845506,208.0646196994057,11.737180185144894,1.056411225522637,96.44171211283262,190.31189180649363,355.0460254566083,93.87017969366102,1.9733358900123732,97.33358900123731,258.60431334377563,3.681457096502184,268.1457096502184,164.73413365011464,1.865600841263319,86.56008412633189
209.26747540176038,221.8570129417224,-12.58953753996201,0.9432538220314494,99.8958758604518,196.1268976563212,350.66395899845116,96.23102179586941,1.9633132596014078,96.33132596014077,250.76808313799938,3.510294654088688,251.02946540886882,154.53706134212996,1.7879442503237353,78.79442503237352
208.67375833320148,229.46305347468456,-20.78929514148308,0.9094002505994864,97.84045350803765,199.3510112067913,360.01375299700015,101.51055769875364,2.037511111806268,103.75111118062681,262.17329948896247,3.6796002071620078,267.9600207162008,160.66274179020886,1.8059289030821608,80.59289030821608
200.98564580704507,227.28058883551458,-26.294943028469504,0.8843062526228342,96.34057890617328,188.49945442616965,357.5593186314965,92.15887551999637,1.9565945790065318,95.65945790065318,261.21873972532325,3.7114092804001717,271.1409280400172,169.05986420532687,1.8968719019372189,89.68719019372189
214.44294900897336,235.94274427729727,-21.499795268323908,0.9088770653482958,99.49885635335278,199.17295717010532,376.90672640594784,99.67410081675254,2.0017612711323776,100.17612711323775,277.40787005259506,3.788050840176791,278.8050840176791,177.73376923584252,1.8923589415005146,89.23589415005146
222.17454660128746,227.77303831267412,-5.598491711386657,0.9754207444706368,97.7360434720554,210.47999660753626,366.7053372913506,112.74395313548087,2.153555527012064,115.3555527012064,268.9692938192952,3.751996952855971,275.1996952855971,156.22534068381432,1.7422336716163775,74.22336716163775
214.55508964934637,213.68953410875173,0.8655555405946416,1.004050528465068,100.22519171863505,191.27159451696235,350.8701494015497,91.0464027983273,1.9084183450995473,90.84183450995474,250.64495768291468,3.5008179419257903,250.08179419257903,159.59855488458737,1.8344080326597259,83.44080326597259
209.7339004973202,236.53314311421335,-26.79924261689314,0.8866998414511714,103.70817453496014,204.24127629759823,361.4511145847419,100.5331017626381,1.9693845467191045,96.93845467191045,257.74294004978174,3.485271206493914,248.5271206493914,157.20983828714367,1.7697260864061315,76.97260864061315
225.14468689020933,214.25695331023482,10.887733579974508,1.0508162438220128,103.73226734612616,189.6989363202708,365.67125663426924,85.96666897414464,1.8287360449501928,82.87360449501928,261.9389892881431,3.525144740296907,252.5144740296907,175.97232031399844,1.9276399948648233,92.76399948648233
193.13251076040956,204.94253608805593,-11.810025327646372,0.9423739670979183,85.74167353878529,181.89959544488863,329.4713012890243,96.15792190610334,2.121484080464166,112.14840804641662,243.72962775023905,3.8426040417789116,284.26040417789113,147.5717058441357,1.811281110786453,81.1281110786453
210.432801210744,230.48094730143114,-20.04814609068714,0.9130160374407544,101.28219816103092,190.51531626455056,369.5731083426813,89.23311810351964,1.881034571955536,88.10345719555359,268.29091018165036,3.6489443856173858,264.8944385617386,179.05779207813072,1.9398603513299169,93.98603513299169
216.13883762085698,211.79761101468304,4.341226606173933,1.0204970518098666,101.39570050601627,186.43965216039794,354.0693202868958,85.04395165438167,1.8387333114714823,83.87333114714824,252.6736197808795,3.4919559559222852,249.19559559222853,167.62966812649785,1.8991095305320702,89.91095305320702
208.47718605541692,229.1260139660881,-20.648827910671173,0.9098800369576223,95.61355747417029,197.5746884189416,363.21655413914567,101.96113094477131,2.0663877972777636,106.63877972777635,267.60299666497536,3.7987976154664835,279.87976154664835,165.64186572020407,1.8383759430204618,83.83759430204618
221.7956344197236,207.8390336729545,13.956600746769084,1.0671510086441727,101.25107349529468,191.73605076692684,351.46487787679564,90.48497727163216,1.8936693128081963,89.36693128081963,250.21380438150095,3.471221249749306,247.1221249749306,159.7288271098688,1.8330662203115584,83.30662203115584
191.56984591320216,213.92284257242264,-22.35299665922048,0.895509070511472,97.17849656829266,177.45985291340358,333.60068324674086,80.28135634511092,1.8261226421494678,82.61226421494679,236.4221866784482,3.4328652431075772,243.28652431075773,156.14083033333728,1.8798656584570173,87.98656584570172
225.94499803582505,223.62375819435135,2.321239841473698,1.010380112829766,100.95818049227076,205.6283600469158,367.766593806078,104.67017955464503,2.0367676897926907,103.67676897926907,266.80841331380725,3.6427617060138457,264.2761706013846,162.1382337591622,1.7885013221044463,78.85013221044463
219.44645319154233,232.75912003135343,-13.3126668398111,0.9428049614639468,104.42646915989859,200.09140620500605,373.79048446943904,95.66493704510746,1.9160985506330257,91.60985506330258,269.36401530954043,3.579461102884636,257.9461102884636,173.69907826443298,1.8680986433093858,86.80986433093858
209.38983473461678,241.93881934222284,-32.54898460760606,0.8654660517229131,105.51994496268101,192.70266030743278,378.7703758451456,87.18271534475177,1.826220250357271,82.6220250357271,273.2504308824646,3.58956191627189,258.956191627189,186.06771553771284,1.9655690027364712,96.55690027364712
209.48588067197497,218.99971263786085,-9.513831965885885,0.9565577879016763,98.98349090881823,190.40595111750645,353.33894793842904,91.42246020868822,1.9236132143783948,92.36132143783948,254.35545702961082,3.569675555936074,256.9675555936074,162.9329968209226,1.855713783443516,85.5713783443516
206.09684864644143,233.03849282651728,-26.941644180075855,0.884389725262546,97.05938685067258,198.82338487039473,362.82024048837076,101.76399801972215,2.0484714701143507,104.84714701143507,265.7608536376982,3.738126236533675,273.8126236533675,163.99685561797602,1.8248368557092982,82.48368557092982
204.31062761323466,221.63835806097455,-17.327730447739896,0.9218198032175781,99.0719918939301,188.48894714241055,351.3625394749732,89.41695524848045,1.9025452455242178,90.25452455242177,252.29054758104309,3.5465375507050876,254.65375507050877,162.87359233256262,1.8641015550344469,86.41015550344468
208.24339094783198,221.21877647509908,-12.975385527267093,0.9413459122502306,101.61670431531272,185.66327448470062,356.9132723343833,84.0465701693879,1.8270940367106834,82.70940367106834,255.29656801907058,3.5123484346323135,251.23484346323136,171.24999784968267,1.9223687254519166,92.23687254519166
214.24943619738812,211.2956758928763,2.9537603045118317,1.0139792747392016,102.71520655265421,195.32227010389136,340.28019147885107,92.60706355123715,1.9015905887680282,90.15905887680282,237.56498492619687,3.312851162932876,231.2851162932876,144.9579213749597,1.742147433049273,74.2147433049273
221.37297262259594,221.604531413709,-0.23155879111305921,0.9989550809740403,101.03490168554184,203.5213041769684,359.91005019194716,102.48640249142657,2.0143663306606894,101.43663306606894,258.8751485064053,3.5622348731740345,256.22348731740345,156.38874601497875,1.7684146219847021,76.84146219847021
219.01865056062323,219.727046984579,-0.7083964239557758,0.9967760162725643,102.86932892007236,194.08775577873317,361.16146161899786,91.2184268586608,1.8867407595274186,88.67407595274186,258.2921326989255,3.5108760347762535,251.08760347762535,167.0737058402647,1.8608152800258795,86.08152800258794
218.00793776462635,235.01359679841346,-17.00565903378711,0.9276396801484895,96.41051358668898,197.35098114961576,385.770807108255,100.94046756292678,2.0469860994171,104.69860994170999,289.360293521566,4.001335463910617,300.13354639106166,188.41982595863922,1.9547448148524498,95.47448148524498
224.49407293020218,226.48123427461712,-1.9871613444149432,0.9912259337919122,100.43787101343266,204.37681086577965,371.64827892801657,103.93893985234699,2.0348580550701447,103.48580550701448,271.2104079145839,3.700280334280602,270.0280334280602,167.27146806223692,1.8184464145107395,81.84464145107395
212.95632801734928,228.98808515591955,-16.03175713857027,0.9299886842249712,98.1039754644027,198.2191119326518,366.5935323628488,100.1151364682491,2.0205003007709528,102.05003007709527,268.4895568984461,3.736785697291832,273.6785697291832,168.374420430197,1.849435853024127,84.9435853024127
194.00889433147503,219.3433383152452,-25.33444398377017,0.8844986851282489,94.93296878113506,186.67175091203978,338.4236292769055,91.73878213090472,1.966353241753195,96.63532417531951,243.49066049577044,3.564869334879123,256.48693348791227,151.75187836486572,1.8129343493240795,81.29343493240795
186.3506524944486,207.22080076051043,-20.87014826606182,0.8992854569161621,94.04189873433324,183.33149034414697,312.9837908039583,89.28959160981373,1.9494660657804803,94.94660657804803,218.94189206962506,3.3281313437548956,232.81313437548957,129.65230045981133,1.7072014754062714,70.72014754062714
228.5152154079836,226.66645402322476,1.8487613847588307,1.0081563078785774,102.85908628198621,199.09240961091746,380.8210082539088,96.23332332893125,1.9355840772793707,93.55840772793707,277.9619219719226,3.7023565152999254,270.23565152999254,181.72859864299136,1.9127851684458494,91.27851684458494
205.81373663888812,222.3073182194666,-16.49358158057848,0.9258072936479057,100.89633700044475,185.8745488706427,355.41069641644486,84.97821187019797,1.8422328738239862,84.22328738239861,254.5143594160001,3.522533195777744,252.2533195777744,169.53614754580215,1.9120998467831598,91.20998467831598
210.85457396497853,228.23652288347824,-17.381948918499717,0.9238423864029258,103.06838115209614,194.5230549943874,361.0452091262016,91.45467384229126,1.8873203675075991,88.73203675075992,257.97682797410545,3.5029676908713037,250.29676908713037,166.5221541318142,1.8560535620655294,85.60535620655294
208.77199843425004,233.21041370458843,-24.438415270338396,0.8952087306817484,93.50001409703205,197.77397366757577,371.69963044364994,104.27395957054372,2.115229345979892,111.5229345979892,278.19961634661786,3.975396517672276,297.5396517672276,173.92565677607416,1.8794163031199111,87.94163031199112
215.20357282633918,199.67229709900528,15.531275727333906,1.0777838285680306,109.5513100854106,187.6573436892903,325.1051511133158,78.10603360387968,1.7129630265761777,71.29630265761777,215.5538410279052,2.9676062372951155,196.76062372951156,137.4478074240255,1.7324403336519665,73.24403336519664
203.68418309867818,218.20879295294708,-14.524609854268903,0.9334371009632005,101.73572645004475,194.82716231046706,336.2765753169261,93.09143586042231,1.915031907754971,91.50319077549709,234.54084886688133,3.3053931696457473,230.53931696457474,141.44941300645903,1.7260251154356605,72.60251154356605
207.47166569255805,221.14223973513242,-13.670574042574373,0.9381819861327806,95.93188652167426,196.30068531548648,350.6882863043751,100.36879879381222,2.0462506517177217,104.62506517177216,254.75639978270084,3.655596684478239,265.5596684478239,154.3876009888886,1.7864852878163067,78.64852878163066
216.18282073070984,239.52589806832268,-23.34307733761284,0.9025446620767729,102.66030447985655,197.6139086983021,383.2888650203901,94.95360421844556,1.9249300856795808,92.49300856795809,280.62856054053356,3.7335644674188257,273.35644674188256,185.674956322088,1.9395844530637703,93.95844530637703
218.90744904026795,206.6206175770961,12.286831463171836,1.0594656603356016,99.4894484590158,181.93680749442407,356.86584397260617,82.44735903540827,1.828704554225889,82.8704554225889,257.37639551359035,3.5869717794205616,258.69717794205616,174.9290364781821,1.961482389887177,96.1482389887177
209.72290340618676,222.29979197033538,-12.576888564148618,0.9434237501858439,95.15347584314789,199.95841775628986,352.9221494653454,104.80494191314197,2.1014305151175314,110.14305151175314,257.7686736221975,3.708978009874347,270.89780098743466,152.96373170905554,1.7649777059922946,76.49777059922947
201.48874725517516,217.08315482989804,-15.59440757472288,0.9281638983598597,94.01202445465161,186.1094203866539,347.73640828630425,92.0973959320023,1.9796342166466923,97.96342166466923,253.72438383165263,3.6988503364698966,269.88503364698965,161.62698789965035,1.8684514065105366,86.84514065105367
202.9588714853393,202.87555988248016,0.08331160285914052,1.0004106537175173,93.97656331408778,189.11498670080874,325.66009703683267,95.13842338672096,2.0123632960353106,101.23632960353106,231.68353372274487,3.4653331166028476,246.53331166028477,136.54511033602392,1.7220216267262123,72.20216267262123
221.1306999210686,201.95150359156526,19.179196329503355,1.0949693168330756,108.42175580898083,188.24052612953355,337.96102333043643,79.81877032055272,1.736187767159745,73.6187767159745,229.5392675214556,3.117096018310767,211.70960183107672,149.72049720090288,1.7953680340750644,79.53680340750644
234.41410676477523,220.15793063953208,14.256176125243144,1.0647543156125727,101.5564844320255,201.99881964797896,378.30275202645635,100.44233521595346,1.989029265612106,98.9029265612106,276.74626759443083,3.7250477322269324,272.50477322269325,176.30393237847738,1.8727968444851324,87.27968444851324
221.59538520219766,221.17692317184617,0.4184620303514919,1.0018919787125637,104.29061341018352,205.8907886393136,353.9770605115686,101.60017522913007,1.9742024896289396,97.42024896289396,249.68644710138506,3.394141130605377,239.41411306053772,148.086271872255,1.7192467076886937,71.92467076886938
220.5864338584766,223.28224128102445,-2.6958074225478583,0.987926458427319,102.24196568199751,201.2141872456649,362.3468597815893,98.97222156366739,1.9680195495409392,96.80195495409392,260.1048940995918,3.5440130416564393,254.40130416564392,161.13267253592437,1.8008017463460242,80.08017463460241
221.216700730756,209.39218800497235,11.824512725783649,1.0564706488739821,109.8732775921358,186.04325463663994,349.99680087481676,76.16997704450414,1.6932529793755422,69.32529793755423,240.12352328268094,3.1854588171479814,218.54588171479813,163.9535462381768,1.8812657387573313,88.12657387573313
211.74847717578575,219.1136984598149,-7.365221284029161,0.9663863038422495,102.32016507202397,185.81242067441184,358.1606777069652,83.49225560238787,1.8159902355866706,81.59902355866706,255.84051263494123,3.500391906667206,250.03919066672057,172.34825703255336,1.9275389471113402,92.75389471113402
204.25258935796737,227.39897305480417,-23.146383696836807,0.8982124528273114,93.26503302855257,187.8293080410663,366.38300254953845,94.56427501251373,2.0139306441200038,101.39306441200037,273.11796952098587,3.9284069350768616,292.8406935076862,178.55369450847215,1.9506167933570506,95.06167933570507
203.09439731467728,215.65742632746458,-12.563029012787297,0.9417454375361459,99.21390367415746,191.6497033706846,337.2641284183707,92.43579969652713,1.931681914261823,93.16819142618229,238.05022474421327,3.399363556201034,239.93635562010337,145.61442504768613,1.7597946800159765,75.97946800159765
224.5343390722058,225.14392164661498,-0.6095825744091883,0.9972924759862449,101.06838133020096,200.024629567348,373.42438018068225,98.95624823714704,1.9791019400404428,97.91019400404429,272.3559988504813,3.6947695734897126,269.47695734897127,173.39975061333425,1.8668919971925297,86.68919971925297
204.10944962306363,227.3291549341592,-23.219705311095566,0.8978586564586464,102.25867801189624,194.1848845313731,350.71434429256493,91.92620651947685,1.8989575095893831,89.89575095893831,248.4556662806687,3.4296780587341904,242.96780587341905,156.52945976119184,1.8060846761525482,80.60846761525482
203.97661361092557,223.67136292917777,-19.694749318252207,0.9119478280083255,97.6342620566787,183.93045556664651,359.9072471868297,86.29619350996782,1.8838720311100534,88.38720311100533,262.272985130151,3.6862802012872913,268.62802012872913,175.97679162018318,1.956757221516361,95.6757221516361
215.50932649201127,231.95400602647675,-16.44467953446548,0.9291037054449994,98.59918657747941,203.79292472936356,368.8028874708892,105.19373815188415,2.0668824135706507,106.68824135706507,270.20370089340975,3.7404252537223845,274.04252537223846,165.0099627415256,1.8096942666712221,80.9694266671222
228.1187478356442,227.24068367636576,0.8780641592784377,1.0038640270970536,101.29632572362512,207.5975927565154,374.1452287878744,106.3012670328903,2.049408912648229,104.94089126482291,272.84890306424927,3.693571569502775,269.3571569502775,166.54763603135896,1.8022618847353271,80.22618847353272
221.61479088578315,228.0753667151935,-6.460575829410345,0.971673504585535,102.6009023235564,202.68037350002942,369.2539605778791,100.07947117647302,1.9754248638171628,97.54248638171627,266.65305825432273,3.598934826259332,259.8934826259332,166.5735870778497,1.821853562835602,82.18535628356021
217.7637767130412,240.2956991485185,-22.5319224354773,0.9062325188702146,110.2174982683225,207.64029489971264,369.23142062430446,97.42279663139014,1.8839140623044819,88.39140623044818,259.01392235598195,3.350025417247425,235.0025417247425,161.59112572459182,1.7782262388070584,77.82262388070585
230.71757057968313,215.00120828096806,15.716362298715069,1.0730989487192863,102.62122933769487,195.67764074061535,370.27929821266656,93.05641140292047,1.9067949390539893,90.67949390539893,267.6580688749717,3.6082134330528373,260.82134330528373,174.60165747205122,1.8922923273768317,89.22923273768318
204.41367525214324,240.36708566838777,-35.95341041624454,0.8504229049652575,98.53515489514706,190.17554219444398,378.46044429120553,91.64038729929692,1.9300273328520468,93.00273328520467,279.9252893960585,3.8408671980465425,284.08671980465425,188.28490209676156,1.9900584477064387,99.00584477064388
204.1489004270064,229.3974211530964,-25.248520726089993,0.889935463968274,99.38598273899441,195.63957968213649,355.29391994902335,96.25359694314207,1.9684826198873682,96.84826198873682,255.90793721002893,3.5748896389351956,257.48896389351955,159.65434026688686,1.8160636029083874,81.60636029083874
200.7271074448766,221.74434542803832,-21.01723798316172,0.9052186068483882,93.63888195227109,194.504076265507,345.5642210915943,100.8651943132359,2.0771721341637566,107.71721341637566,251.92533913932317,3.69039242979997,269.03924297999697,151.06014482608728,1.7766425656801312,77.66425656801313
213.64428399338982,229.37329706011406,-15.729013066724235,0.931426136920367,99.03796827123695,204.25996566267452,361.2284376463443,105.22199739143757,2.06244099336998,106.244099336998,262.19046937510734,3.647373264534687,264.7373264534687,156.96847198366976,1.7684739957456745,76.84739957456745
212.7842574353129,241.23355501290126,-28.449297577588368,0.8820674114922906,102.79969983227613,199.46732099426407,378.7596978457811,96.66762116198794,1.9403492551019794,94.03492551019794,275.95999801350496,3.6844436167007317,268.4443616700732,179.29237685151702,1.8988558925733645,89.88558925733645
207.07602789347993,215.68115703364896,-8.605129140169026,0.9601025455421378,94.2259396937999,191.38452643941605,348.52531125747737,97.15858674561615,2.0311235638651763,103.11235638651763,254.29937156367748,3.6988255292550876,269.8825529255088,157.14078481806132,1.8210736141607833,82.10736141607833
204.84663760966714,228.82105159666557,-23.974413986998428,0.8952263621738037,101.21665298777971,197.32665123918073,351.9582295825386,96.10999825140102,1.9495472870754258,94.95472870754259,250.7415765947589,3.477275914518058,247.72759145180578,154.63157834335786,1.7836325066700092,78.36325066700091
203.70011761361468,230.63749870219843,-26.93738108858375,0.8832046772959259,99.6395870433549,212.17188847229565,339.6949489580692,112.53230142894076,2.1293934947760875,112.93934947760876,240.0553619147143,3.409236820805591,240.9236820805591,127.52306048577353,1.6010365529758899,60.103655297588986
215.83291537025383,228.57683879140646,-12.74392342115263,0.9442466546981061,101.88938474628662,192.66645854311062,372.05878795309314,90.777073796824,1.8909375007304907,89.09375007304907,270.1694032068065,3.651595196884854,265.15951968848543,179.39232940998252,1.9311030615629554,93.11030615629554
218.19024127286912,211.20424465335756,6.985996619511553,1.033076970735022,100.41308634463122,193.4358941053437,350.2427484393651,93.02280776071247,1.9264012405857707,92.64012405857707,249.82966209473386,3.4880189543948967,248.80189543948967,156.80685433402138,1.8106399024817266,81.06399024817266
218.74928892557864,229.131434830568,-10.382145904989358,0.9546891245513018,97.63890713546185,196.88137036950724,377.3008081292509,99.24246323404539,2.0164233310841837,101.64233310841837,279.66190099378906,3.864246530389704,286.4246530389704,180.4194377597437,1.9163865398799909,91.63865398799909
208.21981051710327,234.7042507974398,-26.484440280336543,0.887158241956198,105.58048029771514,207.27438651420758,351.531225159892,101.69390621649244,1.9631885167574217,96.31885167574217,245.95074486217686,3.3295096230728123,232.95096230728123,144.25683864568444,1.6959704046008424,69.59704046008423
205.9849797307426,220.69573501209643,-14.71075528135384,0.9333437264632797,102.34027121066492,187.12787717850532,350.55292372508836,84.78760596784039,1.8284872119725695,82.84872119725695,248.21265251442344,3.425366374137155,242.53663741371548,163.42504654658305,1.873333514015597,87.3333514015597
218.21954925662368,230.36520530353812,-12.14565604691444,0.9472765167338928,97.9047245083857,194.88418819142478,380.0882191404323,96.97946368303909,1.9905493751196106,99.05493751196106,282.1834946320466,3.8822255110669057,288.22255110669056,185.2040309490075,1.9503286678501133,95.03286678501132
226.52100404161348,222.1675960151588,4.353408026454673,1.0195951529590195,97.12123289834932,198.51829851483146,377.39336867197756,101.39706561648214,2.0440257252768617,104.40257252768616,280.27213577362824,3.8857967244605662,288.57967244605663,178.8750701571461,1.9010507922713342,90.10507922713342
215.35781224875456,217.7182864045649,-2.3604741558103512,0.9891581263347622,108.5921297586333,186.28514464740496,354.736873573941,77.69301488877166,1.7154571428100653,71.54571428100654,246.14474381530772,3.2666904531885623,226.66904531885623,168.45172892653605,1.904268181155167,90.4268181155167
215.3780422451201,215.35124058645482,0.026801658665277728,1.0001244555573132,103.21090883350753,186.9866254557696,355.8963899580853,83.77571662226207,1.8116943990620513,81.16943990620513,252.6854811245778,3.448243930611947,244.82439306119468,168.9097645023157,1.9033253800404573,90.33253800404573
210.03889175319804,209.91331667223747,0.1255750809605729,1.0005982235093576,102.63595524436867,190.02999289388111,337.26236449990336,87.39403764951244,1.8514953404139285,85.14953404139285,234.62640925553467,3.2860059975756686,228.60059975756687,147.23237160602224,1.7747849134964793,77.47849134964792
217.78376470278954,225.62707440961952,-7.843309706829984,0.9652377281079721,98.61505817035344,201.45992258104482,365.0412779172154,102.84486441069139,2.042892092940118,104.2892092940118,266.42621974686193,3.7016788783577215,270.16788783577215,163.58135533617056,1.8119796396246692,81.19796396246693
224.18384917378262,222.4219084337516,1.761940740031008,1.0079216150622852,98.67502595526803,201.06728348025112,370.16632697578217,102.3922575249831,2.0376714526672655,103.76714526672654,271.49130102051413,3.7513679210339226,275.1367921033923,169.09904349553105,1.841007251744862,84.10072517448619
211.6605083144573,222.7616452570575,-11.101136942600192,0.9501658513529564,102.09861288437445,198.7320115699148,350.802605902983,96.63339868554034,1.946471219887939,94.6471219887939,248.70399301860851,3.4359194115620655,243.59194115620656,152.0705943330682,1.7652043228051817,76.52043228051816
214.25966340297572,229.92818229395436,-15.668518890978646,0.9318547263991022,103.53334179340574,193.1066246945254,369.6418020574641,89.57328290111967,1.865163640519375,86.5163640519375,266.10846026405835,3.570268240689661,257.0268240689661,176.53517736293867,1.9141849879163852,91.41849879163853
217.82259786982863,219.8866425119794,-2.064044642150776,0.9906131422146831,91.73902150425408,193.6156358295822,371.2092032388758,101.87661432532812,2.110504697508725,111.05046975087251,279.4701817346217,4.046361048462482,304.6361048462482,177.59356740929357,1.9172480654693043,91.72480654693042
222.1749990731544,220.66475490185994,1.5102441712944596,1.0068440661127154,103.79708981771701,194.12015201048823,366.34238913431614,90.32306219277122,1.8701887726466304,87.01887726466305,262.54529931659914,3.5294090593259155,252.94090593259156,172.2222371238279,1.8871940153566478,88.71940153566477
227.02355946072723,210.00584975120424,17.01770970952299,1.081034455610089,107.55388905065088,197.47263737372154,350.51758739352493,89.91874832307066,1.8360343741798568,83.60343741798569,242.96369834287407,3.2589950069444162,225.89950069444163,153.0449500198034,1.7750185142367967,77.50185142367967
185.95673737303682,235.40735609931554,-49.45061872627872,0.7899359665489124,92.19287117122515,185.4900861290867,354.36318290821663,93.29721495786156,2.0119786245140947,101.19786245140946,262.1703117369915,3.8437156626793394,284.37156626793393,168.87309677912992,1.9104157548431313,91.04157548431313
212.06400077776567,227.18177704460476,-15.117776266839087,0.9334551544428192,106.35919302949311,191.19702774883712,361.3124459552255,84.837834719344,1.7976539902462283,79.76539902462282,254.9532529257324,3.397096533583463,239.70965335834632,170.11541820638837,1.8897388218286413,88.97388218286413
217.1778265006154,223.7267442736865,-6.548917773071111,0.9707280513363222,106.39935640760736,202.4729031417403,352.48459661210524,96.07354673413293,1.902952329580669,90.29523295806689,246.0852402044979,3.312845194869085,231.28451948690852,150.01169347036495,1.7408976270041918,74.08976270041919
208.24993062377618,217.64996925354345,-9.400038629767266,0.9568112108538043,100.24844098127825,189.87202880185794,348.7293800328433,89.62358782057969,1.894014779115789,89.40147791157891,248.4809390515651,3.4786514046434873,247.86514046434874,158.8573512309854,1.8366548365939772,83.66548365939772
229.88030526344045,217.77536947570067,12.104935787739777,1.0555845035041507,103.377326445641,206.58066376190385,361.5255219011668,103.20333731626285,1.9983169507728598,99.83169507728597,258.1481954555258,3.497145209024806,249.71452090248061,154.94485813926298,1.7500453107162337,75.00453107162338
209.78955279240236,212.02588825423683,-2.2363354618344715,0.989452535818867,102.18461051758567,183.68556083926234,346.8529902131109,81.50095032167667,1.797585369351196,79.75853693511961,244.66837969552523,3.394376006878438,239.4376006878438,163.16742937384856,1.8882975266446307,88.82975266446307
208.14353803705285,218.79030631045381,-10.646768273400966,0.9513380256514031,99.51005914584965,199.4360579498837,341.4546494255267,99.92599880403404,2.004179875499569,100.4179875499569,241.94459027967707,3.4313581195350746,243.13581195350747,142.01859147564303,1.7121008755163567,71.21008755163567
211.76530519393197,221.50544787171432,-9.740142677782359,0.9560275254113687,98.03911231802934,192.644235322665,359.22278195777506,94.60512300463566,1.9649732720727402,96.49732720727403,261.18366963974574,3.664076239210442,266.4076239210442,166.57854663511006,1.864695205418959,86.46952054189589
207.74945149183768,223.8568132433186,-16.107361751480937,0.9280461402174379,100.59872682421737,198.0704874617484,348.74018281676865,97.47176063753103,1.9689164437224909,96.89164437224909,248.1414559925513,3.466646088137326,246.66460881373263,150.66969535502025,1.7606872547537793,76.06872547537793
215.92759582623543,215.04809846592812,0.8794973603073117,1.0040897704587082,92.8985244310807,184.2870573441388,369.2779596630258,91.38853291305809,1.9837457965315386,98.37457965315386,276.3794352319451,3.9750680855752956,297.50680855752955,184.990902318887,2.0038192859818356,100.38192859818355
209.55072765638738,211.29419967612992,-1.7434720197425406,0.9917486044462417,109.76949938874654,191.4325451423608,330.0653464676687,81.66304575361426,1.7439502430853417,74.39502430853418,220.29584707892215,3.0068948870646546,200.68948870646545,138.6328013253079,1.7241861681471777,72.41861681471778
212.63674096170948,236.73589318370978,-24.0991522220003,0.8982023727035804,101.22387336909087,208.19154648108218,364.6435313679558,106.96767311199132,2.056743528495071,105.67435284950707,263.4196579988649,3.6023471462938628,260.2347146293863,156.45198488687362,1.75148096803772,75.14809680377199
219.93461512718287,222.0237909753591,-2.0891758481762395,0.9905903063856427,102.28847528922982,189.68511654070912,370.964017323874,87.3966412514793,1.8544133735922592,85.44133735922593,268.67554203464414,3.6266452919054664,262.66452919054666,181.27890078316486,1.955683313952889,95.56833139528891
219.87484264877443,234.33756672123764,-14.462724072463203,0.9382825200635982,106.58161249730938,206.9297747339168,367.80722682379195,100.34816223660741,1.941514768686209,94.1514768686209,261.22561432648257,3.450944475371651,245.0944475371651,160.87745208987516,1.7774495105730503,77.74495105730503
206.24567456684161,218.13305759101164,-11.88738302417002,0.9455039820399058,95.38551226819816,181.6497775584531,359.53280841012867,86.26426529025495,1.9043749227629376,90.43749227629377,264.1472961419305,3.76926013039821,276.926013039821,177.88303085167556,1.979263686653481,97.9263686653481
202.11141265918215,217.3384693263183,-15.22705666713614,0.929938511510018,94.87320516930475,179.35124627034708,354.95037153859874,84.47804110104232,1.8904309804890445,89.04309804890444,260.077166369294,3.7413131653471243,274.1313165347124,175.59912526825167,1.979079481854062,97.9079481854062
233.14500450104524,217.03980800946465,16.105196491580585,1.0742038828696268,106.92604925539001,199.53828981757655,368.8128796927984,92.61224056218654,1.8661335680792308,86.61335680792308,261.8868304374084,3.449233206137624,244.92332061376237,169.27458987522184,1.8483313655237668,84.83313655237667
196.7963244195281,225.93545878636516,-29.139134366837055,0.8710289455078861,102.1392149047962,189.15320860467725,342.80525129936655,87.01399369988104,1.8519156308474336,85.19156308474336,240.66603639457034,3.3562550056694165,235.62550056694164,153.6520426946893,1.8123152857312403,81.23152857312404
225.4049761702776,220.63010624203602,4.774869928241571,1.0216419690384568,103.09796535861744,198.31149041476203,367.643167845091,95.21352505614459,1.923524773015185,92.3524773015185,264.54520248647356,3.5659594887859885,256.59594887859885,169.33167743032897,1.853867201926511,85.3867201926511
220.16666495468363,221.66989575689763,-1.5032308022140057,0.9932186064459444,98.33597555120866,180.00189514504154,384.41697037112164,81.66591959383288,1.8304785622562436,83.04785622562436,286.080994819913,3.9092200816265428,290.92200816265427,204.4150752260801,2.135627350264101,113.56273502641012
198.47777100706003,220.7205963727825,-22.242825365722467,0.8992263262638354,97.98952967876767,183.38156777113156,347.42645361986456,85.39203809236389,1.8714404321798332,87.14404321798332,249.4369239410969,3.545546700334299,254.5546700334299,164.044885848733,1.894554931788283,89.4554931788283
222.28227220785195,213.86429596559532,8.417976242256628,1.039361297799848,106.79927386002439,187.01121422762066,360.40936417252595,80.21194036759627,1.751053237241345,75.1053237241345,253.61009031250157,3.3746424591322,237.46424591322,173.3981499449053,1.9272072301175147,92.72072301175147
215.82148391735845,233.8231966725533,-18.00171275519486,0.9230114333762851,102.47659471241828,200.71709468869923,371.27333148375016,98.24049997628096,1.9586628073656707,95.86628073656706,268.7967367713319,3.623006136432036,262.30061364320363,170.55623679505092,1.8497344835504614,84.97344835504614
216.86563663459637,225.66084075552675,-8.795204120930379,0.9610246771593889,102.67845932085628,200.17497292103505,360.9362838432935,97.49651360017877,1.949532299618125,94.9532299618125,258.2578245224372,3.5152093850124544,251.52093850124544,160.76131092225845,1.8031039473934412,80.31039473934412
210.8500948993114,208.30163794863134,2.5484569506800483,1.0122344546868542,96.27413323540713,193.21258061149555,339.2408854250115,96.93844737608842,2.0069002349681706,100.69002349681706,242.9667521896044,3.523697113901904,252.36971139019042,146.02830481351597,1.7557908721645,75.57908721644999
205.4888720276606,220.58879385266877,-15.099921825008181,0.9315471943915092,98.72485079328372,187.89978223526725,352.49186579194327,89.17493144198353,1.9032673204916115,90.32673204916115,253.76701499865953,3.570447186899404,257.0447186899404,164.59208355667602,1.8759567552377048,87.59567552377048
231.28606632349587,208.35384693047968,22.932219393016197,1.110063815623562,103.78360804816157,192.39864559474984,363.27761623805196,88.61503754658827,1.8538442554961645,85.38442554961645,259.4940081898904,3.5003371251987137,250.03371251987136,170.87897064330213,1.8881505902241396,88.81505902241396
229.18878981582534,223.91863229539976,5.270157520425585,1.0235360383653695,106.63083267419354,196.29890184529353,376.7313986473507,89.66806917109999,1.8409206504564901,84.09206504564901,270.1005659731572,3.533043766041284,253.30437660412838,180.4324968020572,1.919172216991102,91.9172216991102
213.88075102205624,227.98592006348676,-14.105169041430514,0.9381314028624984,102.12999006528852,206.82992714341233,353.84008941961366,104.69993707812381,2.0251634902851983,102.51634902851983,251.71009935432514,3.4646051487267813,246.46051487267812,147.01016227620133,1.7107780015522946,71.07780015522947
227.72702051222572,228.99663149708218,-1.269610984856456,0.9944557656741224,104.64739546264549,196.96428685440588,383.47379569691054,92.3168913917604,1.8821709416046906,88.21709416046906,278.82640023426507,3.664437074631196,266.4437074631196,186.50950884250466,1.9469204383247949,94.69204383247948
219.22637598622197,229.0111152548115,-9.784739268589533,0.9572739547698266,102.45793657891463,201.86332623237914,368.0349740502564,99.40538965346451,1.9702068280176714,97.02068280176715,265.5770374713418,3.5920592034057837,259.20592034057836,166.17164781787724,1.823188891807843,82.3188891807843
215.05580552376793,219.0716361002813,-4.015830576513366,0.981668870292843,92.06595926224628,198.8208106627606,360.3043925110669,106.75485140051433,2.159547483738559,115.95474837385589,268.2384332488206,3.913546281365015,291.3546281365015,161.4835818483063,1.8122066362671378,81.22066362671379
207.67748177620098,222.36704335942866,-14.689561583227686,0.9339400238393968,104.93122818368604,195.72354709908316,344.4120124206753,90.79231891539712,1.8652554676712805,86.52554676712805,239.48078423698925,3.2822641875283227,228.22641875283227,148.68846532159213,1.759686136519486,75.9686136519486
202.2416949486882,228.7922102292219,-26.550515280533688,0.8839535871700644,104.14669268760659,195.42574382313273,346.97842125612584,91.27905113552615,1.8764469497780636,87.64469497780635,242.83172856851925,3.3316316850973426,233.16316850973428,151.5526774329931,1.775500067023686,77.5500067023686
232.74815548164108,234.2070302210501,-1.4588747394090262,0.993771003637115,106.84702951702873,207.01122204576868,386.5745269912394,100.16419252873995,1.9374541620998111,93.74541620998112,279.7274974742107,3.6180184768695804,261.80184768695807,179.56330494547072,1.8674085548162727,86.74085548162726
202.774029054579,239.0982736955022,-36.32424464092321,0.8480781810780321,97.8960452033806,199.7087366508406,365.20367227090037,101.81269144746,2.0400082172465956,104.00082172465956,267.3076270675198,3.730525288454543,273.0525288454543,165.49493562005978,1.8286815008469144,82.86815008469144
226.82964878774592,231.02370531659412,-4.1940565288481935,0.9818457741247779,101.86871534181824,212.69819278440787,372.2131230302838,110.82947744258962,2.0879638274685584,108.79638274685584,270.34440768846554,3.65385115323513,265.385115323513,159.51493024587592,1.7499590295417375,74.99590295417376
221.22680725874076,212.77924085626975,8.447566402471011,1.039701083472599,97.48305825623261,192.99911161775424,360.52690229852897,95.51605336152163,1.9798220846791579,97.98220846791578,263.04384404229637,3.698354449969039,269.8354449969039,167.52779068077473,1.8680236363604257,86.80236363604257
205.58709789538977,201.4193561215794,4.167741773810377,1.0206918632551614,92.1756582537342,183.96979686520473,334.36422590651483,91.79413861147053,1.9958609501739228,99.58609501739228,242.18856765278065,3.6274677310803924,262.74677310803924,150.3944290413101,1.817495217171461,81.7495217171461
209.9119112457445,225.76512359493105,-15.853212349186549,0.9297800648003078,100.59373751202277,199.29149530429103,353.6303194446996,98.69775779226826,1.981152109796816,98.1152109796816,253.03658193267682,3.515430763296118,251.5430763296118,154.33882414040855,1.7744375840261228,77.44375840261229
216.57259417967967,218.25940666817783,-1.6868124884981626,0.9922715244476833,102.05369049420099,200.21287047248765,349.9814403050976,98.15917997828666,1.9618386116459392,96.18386116459392,247.9277498108966,3.429385440254947,242.9385440254947,149.76856983260993,1.7480466639290826,74.80466639290826
225.7823947627654,221.00724165970425,4.775153103061143,1.0216063196264569,107.26139122157328,195.6562407357966,367.2668226763345,88.39484951422331,1.8241068711445598,82.41068711445598,260.00543145476126,3.4240356058561625,242.40356058561625,171.61058194053794,1.8771025207024774,87.71025207024775
212.89389659844096,216.72523823643368,-3.831341637992722,0.9823216637380601,95.0478159972637,190.39679664660906,358.9840896084392,95.34898064934536,2.003168559413194,100.3168559413194,263.9362736111755,3.776878888187961,277.68788881879607,168.58729296183014,1.8854523601819886,88.54523601819886
216.48846293911876,222.96556876288258,-6.4771058237638215,0.9709501971102451,93.43494392850343,199.59558238050067,366.150521243998,106.16063845199724,2.136198449835123,113.61984498351232,272.71557731549456,3.9187749876981464,291.8774987698146,166.55493886349734,1.8344620500968,83.44620500968001
217.28532990609855,224.62891520969052,-7.343585303591965,0.9673079251763437,102.4794018796424,195.27977018761098,365.1121956064302,92.80036830796858,1.9055514240506457,90.55514240506457,262.6327937267878,3.5627861688267717,256.27861688267717,169.8324254188192,1.8696877574961106,86.96877574961105
224.15927536760503,234.66262565096233,-10.503350283357292,0.9552406342756089,100.17938416040633,194.43329239344177,393.62017497400296,94.25390823303545,1.9408513440461657,94.08513440461657,293.44079081359666,3.929153470775403,292.9153470775403,199.1868825805612,2.0244484374491813,102.44484374491813
207.00883335796843,222.45624225053237,-15.447408892563942,0.9305597867864417,96.78367396653793,190.84511281939075,356.5688266268225,94.06143885285282,1.9718729926017655,97.18729926017656,259.78515266028455,3.684183623263805,268.4183623263805,165.72371380743175,1.8683676063754746,86.83676063754746
233.73057325615912,226.868102310163,6.862470945996108,1.0302487254758013,98.25778538480577,199.49310371420958,393.1471242504678,101.23531832940381,2.0303032775768064,103.03032775768064,294.889338865662,4.001180392075707,300.1180392075707,193.65402053625823,1.9707304008547768,97.07304008547769
186.91105403037858,218.2931982906509,-31.382144260272327,0.8562385612286099,89.9673527768454,183.71106429411822,334.1279614105806,93.74371151727281,2.0419747677781994,104.19747677781994,244.1606086337352,3.713880103145305,271.3880103145305,150.4168971164624,1.818768851481082,81.8768851481082
223.7814257047714,220.27045164529446,3.5109740594769505,1.0159393783108537,103.47368426992124,200.37911785816598,362.22501389701154,96.90543358824475,1.9365225010782203,93.65225010782203,258.7513296270903,3.500648657219087,250.06486572190872,161.84589603884555,1.8076984157271552,80.76984157271552
217.89422009979626,211.31660640571548,6.577613694080782,1.0311268186914386,101.4587106638382,192.55718481800264,349.8003442764268,91.09847415416444,1.8978871657062526,89.78871657062525,248.34163361258862,3.4477113102236796,244.77113102236797,157.24315945842417,1.8166049976636505,81.66049976636505
212.190858223416,237.64821390137118,-25.457355677955178,0.8928779843953698,103.81995191922657,196.35012278149935,374.5885334864549,92.53017086227278,1.891256152134058,89.12561521340581,270.7685815672283,3.6080592079053377,260.8059207905338,178.23841070495553,1.9077580812276917,90.77580812276918
214.25588594781016,216.58893185655472,-2.333045908744566,0.9892282311531518,103.91893427115455,189.0553819731931,353.29291046219964,85.13644770203855,1.8192582833835933,81.92582833835932,249.37397619104507,3.3996972057118704,239.96972057118705,164.23752848900654,1.868727072325793,86.87270723257929
215.2439920262172,236.57668582083042,-21.33269379461322,0.9098275735810697,102.43031435871902,200.34906294041465,374.9516394714378,97.91874858169564,1.9559547795467704,95.59547795467705,272.5213251127187,3.6605534388806777,266.0553438880678,174.60257653102312,1.8714918551076591,87.14918551076592
213.47425364984176,224.4139604409082,-10.939706791066442,0.9512521111896377,94.43041805634219,197.03082279558072,365.37108028420204,102.60040473923853,2.0865185906306345,108.65185906306345,270.94066222785983,3.869209602208923,286.9209602208923,168.34025748862132,1.854385395645808,85.43853956458081
202.87949730753198,232.5934628762509,-29.71396556871892,0.8722493521474077,95.60532481935259,197.5264541892578,360.07766126706395,101.92112936990522,2.066061221615913,106.60612216159132,264.47233644771137,3.7662929543666634,276.6292954366663,162.55120707780614,1.822933858378582,82.2933858378582
221.69278384763152,222.16693779264372,-0.47415394501220476,0.9978657762954146,104.87593279682685,199.53082233478062,361.3828273288054,94.65488953795378,1.9025415747321743,90.25415747321743,256.50689453197856,3.4458127588614826,244.58127588614826,161.85200499402475,1.8111629226008157,81.11629226008156
204.9336737209333,228.22738842671535,-23.293714705782037,0.897936374480043,103.86403432260109,202.55776474742802,343.3197941514439,98.69373042482694,1.950220459550847,95.0220459550847,239.45575982884282,3.3054733179831493,230.54733179831493,140.76202940401586,1.6949229005342448,69.49229005342448
215.54980112473172,200.9504217715101,14.599379353221622,1.072651648225062,94.05061468289796,181.04874790640477,349.65097175506,86.99813322350681,1.925013978024818,92.5013978024818,255.60035707216207,3.71768938389129,271.768938389129,168.60222384865526,1.931253188979888,93.1253188979888
208.7791893902386,227.84040221976363,-19.061212829525033,0.9163396278982183,95.27323027245826,192.44168811516454,367.2144690273806,97.16845784270627,2.019892550770328,101.98925507703281,271.9412387549223,3.8543299936113904,285.432999361139,174.77278091221604,1.9081856567773676,90.81856567773676
209.26935304494853,237.99487727089056,-28.725524225942024,0.8793019221449626,107.60827610536485,193.16547318233685,370.12259618605697,85.557197076972,1.7950800828107172,79.50800828107172,262.51432008069213,3.4395365262022293,243.95365262022293,176.9571230037201,1.916090852513187,91.6090852513187
212.22913576239102,233.45527931795695,-21.226143555565926,0.9090783313293304,105.97240272970217,198.8994372202527,363.65478267056704,92.92703449055054,1.8768984386206122,87.68984386206122,257.68237994086485,3.431598919183901,243.15989191839012,164.75534545031434,1.8283349000523885,82.83349000523886
201.16583218270458,229.98572106421437,-28.819888881509797,0.874688355658989,102.59036098836118,194.89246538626986,349.2445034957474,92.30210439790868,1.8997151731280124,89.97151731280124,246.6541425073862,3.404262351073791,240.4262351073791,154.35203810947752,1.791985661444414,79.1985661444414
226.28120774597167,229.91293248917844,-3.6317247432067745,0.984203912742587,99.29890313722589,198.2573111977077,386.73499601779156,98.95840806048182,1.9965710086820039,99.65710086820039,287.43609288056564,3.894655266064158,289.4655266064158,188.47768482008385,1.9506720517970138,95.06720517970138
210.86841564839506,232.75894130400994,-21.89052565561488,0.9059519452486968,98.86124091623698,185.76567628066198,380.8141182317085,86.904435364425,1.879054668533417,87.90546685334171,281.95287731547154,3.852006253435198,285.2006253435198,195.04844195104653,2.049970295138698,104.9970295138698
211.53300906252898,240.66638270134308,-29.133373638814106,0.8789470581150197,103.08979212235643,192.32463970134302,382.88465582210875,89.23484757898659,1.865603138214446,86.5603138214446,279.79486369975234,3.714088931013326,271.4088931013326,190.56001612076574,1.9908247659617742,99.08247659617741
208.6032173443301,225.7293787671782,-17.1261614228481,0.9241296745847497,94.17457062650865,194.27417689437073,363.05014664638304,100.09960626786207,2.062915451612217,106.29154516122168,268.8755760198744,3.855076208270921,285.50762082709207,168.77596975201232,1.8687514339272064,86.87514339272064
193.29241074814632,226.00904044674854,-32.71662969860222,0.8552419423845534,92.17815095245479,193.75698511636307,343.0170407235245,101.57883416390828,2.101983855331426,110.19838553314258,250.8388897710697,3.721240198237993,272.1240198237993,149.2600556071614,1.7703467078491208,77.03467078491208
215.28278720131985,220.78663397842547,-5.503846777105622,0.9750716486866526,97.17529137593542,206.15379382591925,350.77504656776335,108.97850244998384,2.1214630890931536,112.14630890931537,253.59975519182794,3.609714379046664,260.9714379046664,144.6212527418441,1.701521180172728,70.15211801727278
230.21347292178592,222.92323961334213,7.2902333084437885,1.0327028860745457,102.23555690401861,205.96405171289567,371.5054601857777,103.72849480887706,2.014602922408493,101.46029224084931,269.26990328175907,3.6338185210313534,263.3818521031353,165.541408472882,1.8037393277912355,80.37393277912355
223.2060621043211,218.0801740549478,5.1258880493732875,1.0235046036238111,96.7197744640854,196.1299467297319,369.079633045086,99.4101722656465,2.0278164193048247,102.78164193048246,272.3598585810006,3.815968710536385,281.5968710536385,172.94968631535409,1.8818117232942486,88.18117232942487
214.41750641080915,220.32283620694707,-5.90532979613792,0.9731969236698138,101.08773423631784,183.44520067922284,367.57757901109363,82.357466442905,1.8147127548667163,81.47127548667163,266.4898447747758,3.6362233438904585,263.6223343890459,184.1323783318708,2.003745956013587,100.37459560135869
214.15484330376466,224.90712555455616,-10.752282250791495,0.9521923450656378,102.58617752452426,202.98665611841872,353.02011964453817,100.40047859389446,1.9786940211306023,97.86940211306023,250.4339421200139,3.441205512898121,244.12055128981208,150.03346352611945,1.739129686626261,73.91296866262611
223.35414285639627,238.4272679872669,-15.073125130870636,0.9367810349121829,97.30496620461109,199.59816902160577,395.7689810392779,102.29320281699468,2.05126394681536,105.126394681536,298.4640148346668,4.067305056219455,306.7305056219455,196.17081201767212,1.9828287152094934,98.28287152094934
228.6782583840412,221.0605172553068,7.617741128734394,1.0344599805669346,99.93980372968412,199.44278403239323,375.2255756969446,99.50298030270912,1.995629134632318,99.56291346323181,275.2857719672605,3.754515835470819,275.4515835470819,175.78279166455135,1.8813695241839432,88.13695241839432
198.81541366233728,205.11756577033483,-6.302152107997557,0.9692754148854618,90.36004040625508,178.34775607196983,337.1916726707834,87.98771566571475,1.9737458645450527,97.37458645450528,246.83163226452834,3.7316458819051355,273.16458819051354,158.8439165988136,1.8906415202370939,89.06415202370938
207.47901158334585,222.3901344622577,-14.91112287891184,0.9329506099046744,101.20262878041555,192.8455136992591,350.75557658873066,91.64288491884355,1.9055385815884855,90.55385815884856,249.5529478083151,3.465874165677877,246.5874165677877,157.91006288947156,1.818842294333748,81.88422943337481
215.67664834794152,221.08635352930352,-5.409705181362,0.9755312569274205,97.64887149532169,190.67092936620062,366.8247019543452,93.02205787087894,1.9526178484851777,95.26178484851778,269.1758304590235,3.7565687789020643,275.65687789020643,176.15377258814456,1.923862768035422,92.38627680354222
211.90583771662588,223.34093933687333,-11.435101620247451,0.9487997961582876,98.72324022489651,190.8844608899539,363.2624644653984,92.1612206650574,1.933531156950577,93.35311569505771,264.5392242405019,3.6796043529149594,267.9604352914959,172.3780035754445,1.9030489059809927,90.30489059809928
203.7766715944098,209.29811070115196,-5.52143910674215,0.9736192596854064,94.92917190367415,185.06320491559512,339.6197966240734,90.13403301192098,1.9494871934981286,94.94871934981286,244.69062472039923,3.577612548529234,257.7612548529234,154.55659170847827,1.8351557068244304,83.51557068244304
193.31560375144812,216.7243784704709,-23.408774719022773,0.8919882715353489,98.91084599112394,193.32460935766386,322.8245179840908,94.41376336653992,1.9545339787611606,95.45339787611607,223.91367199296684,3.2637929111743764,226.37929111743765,129.49990862642693,1.6698573402356818,66.98573402356817
213.69690816402718,222.9733902938483,-9.276482129821119,0.9583964610414005,95.06931761730996,192.36297949240281,367.57315057710053,97.29366187509285,2.023397078190218,102.3397078190218,272.50383295979054,3.8663699265910565,286.63699265910566,175.21017108469772,1.910831031766263,91.0831031766263
202.59724146351826,220.75513041851065,-18.157888954992387,0.9177464690375784,94.35791966248773,185.0521068624982,355.6185312980574,90.69418720001046,1.9611719665335754,96.11719665335754,261.26061163556966,3.7688254740045375,276.88254740045375,170.5664244355592,1.9217210618536622,92.17210618536622
217.0823304957701,216.93356159776172,0.14876889800837034,1.0006857809225675,99.28749281209676,200.69134674881226,351.04499857938873,101.4038539367155,2.021315485613319,102.13154856133188,251.75750576729197,3.5356416869519234,253.56416869519234,150.35365183057647,1.7491785483843552,74.91785483843552
231.267007791882,221.2598958468988,10.007111944983222,1.0452278615909123,111.57018644199128,202.09490450844544,365.12526450773447,90.52471806645416,1.8113701424485895,81.13701424485895,253.5550780657432,3.2726060263202497,227.26060263202496,163.03035999928903,1.8067019819021517,80.67019819021517
210.16927883549639,217.98440731455017,-7.815128479053783,0.9641482224562209,102.22578395230761,193.1606289145375,346.84411635822465,90.9348449622299,1.8895490104987076,88.95490104987076,244.61833240591704,3.3929220490990923,239.29220490990923,153.68348744368714,1.7956253213054263,79.56253213054264
225.48093194517983,230.50399940088948,-5.023067455709651,0.9782083284074669,103.19163805946945,200.43278094571366,380.3529780139209,97.2411428862442,1.9423354906935777,94.23354906935776,277.1613399544515,3.6858895271603602,268.58895271603603,179.92019706820724,1.8976585377864803,89.76585377864804
219.19281521895005,219.2020002374918,-0.009185018541757017,0.9999580979255125,105.64197684003437,194.1799452901681,357.7703010544604,88.53796845013372,1.8380945822719699,83.80945822719698,252.12832421442602,3.3866301233287674,238.66301233287675,163.5903557642923,1.8424678229249423,84.24678229249423
220.30164912380405,217.83302364884415,2.4686254749599073,1.0113326502731719,99.69069449945178,196.21767683998152,361.2936378195391,96.52698234052974,1.9682647194424006,96.82647194424005,261.6029433200873,3.624146061310927,262.4146061310927,165.07596097955755,1.841289957347622,84.1289957347622
218.2683952282617,224.6811080467636,-6.412712818501888,0.9714586024866533,101.2965876949254,202.1590973189819,360.9685698986306,100.8625096240565,1.9957147809146718,99.57147809146718,259.6719822037052,3.5634820294811753,256.34820294811755,158.8094725796487,1.7855667871778589,78.55667871778589
220.200568213615,213.28231353020652,6.918254683408492,1.0324370763280786,100.00798322716287,193.6725633790488,356.54377600952057,93.66458015188593,1.9365710329257593,93.65710329257593,256.5357927823577,3.5651531458208705,256.51531458208706,162.87121263047177,1.840961723172457,84.0961723172457
207.3686256995527,216.86601035819504,-9.497384658642346,0.9562062093411705,102.35982191574125,192.57380729713006,341.41832487375035,90.21398538138881,1.881341757859344,88.13417578593442,239.05850295800911,3.335472048347183,233.5472048347183,148.8445175766203,1.7729219236288036,77.29219236288036
202.70950927579725,220.30759334446785,-17.5980840686706,0.920120392576961,99.71315453928216,195.00679529706977,339.80570409404567,95.29364075778761,1.955677725753291,95.56777257532909,240.0925495547635,3.4078322530672587,240.78322530672585,144.7989087969759,1.7425326311136589,74.25326311136588
223.56205967424475,235.16993311414896,-11.60787343990421,0.950640486705969,103.12679644329135,206.70105898542388,378.27013375387526,103.57426254213253,2.0043389896154413,100.43389896154413,275.1433373105839,3.668010127337594,266.8010127337594,171.56907476845137,1.830034812644816,83.00348126448161
208.97654053528487,212.86856836441638,-3.892027829131507,0.9817162869133943,101.35493353659908,190.7028106400564,340.7099191728963,89.34787710345734,1.8815345635957028,88.15345635957028,239.35498563629724,3.3615523910325154,236.15523910325155,150.0071085328399,1.7866014561052908,78.66014561052907
206.72952457383667,216.81447726334014,-10.084952689503467,0.953485796627619,99.05360683496824,182.4119440475331,353.85045187326386,83.35833721256486,1.8415477222494985,84.15477222494985,254.79684503829563,3.572312641404456,257.2312641404456,171.43850782573077,1.939842556477865,93.9842556477865
208.1366284456834,214.43328718144784,-6.296658735764424,0.9706358149029523,101.09005563640332,191.85081990221752,340.91399790207606,90.7607642658142,1.8978208953832105,89.78208953832106,239.82394226567274,3.37237916979947,237.23791697994702,149.06317799985854,1.77697441207618,77.69744120761798
196.15017455565368,217.35588062782787,-21.205706072174195,0.9024378544030096,97.78717562754035,178.04109498440192,344.4308121632801,80.25391935686157,1.820699839645018,82.0699839645018,246.64363653573974,3.5222493128871606,252.22493128871605,166.3897171788782,1.9345579299737259,93.45579299737258
201.2790213304567,220.43832912289267,-19.159307792435982,0.9130854063870407,98.17091865072551,182.8600823595939,351.5450246697046,84.68916370886838,1.8626705838434414,86.26705838434414,253.3741060189791,3.580948711710019,258.0948711710019,168.68494231011073,1.9224809490044537,92.24809490044537
209.47508920219113,219.1430687097437,-9.667979507552559,0.9558827958170201,104.14234497940417,191.15077839381803,347.6341134946799,87.00843341441386,1.8354760345719234,83.54760345719234,243.49176851527574,3.338066888770655,233.80668887706548,156.4833351008619,1.8186382311165241,81.86382311165241
214.4749957678751,217.96112225998047,-3.4861264921053703,0.9840057416847616,99.16861431253884,195.49178552388798,353.9937772053567,96.32317121134915,1.9713070196562188,97.13070196562188,254.82516289281787,3.5696150405985647,256.96150405985645,158.50199168146872,1.8107859430344233,81.07859430344233
229.31920857112618,210.57401404296726,18.74519452815892,1.0890195051528722,98.23336992321997,194.577961128395,367.02850286952514,96.34459120517504,1.9807725346333815,98.07725346333815,268.79513294630516,3.736291477696405,273.6291477696405,172.45054174113014,1.8862799298597657,88.62799298597656
206.8710726194179,223.3005760409308,-16.42950342151289,0.9264242676270509,97.2821329792615,198.4043925615576,349.57094744970397,101.12225958229608,2.0394741201228928,103.94741201228928,252.28881447044245,3.593372562300059,259.3372562300059,151.16655488814638,1.7619113313796466,76.19113313796466
245.64710716666698,226.32713932168102,19.319967844985968,1.0853630187828527,102.81444562520912,208.072322124338,397.0746019829749,105.25787649912888,2.023765443261026,102.37654432610262,294.2601563577658,3.8620507027819446,286.20507027819446,189.0022798586369,1.908348971785371,90.8348971785371
214.13495270638828,213.71612486760742,0.4188278387808566,1.0019597390652686,96.72211673116344,181.97456115291686,363.0799384769133,85.25244442175342,1.8814162396663665,88.14162396663664,266.35782174574985,3.753846077273974,275.3846077273974,181.10537732399644,1.9952235970598657,99.52235970598657
220.72857873572082,241.63061545497754,-20.902036719256728,0.9134959091177278,100.88632545493859,209.52076684988742,383.13169898122163,108.63444139494884,2.0768004573966863,107.68004573966863,282.24537352628306,3.7976573857113016,279.76573857113016,173.6109321313342,1.8286096635743938,82.86096635743938
200.08751902095932,225.475821476269,-25.388302455309685,0.8874012198333125,101.04571750722846,191.92885896293774,345.3704342756763,90.88314145570928,1.8994259598305867,89.94259598305867,244.32471676844784,3.4179621145346384,241.79621145346383,153.44157531273856,1.7994710964356266,79.94710964356267
215.18769809624425,229.81778544606206,-14.630087349817813,0.9363404911355241,99.18215037512996,191.1019038881017,377.22417105022777,91.91975351297174,1.926777178809996,92.67771788099961,278.0420206750978,3.8033473727225937,280.33473727225936,186.12226716212606,1.9739425059370868,97.39425059370868
204.0292116371354,225.37052029168672,-21.341308654551312,0.9053056778369671,105.0658762747021,185.8354279185368,353.1982936999942,80.76955164383469,1.7687515157885993,76.87515157885994,248.13241742529212,3.361684175902483,236.1684175902483,167.36286578145743,1.9005971985859604,90.05971985859604
209.0340465405646,225.40875627449,-16.374709733925414,0.92735548518805,102.42868741938614,191.90254373322875,357.33297306996695,89.47385631384262,1.8735234099749714,87.35234099749714,254.90428565058082,3.4886024811281184,248.86024811281183,165.4304293367382,1.8620543850982483,86.20543850982483
223.47589640112443,231.54789636663543,-8.071999965510997,0.96513896220966,100.64742687847071,198.0836269204614,383.80463535270763,97.43620004199069,1.968094297727477,96.80942977274769,283.15720847423694,3.8133576511214966,281.33576511214966,185.72100843224624,1.9375888927297396,93.75888927297396
207.64920525516442,227.41438237182848,-19.765177116664063,0.913087391788847,105.13038028274156,200.1910748124998,347.273926345248,95.06069452975825,1.9042171660950762,90.42171660950761,242.14354606250646,3.303269001893426,230.3269001893426,147.0828515327482,1.734712332557817,73.47123325578171
197.57458733203288,216.33197717340045,-18.75738984136757,0.9132934941636824,93.34206152424606,182.2514294474555,345.2663557864484,88.90936792320944,1.9525112952440502,95.25112952440502,251.92429426220235,3.698936472457958,269.89364724579576,163.0149263389929,1.8944507422148442,89.44507422148442
219.8591324514737,207.01767678098312,12.841455670490575,1.062030720613662,104.32490448544785,185.52652170305026,350.4637876601872,81.20161721760242,1.7783531422157126,77.83531422157127,246.13888317473936,3.359349231027314,235.9349231027314,164.93726595713696,1.889022574471223,88.9022574471223
212.43136194609065,223.58802259399735,-11.156660647906705,0.9501017070661001,106.54514412770341,185.2204045851366,362.263528097292,78.6752604574332,1.7384218314363928,73.84218314363929,255.71838396958861,3.4000942141773103,240.00942141773103,177.0431235121554,1.9558510786578995,95.58510786578995
220.99168577708627,211.06770308099124,9.923982696095038,1.0470180067875519,103.7499958771998,199.26100937005555,345.078078039861,95.51101349285575,1.9205881184410278,92.05881184410278,241.3280821626612,3.326053896409799,232.60538964097992,145.81706866980545,1.7317892704186937,73.17892704186937
217.6905564824546,228.59891648045567,-10.90835999800106,0.952281663596889,99.49297555005937,203.68255778090565,366.25867611340027,104.18958223084628,2.047205409777134,104.7205409777134,266.7657005633409,3.681251606844537,268.1251606844537,162.57611833249462,1.7981838018126823,79.81838018126824
197.52502679791954,222.62715898703752,-25.10213218911798,0.8872458674703766,96.4081895169937,191.42050346376786,342.39958569667397,95.01231394677416,1.9855211929897978,98.55211929897978,245.99139617968027,3.5515612046248393,255.15612046248393,150.9790822329061,1.7887299401105352,78.87299401105352
225.6633384276085,208.9120907690209,16.7512476585876,1.080183236867359,101.43041163675247,196.96058498156248,353.47214717662916,95.53017334481001,1.941829691936254,94.18296919362541,252.0417355398767,3.4848734366030265,248.48734366030266,156.5115621950667,1.7946339223643033,79.46339223643034
205.421931070242,211.43934191720092,-6.01741084695891,0.9715407227794186,98.60097381735874,192.10800051628792,334.5829351475179,93.50702669892918,1.9483377605593915,94.83377605593914,235.98196133015915,3.393302542501,239.33025425009998,142.47493463122998,1.7416397768355838,74.16397768355839
216.33255194818395,226.26691730694282,-9.934365358758868,0.9560944857648704,104.19624968359828,199.2817319735291,360.4212222255629,95.08548228993082,1.9125614652990568,91.25614652990568,256.2249725419646,3.4590613704429463,245.90613704429464,161.13949025203377,1.808601413969235,80.8601413969235
214.1792726678231,219.66255746591304,-5.483284798089926,0.9750376902584282,102.2432549750809,195.68382781940443,352.83566240611884,93.44057284432353,1.9139045198345572,91.39045198345572,250.59240743103794,3.4509431697192468,245.09431697192468,157.15183458671441,1.8030905585705785,80.30905585705786
208.99709561915017,202.16992019296634,6.827175426183828,1.0337694916220348,99.39694536962786,185.0205763057896,332.33300204275724,85.62363093616175,1.86143121016197,86.14312101619701,232.93605667312937,3.343493110446292,234.34931104462922,147.31242573696764,1.7961948269661616,79.61948269661616
213.0947449396058,233.32010580082334,-20.225360861217553,0.9133149678987237,108.36897711438652,198.25415499278913,362.9991440034682,89.8851778784026,1.8294364334871063,82.94364334871062,254.63016688908166,3.349659226000743,234.9659226000743,164.74498901067906,1.8309787455232458,83.09787455232458
208.00270721997092,211.6234894087899,-3.6207821888189926,0.982890452288948,98.27446318037221,190.11162258857928,341.05320917418976,91.83715940820707,1.9344966783451143,93.44966783451143,242.77874599381755,3.4704153870392886,247.04153870392886,150.94158658561048,1.7939629599199376,79.39629599199375
208.4011599615224,217.2914710257819,-8.890311064259492,0.9590857799328688,91.31245488817952,177.67870747911954,369.54778411365737,86.36625259094002,1.9458321178277753,94.58321178277754,278.23532922547787,4.047068765878681,304.70687658786807,191.86907663453783,2.079865333087736,107.98653330877359
222.16845316011674,221.6276132199768,0.5408399401399322,1.0024403093652554,101.76579979171183,199.23815730284787,364.69014247558067,97.47235751113604,1.957810558268462,95.7810558268462,262.9243426838689,3.5836218378080527,258.36218378080525,165.4519851727328,1.8304231850590793,83.04231850590793
198.65320916002233,207.5392576864254,-8.886048526403073,0.9571837703118841,95.80314827703124,187.03015905026064,326.4553929423798,91.2270107732294,1.952233954874122,95.2233954874122,230.65224466534852,3.4075643526701023,240.75643526701023,139.42523389211914,1.7454692580069473,74.54692580069474
216.0276641315882,234.71628865484578,-18.688624523257573,0.920377811738752,100.99961153600037,206.60709788778271,368.5092197558679,105.60748635178234,2.045622698401563,104.5622698401563,267.5096082198675,3.648620169440119,264.8620169440119,161.90212186808517,1.7836232323248704,78.36232323248704
218.96734092855618,221.07513012433097,-2.107789195774785,0.9904657335513525,99.45045223112706,198.3567727112308,362.2564816369728,98.90632048010374,1.9945286146134487,99.45286146134487,262.8060294058457,3.642582547488808,264.2582547488808,163.899708925742,1.8262874349359794,82.62874349359794
203.85145343354898,234.27281759309818,-30.4213641595492,0.8701455658744532,91.19613618917967,190.13716891862697,375.8531014321641,98.9410327294473,2.0849257091791853,108.49257091791853,284.6569652429845,4.1213708950616565,312.13708950616564,185.71593251353715,1.9767471219318409,97.67471219318409
214.4750515670228,223.7256421878582,-9.250590620835396,0.9586520770244662,101.78928201069365,196.92178552920004,358.5899730924278,95.13250351850638,1.934602363228302,93.4602363228302,256.80069108173416,3.522865728188902,252.2865728188902,161.66818756322775,1.820976648819057,82.0976648819057
216.8541092358564,210.57996902171206,6.274140214144353,1.0297945727853035,105.30902117324028,184.10893060839095,351.7331656047215,78.79990943515067,1.7482731161798535,74.82731161798534,246.42414443148118,3.3400098271362455,234.00098271362455,167.62423499633053,1.9104622705830376,91.04622705830377
198.04477894993104,215.9456085627467,-17.90082961281567,0.9171049148350044,89.24682949647345,190.63574045870766,341.10301131383545,101.3889109622342,2.136050563748492,113.60505637484918,251.856181817362,3.8220182525062585,282.20182525062586,150.4672708551278,1.7892920314578655,78.92920314578656
208.4903159532115,230.55947668598182,-22.069160732770314,0.9042799669309272,107.31988951957685,190.36500419651293,360.88979524270025,83.04511467693608,1.7738091704034724,77.38091704034724,253.56990572312338,3.3627484789468425,236.27484789468426,170.52479104618732,1.8957780436899807,89.57780436899807
224.62882794581114,211.94375658109465,12.685071364716492,1.0598511207376042,102.52035646369708,190.05244995032973,362.2860703763318,87.53209348663265,1.8538020789815353,85.38020789815353,259.76571391263474,3.533796436853191,253.3796436853191,172.23362042600206,1.9062425686752018,90.62425686752019
216.74463105981417,214.5595002192332,2.1851308405809675,1.010184265149519,98.27187221448338,190.59336795162656,358.0909567524612,92.32149573714318,1.939449851282438,93.94498512824381,259.8190845379778,3.6438804785453702,264.38804785453704,167.49758880083462,1.8788217061327457,87.88217061327457
219.29600321394497,217.96954573090503,1.3264574830399454,1.0060855174909504,100.8875938442349,199.55999887082064,355.4507307022195,98.67240502658574,1.9780430007968146,97.80430007968147,254.5631368579846,3.5232352874925,252.32352874925002,155.89073183139888,1.7811722425009142,78.11722425009143
200.9182569951296,224.18313695986862,-23.26487996473901,0.8962237736511659,99.04562436213857,196.35908706878445,342.24737950157424,97.31346270664588,1.9825114772444725,98.25114772444725,243.20175513943568,3.455451785030118,245.54517850301178,145.8882924327898,1.7429668502262146,74.29668502262146
223.9534887551216,217.6392610048465,6.3142277502751085,1.0290123561397981,102.82337168109794,200.38893644039928,359.176816518455,97.56556475930134,1.9488656437166498,94.88656437166499,256.3534448373571,3.4931437342127403,249.314373421274,158.7878800780557,1.792398437252464,79.2398437252464
207.88598242318918,221.31158441039588,-13.425601987206704,0.9393361986767464,107.08309356705465,186.34279746625262,350.3704592170703,79.25970389919797,1.7401700983691335,74.01700983691335,243.28736565001563,3.2719493576982894,227.19493576982893,164.02766175081766,1.8802468567668877,88.02468567668878
218.62687520221183,229.60801633278484,-10.981141130573008,0.9521744000668627,100.91458970637521,208.0430608373899,363.3946867587299,107.12847113101469,2.061575649692672,106.1575649692672,262.4800970523547,3.601012379043272,260.1012379043272,155.35162592134,1.7467282268201465,74.67282268201465
212.49874667212595,201.1274935767142,11.37125309541176,1.0565375369284087,95.98244119401194,183.00831581321808,341.4486033660301,87.02587461920614,1.90668536387086,90.66853638708601,245.4661621720182,3.5574069498383634,255.74069498383633,158.44028755281204,1.8657545797783273,86.57545797783273
194.44930869764553,215.97897540202766,-21.529666704382123,0.9003159142490311,94.40235611159335,186.91419743838247,334.3258725995341,92.51184132678912,1.979973860159068,97.9973860159068,239.92351648794073,3.541499241865598,254.14992418655982,147.4116751611516,1.7886595945166062,78.86595945166061
206.26069481404554,213.59857329993343,-7.337878485887899,0.965646406843813,100.48189640663605,189.87852586501435,339.4284798993182,89.3966294583783,1.8896789636274653,88.96789636274653,238.94658349268212,3.378006307979091,237.80063079790912,149.54995403430382,1.787608568968034,78.7608568968034
198.35668193011225,215.81609583301125,-17.459413902899,0.9191005015844217,97.90219604948236,185.54888431410998,337.80808628109287,87.64668826462763,1.895247418355444,89.5247418355444,239.9058902316105,3.4504648507614246,245.04648507614246,152.25920196698289,1.8205880759122646,82.05880759122645
208.16497622865458,211.82261679403035,-3.6576405653757718,0.9827325305449685,101.39153173169427,183.9613375160248,344.62852028630834,82.56980578433053,1.81436589796108,81.436589796108,243.23698855461407,3.3989872171797946,239.89872171797947,160.66718277028355,1.8733747261230251,87.33747261230252
220.18767762166888,212.76802158597445,7.41965603569443,1.03487204505822,103.0965882869693,184.16103544019066,362.175925084305,81.06444715322137,1.78629611804009,78.629611804009,259.0793367973357,3.5129768220475786,251.29768220475785,178.01488964411433,1.9666262421831768,96.66262421831769
228.7203800734574,204.48444648433968,24.235933589117707,1.1185221370417227,102.77003215708926,195.57006965258503,351.4671380270213,92.80003749549577,1.9029873353902056,90.29873353902056,248.69710586993205,3.419937997973823,241.9937997973823,155.89706837443626,1.7971417541108168,79.71417541108168
217.42423219194006,216.60069094912015,0.823541242819914,1.0038021173395673,110.4865886954859,190.06336784700594,350.48742816909845,79.57677915152003,1.7202392624397431,72.02392624397432,240.00083947361253,3.1722169387913968,217.22169387913968,160.42406032209252,1.8440556543816904,84.40556543816903
204.28949594878344,225.79135072323788,-21.501854774454443,0.9047711318189058,98.77394647916714,196.19080608351996,350.1565174453449,97.41685960435282,1.9862606798332134,98.62606798332135,251.38257096617775,3.5450291289029137,254.50291289029136,153.96571136182493,1.7847753645309992,78.47753645309992
211.39229864307845,218.20269854140912,-6.810399898330672,0.968788654109893,102.8544277855019,186.66499880155973,354.8730691896697,83.81057101605784,1.8148465051095406,81.48465051095405,252.0186414041678,3.450245913863241,245.0245913863241,168.20807038810997,1.9011227143173692,90.11227143173693
218.3616366668632,224.5782943201595,-6.216657653296295,0.9723185285019851,104.23069171532478,199.01611521462019,361.16308955058906,94.7854234992954,1.9093811231549118,90.93811231549118,256.9323978352643,3.465035908396338,246.5035908396338,162.14697433596888,1.8147429375812536,81.47429375812536
208.40205860428037,224.7476047453034,-16.34554614102302,0.9272715446309352,94.78890825986646,186.785271143368,368.15031562114103,91.99636288350153,1.9705393233487922,97.05393233487922,273.3614073612746,3.8838965695421512,288.3896569542151,181.36504447777304,1.9709815092356258,97.09815092356257
207.55419696900748,216.1948049610927,-8.640607992085222,0.9600332302451013,97.78291037523725,186.22665519454762,351.61393732536544,88.44374481931037,1.9044908203275166,90.44908203275166,253.8310269501282,3.5958628759981037,259.58628759981036,165.38728213081782,1.8880967225558594,88.80967225558594
212.85190857084592,219.98623175374857,-7.134323182902648,0.9675692286465966,97.53065962830394,197.9060860968236,353.8204647617643,100.37542646851966,2.029167923718114,102.91679237181141,256.2898051334604,3.6277870580410148,262.7787058041015,155.9143786649407,1.7878200298936797,78.78200298936797
228.83933916980308,222.0736380726538,6.765701097149275,1.030466025395305,99.11519820837495,210.79428566468206,366.45998199062836,111.67908745630712,2.126760471401353,112.67604714013531,267.34478378225344,3.6973137179244784,269.7313717924478,155.6656963259463,1.7384720882499123,73.84720882499123
213.7694148519752,225.6241126960707,-11.854697844095512,0.9474581962785843,101.38466287146771,195.67180832169257,362.0338201289087,94.28714545022486,1.9299941705162953,92.99941705162954,260.649157257441,3.5708933666612257,257.08933666612256,166.36201180721613,1.8502094054024896,85.02094054024896
212.23266604893985,229.3383577583495,-17.105691709409655,0.9254128621282198,102.6245324974115,197.09784489162354,362.6341583218989,94.47331239421204,1.9205724020871418,92.05724020871418,260.0096258244874,3.5336010746849995,253.36010746849996,165.53631343027536,1.8398687135381788,83.98687135381789
217.85214213473716,216.13525946053895,1.7168826741982173,1.00794355663432,97.67698369065236,192.7453593399594,360.5587593623024,95.06837564930704,1.9732935237885016,97.32935237885016,262.88177567165,3.691337976858592,269.13379768585924,167.813400022343,1.8706481992459176,87.06481992459176
197.82088309034393,207.41965178956343,-9.598768699219505,0.9537229543275972,101.91145890713982,180.43705398975476,325.5122894229665,78.52559508261494,1.7705276317765823,77.05276317765824,223.60083051582666,3.19406956699117,219.406956699117,145.07523543321173,1.8040213039692452,80.40213039692452
185.40913745280997,214.06247438396866,-28.65333693115869,0.8661449793401782,98.42454488721214,185.01545195583722,315.7674209121186,86.59090706862509,1.8797694433624499,87.97694433624498,217.34287602490647,3.2082182475313115,220.82182475313115,130.7519689562814,1.7067083725930718,70.67083725930718
207.31990438207896,224.32167456222493,-17.001770180145968,0.9242080810366373,100.09289535653724,188.74698381704724,358.6224892428714,88.65408846051,1.885718093624113,88.57180936241129,258.52959388633417,3.582896547906176,258.2896547906176,169.87550542582414,1.9000170598248327,90.00170598248327
227.06421858479763,218.91858923110942,8.145629353688207,1.0372084864163316,103.03321041838272,195.87168989170064,370.0693114137773,92.83847947331792,1.9010539329632894,90.10539329632894,267.0361009953946,3.5917478443217683,259.1747844321768,174.19762152207667,1.8893455793350853,88.93455793350853
223.37371083386492,224.71489865272164,-1.3411878188567243,0.9940316025911151,104.3032525623369,190.34504231959875,377.4846193479443,86.04178975726185,1.8249195268943212,82.49195268943213,273.18136678560745,3.619106883769904,261.9106883769904,187.13957702834557,1.9831597122142481,98.31597122142482
204.7496660910403,213.7027007107709,-8.953034619730602,0.9581051873001465,95.71049422653218,192.0096319920174,339.95842398416727,96.29913776548523,2.0061502507505584,100.61502507505584,244.2479297576351,3.5519451313200556,255.19451313200557,147.94879199214986,1.7705279701713124,77.05279701713124
207.5546797594953,218.1623096222991,-10.607629862803805,0.9513773489051861,106.1465446447415,189.6410132716268,342.7879261563232,83.49446862688531,1.7865961996815845,78.65961996815844,236.6413815115817,3.229383747757303,222.9383747757303,153.14691288469638,1.807562194710175,80.7562194710175
208.55930631025413,225.67504468950426,-17.115738379250132,0.9241575939298079,91.2227867650721,196.8637495738108,363.26499016075473,105.64096280873869,2.1580545448671504,115.80545448671504,272.04220339568263,3.9821737862084663,298.2173786208466,166.40124058694394,1.845260953056035,84.5260953056035
211.87230376168026,211.83114507697567,0.04115868470458395,1.000194299495901,102.20901471082577,181.87391601429528,351.47224253286277,79.6649013034695,1.7794312618007417,77.94312618007417,249.26322782203698,3.438759717303444,243.8759717303444,169.5983265185675,1.9325049475771834,93.25049475771834
215.49673612860963,222.05186890890835,-6.55513278029872,0.9704792721965884,97.98812747114238,187.70790410963684,370.6268759754978,89.71977663849447,1.915618850507344,91.56188505073439,272.6387485043554,3.782365124638675,278.2365124638675,182.91897186586095,1.974487317055233,97.4487317055233
204.44859867961193,227.27599860584874,-22.827399926236808,0.8995608860316789,100.8891188513111,189.9900627995153,356.70771427736463,89.1009439482042,1.8831571230146222,88.31571230146223,255.81859542605355,3.535641091316054,253.5641091316054,166.71765147784933,1.8775072181210661,87.75072181210662
226.65192379897357,212.72909755415233,13.922826244821238,1.0654486217677723,104.9703049255147,204.2458850920193,349.85534201215495,99.27558016650461,1.9457491834185776,94.57491834185777,244.88503708664024,3.3328982159326572,233.2898215932657,145.60945692013564,1.7129125605371873,71.29125605371873
210.53505734306225,242.5025014277839,-31.96744408472165,0.8681768480881366,99.1413260269007,198.86117846173175,381.55383366763687,99.71985243483105,2.005835370890373,100.58353708903729,282.4125076407362,3.84858513556806,284.858513556806,182.6926552059051,1.9186944209981232,91.86944209981232
220.17118472549487,215.20472514973636,4.966459575758506,1.023077837033099,105.87576429230607,195.3938603880839,351.79424013245693,89.51809609577784,1.845501297621169,84.55012976211691,245.91847584015085,3.322707916055361,232.27079160553612,156.40037974437303,1.8004365103066007,80.04365103066007
232.03954736278277,219.72177466160346,12.317772701179308,1.056060773767871,96.88579763118418,190.86898482111914,389.887200584276,93.98318718993497,1.9700409088616002,97.00409088616001,293.0014029530918,4.024193536275175,302.41935362751747,199.01821576315686,2.0426954172238885,104.26954172238885
201.9852606214472,251.95419049182527,-49.968929870378076,0.8016745434047491,94.77927906088922,207.75665545860454,378.37324215041497,112.97737639771532,2.192005019632351,119.20050196323508,283.59396308952574,3.9921515113797814,299.2151511379781,170.61658669181043,1.821232832783091,82.12328327830909
216.9749374474161,204.23119422613394,12.743743221282159,1.062398612854272,101.96009531467881,196.58432950377923,333.26477269186705,94.62423418910042,1.92805164507803,92.805164507803,231.30467737718823,3.2685804349565784,226.85804349565782,136.68044318808782,1.6952763912215099,69.52763912215099
201.14907505546333,234.25166465524325,-33.10258959977992,0.8586879216056021,92.54486723611991,200.08944687753035,360.4667954524097,107.54457964141044,2.162080435720115,116.2080435720115,267.9219282162898,3.8950490310036434,289.50490310036434,160.37734857487936,1.8015282718685421,80.15282718685421
216.9883539853582,221.3339797228333,-4.345625737475103,0.9803662061156767,98.21135937053657,190.17201130542858,369.1001298863222,91.96065193489201,1.9363545370341368,93.63545370341369,270.8887705157856,3.758222391503241,275.8222391503241,178.9281185808936,1.940875144310923,94.08751443109229
218.7650934033097,217.06735209000513,1.6977413133045616,1.007821265137102,98.71996703978844,197.01534549759037,358.01335570259334,98.29537845780193,1.9956990607400082,99.56990607400083,259.2933886628049,3.626554651890214,262.6554651890214,160.99801020500297,1.817185127373604,81.7185127373604
222.59244157345265,218.21045847815893,4.3819830952937195,1.020081453134073,99.18179541903832,189.54123356267857,372.4813210957004,90.35943814364025,1.9110486230046144,91.10486230046145,273.2995256766621,3.755541221269334,275.5541221269334,182.94008753302185,1.965173034354692,96.5173034354692
197.91951529594797,210.3499472387749,-12.430431942826914,0.9409059421882491,93.56624257140804,191.40929320632785,327.4286580243484,97.8430506349198,2.0457088790355966,104.57088790355967,233.86241545294035,3.499431515318795,249.94315153187952,136.01936481802056,1.7106204852415383,71.06204852415384
237.3886973101056,229.53238983219134,7.856307477914271,1.0342274459986145,108.33619184541945,196.67457149337312,395.3708673746529,88.33837964795367,1.815409681134077,81.5409681134077,287.0346755292335,3.649480941131766,264.9480941131766,198.69629588127978,2.0102795413385444,101.02795413385444
209.3534073942158,227.83833876011204,-18.484931365896244,0.918868213898984,96.66236457530985,187.6750950579352,371.45015959824667,91.01273048262536,1.9415529082336607,94.15529082336607,274.78779502293685,3.842758877565519,284.27588775655187,183.77506454031146,1.97921924314774,97.921924314774
215.87170345907154,243.37094473627383,-27.499241277202287,0.8870068844619002,107.84221993529408,196.88311783262353,384.1386345251005,89.04089789732944,1.8256589854210574,82.56589854210574,276.29641458980643,3.562043091801947,256.2043091801947,187.25551669247696,1.9510999152891753,95.10999152891753
196.946268355647,209.1681231192862,-12.221854763639215,0.9415692287076208,104.66301019018326,185.97225129685847,318.536325725358,81.30924110667522,1.776867022637015,77.68670226370149,213.87331553517473,3.043447012908814,204.3447012908814,132.5640744284995,1.7128164202136473,71.28164202136473
223.8795029359547,224.52117799308064,-0.6416750571259513,0.9971420288150024,102.18353394728531,198.80235945638492,371.61512798988264,96.61882550909961,1.94554202401087,94.55420240108701,269.43159404259734,3.636741788374557,263.6741788374557,172.81276853349772,1.869269202870859,86.9269202870859
209.22271203843187,219.56433111649358,-10.341619078061711,0.9528993665525081,99.93052327621938,193.35147259359226,349.8985688625766,93.42094931737289,1.9348590025806902,93.48590025806902,249.96804558635722,3.501418359387722,250.1418359387722,156.54709626898435,1.8096503955676229,80.96503955676229
208.95800960090244,222.28936255005692,-13.331352949154478,0.9400270314502682,99.91733755077206,190.2214981874919,356.73222248817495,90.30416063671984,1.9037887002426643,90.37887002426643,256.8148849374029,3.5702735004013175,257.02735004013175,166.51072430068305,1.8753517656377707,87.53517656377707
204.86281813931203,240.65059257931546,-35.78777444000343,0.8512874036318517,107.70215108230177,202.94122407266173,357.62674092297766,95.23907299035996,1.884281994679772,88.4281994679772,249.92458984067588,3.32051623230527,232.051623230527,154.68551685031593,1.7622183100409992,76.22183100409991
229.02738720733788,206.90371193947064,22.12367526786724,1.1069273966159654,100.36665179527675,200.17293838796397,353.3570585369721,99.80628659268721,1.994416818808178,99.44168188081778,252.99040674169532,3.5206620148865126,252.06620148865127,153.18412014900812,1.765258887553098,76.5258887553098
207.35615876554272,219.17007111957108,-11.81391235402836,0.9460970547042296,91.29609224631251,185.8813572999113,362.6118952814469,94.58526505359877,2.0360275311500984,103.60275311500983,271.31580303513437,3.971822740267319,297.1822740267319,176.7305379815356,1.9507706450431646,95.07706450431645
220.33297342341052,216.39730551042078,3.935667912989743,1.0181872316002576,100.21268201858678,196.10050761400652,358.7822287681537,95.88782559541974,1.9568432224739292,95.68432224739291,258.56954674956694,3.5802078294003663,258.0207829400366,162.68172115414717,1.8295833760632632,82.95833760632631
219.92331947517297,218.84017943577652,1.0831400393964543,1.0049494569150375,105.74851466074121,200.25280018625045,352.14393351943255,94.50428552550925,1.8936700986174102,89.36700986174102,246.39541885869136,3.330013046983863,233.00130469838632,151.8911333331821,1.75849692584529,75.84969258452901
205.63348512149312,220.43631819795564,-14.80283307646252,0.9328475761277717,104.87685930117571,193.56626154658358,340.661584131414,88.68940224540786,1.845652728698881,84.5652728698881,235.78472483023825,3.248205432555273,224.8205432555273,147.0953225848304,1.7599223201892056,75.99223201892056
197.63116611610826,231.96601601173867,-34.33484989563041,0.8519832754557767,99.87149081675392,187.094619072233,357.4296633027835,87.22312825547908,1.8733536221614806,87.33536221614806,257.5581724860296,3.578895842844703,257.8895842844703,170.33504423055052,1.9104219302255188,91.04219302255187
207.2630021307575,210.17478796400778,-2.9117858332502635,0.9861458842829954,92.43764194377847,182.4630192490256,351.25602394934384,90.02537730524712,1.973903870892785,97.39038708927849,258.81838200556535,3.7999241062745996,279.99241062745995,168.79300470031825,1.9250806294614116,92.50806294614115
229.2276563890792,219.29033283493266,9.93732355414653,1.0453158305050625,100.81708486641642,192.6300055033481,379.32989346625334,91.81292063693166,1.9106881116289431,91.06881116289432,278.51280859983694,3.7625556617597997,276.25556617598,186.69988796290525,1.9692149853552292,96.92149853552291
217.24493329687732,235.47585717572417,-18.230923878846852,0.9225783734370611,103.01279987505329,202.98388355740798,373.08450227644107,99.97108368235469,1.970472444236173,97.0472444236173,270.07170240138777,3.6217295591321106,262.17295591321107,170.1006187190331,1.8380006123536659,83.80006123536658
227.13510191130683,227.80985468568022,-0.6747527743733883,0.9970380878592615,111.0437984037628,205.51912326128834,365.85451323042946,94.47532485752554,1.8507933465496815,85.07933465496815,254.81071482666664,3.2946865875405087,229.46865875405086,160.33538996914112,1.7801482773225803,78.01482773225803
208.60293600368064,224.8613557760778,-16.25841977239716,0.9276958029703082,103.32430471151729,199.80483583033194,347.06729712778844,96.48053111881465,1.9337641456982408,93.37641456982408,243.74299241627114,3.359009267923985,235.9009267923985,147.2624612974565,1.7370315172076576,73.70315172076576
225.51911662833126,219.6610182195652,5.858098408766068,1.0266688120461616,103.96791070742559,199.22082154060982,364.5814700238093,95.25291083318423,1.9161760603349423,91.61760603349423,260.6135593163837,3.506673045010706,250.6673045010706,165.36064848319947,1.8300369770811924,83.00369770811923
223.15134539440072,216.4768644273589,6.674480967041831,1.0308323061898448,105.14597481828497,197.25850308533174,357.03783682902275,92.11252826704677,1.876044265377131,87.6044265377131,251.89186201073778,3.395639609086905,239.5639609086905,159.779333743691,1.8099997274873993,80.99997274873994
217.29619540344774,231.0600656141723,-13.763870210724548,0.9404316354964268,105.58787655564221,203.89122125321165,363.0552937175762,98.30334469756944,1.9310097702908724,93.10097702908723,257.467417161934,3.4384183635538403,243.84183635538403,159.16407246436455,1.7806322973891031,78.06322973891031
222.07306647749962,203.96803414232352,18.105032335176105,1.088764067425109,102.59753675251598,186.27921879321556,350.1848953840032,83.68168204069958,1.815630517938799,81.56305179387991,247.58735863148723,3.4131900868995833,241.31900868995834,163.90567659078764,1.8798924413180822,87.98924413180822
211.5004637403875,210.34906837826605,1.1513953621214341,1.0054737364467472,97.52019405323351,184.84577250027667,350.40833162447007,87.32557844704316,1.895461491794967,89.54614917949671,252.88813757123654,3.5931873908412455,259.31873908412456,165.5625591241934,1.8956794460849549,89.56794460849548
217.0644988641545,220.61756561812274,-3.5530667539682383,0.9838949054486513,106.02633488510499,195.06677627938873,355.4299855589222,89.04044139428375,1.8397955233553256,83.97955233553256,249.40365067381725,3.352280223060455,235.2280223060455,160.3632092795335,1.8220939123423545,82.20939123423545
209.5631285026672,208.11132147440702,1.4518070282601911,1.0069761078732986,97.32408309167229,183.9668554739439,345.2207363999952,86.6427723822716,1.8902500761364516,89.02500761364516,247.8966533083229,3.5471254948769677,254.71254948769678,161.2538809260513,1.8765376812612338,87.65376812612338
223.84080434844984,226.0234399169477,-2.182635568497858,0.990343322049696,99.86363106642435,196.7734142951912,378.1593210364808,96.90978322876686,1.970421185309267,97.0421185309267,278.2956899700564,3.7867571707356396,278.67571707356393,181.38590674128957,1.9218008814401222,92.18008814401222
215.8402192943654,214.43903713444675,1.4011821599186476,1.0065341748342218,95.85837107892365,192.43406554502926,357.1264480192653,96.5756944661056,2.0074831585296953,100.74831585296953,261.26807694034164,3.7255634953908223,272.55634953908225,164.69238247423604,1.8558379827801241,85.58379827801241
234.40364038616553,221.58323271230896,12.820407673856579,1.0578582030640462,105.70762993454002,198.1715439096652,380.1011358035065,92.46391397512517,1.8747137177551318,87.47137177551319,274.3935058689665,3.5957776750730863,259.57776750730864,181.92959189384132,1.9180409472753182,91.80409472753182
208.3804369810721,226.49907782714888,-18.118640846076772,0.9200056749904126,95.45892308917553,191.50249008978432,365.35785903337165,96.04356700060879,2.006124560098872,100.6124560098872,269.8989359441961,3.827382995846944,282.7382995846944,173.85536894358734,1.9078491295965745,90.78491295965745
210.64155812540724,207.42506483432945,3.2164932910777964,1.0155067724994895,98.05031501152472,187.69743138881336,341.35218803926705,89.64711637728864,1.9142970766259306,91.42970766259306,243.30187302774232,3.4813981780593455,248.13981780593454,153.6547566504537,1.8186300447136083,81.86300447136084
210.98468397087143,223.26706087319738,-12.28237690232595,0.944987958123829,100.60968469433492,189.54465649221706,361.2232760795512,88.93497179788214,1.8839603470389352,88.39603470389352,260.6135913852163,3.5903429891167407,259.03429891167406,171.67861958733417,1.9057423340994237,90.57423340994237
210.470705840094,232.8918511379173,-22.4211452978233,0.9037272227934432,103.84409286899343,194.59088547817683,366.60885711984673,90.7467926091834,1.873875346223755,87.3875346223755,262.7647642508533,3.530377578456479,253.0377578456479,172.0179716416699,1.8839980928138669,88.3998092813867
228.44735763060046,229.13062753329646,-0.6832699026959972,0.9970179896504814,106.87849690392083,209.5402609613248,369.9482198805998,102.66176405740397,1.960546480642336,96.0546480642336,263.069722976679,3.461390556541671,246.13905565416712,160.40795891927502,1.7655233327636344,76.55233327636344
215.81801209082823,226.03479034699623,-10.216778256167999,0.9547999746389316,97.87467315512882,195.3922754982834,369.51225500332464,97.51760234315458,1.9963517547444751,99.63517547444751,271.63758184819585,3.7753613176072354,277.53613176072355,174.11997950504124,1.8911303123985113,89.11303123985113
220.63866572853956,233.0013421746373,-12.362676446097737,0.9469416084443335,101.17306264251299,209.4978179076536,369.78913130459887,108.32475526514061,2.0706877150481997,107.06877150481998,268.61606866208587,3.655015689415467,265.5015689415467,160.29131339694527,1.7651216370549574,76.51216370549574
211.23925204597595,217.7108678496482,-6.47161580367225,0.9702742639005896,100.66349718672623,188.51074957947108,354.25093307723887,87.84725239274485,1.872682301408545,87.2682301408545,253.58743589051264,3.519159804473308,251.9159804473308,165.7401834977678,1.8792081293374527,87.92081293374527
224.6879991948447,222.08246139988384,2.605537794960867,1.0117322987980997,108.03679886397265,190.5933438120281,371.5255482160921,82.55654494805546,1.7641520835137021,76.41520835137021,263.48874935211944,3.4388796421474295,243.88796421474294,180.93220440406398,1.949310195126791,94.9310195126791
223.15450720695998,236.82662172750014,-13.672114520540163,0.9422695201206235,95.68560624051246,205.8293176436703,388.4567695175073,110.14371140315784,2.151100105132886,115.1100105132886,292.77116327699486,4.059720001575724,305.9720001575724,182.62745187383703,1.8872761857472602,88.72761857472602
215.63907378195515,215.5706069503663,0.06846683158883593,1.0003176074538056,103.14296884339994,193.67740250461884,349.99414975046335,90.5344336612189,1.8777567164919953,87.77567164919952,246.8511809070634,3.3932914058529087,239.32914058529087,156.3167472458445,1.8070985320144235,80.70985320144234
210.64446283750436,223.420467746936,-12.776004909431634,0.9428163183155504,96.89936930861545,199.53147421241977,354.66655235562536,102.63210490380432,2.0591617431165177,105.91617431165177,257.7671830470099,3.6601533620517746,266.01533620517745,155.1350781432056,1.7774967771653403,77.74967771653402
215.0853652337413,237.80067506564745,-22.715309831906154,0.9044775216654227,105.19470637781738,202.12954524941514,372.00480882185065,96.93483887159776,1.9214801980952019,92.14801980952019,266.81010244403325,3.5363453317295064,253.63453317295063,169.8752635724355,1.8404276740583378,84.04276740583379
214.31302259894082,229.83156956578424,-15.518546966843417,0.9324786103311992,102.17943602967307,200.531278886612,363.50617333080254,98.35184285693893,1.962540474664368,96.2540474664368,261.32673730112947,3.557527693001161,255.75276930011609,162.97489444419054,1.8127155790810208,81.27155790810208
216.99295032477374,215.28069198769663,1.7122583370771167,1.0079536084786227,104.43079882336238,204.3948347200804,339.5848299252629,99.96403589671803,1.9572275327109239,95.72275327109239,235.15403110190053,3.2517689585009077,225.17689585009077,135.1899952051825,1.6614159080405617,66.14159080405616
212.47606086643606,220.57659213536698,-8.100531268930922,0.9632756531846333,96.64501500981896,185.27120556986836,367.6627589230171,88.6261905600494,1.9170280593473459,91.70280593473458,271.01774391319816,3.804259939177031,280.42599391770307,182.39155335314877,1.9844570978643865,98.44570978643866
218.14630856983655,222.45343567098567,-4.307127101149121,0.9806380733650728,108.41284757602956,201.9914808936109,350.49528789159285,93.57863331758135,1.8631692221897869,86.31692221897869,242.0824403155633,3.2329681926839133,223.29681926839135,148.50380699798194,1.7351983674806515,73.51983674806515
211.70906934547494,229.5702653473144,-17.86119600183946,0.9221972585394826,103.55301955866004,197.69001048792882,360.6759719925953,94.13699092926878,1.9090704581139004,90.90704581139005,257.12295243393527,3.4830077725380275,248.30077725380275,162.98596150466648,1.824452187049778,82.4452187049778
213.5034217699734,220.06550579516437,-6.562084025190984,0.9701812239883749,101.98273763140874,192.9094211096398,355.46123260665803,90.92668347823106,1.891588964858572,89.1588964858572,253.4784949752493,3.48550392804108,248.55039280410801,162.55181149701824,1.84263283027858,84.263283027858
206.2080441727126,215.82603487302606,-9.61799070031347,0.9554363739945837,103.83775459274507,189.9615588836943,339.2518050921686,86.12380429094922,1.82940742149837,82.94074214983699,235.41405049942352,3.267133485529659,226.7133485529659,149.2902462084743,1.7858971419574348,78.58971419574348
220.30488767804104,220.12316091207046,0.18172676597058057,1.0008255685826861,102.84062796846256,202.05223133867,355.7492135780346,99.21160337020744,1.964712150538715,96.4712150538715,252.90858560957201,3.459228328391089,245.9228328391089,153.6969822393646,1.7606794600636966,76.06794600636965
231.38612080328116,218.90387484795556,12.482245955325595,1.0570215852231735,105.74858125627125,196.37808801616063,373.30832420442323,90.62950675988938,1.8570281102897988,85.70281102897988,267.559742948152,3.530149717089323,253.01497170893228,176.9302361882626,1.9009673022873224,90.09673022873224
193.00412320760566,218.77792731045713,-25.77380410285147,0.8821919358150005,98.39977412320941,180.16524499615355,339.1080566577312,81.76547087294414,1.8309518146918005,83.09518146918005,240.7082825345218,3.446227998787106,244.6227998787106,158.94281166157765,1.8822057309941826,88.22057309941826
222.20434544376332,227.42466489144047,-5.220319447677156,0.977045939805302,102.74229101220315,202.9428845759018,368.7583399147008,100.20059356369863,1.9752614291207247,97.52614291207247,266.01604890249763,3.589158235442713,258.9158235442713,165.815455338799,1.817054787041736,81.7054787041736
203.3302384370538,228.19389374300408,-24.86365530595029,0.8910415397269474,102.5515387616437,191.6920664390154,353.04259306942765,89.14052767737171,1.8692266225722596,86.92266225722595,250.49105430778394,3.442586989260005,244.2586989260005,161.35052663041225,1.841717289754107,84.1717289754107
219.09027952033128,225.4054278870966,-6.315148366765328,0.9719831575221493,100.51854154977782,204.25246854347458,361.97255101788943,103.73392699369676,2.031987983454044,103.1987983454044,261.4540094681116,3.601052556444394,260.10525564443935,157.72008247441485,1.7721820137554154,77.21820137554154
247.9204862716632,219.32847510155986,28.592011170103348,1.1303616010500408,106.31116313080094,207.83908327811542,386.7231956509182,101.52792014731449,1.955007142781409,95.5007142781409,280.4120325201173,3.6376536975247813,263.76536975247814,178.8841123728028,1.860685630206677,86.0685630206677
199.94679099965978,224.24640941438508,-24.299618414725302,0.8916387625639882,100.65825870168689,188.22461314593107,347.40692877344935,87.56635444424418,1.8699371077315954,86.99371077315953,246.74867007176246,3.451350472920781,245.1350472920781,159.18231562751828,1.8457040392698472,84.57040392698471
198.21543513397805,218.55065220214036,-20.335217068162308,0.9069542146716908,94.95051845621342,197.25619836447902,332.9424141834852,102.3056799082656,2.0774630994294574,107.74630994294574,237.99189572727178,3.5064833725686513,250.64833725686512,135.68621581900618,1.6878679450583993,68.78679450583994
228.93644892439,214.44800390585115,14.48844501853884,1.067561575555162,101.85251436321998,191.48447297950173,371.73969190264,89.63195861628175,1.8800171422046779,88.00171422046779,269.88717753942,3.649784143540782,264.9784143540782,180.25521892313827,1.9413568427683139,94.13568427683138
214.59774203721716,212.65690221984977,1.9408398173673902,1.0091266250806235,109.37009580938127,181.24005227030338,350.27181830591576,71.86995646092211,1.6571262092170302,65.71262092170302,240.9017224965345,3.202628796416132,220.2628796416132,169.03176603561238,1.9326402410407417,93.26402410407417
205.09336746179534,220.5250184170308,-15.431650955235455,0.9300231281420734,94.09482493006216,189.11302263387861,355.21973125429844,95.01819770381645,2.0098132152798054,100.98132152798054,261.1249063242363,3.775125056221982,277.5125056221982,166.10670862041982,1.878346220196592,87.8346220196592
208.3989726030457,234.28276556837562,-25.883792965329917,0.8895190053671459,92.80296755273594,191.40878983384195,379.81084987055425,98.60582228110601,2.062528762618206,106.25287626182059,287.0078823178183,4.092658455719361,309.2658455719361,188.4020600367123,1.9842915792961247,98.42915792961247
220.29759337262954,227.1576636016001,-6.860070228970557,0.9698004015351994,101.65784660211743,192.91066530558447,376.61437355364257,91.25281870346704,1.8976465836486285,89.76465836486285,274.9565269515251,3.7047250767339985,270.47250767339983,183.7037082480581,1.952273467913545,95.22734679135449
209.52341623416132,223.95084385046817,-14.427427616306858,0.9355777037127843,95.92601643366632,203.15545624948052,351.12991744379735,107.2294398158142,2.117834804387653,111.78348043876531,255.20390101013103,3.660424257131607,266.0424257131607,147.97446119431683,1.728380442869327,72.8380442869327
205.32659682746257,227.21283903024838,-21.88624220278581,0.9036751519139632,99.75419645301307,205.70577772933225,343.3491796042211,105.95158127631919,2.0621265575150542,106.21265575150542,243.59498315120803,3.4419522367256787,244.19522367256786,137.64340187488884,1.6691275441762268,66.91275441762268
224.70626345036624,232.30373407647818,-7.597470626111942,0.9672950989947896,104.61127927111423,206.5123114496264,374.391405569526,101.90103217851217,1.9740922096404339,97.40922096404339,269.7801262984118,3.5788818201834642,257.8881820183464,167.8790941198996,1.812925355110606,81.29253551106059
212.74108354024835,214.98245003765223,-2.241366497403874,0.9895741885116143,100.83623425254149,193.04237547394365,347.70669064036576,92.20614122140216,1.914414762757547,91.4414762757547,246.87045638782428,3.44823161255253,244.82316125525298,154.6643151664221,1.8011935969328055,80.11935969328054
209.4658995903445,221.09563519990263,-11.62973560955814,0.9473995241966529,97.73251363862929,182.84972175574413,365.2600667909972,85.11720811711484,1.870920075092306,87.09200750923061,267.5275531523679,3.7373444434424763,273.7344443442476,182.41034503525307,1.9975970610385834,99.75970610385833
199.80778009845835,220.8350075006916,-21.02722740223325,0.9047830883327346,97.05397239868374,189.88740318619693,344.0228058138443,92.8334307875132,1.956513458368987,95.6513458368987,246.96883341516053,3.544654559842725,254.4654559842725,154.13540262764735,1.8117199984904084,81.17199984904084
217.12947450607743,218.94715867909332,-1.8176841730158912,0.9916980691415136,98.05323305941187,199.4357130913116,356.62600362703273,101.38248003189975,2.0339534645478814,103.39534645478814,258.57277056762086,3.637065219572596,263.7065219572596,157.19029053572112,1.7881752375200302,78.81752375200301
201.00386022844887,213.56102659880332,-12.557166370354452,0.9412010394858028,94.50195325315097,184.85938300414827,342.485993983579,90.3574297509973,1.9561435149276611,95.61435149276612,247.98404073042803,3.624115504429106,262.4115504429106,157.62661097943075,1.8526838530879095,85.26838530879095
213.39916542591928,231.11121434096995,-17.712048915050673,0.9233613610418783,96.12849778657055,189.16544343729413,381.47162842646924,93.03694565072358,1.9678393795073028,96.78393795073028,285.3431306398987,3.9683510843312275,296.83510843312274,192.3061849891751,2.016603146403545,101.66031464035453
221.4028607982969,218.59615730426546,2.8067034940314386,1.012839674441874,98.99364479428046,194.15025551226327,366.8546268472999,95.15661071798282,1.9612395918518668,96.12395918518668,267.8609820530195,3.7058401840811466,270.5840184081147,172.70437133503665,1.8895397581597722,88.95397581597722
226.91724023296385,229.67832873051623,-2.761088497552379,0.9879784544200859,105.78838062206316,194.53160976222787,384.5733630609292,88.74322914016471,1.8388750127219216,83.88750127219215,278.784982438866,3.6353081576590727,263.5308157659073,190.0417532987013,1.9769196560445141,97.69196560445141
217.4340946898329,214.24907180803237,3.185022881800535,1.0148659821716957,97.35990323154566,188.50734032438032,361.65750619087186,91.14743709283466,1.9361907116532744,93.61907116532744,264.2976029593262,3.7146452922283815,271.46452922283817,173.15016586649153,1.9185327508654972,91.85327508654973
213.67942138857825,220.88956017843358,-7.2101387898553355,0.9673586258036323,95.66190615760536,208.77795753086644,347.4136086620459,113.11605137326109,2.1824565902638358,118.24565902638358,251.75170250444052,3.6316818534817124,263.1681853481712,138.63565113117943,1.6640339467382856,66.40339467382856
225.88756657671624,214.372137275653,11.51542930106325,1.0537170056118628,106.13697423898932,198.98246236446292,355.27011917510157,92.8454881254736,1.8747704444297875,87.47704444297875,249.13314493611225,3.3472795104855497,234.72795104855498,156.28765681063865,1.785434329003211,78.54343290032111
224.39545484780842,221.97480306259135,2.420651785217075,1.0109050745932389,104.16862530425999,204.41346523751625,360.9732963238234,100.24483993325626,1.962332368699856,96.23323686998559,256.8046710195634,3.4652784873514246,246.52784873514247,156.55983108630713,1.7658978380137236,76.58978380137236
200.8803244302699,218.38810129617906,-17.507776865909165,0.9198318188491184,101.74706162740115,180.37544550417047,346.78013145810183,78.62838387676932,1.7727828461986186,77.27828461986186,245.0330698307007,3.4082569649825807,240.82569649825808,166.40468595393136,1.9225462229008543,92.25462229008544
231.85836700308909,231.40710436851685,0.45126263457223104,1.001950081160229,105.55485526882929,195.13435925507883,394.2089925335009,89.57950398624955,1.8486535627196552,84.86535627196552,288.65413726467165,3.734636284892072,273.46362848920717,199.07463327842208,2.020192620297036,102.01926202970361
213.11188130617265,215.66115441307394,-2.549273106901296,0.9881792661555615,99.70219554116973,187.4945072973448,355.96285074035546,87.79231175617507,1.880545421087776,88.05454210877758,256.26065519918575,3.5702609035662487,257.0260903566249,168.46834344301067,1.8985241534347415,89.85241534347415
212.57634913268717,227.21529015321906,-14.638941020531888,0.9355723771465364,102.09166402296114,195.84712515141806,361.7486697544802,93.75546112845691,1.9183459004779337,91.83459004779337,259.65700573151906,3.5433712753777855,254.33712753777854,165.90154460306215,1.8470971655815542,84.70971655815542
194.3956448759721,235.78296094402546,-41.387316068053366,0.8244685879660377,102.93553304646582,195.69929527269446,346.6330804108361,92.76376222622864,1.9011830947079704,90.11830947079704,243.69754736437028,3.3674773924215606,236.74773924215606,150.93378513814164,1.7712535956137454,77.12535956137454
207.82031444377515,237.47262373086903,-29.652309287093885,0.875133778280484,95.3903104827154,197.67343763380202,374.8756591454488,102.28312715108662,2.0722590862058277,107.22590862058277,279.48534866273343,3.929913397371484,292.9913397371484,177.2022215116468,1.896439216279129,89.6439216279129
210.16234824377705,215.59312564765963,-5.430777403882587,0.9748100622987487,90.56618540806801,197.89814767683117,350.16887775225587,107.33196226876316,2.185121817653607,118.51218176536071,259.60269234418786,3.8664417207645956,286.64417207645954,152.2707300754247,1.7694398955369894,76.94398955369894
203.8292845644049,220.6078512567055,-16.778566692300586,0.9239439276674856,100.05197576181267,196.70202781448324,339.9017001553697,96.65005205267057,1.965998435480766,96.5998435480766,239.84972439355704,3.397251254333567,239.72512543335668,143.19967234088648,1.7280030304311007,72.80030304311008
197.31981368082253,228.33280689276668,-31.01299321194415,0.8641763589123267,98.31241016760562,200.54147232779522,339.62504836498294,102.2290621601896,2.039838836072748,103.98388360727479,241.31263819737734,3.454549103068281,245.4549103068281,139.08357603718773,1.693540216010026,69.35402160100259
210.27745257927,215.95042680801532,-5.672974228745318,0.9737302013587187,94.42952527897232,190.9576533717916,353.95464043016403,96.52812809281927,2.0222240110563625,102.22240110563625,259.5251151511917,3.748347133849068,274.8347133849068,162.99698705837244,1.8535766133500804,85.35766133500803
225.3423840558191,217.3536577887666,7.988726267052499,1.0367545057595318,96.12814104386158,195.25352328715314,372.6623984358639,99.12538224329157,2.0311796438262797,103.11796438262797,276.53425739200236,3.8767253209008237,287.67253209008237,177.40887514871076,1.9086078046735226,90.86078046735227
219.82474666335804,209.07202788632833,10.752718777029713,1.0514306905889674,97.15519615607188,186.8627869591168,359.327178709341,89.70759080304491,1.923343211195179,92.3343211195179,262.1719825532691,3.6984864724282094,269.84864724282096,172.46439175022422,1.9229466955769918,92.29466955769918
209.84864107300484,235.6806231862741,-25.831982113269248,0.8903941199576152,103.51790450750269,203.7686746708145,361.0073172106013,100.25077016331181,1.968438944357166,96.84389443571659,257.4894127030986,3.4873901179523634,248.73901179523634,157.23864253978678,1.7716526732767126,77.16526732767126
207.46696379893442,209.6722474872274,-2.2052836882929796,0.9894822337494745,103.29004502544308,179.88535753590736,342.53341436789236,76.59531251046428,1.7415556115944846,74.15556115944845,239.24336934244928,3.3162287254644656,231.62287254644656,162.648056831985,1.9041761878785406,90.41761878785405
225.109635884994,203.44436934029113,21.66526654470286,1.1064923380035379,102.01825162459943,192.02665885775582,348.78609735557256,90.00840723315639,1.8822774925055947,88.22774925055947,246.76784573097314,3.4188597804931464,241.88597804931464,156.75943849781675,1.816342061202745,81.6342061202745
223.59853672577174,224.8449595578268,-1.2464228320550603,0.9944565231326233,96.5601427168798,205.3743778375955,370.7307238709226,108.8142351207157,2.126906320341361,112.6906320341361,274.1705811540428,3.8393763041333484,283.93763041333483,165.3563460333271,1.805145937747339,80.5145937747339
213.91855743935466,228.16252911098033,-14.243971671625673,0.9375709424017767,101.2403008168189,193.95726819632443,367.9240608123592,92.71696737950553,1.9158108641662848,91.58108641662848,266.6837599955403,3.634166017326141,263.4166017326141,173.96679261603475,1.8969336093141134,89.69336093141133
226.21393879204234,221.67669583194882,4.537242960093522,1.0204678391793298,106.23422510072443,198.7626224738441,366.8391043614182,92.52839737311966,1.87098481949099,87.098481949099,260.6048792606938,3.4531160180591995,245.31160180591996,168.07648188757412,1.8456141290331984,84.56141290331985
207.73863860729446,218.81740251061143,-11.078763903316968,0.9493698226182915,98.16513815296268,192.7852882124582,348.88363531143796,94.62015005949551,1.9638875046664397,96.38875046664397,250.71849715847526,3.554048228076664,255.40482280766642,156.09834709897976,1.8097005147350884,80.97005147350885
211.98340953862473,219.89005967046398,-7.906650131839257,0.9640427123277493,96.22917094647232,190.00106604760975,361.57996681955103,93.77189510113743,1.9744643352824711,97.44643352824711,265.3507958730787,3.7574881219820613,275.7488121982061,171.57890077194128,1.9030417794021623,90.30417794021623
216.5018866186722,225.5685639370988,-9.0666773184266,0.9598052265786694,102.96422073449625,199.16544722144403,360.97600787771614,96.20122648694777,1.9343170452871434,93.43170452871435,258.01178714321986,3.505839264384175,250.5839264384175,161.81056065627212,1.8124429358289316,81.24429358289316
243.25909423685712,214.49513868968285,28.763955547174277,1.134100734044085,106.17418519146285,200.73691232390138,379.7202518744457,94.56272713243852,1.8906376532291207,89.06376532291208,273.5460666829828,3.5763896015749963,257.63896015749964,178.98333955054431,1.891631426818719,89.1631426818719
235.4576501735809,216.3364647642463,19.1211854093346,1.088386326503819,107.66093021020717,191.2190602434508,378.8111819530828,83.55813003324363,1.7761230547618063,77.61230547618064,271.15025174287564,3.518557578997848,251.85575789978478,187.59212170963198,1.9810325470211956,98.10325470211956
207.1436101250443,226.93427307902778,-19.790662953983485,0.9127912118100752,99.336957364126,202.9097889003366,348.87007854164546,103.5728315362106,2.042641472866516,104.26414728665159,249.53312117751946,3.511986754968141,251.1986754968141,145.96028964130886,1.7193358705478734,71.93358705478734
201.40302192286407,226.2668966009382,-24.863874678074126,0.8901126278232119,99.22798634849086,185.06758883353618,357.2093026036764,85.83960248504532,1.8650745182268917,86.50745182268918,257.98131625518556,3.599884626794194,259.9884626794194,172.14171377014023,1.9301559222505327,93.01559222505327
220.5392406541427,220.0282273931819,0.5110132609607945,1.0023224895597038,103.7681164623232,189.70484009530628,367.3782455133574,85.93672363298307,1.8281611593498042,82.81611593498042,263.61012905103416,3.5403769292347853,254.03769292347852,177.67340541805112,1.9365781354275902,93.65781354275902
199.6264481890607,220.33798517333096,-20.711536984270253,0.9060010602893671,103.48650414793865,185.8938834502823,340.5662624453666,82.40737930234364,1.7963103979678217,79.63103979678216,237.07975829742793,3.2909244084476144,229.09244084476143,154.6723789950843,1.83204662856189,83.20466285618899
218.8523492297131,214.79169197232576,4.060657257387334,1.0189050946063152,98.9006793502428,194.95514089406487,356.6102415587506,96.05446154382207,1.971221453430656,97.1221453430656,257.7095622085078,3.6057410717662086,260.5741071766209,161.65510066468573,1.8291912689418446,82.91912689418446
210.40428672717763,219.47429655459666,-9.070009827419028,0.9586739314361453,98.65065219895574,192.7620909559233,353.40513176778245,94.11143875696756,1.9539869900420563,95.39869900420564,254.7544795688267,3.582390221354496,258.2390221354496,160.64304081185915,1.8333746537777056,83.33746537777056
222.17983367985968,202.3643610867374,19.81547259312228,1.0979197744440237,103.57401681182532,191.90010122033783,341.3421741177326,88.32608440851251,1.8527822626497585,85.27822626497586,237.7681573059073,3.2956351855879813,229.56351855879814,149.44207289739478,1.7787493177286386,77.87493177286386
200.09934104930767,232.98760641460976,-32.88826536530209,0.8588411380699098,97.67384571356206,198.2521694161589,353.7044060661551,100.57832370259683,2.0297364966825655,102.97364966825656,256.03056035259306,3.6212806353855185,262.1280635385518,155.45223664999622,1.784113672540351,78.4113672540351
207.07781487007526,222.39969966055293,-15.321884790477668,0.9311065400993646,100.13579411641015,197.28587103857387,346.7946066409582,97.15007692216372,1.970183317358272,97.01833173582719,246.65881252454804,3.463243185926119,246.3243185926119,149.50873560238432,1.7578278911476228,75.78278911476228
236.6441832038743,217.9250787487152,18.719104455159083,1.0858969723110377,105.78199911828764,209.72855648787555,366.343337322721,103.94655736958791,1.9826488271728793,98.26488271728793,260.56133820443335,3.4631916618730965,246.31916618730963,156.61478083484548,1.7467499107299649,74.67499107299649
216.31548786187676,218.5446261856295,-2.22913832375275,0.989800077162001,98.26141590746977,196.87713672230694,357.1516184414828,98.61572081483718,2.0036057378585004,100.36057378585004,258.89020253401304,3.634708650827943,263.4708650827943,160.27448171917587,1.8140837701497117,81.40837701497117
215.67794688410243,212.3021924895066,3.375754394595816,1.0159007043451171,102.92698225636876,193.09136211955948,345.95186468448526,90.16437986319072,1.8760033364099884,87.60033364099884,243.02488242811648,3.361138713100461,236.11387131004608,152.86050256492578,1.7916485796515158,79.16485796515158
215.19624287075766,209.98323102924,5.21301184151767,1.024825848311629,105.53841213985362,189.79162767566322,342.43917103447967,84.2532155358096,1.7983180135793775,79.83180135793775,236.90075889462605,3.244687541638379,224.4687541638379,152.64754335881645,1.804290185127014,80.42901851270139
211.30040556089185,210.06470038663866,1.2357051742531837,1.0058824979731424,95.37016047842265,185.7294551946785,350.9480432481946,90.35929471625586,1.947458767637279,94.74587676372789,255.57788276977197,3.6798516589221433,267.98516589221435,165.2185880535161,1.8895658896987382,88.95658896987382
207.5715471671375,229.21734302468226,-21.645795857544755,0.9055665004579784,96.33123326971375,193.81239392031276,365.0397080977033,97.48116065059901,2.0119372226624113,101.19372226624112,268.70847482798956,3.7894221397087695,278.94221397087694,171.22731417739053,1.883469373211456,88.3469373211456
223.0392970860912,208.5717850967759,14.467511989315312,1.06936466494067,104.56968123366337,182.6520104274683,360.1949316131691,78.08232919380492,1.7467014173958142,74.67014173958142,255.62525037950573,3.444544607612461,244.45446076124608,177.5429211857008,1.9720282890409446,97.20282890409446
222.46471874363618,226.39317611066392,-3.9284573670277325,0.9826476334909164,100.44072591548516,194.37398878923207,378.47212757673293,93.93326287374691,1.9352109118843497,93.52109118843497,278.03140166124774,3.7681142198752577,276.81142198752576,184.09813878750086,1.9471336156358157,94.71336156358157
214.49477791305958,225.37734715488284,-10.882569241823262,0.95171400595844,98.21999603433956,198.7100011121919,362.87819045538237,100.49000507785233,2.0231114756176445,102.31114756176444,264.6581944210428,3.69454495119826,269.454495119826,164.16818934319048,1.826169736924821,82.6169736924821
216.98472460798772,225.68004786075684,-8.695323252769128,0.961470571567168,101.79014157948299,197.49400962348372,364.71300750015007,95.70386804400073,1.9402076326740367,94.02076326740368,262.92286592066705,3.5829894903463058,258.2989490346306,167.21899787666635,1.846704151662444,84.67041516624441
217.50057400316592,217.18099251395932,0.31958148920659823,1.0014714984286024,99.50821025460077,192.22075618905134,360.2933833320357,92.71254593445057,1.93170750129298,93.17075012929801,260.78517307743493,3.6207402626395595,262.07402626395594,168.07262714298437,1.8743729370083375,87.43729370083375
212.05704792365316,225.12115143937027,-13.064103515717107,0.9419685647830585,105.77979915043237,200.37024851866227,349.61725137544056,94.5904493682299,1.894220353299312,89.4220353299312,243.83745222500818,3.3051419475493637,230.51419475493637,149.2470028567783,1.744856104936545,74.48561049365449
229.3947686045691,232.72828618806287,-3.333517583493773,0.9856763540088117,96.55896582820058,199.79586230560244,396.8297540551449,103.23689647740186,2.0691590945690406,106.91590945690406,300.2707882269443,4.1097142109122355,310.97142109122353,197.03389174954248,1.9861760372602946,98.61760372602946
210.39423361729146,219.16343377999928,-8.769200162707818,0.9599878501104773,100.08870866930887,187.242005460083,357.0057869665442,87.15329679077412,1.8707605278306358,87.07605278306359,256.9170782972353,3.5668937257057065,256.68937257057064,169.76378150646119,1.9066543647047838,90.66543647047838
214.88583328495093,224.66583612468236,-9.780002839731424,0.9564686691647063,95.13051473431797,200.79859142755402,363.3983979525779,105.66807669323605,2.1107695253026595,111.07695253026594,268.26788321825995,3.8199982305097664,281.99982305097666,162.5998065250239,1.8097656730011882,80.97656730011882
213.25503784418686,217.84385349633067,-4.588815652143808,0.9789352989377729,98.57279627372664,190.11015721583982,357.9653835212099,91.53736094211318,1.9286270086923702,92.86270086923703,259.3925872474833,3.631482488608484,263.1482488608484,167.85522630537008,1.882936655061503,88.2936655061503
221.19878915653712,225.08216513508776,-3.883375978550646,0.9827468516831622,106.90363168120552,193.41895554163884,369.098844214593,86.51532386043331,1.8092833002944966,80.92833002944965,262.19521253338746,3.45263148136326,245.263148136326,175.67988867295415,1.9082868231864387,90.82868231864387
239.7232780957429,229.58730815857987,10.135969937163026,1.044148650979269,107.80485088399449,206.76184462232808,389.3991838751615,98.9569937383336,1.9179270962938226,91.79270962938226,281.594332991167,3.612074787749413,261.2074787749413,182.6373392528334,1.883322256997849,88.3322256997849
213.33683566519272,223.70875495310156,-10.371919287908838,0.9536365070285997,101.10887444933213,199.38006038952287,355.0794510885865,98.27118594019073,1.971934327974708,97.19343279747079,253.97057663925438,3.5118524760803718,251.18524760803717,155.69939069906363,1.7809175621417628,78.09175621417627
228.35281789120518,246.4305263299269,-18.077708438721714,0.9266417650931814,104.20698534933913,208.16355354207252,399.80447744028646,103.95656819273339,1.997596925429075,99.7596925429075,295.5974920909473,3.8366379768112346,283.66379768112347,191.64092389821394,1.9206266929886977,92.06266929886976
207.20510197222626,239.48041822253725,-32.27531625031099,0.8652277439221809,102.92164232775632,200.8706120369452,366.2360259274438,97.94896970918889,1.9516848691285762,95.16848691285762,263.31438359968746,3.5583966369401376,255.83966369401375,165.3654138904986,1.8232434412062413,82.32434412062413
222.8493847137789,221.36398365095417,1.4854010628247352,1.0067102201465932,103.66436736271186,196.92038360767407,365.73530157671365,93.25601624496221,1.899595672239702,89.95956722397021,262.0709342140018,3.528071514651127,252.80715146511267,168.81491796903958,1.857274980254816,85.72749802548161
213.43183218937546,219.21952662323233,-5.7876944338568705,0.9735986363851425,101.75513305772859,202.1422260510252,345.07967911015794,100.38709299329662,1.986555567042934,98.6555567042934,243.32454605242935,3.3912753955555677,239.12753955555678,142.93745305913274,1.7071132828182674,70.71132828182674
226.58872414333948,232.07945140500112,-5.490727261661647,0.9763411744192734,104.59651379219883,196.74161880039608,386.66413072991577,92.14510500819725,1.8809577075509543,88.09577075509543,282.06761693771693,3.6967210159422588,269.67210159422586,189.9225119295197,1.965339784675683,96.5339784675683
201.18184298361035,220.10384054959434,-18.921997565983986,0.9140314975025597,93.65929349866956,189.87802244156936,348.3912093595681,96.2187289428998,2.0273270846770437,102.73270846770437,254.73191586089854,3.7197719131259204,271.977191312592,158.51318691799875,1.8348158722096317,83.48158722096318
215.17884110715514,226.60492330534436,-11.42608219818922,0.9495770787698515,99.75957427364614,195.10750564614762,367.8085666989555,95.34793137250148,1.9557772481161229,95.57772481161228,268.04899242530934,3.6869500434117315,268.69500434117316,172.70106105280786,1.8851584693313812,88.51584693313812
205.749148498737,236.86438720467862,-31.115238705941636,0.8686369062350668,97.99772219284583,188.75441650145333,377.1681648608242,90.7566943086075,1.9261102429504535,92.61102429504535,279.17044266797836,3.848744199570373,284.87441995703733,188.41374835937089,1.9981951779015468,99.81951779015468
209.80674424582287,224.81600935644994,-15.00926511062707,0.9332375610011403,99.31777692468337,193.24817374385287,359.36817973487285,93.9303968191695,1.9457561347793826,94.57561347793826,260.0504028101895,3.618367132878901,261.83671328789006,166.12000599101998,1.8596200562868408,85.96200562868408
212.62184565340033,217.6034215186016,-4.981575865201279,0.9771070885262921,106.69294953207908,185.43289187492704,353.21205935099664,78.73994234284795,1.7380051136291197,73.80051136291198,246.51910981891757,3.3105473313847913,231.05473313847912,167.7791674760696,1.904797233002413,90.4797233002413
221.4647519405204,217.91400432158156,3.5507476189388285,1.016294260802527,102.01170888608141,207.3768159368232,349.6796095702484,105.36510705074178,2.032872679041238,103.28726790412381,247.66790068416697,3.4278379745676335,242.78379745676335,142.30279363342518,1.6862039663911965,68.62039663911965
204.50259052406102,219.7076753281,-15.20508480403899,0.9307940208218375,101.1848776759311,201.08984912903907,334.0406719732714,99.90497145310796,1.9873508151393695,98.73508151393695,232.8557942973403,3.301290465983632,230.1290465983632,132.95082284423233,1.6611513381708192,66.11513381708191
211.62701172757022,202.90604545267033,8.720966274899894,1.0429803175920362,99.54827144612076,198.33793616457987,323.91337815966017,98.78966471845911,1.9923795087886358,99.23795087886359,224.3651067135394,3.2538322710603182,225.38322710603182,125.5754419950803,1.6331387954489875,63.313879544898754
229.7463696649517,218.6764747869892,11.069894877962497,1.050622248638065,101.99708727120101,196.7824484782428,373.85473092846763,94.78536120704179,1.9292947842227701,92.92947842227701,271.85764365726664,3.6653471283392807,266.53471283392804,177.07228245022483,1.8998377844140037,89.98377844140037
224.54843190681663,224.38621603667704,0.16221587013959038,1.0007229315285262,101.17980269738851,197.65134072024787,374.57082849760417,96.47153802285936,1.953466358413341,95.34663584133409,273.39102580021563,3.7020316161109887,270.2031616110989,176.9194877773563,1.895108968816786,89.51089688167859
211.56734329819457,210.18464219676306,1.3827011014315076,1.0065785068165785,101.2561683176164,183.7090629084652,347.6627470163549,82.4528945908488,1.8142999677038318,81.42999677038318,246.40657869873849,3.4334969690519985,243.34969690519986,163.9536841078897,1.8924637767576071,89.24637767576071
215.08217685187014,207.2416485168312,7.840528335038954,1.0378327830875278,103.1394862247368,194.7361441806615,335.6101076476537,91.59665795592471,1.8880852650006348,88.80852650006348,232.4706214229169,3.2539439542715267,225.39439542715266,140.8739634669922,1.7234094320790287,72.34094320790288
215.1172708700733,240.71033971761352,-25.593068847540223,0.8936769027970946,106.24796028186539,204.08192882248417,373.41152677718077,97.83396854061878,1.9208079692172433,92.08079692172433,267.16356649531537,3.5145288981224367,251.45288981224368,169.3295979546966,1.8297138258722747,82.97138258722747
226.21979596850565,228.70126023272147,-2.4814642642158162,0.9891497569287955,101.54710551603185,202.39866217545935,378.4358166103495,100.8515566594275,1.9931504807244895,99.31504807244895,276.8887110943176,3.7267021515507754,272.6702151550775,176.03715443489014,1.8697545356415626,86.97545356415625
217.74219582501792,231.17545339759033,-13.433257572572415,0.9418915054555164,100.62054465962265,191.0028580189725,381.75307115531723,90.38231335934984,1.8982490967932393,89.82490967932392,281.1325264956946,3.7939873258160604,279.39873258160605,190.75021313634474,1.9986772717159935,99.86772717159936
194.82240947681245,224.0797400459798,-29.25733056916735,0.8694333965080291,95.97965152630867,188.02214494072706,344.3514278171527,92.04249341441839,1.9589792414404517,95.89792414404516,248.37177629084402,3.5877545119317675,258.77545119317676,156.32928287642562,1.8314408014317014,83.14408014317014
198.2503825933894,221.65499923532536,-23.404616641935974,0.8944097055212912,93.9378614198507,186.05012551884812,349.8700858043734,92.11226409899741,1.9805659050221096,98.05659050221097,255.93222438452267,3.7244842549762343,272.4484254976234,163.81996028552527,1.8805151828232936,88.05151828232935
220.52826298466294,222.81797333018199,-2.2897103455190404,0.9897238525631591,101.13701611421422,193.2564319672671,370.6259063907861,92.11941585305289,1.9108377861279024,91.08377861279024,269.48889027657185,3.6645920616467227,266.45920616467225,177.369474423519,1.9177933826986986,91.77933826986985
203.03708714341283,226.72216159194755,-23.68507444853472,0.8955326013027218,104.51043534505132,197.63375874480883,342.4946790131805,93.12332339975751,1.8910433019659887,89.10433019659887,237.98424366812915,3.2771337893905153,227.71337893905152,144.86092026837164,1.7329765986762453,73.29765986762453
218.60639408205776,230.61815213523025,-12.011758053172485,0.9479149497038333,107.8403474429308,201.81312348496854,364.1833483980326,93.97277604203774,1.8714064658570226,87.14064658570226,256.3430009551018,3.377060228693706,237.7060228693706,162.37022491306405,1.804557315744423,80.4557315744423
221.01282926576042,233.36002669020868,-12.347197424448268,0.947089492576895,98.41784391337781,196.3501606800655,386.79127934051036,97.93231676668769,1.9950666756414879,99.50666756414878,288.37343542713256,3.9300929989986737,293.00929989986736,190.44111866044486,1.969905591117652,96.9905591117652
214.22969739400514,223.89122690045582,-9.661529506450677,0.9568472171053568,94.82647602825931,192.02620379602348,370.32870661740856,97.19972776776417,2.0250273113470714,102.50273113470713,275.50223058914924,3.9053302635336427,290.5330263533643,178.30250282138508,1.9285321445545205,92.85321445545205
209.92605661248356,224.86364923613502,-14.937592623651454,0.933570442913318,96.34175809918072,203.91023101419273,351.9325696595545,107.56847291501201,2.116530101145484,111.65301011454841,255.59081156037377,3.652959802718685,265.2959802718685,148.02233864536174,1.72591913563699,72.59191356369901
202.39859345318376,218.90027271215683,-16.50167925897307,0.9246155381420106,97.64268029808066,190.3580861233642,343.947532826566,92.71540582528353,1.9495376974725058,94.95376974725059,246.3048525284853,3.5225122024157183,252.25122024157181,153.5894467032018,1.806844877625351,80.6844877625351
208.5144605363492,220.6671803911214,-12.152719854772215,0.9449273796255876,101.1364328845456,194.31876534956493,348.3172631570954,93.18233246501933,1.9213527688028464,92.13527688028465,247.1808302725498,3.4440335022960937,244.40335022960937,153.99849780753047,1.7925045094358163,79.25045094358163
215.17526076252744,233.21705420857288,-18.041793446045432,0.9226394763141544,105.26674876762812,201.3734547697339,365.9482689192885,96.1067060021058,1.912982562178844,91.29825621788441,260.6815201516604,3.476389963625682,247.6389963625682,164.5748141495546,1.817261710773857,81.72617107738569
208.04187063617283,211.7341098101795,-3.6922391740066587,0.9825619066416991,95.86934804084764,190.32210204629303,343.4725205823879,94.45275400544539,1.9852237022119033,98.52237022119033,247.6031725415403,3.5827146799417315,258.2714679941732,153.1504185360949,1.8046906632990178,80.46906632990178
210.42207813324742,217.0748169805235,-6.652738847276083,0.9693527838013887,103.55833219597496,192.669310449894,345.0177000247874,89.11097825391904,1.8604906661231704,86.04906661231703,241.45936782881245,3.331626656287512,233.1626656287512,152.34838957489342,1.7907247356579576,79.07247356579576
201.01860527261292,222.36554160620582,-21.346936333592907,0.9040007000212431,97.87239105774931,189.65115284612926,347.55267641434955,91.77876178837995,1.9377390375006387,93.77390375006387,249.68028535660022,3.5510798567215667,255.10798567215667,157.90152356822028,1.8325893156912756,83.25893156912755
208.2621854557838,225.15816674262936,-16.89598128684557,0.9249595005534097,91.34356463617732,187.35185412864817,371.43510953279423,96.00828949247085,2.0510679091063855,105.10679091063855,280.09154489661694,4.066352249468536,306.63522494685355,184.08325540414606,1.9825536889415694,98.25536889415693
194.6955861007796,213.90403248201622,-19.208446381236627,0.9102006345632986,93.59355232516216,182.44070024468775,336.86517530434384,88.84714791952558,1.949287057839768,94.92870578397681,243.27162297918167,3.5992348504308165,259.92348504308166,154.4244750596561,1.8464365399417095,84.64365399417095
195.2878088988336,231.61317649098257,-36.32536759214898,0.8431636397268476,91.71025778898192,189.9421752706184,358.6990450251239,98.23191748163649,2.0711115621074843,107.11115621074842,266.988787236142,3.911220551254606,291.12205512546063,168.7568697545055,1.8884644472143728,88.84644472143728
201.955427469309,230.91894333966312,-28.963515870354115,0.874572802683619,94.60899313898648,187.8191888787109,366.88337419576095,93.21019573972441,1.9852149636852476,98.52149636852477,272.2743810567745,3.8778911182025424,287.7891118202542,179.06418531705006,1.9533860005789152,95.33860005789153
223.0498057853518,204.20831678427092,18.841489001080873,1.0922660217653395,100.95862429773861,191.52636068281663,348.40219887387883,90.56773638507802,1.8970777584883025,89.70777584883025,247.44357457614024,3.450940435226223,245.09404352262231,156.8758381910622,1.8190822278028949,81.90822278028949
201.11100616366082,220.6216086282887,-19.51060246462788,0.9115653149936911,107.05962058871899,183.38680352782265,342.15249807138264,76.32718293910366,1.7129409063789114,71.29409063789114,235.09287748266365,3.1959061333291863,219.59061333291862,158.76569454356,1.8657421989443899,86.57421989443898
205.66485944233753,212.3928640769624,-6.728004634624881,0.9683228310712598,94.74909403703937,190.32274312682432,342.01474811508615,95.57364908978495,2.008702511207371,100.87025112073711,247.2656540780468,3.6096888481211815,260.9688848121182,151.69200498826183,1.7970251084873217,79.70251084873216
204.69640353512483,211.13925438369927,-6.442850848574437,0.96948530074438,99.14833479960407,181.9987258878865,342.60642619074554,82.85039108828244,1.8356206007467235,83.56206007467235,243.45809139114147,3.455493497527844,245.5493497527844,160.60770030285903,1.8824660695800441,88.24660695800442
231.4425674507073,223.7149801111146,7.727587339592674,1.034542109499125,102.08741038146435,208.49206657662492,372.1568443846436,106.40465619516057,2.0422896985785437,104.22896985785437,270.06943400317925,3.6454724729917802,264.547247299178,163.66477780801867,1.7849928320791462,78.49928320791462
215.17616713671427,228.46156119427164,-13.285394057557369,0.9418484493053947,102.46879967545888,190.57073901768456,372.4170538033355,88.10193934222568,1.8597928308057068,85.97928308057068,269.94825412787657,3.634443410900311,263.4443410900311,181.84631478565092,1.9542194973005587,95.42194973005587
222.81706023829707,212.65531742378823,10.161742814508841,1.0477850398363568,99.49454139460852,184.44187384033452,369.2721512581849,84.947332445726,1.8537888737917152,85.37888737917152,269.7776098635764,3.7114815152883884,271.14815152883887,184.8302774178504,2.0021058318777007,100.21058318777007
227.3668255168942,214.8635956545547,12.50322986233951,1.058191476430663,105.18437908572446,192.99426967789267,365.1669829935562,87.80989059216822,1.8348187378717502,83.48187378717502,259.98260390783173,3.4716845425873353,247.16845425873353,172.17271331566351,1.8921130850310721,89.2113085031072
232.56268540903042,233.11104989317,-0.5483644841395687,0.9976476255227246,105.42005912666725,204.38045423117902,388.7100895954543,98.96039510451176,1.9387245266634323,93.87245266634324,283.29003046878705,3.6872497778473114,268.72497778473115,184.32963536427528,1.901894635950736,90.1894635950736
230.03121987194035,233.33986740428318,-3.3086475323428317,0.9858204790756554,101.65476475809452,200.37839964858867,393.0234665076522,98.72363489049415,1.9711658388608198,97.11658388608197,291.36870174955766,3.8662572034170855,286.62572034170853,192.64506685906352,1.9614063551605991,96.14063551605992
209.2983776518206,233.05628742305097,-23.757909771230374,0.8980593485207963,110.4661805097132,193.1530145799621,359.91280252263215,82.6868340702489,1.7485262338999612,74.85262338999613,249.44662201291897,3.258126612705554,225.81266127055542,166.75978794267004,1.8633558648065225,86.33558648065225
219.425816799664,201.25165174958454,18.174165050079466,1.0903056690073452,98.47127369320285,187.36377235042235,345.1811567802476,88.8924986572195,1.9027251839371249,90.27251839371249,246.70988308704474,3.50539953261592,250.539953261592,157.81738442982524,1.8423046912967938,84.23046912967938
222.45284222024455,213.44239026544176,9.01045195480279,1.0422149130901186,104.32398010591912,198.14465726483158,351.37421135777873,93.82067715891246,1.8993203390405278,89.93203390405277,247.0502312518596,3.368105885157295,236.81058851572948,153.22955409294715,1.7733216540284866,77.33216540284866
213.10056882472668,224.92434585288967,-11.823777028162993,0.9474322044448836,98.10614168130547,191.85169456601224,367.07953576910677,93.74555288470677,1.955552336256746,95.55523362567459,268.9733940878013,3.7416570408155727,274.1657040815573,175.22784120309453,1.9133505002365367,91.33505002365368
216.99898812056392,213.66307239580334,3.335915724760582,1.015612972739533,102.5047766439219,191.2230163694709,352.2652977611581,88.71823972554901,1.8655034685235776,86.55034685235776,249.76052111723618,3.436574463108651,243.65744631086508,161.04228139168717,1.8421699670322629,84.21699670322629
210.03969908091491,217.58898497100478,-7.5492858900898625,0.9653048342906887,102.44259122848715,190.6043625670147,348.39607228237765,88.16177133852756,1.8605968502094234,86.05968502094234,245.9534810538905,3.400890860963462,240.0890860963462,157.79170971536294,1.8278494132571854,82.78494132571853
209.87763038620412,233.003946127317,-23.126315741112876,0.900747106967552,101.19157503700764,190.21058210053255,372.9202076327414,89.01900706352491,1.8797076933625059,87.97076933625058,271.72863259573376,3.6852890914718692,268.52890914718694,182.70962553220883,1.9605649881016651,96.05649881016652
212.63306774174518,223.0832521601907,-10.45018441844553,0.9531556747660218,105.38015697134126,192.25882702209074,355.9354958594718,86.87867005074948,1.8244310176381369,82.44310176381369,250.55533888813056,3.3776330012136015,237.76330012136015,163.67666883738107,1.8513350017399952,85.13350017399952
202.0246213608476,225.50721748102288,-23.482596120175288,0.8958676516765969,91.69088594586084,190.1880859230483,359.4187863938966,98.49719997718746,2.074231085904715,107.4231085904715,267.72790044803577,3.9198965380933988,291.98965380933987,169.2307004708483,1.8898070541564862,88.98070541564861
214.95229709969337,222.59774769162624,-7.645450591932871,0.9656535132488203,104.06860489116008,192.72856478935293,359.52789750646656,88.65995989819285,1.8519376231757665,85.19376231757664,255.45929261530648,3.4547200655036936,245.47200655036937,166.79933271711363,1.865462433653365,86.5462433653365
212.02530522657787,216.30147837853195,-4.276173151954083,0.9802304950293927,98.24167798740386,184.65627741355482,359.592220006706,86.41459942615096,1.879612412943829,87.9612412943829,261.3505420193021,3.6602817396177967,266.02817396177966,174.93594259315117,1.9473598463233717,94.73598463233716
218.01352411870087,220.70942974208924,-2.69590562338837,0.9877852721266206,103.16585997581682,191.32440240848274,363.5941684068857,88.15854243266593,1.8545321335307168,85.45321335307167,260.42830843106884,3.5243652162848838,252.43652162848838,172.26976599840293,1.9004066592122544,90.04066592122544
214.33398328057723,210.9515989754156,3.3823843051616223,1.0160339353747008,109.6517030886479,200.66691069651858,327.6097595988228,91.01520760787068,1.8300391607624138,83.00391607624138,217.95805651017488,2.9877306997590973,198.77306997590972,126.9428489023042,1.632604790005902,63.260479000590195
220.50397133962136,215.47881404629928,5.025157293322081,1.023320888021234,104.03246538761296,193.6428724614619,356.2988402298061,89.61040707384895,1.8613696382179439,86.13696382179438,252.26637484219316,3.4248812512736073,242.48812512736072,162.6559677683442,1.839979110518077,83.99791105180769
215.18543777987585,230.26022524352211,-15.07478746364626,0.934531517774278,106.49743438119098,191.57691222377204,370.09414793013394,85.07947784258106,1.7988875820055186,79.88875820055186,263.59671354894294,3.475146139252891,247.5146139252891,178.5172357063619,1.931830634673996,93.18306346739959
226.05719500862284,222.21132830295613,3.845866705666708,1.0173072486224617,110.17395244352976,197.9533986359408,364.2754338878979,87.77944619241104,1.7967350198986722,79.67350198986722,254.10148144436818,3.306366212781639,230.63662127816391,166.32203525195712,1.8402080307691133,84.02080307691133
195.64023437335214,202.27842049924726,-6.638186125895118,0.9671829248542119,96.68867860261165,185.55690033839318,314.63240336789426,88.86822173578153,1.9191171398776476,91.91171398776477,217.9437247652826,3.2540769810395958,225.40769810395958,129.07550302950108,1.6956114420649995,69.56114420649995
223.51287704680166,221.73406639831404,1.778810648487621,1.008022270449378,101.65988322509504,200.6539182269635,365.556613715615,98.99403500186845,1.9737767923919027,97.37767923919027,263.89673049052,3.5958787490066317,259.58787490066317,164.90269548865152,1.8218264409974139,82.18264409974138
235.47510353231604,216.56014024309005,18.914963289225994,1.087342773550081,106.68710828362865,207.86343395532344,363.502323424157,101.1763256716948,1.9483463119341151,94.83463119341151,256.8152151405284,3.407181329329714,240.71813293297143,155.63888946883355,1.7487555002208102,74.87555002208101
212.43667501696794,204.46541062232828,7.971264394639661,1.0389858821126647,96.38153016081539,188.6829628408182,340.2886354573108,92.3014326800028,1.9576672265525892,95.76672265525892,243.90710529649544,3.5306415543468685,253.06415543468685,151.60567261649263,1.8034942335752608,80.34942335752608
214.58242544504228,215.0775609263056,-0.4951354812633326,0.9976978747614077,98.29988021312685,197.50120926730332,348.6888900765916,99.20132905417647,2.0091703961296306,100.91703961296305,250.3890098634647,3.547195472879407,254.7195472879407,151.18768080928825,1.7655025575294927,76.55025575294927
201.72834065376531,208.32585180341238,-6.597511149647062,0.968330809198501,99.69949591550338,194.19558109081774,321.1862116794455,94.49608517531436,1.947809056681701,94.7809056681701,221.4867157639421,3.2215429850483397,222.15429850483397,126.99063058862774,1.6539316181928936,65.39316181928936
210.23914330849203,211.6352166429772,-1.3960733344851803,0.9934033978057616,101.7317815044581,199.03940602722543,332.04035239552036,97.30762452276733,1.956511555029665,95.6511555029665,230.30857089106226,3.2638802494672685,226.38802494672686,133.00094636829493,1.6682141442388676,66.82141442388676
215.43684420914855,232.25758305635418,-16.820738847205632,0.9275772242789407,102.25037980009036,198.97636323068406,370.3148978674798,96.7259834305937,1.945971874331446,94.5971874331446,268.06451806738943,3.621648140490844,262.1648140490844,171.3385346367957,1.861099940992256,86.10999409922559
216.95466002575444,226.7480426186569,-9.793382592902475,0.9568094062475639,104.77093055471089,193.14607353836016,367.63704987354606,88.37514298364927,1.8435082375974525,84.35082375974525,262.86611931883516,3.5089604332717816,250.89604332717818,174.4909763351859,1.9034145666985602,90.34145666985603
207.7439683152478,221.6275807479967,-13.88361243274889,0.9373561161210555,101.45891832455513,182.74792437800622,359.8504808923054,81.28900605345109,1.8012011895634166,80.12011895634166,258.39156256775027,3.5467604704909834,254.67604704909834,177.1025565142992,1.9691084433220165,96.91084433220165
204.3838993940864,226.03418148432067,-21.65028209023427,0.904216778417931,102.16004150856368,188.72870489752773,354.73837491151926,86.56866338896405,1.847382813384109,84.7382813384109,252.5783334029556,3.4723789230428506,247.23789230428505,166.00967001399152,1.8796206708678906,87.96206708678906
216.94187384896466,219.33658173889904,-2.3947078899343808,0.9890820406201777,108.07950833823062,191.6799660392371,354.6582090043278,83.60045770100646,1.7735088638577265,77.35088638577265,246.57870066609715,3.2814565356315155,228.14565356315154,162.9782429650907,1.850262269619397,85.02622696193971
207.89280495943964,227.09964028444838,-19.20683532500874,0.9154255141005434,99.48807940663283,203.13350406519342,349.8670843940058,103.64542465856059,2.0417873706751903,104.17873706751904,250.37900498737298,3.5166734193753095,251.66734193753095,146.7335803288124,1.722350461112116,72.2350461112116
222.40121248999623,224.18770398108512,-1.7864914910888956,0.9920312690688887,103.10695349040802,209.81755398582686,356.958867230387,106.71060049541884,2.0349505720324292,103.49505720324292,253.85191373997898,3.462025160733652,246.2025160733652,147.14131324456014,1.7012821875451827,70.12821875451827
201.74600489979193,207.6895040314869,-5.943499131694978,0.9713827660217538,91.23110933779351,183.56372052500163,339.3584335341231,92.33261118720812,2.012073752664085,101.20737526640849,248.1273241963296,3.719766601517582,271.9766601517582,155.79471300912147,1.8487227899039125,84.87227899039125
208.6991219007888,212.4749742320352,-3.775852331246398,0.9822291903086763,101.1415100251272,184.63084443661484,345.988789737494,83.48933441148763,1.82547051542681,82.547051542681,244.8472797123668,3.4208386808891613,242.08386808891612,161.35794530087918,1.8739490186119718,87.39490186119718
223.21519740733595,214.22664303451762,8.988554372818328,1.041958153502737,101.92017292934632,201.10562511586477,353.1369626175693,99.18545218651845,1.973168013120193,97.3168013120193,251.21678968822295,3.464838730820962,246.48387308209618,152.0313375017045,1.7559775486842466,75.59775486842466
212.26435468440246,239.015655625699,-26.751300941296535,0.8880772020089372,97.80065210779438,198.80279356244708,380.3165697949107,101.0021414546527,2.032734846627911,103.27348466279109,282.51591768711637,3.8886915536691067,288.86915536691066,181.51377623246364,1.9130343340746232,91.30343340746232
217.89066383254993,237.22997631245667,-19.339312479906738,0.9184786308184137,97.20794975246062,196.8705697156427,388.6024407494066,99.66261996318207,2.025251743473371,102.52517434733707,291.39449099694593,3.9976405400893653,299.7640540089365,191.7318710337639,1.9738980859896882,97.38980859896881
221.5904988519517,213.1348698212741,8.455629030677613,1.0396726684740425,94.64287404170508,191.83687750163713,365.60830146649647,97.19400345993205,2.0269553248890433,102.69553248890433,270.9654274247914,3.8630304200756673,286.3030420075667,173.77142396485934,1.9058290889006801,90.58290889006801
223.38023354418996,224.55850788410174,-1.1782743399117805,0.9947529294213163,98.9129070601117,189.10850982707052,383.88669525525523,90.19560276695881,1.911868889993748,91.18688899937479,284.9737881951435,3.8810576563274823,288.1057656327482,194.7781854281847,2.029981070689515,102.9981070689515
215.2386922543787,216.67497104056585,-1.4362787861871595,0.9933712750517998,97.85477565037091,193.44052368141155,356.5751956106343,95.58574803104064,1.9768122955241616,97.68122955241616,258.72041996026337,3.6439222637907376,264.39222637907375,163.13467192922275,1.8433324560157764,84.33324560157764
207.9626992272494,223.6836153251616,-15.720916097912209,0.9297180704314921,102.9948167727,188.1511537857382,356.3235012701784,85.15633701303818,1.8268021603550235,82.68021603550235,253.32868449747838,3.4596255659792208,245.9625565979221,168.1723474844402,1.8938151273627089,89.38151273627088
225.37696541165536,228.2542741946364,-2.877308782981032,0.9873942830068212,98.54804823415982,202.1947703002819,379.7040408749958,103.64672206612208,2.051737948374658,105.1737948374658,281.155992640836,3.852983876177657,285.29838761776574,177.50927057471392,1.8779122739479994,87.79122739479995
209.64698713954056,219.30976279095154,-9.662775651410982,0.9559400569840494,99.37307038378927,183.20140818646925,360.8606463254796,83.82833780267998,1.8435719806072823,84.35719806072824,261.48757594169035,3.6313726136447,263.13726136447,177.65923813901034,1.9697482126239014,96.97482126239014
226.9767774165312,225.39573176590946,1.5810456506217463,1.0070145323437791,103.40227410116202,199.66418695309892,375.4923027194,96.2619128519369,1.9309458006480644,93.09458006480644,272.09002861823797,3.631373738957065,263.1373738957065,175.8281157663011,1.880619195908193,88.0619195908193
212.9818322777843,230.46403821363506,-17.48220593585077,0.9241434539142929,99.3306732415975,199.91820518455282,365.9199273109787,100.58753194295532,2.0126532787943643,101.26532787943643,266.58925406938124,3.683856309127879,268.38563091278786,166.0017221264259,1.8303482015216312,83.03482015216312
201.77039077934353,218.29142080053455,-16.521030021191024,0.9243166315899917,104.53416812897075,188.02170953672368,337.53683970412266,83.48754140775293,1.798662704281999,79.8662704281999,233.0026715751519,3.2289618384649224,222.89618384649225,149.51513016739898,1.7952014186861558,79.52014186861558
200.8744209983714,222.62718669613466,-21.752765697763266,0.9022906140953316,101.97617616751273,190.62119413919746,342.6550412350488,88.64501797168472,1.8692718368461927,86.92718368461927,240.6788650675361,3.3601479689940645,236.01479689940646,152.03384709585137,1.7975705313483221,79.7570531348322
206.1764835053846,213.25203394258725,-7.075550437202651,0.966820713001464,92.5924391863445,188.13206183775517,348.4182751478581,95.53962265141067,2.031829634157654,103.1829634157654,255.82583596151358,3.7629236059615834,276.29236059615835,160.2862133101029,1.85198775660224,85.198775660224
224.33293931831153,222.31543359120207,2.017505727109466,1.0090749692656034,105.62088967914833,201.98300627767267,362.3686634074493,96.36211659852434,1.912339565508774,91.23395655087741,256.74777372830096,3.4308427481366697,243.08427481366698,160.3856571297766,1.7940552033832449,79.4055203383245
187.4994497750047,222.27517573212282,-34.77572595711811,0.8435465146183106,90.97199738394268,182.44608101359825,341.24385986315025,91.47408362965557,2.005519129623964,100.5519129623964,250.27186247920758,3.751086814362753,275.10868143627533,158.797778849552,1.870381966920497,87.03819669204971
201.12089540280044,213.26216882656843,-12.141273423767984,0.9430687895064893,95.63683332783616,190.19032145495123,335.74744156126593,94.55348812711507,1.988672301632913,98.86723016329131,240.1106082334298,3.5106499230306794,251.06499230306792,145.5571201063147,1.7653234875087562,76.53234875087563
198.01391836188915,227.09195107733763,-29.078032715448472,0.8719548069515429,97.91823178694594,182.6196948684273,357.12087750346694,84.70146308148136,1.865022392007424,86.50223920074241,259.20264571652103,3.647133643921426,264.71336439214264,174.50118263503964,1.9555441583711064,95.55441583711064
211.85602245121612,236.06804442028755,-24.21202196907143,0.8974362581410419,100.68700178257069,198.23658988576133,372.96250863892357,97.54958810319064,1.9688399334190607,96.88399334190608,272.2755068563529,3.7041773221564416,270.41773221564415,174.72591875316223,1.8814009505200442,88.14009505200443
208.7644489088464,220.12623605764554,-11.361787148799152,0.9483851295861717,95.77537230831977,191.3524443273805,356.20821081403767,95.57707201906074,1.9979295273463342,99.79295273463342,260.4328385057179,3.7192046580339393,271.92046580339394,164.85576648665716,1.861529451929076,86.1529451929076
201.06985494059128,231.12733754412267,-30.057482603531383,0.8699527155769994,101.47937789178722,200.19414188378465,346.62226895149905,98.71476399199743,1.9727568895550598,97.27568895550598,245.14289105971181,3.4156917016294734,241.56917016294733,146.4281270677144,1.731430628737967,73.14306287379671
219.23151664057227,195.818781708319,23.412734932253272,1.119563275432525,100.83141519254816,192.1618426813673,329.58218964942154,91.33042748881913,1.9057735360989836,90.57735360989835,228.7507744568734,3.2686458780733143,226.86458780733142,137.42034696805425,1.7151281703512673,71.51281703512673
221.70078105499041,234.75560053298432,-13.054819477993902,0.944389742147346,102.52800204227448,195.84875543963807,386.30781490004955,93.32075339736359,1.9101977170966957,91.01977170966957,283.7798128577751,3.767827395493054,276.7827395493054,190.45905946041148,1.9724803153988502,97.24803153988502
220.638316457639,235.44697867051386,-14.80866221287485,0.9371040465395047,100.14645910675593,199.35675329523713,384.62473029023624,99.2102941884812,1.9906520417534006,99.06520417534006,284.47827118348033,3.8406223616975517,284.0622361697552,185.26797699499912,1.9293288234917567,92.93288234917567
213.0799856536395,213.62240634563665,-0.5424206919971368,0.9974608436386607,101.43420060235029,190.58313237198536,348.0362550245787,89.14893176963507,1.8788843530114974,87.88843530114974,246.60205442222838,3.4311529341959885,243.11529341959886,157.45312265259332,1.8261650477297855,82.61650477297854
230.322333394783,222.9958888730759,7.326444521707089,1.032854617000931,100.4401859285953,201.3081065523925,378.22904092080046,100.8679206237972,2.004258601188831,100.42586011888308,277.7888549922052,3.7657142649027966,276.57142649027963,176.92093436840796,1.878856482226971,87.88564822269711
212.78238518195207,218.48731697164737,-5.7049317896953085,0.973888956719462,101.09486810890007,191.69886982221564,354.1108152992835,90.60400171331557,1.8962275079652542,89.62275079652542,253.01594719038343,3.502757577346389,250.2757577346389,162.41194547706786,1.847224324419289,84.7224324419289
215.3797382107398,213.28517991557732,2.0945582951624715,1.0098204586741166,101.0116078601662,184.26016447144443,357.725604857865,83.24855661127823,1.8241484159575208,82.41484159575208,256.7139969976988,3.5414306576831915,254.14306576831916,173.46544038642057,1.9414158555866439,94.14158555866439
221.46160055581782,227.99971070933913,-6.538110153521302,0.9713240418894379,106.76009448689481,191.20958053717155,376.222291873669,84.44948605027673,1.7910210875716601,79.10210875716601,269.46219738677416,3.523997367011057,252.39973670110572,185.01271133649746,1.9675912201508678,96.75912201508679
220.9858915942966,209.2268574849974,11.759034109299193,1.0562023167132948,100.99745496811562,197.14524730038784,347.17642135043747,96.14779233227222,1.951982328293575,95.19823282935751,246.17896638232185,3.4374769290972655,243.74769290972657,150.03117405004963,1.761018467878401,76.10184678784012
205.22538032600434,218.90650690903595,-13.681126583031613,0.9375024215761816,99.43802977732827,195.29477367739588,341.4650273978363,95.85674390006761,1.9639847462255615,96.39847462255615,242.02699762050804,3.433948039421934,243.39480394219342,146.17025372044043,1.7484596283252136,74.84596283252137
213.28844531281277,217.273290187261,-3.9848448744482425,0.9816597572991423,102.5957175037416,194.42435902810254,348.82252671826654,91.82864152436095,1.8950533585479532,89.50533585479532,246.22680921452496,3.399971609005466,239.9971609005466,154.398167690164,1.7941297503151183,79.41297503151183
208.08995279998115,216.8312752948954,-8.741322494914243,0.9596860624325257,93.95210185804709,194.650012319886,348.7797279643817,100.69791046183892,2.0718005076031627,107.18005076031628,254.82762610633463,3.7123142651066554,271.23142651066553,154.12971564449572,1.7918299814499903,79.18299814499903
214.01054806331894,230.69726062719297,-16.68671256387404,0.9276683541082883,103.7318863919214,204.5624655029137,358.7673611409327,100.8305791109923,1.972030709342667,97.2030709342667,255.03547474901126,3.4586024955280608,245.86024955280607,154.20489563801897,1.7538279090394642,75.38279090394641
216.23050403191564,229.35826644228285,-13.127762410367211,0.9427630727507667,99.60086662321477,205.56040355587356,363.2218855322094,105.95953693265879,2.063841515892613,106.38415158926131,263.62101890899464,3.6467743489246947,264.6774348924695,157.66148197633584,1.766983715000743,76.6983715000743
219.69494883721873,223.27712688472704,-3.5821780475083074,0.9839563590884179,103.07546220837064,196.0952049945206,365.2874463800274,93.01974278614996,1.9024431304329958,90.24431304329958,262.21198417165675,3.5438836610946853,254.38836610946854,169.1922413855068,1.8628066218663248,86.28066218663248
214.62647666997884,231.27702376466897,-16.650547094690126,0.92800604736408,98.01864293122834,201.49790859644358,369.33869912429975,103.47926566521524,2.0557100421989944,105.57100421989945,271.3200561930714,3.768045425638411,276.8045425638411,167.84079052785617,1.832965422306217,83.29654223062171
221.55736362678192,220.79794477404266,0.7594188527392589,1.0034394289924955,95.31234697834333,197.28678153161994,370.93383409127364,101.97443455327661,2.0698974244800312,106.98974244800313,275.6214871129303,3.8917710648291606,289.17710648291603,173.6470525596537,1.8801758091016483,88.01758091016482
206.25121719708537,216.91829741022255,-10.667080213137183,0.9508244332521002,99.30672291121697,181.09228143374878,354.35526756599614,81.78555852253182,1.8235651738870733,82.35651738870733,255.04854465477916,3.5682908183648334,256.82908183648334,173.26298613224736,1.9567662672339479,95.67662672339479
207.6015787542462,216.3323362551216,-8.730757500875399,0.9596419210737909,95.03819803481457,197.1198743491082,343.74280013012884,102.08167631429362,2.0741120773028427,107.41120773028427,248.70460209531427,3.616890968452583,261.6890968452583,146.62292578102065,1.743826193402218,74.3826193402218
218.05480809933215,219.0867487518434,-1.0319406525112527,0.9952898079943661,102.14571043503491,200.56829854777212,352.9983262939563,98.4225881127372,1.963550869572094,96.35508695720941,250.8526158589214,3.455831133686859,245.58311336868587,152.4300277461842,1.759990630871697,75.9990630871697
216.37366219468018,218.644095968622,-2.270433773941818,0.9896158468680185,97.79268202795858,192.97517042217947,361.7587847948153,95.1824883942209,1.9733089063556777,97.33089063556777,263.96610276685675,3.69924187876747,269.924187876747,168.78361437263584,1.87463902222955,87.463902222955
221.73980879593535,228.19953739916357,-6.459728603228228,0.9716926305949124,98.92602312240004,201.8668573344651,374.11613883578326,102.94083421206506,2.0405839733868363,104.05839733868363,275.1901157133832,3.781776796717014,278.1776796717014,172.24928150131817,1.8532816321399666,85.32816321399666
193.478982807735,211.9544695129589,-18.475486705223886,0.9128327572064042,96.46002954819892,183.84228802975724,327.8478609030847,87.38225848155832,1.9058908533497325,90.58908533497325,231.3878313548858,3.3987949458305575,239.87949458305576,144.00557287332748,1.7833103820488696,78.33103820488697
233.94258140954253,222.8062050123896,11.13637639715293,1.049982344057849,109.84909925759864,198.51487755274155,376.75920282255805,88.66577829514291,1.8071598119090595,80.71598119090595,266.9101035649594,3.4297887317132125,242.97887317132125,178.2443252698165,1.8978890019084864,89.78890019084864
215.07801452935132,220.18335261797327,-5.105338088621949,0.9768132421097252,104.4359615599614,194.94171512783785,353.51437403318766,90.50575356787645,1.866614834736912,86.6614834736912,249.07841247322625,3.3849870174290406,238.49870174290407,158.5726589053498,1.8134362560694712,81.34362560694713
210.99131251163598,213.71945936168098,-2.7281468500449932,0.9872349160053409,99.09221903870605,187.03976881968356,350.93416995158583,87.94754978097751,1.8875323474855745,88.75323474855745,251.84195091287978,3.5414906776334147,254.14906776334146,163.89440113190227,1.8762542969666804,87.62542969666805
216.45743972199605,210.78600661974778,5.6714331022482725,1.0269061176934737,92.92899975648464,185.8507280362542,362.08544171987694,92.92172827976955,1.9999217523406672,99.99217523406672,269.1564419633923,3.8963665020467455,289.63665020467454,176.23471368362274,1.948259474395195,94.82594743951951
215.3601114439951,224.43514233690914,-9.075030892914043,0.9595650182122943,104.33282174067942,195.76860681130088,359.5914521193761,91.43578507062146,1.8763856238632777,87.63856238632776,255.25863037869664,3.4465803389574305,244.65803389574305,163.8228453080752,1.836818772817759,83.6818772817759
187.17782723385665,230.83185603554531,-43.65402880168867,0.8108838634691458,98.20447486680573,188.62337657220547,340.18667346509187,90.41890170539975,1.9207207902494716,92.07207902494716,241.98219859828615,3.464064890387994,246.4064890387994,151.5632968928864,1.803523400159617,80.3523400159617
214.70183214946059,224.00879818692644,-9.306966037465855,0.9584526763555976,97.93066177454295,188.96258199717556,371.1727017328619,91.0319202226326,1.9295548357694885,92.95548357694885,273.24203995831897,3.7901582099728865,279.01582099728864,182.21011973568636,1.9642656117940316,96.42656117940317
220.94122310475638,231.88918702319197,-10.94796391843559,0.9527879498868541,101.69446007400285,201.95611865133677,375.59503646658294,100.26165857733392,1.985910722220008,98.5910722220008,273.9005763925801,3.693367723209929,269.3367723209929,173.63891781524617,1.8597853780059108,85.97853780059108
215.86239794470535,234.31941186163013,-18.45701391692478,0.9212313919265726,104.14775901197035,201.17492483175423,369.9500308657787,97.02716581978387,1.9316298952590227,93.16298952590228,265.8022718538083,3.5521650621715057,255.21650621715057,168.77510603402445,1.8389470316699446,83.89470316699446
183.10487011018122,216.09528617411306,-32.99041606393183,0.8473339393560363,101.4879141172573,183.09823218474872,314.21408812443536,81.61031806749142,1.8041382934838954,80.41382934838954,212.72617400717806,3.096073959716997,209.6073959716997,131.11585593968664,1.7160956956011943,71.60956956011944
215.0593841233668,212.5023735562194,2.5570105671474153,1.0120328565011107,100.01671281877917,199.26843252919667,342.05749117140346,99.2517197104175,1.9923513472218612,99.23513472218613,242.04077835262427,3.42000333275479,242.000333275479,142.78905864220678,1.7165663764695165,71.65663764695165
227.88631398200727,215.18619137919978,12.700122602807483,1.059019226658589,101.12110157049062,185.61318922538547,377.87446724593457,84.49208765489485,1.8355534734359689,83.55534734359689,276.75336567544394,3.736850779681446,273.6850779681446,192.2612780205491,2.0358168986961966,103.58168986961967
213.27280265555174,208.26247856273048,5.010324092821264,1.0240577377518922,109.62566422893016,185.15883439072937,337.5184232077637,75.5331701617992,1.6890099201959137,68.90099201959137,227.89275897883354,3.0788267107137193,207.88267107137193,152.35958881703434,1.8228588677303899,82.28588677303898
213.21180851915418,197.64243027304857,15.5693782461056,1.0787754847205433,94.31377183496978,178.5126921645762,343.4548941887582,84.19892032960642,1.8927531864268738,89.27531864268738,249.14112235378843,3.6416197497618428,264.1619749761843,164.942202024182,1.9239802505029548,92.39802505029549
228.6995138527754,210.8127311255988,17.88678272717661,1.0848467862053357,103.34409864835402,197.81426057054043,358.11000824866676,94.4701619221864,1.9141321387265402,91.41321387265403,254.76590960031274,3.465219716775482,246.52197167754818,160.29574767812633,1.8103346402620197,81.03346402620197
229.64778670641982,238.3840664611985,-8.736279754778678,0.9633520818548471,102.81948274475974,202.40115107220637,396.8271459344613,99.58166832744664,1.9685097188696166,96.85097188696166,294.0076631897016,3.8594547972931315,285.94547972931315,194.42599486225495,1.9605972783864936,96.05972783864935
223.53692225466753,218.8386762613247,4.698245993342823,1.021468992929442,97.37102514289926,202.12137151211255,364.07100111897654,104.75034636921329,2.075785596541521,107.57855965415209,266.69997597607727,3.7390075803831286,273.90075803831286,161.949629606864,1.801249409675408,80.1249409675408
214.14914325023847,217.46818025872076,-3.3190370084822973,0.9847378269108903,101.60035094058735,191.38438060467033,354.4412537181811,89.78402966408298,1.8836980269545114,88.36980269545114,252.84090277759373,3.4885829668585204,248.85829668585205,163.05687311351076,1.851986314652951,85.1986314652951
222.46017054818952,212.93658844216063,9.523582106028897,1.044724968009036,103.06758957475239,191.58828941026468,358.4392595005082,88.52069983551229,1.8588606777430299,85.88606777430299,255.37166992575578,3.477710704008858,247.7710704008858,166.8509700902435,1.8708829261111621,87.08829261111622
221.74694620297817,227.98759547752547,-6.240649274547309,0.9726272420151801,99.12620458321585,195.35774418424265,380.117863753297,96.2315396010268,1.9707981860663393,97.07981860663392,280.99165917008116,3.834685947591087,283.46859475910867,184.76011956905435,1.9457527283628253,94.57527283628254
197.00249434694587,205.46155272351598,-8.459058376570113,0.9588289961579661,90.76728009806881,183.31995174034978,329.60883876727416,92.55267164228097,2.019669990576815,101.96699905768152,238.84155866920537,3.631361856509866,263.13618565098665,146.28888702692439,1.797997630034971,79.79976300349709
221.95445238406444,227.92428671724394,-5.969834333179506,0.9738078182928109,95.86999374811043,192.69750645959135,386.2506084442608,96.82751271148092,2.0099876815042492,100.99876815042492,290.38061469615036,4.028899902289539,302.88999022895393,193.55310198466947,2.004440096505647,100.44400965056468
212.4287722068762,214.495951406404,-2.0671791995278,0.9903626190332556,100.21645178741696,194.88946644350975,345.28116718899366,94.67301465609279,1.9446853582175996,94.46853582175996,245.0647154015767,3.445354141268317,244.5354141268317,150.39170074548392,1.7716769073770138,77.16769073770138
200.91855858976675,209.29785096804446,-8.379292378277711,0.959964747179573,95.52209270541067,177.58727798179805,342.2152436495082,82.06518527638738,1.8591225647607588,85.91225647607588,246.6931509440975,3.5825769092485977,258.2576909248598,164.62796566771013,1.9270256717634007,92.70256717634007
213.59603333382913,203.69257808578797,9.903455248041155,1.0486196175683444,101.62265332830033,190.83533312792827,333.4749306731971,89.21267979962794,1.8778818194346791,87.78818194346792,231.85227734489678,3.281501906822674,228.15019068226738,142.63959754526883,1.7474485736331071,74.74485736331071
217.1490306089604,214.85380489019823,2.2952257187621683,1.0106827324744616,98.77541319579178,199.6751140427914,349.5537260101548,100.89970084699961,2.0215062390779077,102.15062390779077,250.778312814363,3.53887384219059,253.887384219059,149.87861196736338,1.7506123769396904,75.06123769396905
218.69350908451767,222.94322695718287,-4.249717872665201,0.9809381162609556,104.61081772538907,196.0086319090558,361.835654428106,91.39781418366672,1.8736937170646402,87.36937170646402,257.22483670271697,3.4588741613506038,245.8874161350604,165.82702251905022,1.8460189783682115,84.60189783682115
226.83723300307759,213.89001257036898,12.947220432708605,1.0605321411557214,113.45978905404334,190.07860936209428,357.55246994403234,76.61882030805094,1.6752949300086901,67.52949300086901,244.092680889989,3.151358493833638,215.13584938336382,167.47386058193806,1.8810768404923732,88.10768404923732
210.9658000387009,234.13896755116602,-23.173167512465113,0.9010281468529961,102.37851213664675,193.0406760798974,372.23796316825633,90.66216394325065,1.8855585224977869,88.5558522497787,269.8594510316096,3.635899324962083,263.5899324962083,179.19728708835893,1.928287709758078,92.8287709758078
194.92033815410193,225.67867026610915,-30.758332112007224,0.8637074027610208,98.71693011367911,192.33316284021157,339.8484196764259,93.61623272653246,1.948330064749047,94.83300647490469,241.13148956274682,3.442655877619653,244.26558776196532,147.51525683621435,1.766977751823114,76.6977751823114
204.38720327569013,221.13204579254793,-16.7448425168578,0.9242767258954102,93.64864240221917,197.14073852688014,347.4894926732578,103.49209612466097,2.105110479660392,110.51104796603921,253.84085027103865,3.7105662587269226,271.0566258726923,150.34875414637767,1.762646803851136,76.2646803851136
206.00867712770034,219.54136473225162,-13.532687604551285,0.9383592808532666,103.47035715940675,200.81668712656392,334.0380185039573,97.34632996715717,1.9408137039402031,94.08137039402031,230.56766134455054,3.2283450804111684,222.83450804111683,133.22133137739337,1.6633977150187282,66.33977150187282
225.36197137970493,241.53708305826945,-16.17511167856452,0.9330325949383832,99.47599232443883,197.30420056653352,403.56838876598925,97.82820824209469,1.9834353591872707,98.34353591872707,304.0923964415504,4.056942578162573,305.69425781625733,206.26418819945573,2.045412047017726,104.5412047017726
205.7281235170195,225.72814087629484,-20.000017359275347,0.9113977668817292,98.78420562446162,191.08576066526064,357.3144303002493,92.30155504079902,1.9343756368471792,93.43756368471792,258.5302246757877,3.617121057374466,261.7121057374466,166.22866963498865,1.869916570739062,86.9916570739062
215.71144631110243,222.6765081282373,-6.965061817134853,0.9687211647259901,105.04554858210284,196.37187697075413,356.16450610615277,91.32632838865129,1.8693974149439687,86.93974149439687,251.11895752404993,3.390572098614699,239.05720986146991,159.79262913539864,1.8137246106742502,81.37246106742502
236.648431341439,221.35266825092776,15.29576309051123,1.0691013269068517,102.17154843745905,204.18709145902247,380.6430094920687,102.01554302156342,1.9984731031458223,99.84731031458223,278.4714610546097,3.7255284402885094,272.5528440288509,176.45591803304623,1.8641874311063318,86.41874311063317
212.76075050816047,222.250458647572,-9.489708139411533,0.9573017387808428,102.91023126519728,195.4147832986601,354.19179916974133,92.50455203346282,1.898885862913676,89.8885862913676,251.28156790454403,3.441754962701398,244.1754962701398,158.77701587108123,1.812512816025879,81.2512816025879
202.9268461168149,222.76732934045666,-19.84048322364177,0.9109362971563957,96.97882827096691,182.98461182481424,358.5778230901262,86.00578355384732,1.8868511311926766,88.68511311926765,261.59899481915926,3.69748562117321,269.748562117321,175.59321126531194,1.9596064363784935,95.96064363784936
217.84543640614103,231.1015690131176,-13.256132606976564,0.9426393656106068,103.95949368521708,192.86391698520413,376.59709745846675,88.90442329998704,1.8551833040778762,85.51833040778763,272.6376037732497,3.6225368565066263,262.25368565066265,183.73318047326262,1.9526571032328355,95.26571032328354
208.26968319868703,205.03729707599723,3.232386122689803,1.015764868971579,94.24473542565957,185.0135587075942,340.70217627877264,90.76882328193463,1.9631182354321877,96.31182354321876,246.45744085311307,3.6150791313698276,261.5079131369828,155.68861757117844,1.8414984212980707,84.14984212980707
218.7976894261351,224.9415342555478,-6.1438448294127,0.9726869257394105,103.72742734158511,200.92106117032893,360.9603470106103,97.19363382874381,1.9370099723834386,93.70099723834386,257.2329196690252,3.479892987434564,247.9892987434564,160.03928584028137,1.7965281733437073,79.65281733437072
215.46836872597768,244.90361302570034,-29.435244299722655,0.8798088605714702,106.33594856605703,192.6462949986854,391.5757290627747,86.31034643262836,1.8116760850542604,81.16760850542603,285.2397804967177,3.6824397989878626,268.2439798987863,198.92943406408932,2.0326148969823,103.26148969823001
195.96716060428736,228.2911960627904,-32.32403545850303,0.8584087515595106,96.89303195100182,189.70294154043242,349.7915615091824,92.8099095894306,1.9578594840170136,95.78594840170136,252.89852955818054,3.610079635923352,261.0079635923352,160.08861996874995,1.843891078698057,84.38910786980568
215.05991356261856,213.68358036729953,1.3763331953190345,1.006440987150034,100.85593681878262,200.08846507278489,342.17083900330954,99.23252825400226,1.9839036886078676,98.39036886078677,241.31490218452691,3.3926692844876367,239.26692844876368,142.08237393052465,1.7100977753956994,71.00977753956994
203.68468868961048,219.93604451910699,-16.251355829496504,0.9261087200825572,96.84024431496127,187.76419143216026,350.8266640659547,90.92394711719899,1.9389066266859032,93.89066266859032,253.9864197509934,3.622736255444927,262.2736255444927,163.0624726337944,1.8684428665021007,86.84428665021007
216.64046806356873,228.4231012006569,-11.782633137088169,0.9484175064818081,95.86901003313359,200.0351150021538,371.69122886105106,104.1661049690202,2.086546162654846,108.65461626548458,275.8222188279175,3.8770738190849126,287.70738190849124,171.65611385889727,1.8581299031275036,85.81299031275036
206.50620307092777,222.7784529792187,-16.272249908290945,0.9269577030871614,96.89075990602056,187.98610918322535,359.0501149859738,91.09534927720479,1.9401861371049516,94.01861371049516,262.15935507995323,3.705720910169714,270.5720910169714,171.06400580274843,1.9099821606287761,90.99821606287762
203.62188278445208,220.75310123040924,-17.13121844595716,0.922396476649827,100.56817806199149,186.65816754230704,349.33613041799345,86.08998948031555,1.85603608556226,85.60360855622599,248.76795235600196,3.4736249293753563,247.36249293753562,162.6779628756864,1.8715287684307444,87.15287684307444
210.4345149113318,214.74461807796152,-4.310103166629716,0.9799291679334894,101.73408138753615,187.62656460937475,348.40805348702924,85.8924832218386,1.8442842560758763,84.42842560758763,246.67397209949308,3.4246935612446006,242.46935612446006,160.78148887765448,1.8569228414557937,85.69228414557936
220.82734441840387,223.41908265247497,-2.5917382340711015,0.9883996559143405,100.5929926400613,207.94711589386307,357.82953207239393,107.35412325380177,2.0672127395387565,106.72127395387565,257.2365394323326,3.5572013783581165,255.72013783581164,149.88241617853086,1.7207717959167625,72.07717959167626
221.34466636914166,224.58357793448084,-3.23891156533918,0.9855781460286287,109.63508889628477,198.63588111281746,360.6213964463316,89.00079221653269,1.8117911255649894,81.17911255649895,250.9863075500468,3.289288129163473,228.92881291634728,161.98551533351412,1.815489701186024,81.5489701186024
234.9234820989943,217.77205758852682,17.15142451046748,1.078758609806932,107.01208513626112,194.49598278487656,377.535241610144,87.48389764861544,1.8175141857783637,81.75141857783636,270.52315647388286,3.5279682769419836,252.79682769419836,183.03925882526744,1.9410953182910677,94.10953182910677
208.64068087816057,220.15093949635968,-11.510258618199117,0.9477165137494703,104.0523601722745,184.90115273912568,354.2339176503801,80.84879256685117,1.777001044791235,77.7001044791235,250.18155747810556,3.4043813812958397,240.43813812958396,169.3327649112544,1.9158015642561381,91.58015642561381
209.1374386588594,215.55031950691745,-6.412880848058052,0.9702487991540544,96.97863148043538,183.59252722773303,356.46047854049687,86.61389574729765,1.8931235100463473,89.31235100463472,259.48184706006145,3.675660020139692,267.5660020139692,172.86795131276384,1.9415848995767342,94.15848995767342
218.13367628067132,223.64454160147247,-5.510865320801145,0.9753588203792546,105.10267793233191,194.27819907422523,363.2864498166585,89.17552114189331,1.8484609802169556,84.84609802169555,258.1837718843266,3.4564908997899426,245.64908997899425,169.00825074243326,1.8699290581639711,86.99290581639711
222.49682901785783,218.05113283296475,4.44569618489308,1.020388319597948,103.76011096435464,197.75429988488426,359.30753192699495,93.99418892052962,1.905879803394004,90.5879803394004,255.54742096264033,3.4628676529695515,246.28676529695514,161.5532320421107,1.8169391620619793,81.69391620619793
225.7877597287067,217.66577452647616,8.121985202230547,1.037314020635075,95.80507161328897,200.5393581363796,368.8358716331057,104.73428652309063,2.0932019021481856,109.32019021481855,273.0308000198167,3.8498574806340944,284.98574806340946,168.29651349672608,1.8392193685105627,83.92193685105627
210.8257352825517,225.10144139175037,-14.275706109198666,0.9365810097841433,96.84012981291421,190.21236532411942,366.8382698744193,93.3722355112052,1.9641894913977433,96.41894913977434,269.9981400615051,3.7880811455242314,278.80811455242315,176.6259045502999,1.9285721475011977,92.85721475011977
192.54860588033003,238.18903944875066,-45.64043356842063,0.8083856684839575,99.65518028554722,193.62605382544493,352.8252338826288,93.97087353989771,1.942960248234342,94.2960248234342,253.17005359708162,3.5404605447670674,254.04605447670673,159.1991800571839,1.8221991664443202,82.21991664443202
197.2478578747038,225.26825037208914,-28.02039249738533,0.8756132191238563,97.72470147325879,187.8075363856076,348.241924511323,90.0828349123488,1.9218020986945548,92.18020986945548,250.51722303806423,3.563499496661193,256.3499496661193,160.43438812571543,1.854248935976193,85.42489359761929
217.94173404262463,210.7897451365874,7.151988906037218,1.0339294916904183,102.35068059252387,192.99543392763675,347.7511042486574,90.64475333511288,1.8856292191742783,88.56292191742783,245.4004236561335,3.3976433008112172,239.76433008112173,154.75567032102063,1.8018618221768188,80.18618221768187
219.40150527550392,210.42882105389359,8.972684221610336,1.042639996634835,103.49921307833378,194.00576610823663,347.2405103075259,90.50655302990285,1.8744660982243664,87.44660982243664,243.7412972291921,3.3550062843928634,235.50062843928634,153.23474419928925,1.7898463394835333,78.98463394835333
208.30625093656658,219.34031164205058,-11.034060705483995,0.9496943328707818,99.9728120880291,191.80784629488502,349.68918548501165,91.83503420685592,1.9186000902524616,91.86000902524616,249.71637339698253,3.4978428452837727,249.78428452837727,157.88133919012662,1.823122422986806,82.31224229868059
233.90104835665804,232.35205576254498,1.5489925941130593,1.0066665758089788,103.48938962003967,202.4472686917865,393.4429978669784,98.95787907174682,1.9562128005109485,95.62128005109484,289.9536082469387,3.801771363339765,280.1771363339765,190.99572917519188,1.9434344578190932,94.34344578190932
202.34064700326496,225.62244591498404,-23.28179891171908,0.8968108034761231,97.69034629118869,196.35416567545153,347.9001274107332,98.66381938426284,2.0099648852730287,100.99648852730287,250.20978111954452,3.56125390705174,256.125390705174,151.54596173528168,1.7717990663145282,77.17990663145282
225.1868619344263,227.39267939330296,-2.205817458876652,0.9902995229892101,98.27338652639261,206.15077097241178,374.4451544927894,107.87738444601916,2.097727352837762,109.7727352837762,276.1717679663968,3.8102396562087257,281.02396562087256,168.29438352037764,1.8163655305606385,81.63655305606386
211.50000261874385,221.091367210576,-9.59136459183216,0.9566180954379057,104.12965406494534,199.28865339210856,345.46874728692586,95.15899932716322,1.913851104007441,91.38511040074411,241.33909322198053,3.3176788148307694,231.76788148307693,146.1800938948173,1.733509366472571,73.35093664725709
203.4690511027676,215.46876521526147,-11.999714112493876,0.9443087999297453,99.40975677952603,188.803936051698,340.1930316458196,89.39417927217197,1.8992495522389525,89.92495522389525,240.78327486629354,3.4221292020692697,242.21292020692698,151.38909559412159,1.801832306889346,80.1832306889346
204.33611388939232,225.0530986661229,-20.716984776730584,0.9079462362459393,92.25684788233936,195.88663480072273,355.9403361502107,103.62978691838337,2.1232747410853294,112.32747410853294,263.6834882678714,3.858145431157182,285.8145431157182,160.053701349488,1.8170731071689097,81.70731071689097
192.0566992617457,208.5786562807456,-16.5219570189999,0.9207878825493945,94.78127039954673,178.23845045813076,327.93331245605947,83.45718005858403,1.8805239654076544,88.05239654076544,233.15204205651276,3.4598957270109323,245.98957270109324,149.6948619979287,1.839857290125471,83.98572901254711
215.0054055044933,208.84538372385512,6.160021780638175,1.029495609004139,108.13295317643227,194.1309427672707,333.5122878988197,85.99798959083844,1.7952986306636989,79.52986306636988,225.37933472238743,3.0842798434872414,208.42798434872412,139.38134513154898,1.717975934926783,71.79759349267829
203.34705447863203,209.41381050813035,-6.066756029498322,0.9710298188320164,93.66045504580515,191.76827200880314,333.71257042553543,98.10781696299799,2.047483881164338,104.74838811643382,240.05211537973028,3.563003940802247,256.3003940802247,141.9442984167323,1.7401865643875454,74.01865643875453
195.617159303716,210.7710799303792,-15.153920626663194,0.9281024672281,97.78393023368872,173.70815973601972,338.09026888143427,75.924229502331,1.7764489453521006,77.64489453521006,240.30633864774555,3.457523829052994,245.75238290529938,164.38210914541455,1.94631196021662,94.63119602166199
225.12837636186777,220.34212615749183,4.786250204375932,1.021721902605927,102.04714135896737,197.62510308690207,368.53350933317,95.5779617279347,1.9366059691150361,93.66059691150362,266.4863679742026,3.611404537406821,261.1404537406821,170.90840624626793,1.8648112186998533,86.48112186998533
207.66689653860348,221.8724334553174,-14.205536916713925,0.9359743042635589,103.25936261864841,191.5481636472623,349.5014687249705,88.28880102861389,1.8550198140838527,85.50198140838528,246.24210610632207,3.384695197235813,238.46951972358127,157.9533050777082,1.82461403998934,82.461403998934
228.34842578616673,208.8962551065364,19.452170679630342,1.0931188099552565,101.61209875741254,198.21337206872514,356.041550512917,96.6012733113126,1.9506867242446913,95.06867242446913,254.4294517555045,3.503928713872215,250.39287138722148,157.82817844419188,1.7962539398677362,79.62539398677362
214.3441180481192,209.43303194691558,4.911086101203637,1.0234494341964568,96.54436312677159,197.84505796623654,341.2763038995441,101.30069483946495,2.0492657629990045,104.92657629990046,244.73194077277248,3.5349169319333233,253.49169319333234,143.43124593330754,1.7249675448440311,72.49675448440311
224.35867716239244,225.41304985261837,-1.0543726902259323,0.9953224860276931,100.45570558892577,195.1697800886889,379.0321048449016,94.71407449976313,1.9428441515043662,94.28441515043662,278.57639925597584,3.7731266992034955,277.31266992034955,183.8623247562127,1.9420634929888332,94.20634929888332
225.34643941338035,226.66195383322884,-1.3155144198484834,0.9941961392390697,108.34790424204913,206.8568017139454,362.8078839139192,98.50889747189628,1.909190612970487,90.9190612970487,254.4599796718701,3.3485454698173647,234.85454698173646,155.95108219997383,1.7539084086566938,75.39084086566939
197.54890997974377,221.15088309115566,-23.601973111411894,0.8932766047256367,102.99978100175362,184.01741981845927,341.0324887861363,81.01763881670566,1.7865806900630816,78.65806900630817,238.0327077843827,3.311002076599853,231.1002076599853,157.01506896767702,1.8532619853195356,85.32619853195355
211.48646702627906,205.9148142049991,5.571652821279969,1.0270580474881865,100.33025227173742,178.64295370237363,347.1287158728062,78.31270143063621,1.7805492327332315,78.05492327332315,246.79846360106876,3.459860889541397,245.9860889541397,168.48576217043257,1.9431425011654064,94.31425011654065
196.40994011756555,214.86082816053215,-18.450888042966596,0.9141263291176505,98.95055038112199,183.32864883878617,334.62695319723844,84.37809845766418,1.852729955848351,85.2729955848351,235.67640281611645,3.3817593930339505,238.17593930339504,151.29830435845227,1.8252845658154584,82.52845658154584
207.94647983771972,235.09217161590752,-27.145691778187796,0.8845317068977596,99.61489996812972,191.9302253383455,373.0128518739656,92.31532537021579,1.9267220606530817,92.67220606530817,273.39795190583584,3.7445487772743373,274.4548777274337,181.08262653562008,1.9434815502164775,94.34815502164776
222.26901960735478,222.12046106902514,0.14855853832963817,1.0006688196918674,104.23246806635007,198.43229169555462,363.9194612526652,94.19982362920456,1.9037474155293037,90.37474155293037,259.68699318631514,3.4914213200920194,249.14213200920193,165.48716955711058,1.8339729796146778,83.39729796146777
212.9790356773974,210.56410456984585,2.4149311075515527,1.011468864137527,93.93670267483527,189.7591373668603,351.6188703291693,95.82243469202503,2.020074496586465,102.0074496586465,257.682167654334,3.7431468245836625,274.31468245836624,161.85973296230898,1.8529746456919565,85.29746456919565
229.9686667694389,229.05093857023684,0.9177281992020596,1.0040066554842806,105.81105240659848,211.34567161583678,371.3726839870784,105.5346192092383,1.997387482771668,99.7387482771668,265.5616315804799,3.5097721413828338,250.9772141382834,160.02701237124163,1.7571814040370928,75.71814040370927
231.36461482690524,229.9951966811732,1.369418145732027,1.0059541162836994,99.77026076393754,199.93540522537063,392.33405127280946,100.16514446143309,2.0039579298928554,100.39579298928554,292.56379050887193,3.9323747203697854,293.23747203697855,192.39864604743883,1.962304029296681,96.23040292966809
222.6943379393478,203.04660074058626,19.647737198761547,1.0967646694261266,93.7118507429776,197.19089707153663,347.7086602053869,103.47904632855902,2.104225831718656,110.42258317186563,253.99680946240926,3.710402232467304,271.04022324673036,150.51776313385025,1.7633098959900042,76.33098959900042
214.09958649257624,214.72237068715793,-0.6227841945816976,0.9970995840229006,99.98415093743162,184.98431808766642,358.2644667445033,85.0001671502348,1.85013641015391,85.01364101539099,258.2803158070717,3.5832125730476934,258.32125730476935,173.28014865683687,1.93672885598182,93.672885598182
209.3781193183422,230.26069048856849,-20.8825711702263,0.9093090048244121,98.70860981108723,196.95279227501896,363.79681262425987,98.24418246393174,1.995294966183352,99.52949661833519,265.08820281317264,3.685563126869174,268.5563126869174,166.8440203492409,1.8471269608417886,84.71269608417886
216.49149497712486,233.89227786526646,-17.400782888141606,0.9256034314302359,100.23613346563721,204.51986116659717,370.8196646313525,104.28372770095996,2.0403805902659875,104.03805902659875,270.58353116571527,3.6994609808894547,269.94609808894546,166.29980346475534,1.8131230019234725,81.31230019234725
210.9710374300276,218.60297968328032,-7.631942253252731,0.9650876567908171,108.56399081666235,200.86900515708948,334.92802969621005,92.30501434042712,1.8502360096204218,85.02360096204218,226.3640388795477,3.085074776422142,208.50747764221418,134.05902453912057,1.6673952730252226,66.73952730252226
197.47935415351873,205.53507369214105,-8.055719538622327,0.9608061077172234,90.92252014219271,184.09087247782665,329.50824914847027,93.16835233563394,2.0247005053305718,102.47005053305718,238.58572900627757,3.624055389502579,262.4055389502579,145.41737667064362,1.7899217093892519,78.99217093892518
205.54617707572558,212.74898278206567,-7.2028057063400865,0.9661441121261743,98.45073686272828,184.94926819666324,344.0427347272954,86.49853133393496,1.8785970942456378,87.85970942456377,245.59199786456713,3.49456739167936,249.456739167936,159.09346653063216,1.8602005732807891,86.02005732807892
228.08190125656557,213.84297834386436,14.238922912701213,1.0665858800834915,101.05028354907465,203.00066444732445,358.83637140424577,101.9503808982498,2.008907420321468,100.8907420321468,257.7860878551711,3.5510674369357744,255.10674369357744,155.8357069569213,1.7676610684067897,76.76610684067897
209.20055621976582,215.00624296004176,-5.805686740275945,0.9729975899287961,93.14927104608395,186.21255870547063,356.9483690181569,93.06328765938667,1.999076929043763,99.9076929043763,263.7990979720729,3.8320038902028872,283.2003890202887,170.73581031268625,1.9168866563008584,91.68866563008584
195.42778304238357,208.19372895567346,-12.765945913289897,0.9386823706106542,94.58774174658491,182.50342225166202,328.3411039988385,87.9156805050771,1.9294616710547623,92.94616710547623,233.75336225225357,3.4712860031960036,247.12860031960037,145.83768174717648,1.7990956002242766,79.90956002242766
219.26158349750764,208.1507897500691,11.11079374743855,1.0533785807912597,96.17219959315423,183.46572010562917,361.4806401725817,87.29352051247494,1.907679359334199,90.76793593341989,265.30844057942744,3.758681216627936,275.8681216627936,178.0149200669525,1.9702898174354402,97.02898174354402
210.68283033753923,211.0937934694321,-0.4109631318928564,0.9980531728330877,98.23915362708492,190.94983842556735,343.47594365780463,92.71068479848243,1.9437243845810346,94.37243845810346,245.2367900307197,3.4963243368487955,249.63243368487954,152.52610523223728,1.7987757753023303,79.87757753023304
219.5061607826651,226.531089449688,-7.02492866702292,0.9689891189589536,104.54119021169855,197.7554618840215,366.7592232528096,93.21427167232297,1.891651142325448,89.16511423254481,262.218033041111,3.508274800680123,250.82748006801233,169.00376136878808,1.8546098285159094,85.46098285159094
227.02016399935582,224.23052934151903,2.7896346578367854,1.0124409225899296,101.3832681238773,197.2889792893926,378.20379259804224,95.90571116551531,1.945971785485657,94.59717854856571,276.8205244741649,3.73043599399386,273.043599399386,180.91481330864963,1.9170041527929211,91.70041527929212
207.44550409664717,213.52948926232193,-6.083985165674761,0.971507517829537,94.17223895246572,188.18895543028145,349.1012956557065,94.01671647781573,1.9983485316226952,99.83485316226952,254.9290567032408,3.707051032650063,270.7051032650063,160.91234022542505,1.855057300560013,85.50573005600131
220.5465860147548,225.898689236917,-5.352103222162185,0.9763075065187783,100.04977988497342,194.02988598689464,375.5882470056397,93.98010610192122,1.9393334619023603,93.93334619023604,275.53846712066627,3.7540137263415376,275.40137263415374,181.55836101874505,1.9357236906844755,93.57236906844754
223.8585798199017,218.57316735759588,5.285412462305828,1.024181433275653,101.60318929318424,200.83976354859843,361.2046679244637,99.23657425541418,1.976707276078303,97.67072760783032,259.60147863127946,3.555052458857156,255.50524588571562,160.36490437586528,1.798471883965651,79.8471883965651
226.8648801177088,214.92928700534958,11.935593112359214,1.0555326511275411,100.00128752334675,200.78819240358317,361.90177075765763,100.78690488023642,2.00785607242013,100.78560724201301,261.90048323431085,3.618971112478591,261.89711124785913,161.11357835407446,1.802405641613811,80.2405641613811
217.8865641831834,229.58440632361908,-11.697842140435682,0.9490477496805835,104.13958861025034,204.91887297679096,362.1479941731625,100.77928436654062,1.9677326913947597,96.77326913947597,258.0084055629121,3.4775247243248346,247.75247243248347,157.22912119637152,1.7672749655136901,76.72749655136901
192.9838868657247,219.11682124017216,-26.132934374447444,0.880735152022841,96.8961734888213,181.07408484684265,340.1808038231814,84.17791135802135,1.8687434015929718,86.87434015929718,243.2846303343601,3.510776448385006,251.0776448385006,159.10671897633875,1.8786829938194387,87.86829938194387
231.46224788050316,223.81482490746677,7.6474229730363845,1.0341685273806063,102.40626498888692,198.9380995165818,381.57124467648623,96.53183452769487,1.942636024643321,94.2636024643321,279.1649796875993,3.726053720618501,272.6053720618501,182.63314515990444,1.918040061726244,91.80400617262441
224.61009854337678,225.6681214367852,-1.0580228934084346,0.9953115979046034,103.81237968213365,205.17360961804917,366.43134067006014,101.36122993591552,1.9763886565964157,97.63886565964157,262.61896098792647,3.529746084157281,252.97460841572808,161.25773105201097,1.7859574696385567,78.59574696385567
222.71287667790324,220.35563000131168,2.357246676591558,1.0106974651683622,101.11056613843313,187.15432209641435,376.3378717839749,86.04375595798122,1.850986788464585,85.0986788464585,275.2273056455418,3.722042968968454,272.2042968968454,189.18354968756054,2.0108425366211997,101.08425366211998
215.5989161238876,230.99856401585672,-15.399647891969124,0.9333344431919844,107.20968707195635,203.08666057952533,359.5998725581348,95.87697350756898,1.894293940464716,89.42939404647161,252.39018548617844,3.3541733249979613,235.41733249979612,156.51321197860946,1.7706720447910538,77.06720447910538
231.27806535517092,225.60901931515488,5.669046040016042,1.0251277455893593,105.76222867593147,200.42841297833047,379.13998535122676,94.666184302399,1.8950849985628413,89.50849985628413,273.3777566752953,3.5848335468890173,258.4833546889017,178.71157237289628,1.8916478942145687,89.16478942145687
228.43312007998455,221.40319695116452,7.02992312882003,1.031751678501601,101.85713042901823,203.06147593680768,369.83586918089776,101.20434550778945,1.9935911710993697,99.35911710993696,267.9787387518795,3.630927629937773,263.0927629937773,166.77439324409008,1.8213000150554894,82.13000150554895
217.7470499308447,232.37647723606645,-14.629427305221753,0.9370442848638245,96.303662471466,200.09986745854624,378.78176082035446,103.79620498708024,2.0778012208812333,107.78012208812333,282.47809834888847,3.933202030946481,293.3202030946481,178.68189336180822,1.892963576794097,89.29635767940971
223.57213294332672,237.22873538823205,-13.656602444905332,0.9424327646372355,102.47002944376692,192.47564763015112,396.2556254234201,90.0056181863842,1.8783604208465374,87.83604208465374,293.7855959796532,3.867039246249808,286.7039246249808,203.77997779326898,2.058731222896517,105.87312228965172
226.45787987429662,216.14388765204777,10.313992222248856,1.047718176693724,100.41965049540728,198.77406936922478,364.7089314248845,98.3544188738175,1.9794339891505175,97.94339891505174,264.28928092947723,3.6318482450958594,263.18482450958595,165.93486205565972,1.8347912913501514,83.47912913501514
224.9543787538722,211.4140790723456,13.54029968152659,1.0640463480054851,96.18451222422868,182.67638878694035,375.69178572815775,86.49187656271167,1.8992287278130475,89.92287278130475,279.50727350392907,3.9059488585057434,290.5948858505743,193.0153969412174,2.0565973973042335,105.65973973042335
224.3131605344385,221.1545565079563,3.158604026482209,1.0142823375487113,98.38760874869415,198.4625607210973,371.35140609380073,100.07495197240316,2.017149956637516,101.71499566375162,272.96379734510657,3.7743717000209083,277.43717000209085,172.88884537270343,1.8711408577241275,87.11408577241275
218.6653857047422,214.09916086397592,4.566224840766267,1.0213276167096579,110.51660034765378,199.83587208527095,338.79434742015235,89.31927173761717,1.8081977861845564,80.81977861845564,228.27774707249858,3.0655516578903237,206.55516578903237,138.9584753348814,1.6953630190859184,69.53630190859184
211.98642094168713,218.91518568088122,-6.928764739194094,0.9683495472566515,99.60928958034077,195.28953125773705,351.4535890957747,95.68024167739628,1.9605554068350675,96.05554068350675,251.84429951543393,3.5283214103470404,252.83214103470405,156.16405783803765,1.7996540154112879,79.96540154112878
203.67414638687367,216.80940926049567,-13.135262873621997,0.93941562352656,95.91272054914508,188.34720592118748,346.4654070007214,92.4344853720424,1.9637354132258145,96.37354132258145,250.55268645157634,3.6122988172689223,261.22988172689224,158.11820107953395,1.839503831799328,83.9503831799328
204.91782599638933,225.40019886659107,-20.482372870201743,0.9091288606966813,97.48020533832805,193.45030316398757,354.5465287921549,95.97009782565952,1.9845085727155853,98.45085727155853,257.06632345382684,3.6371130688699056,263.71130688699054,161.09622562816733,1.8327525105587779,83.27525105587779
214.09757511081534,206.87812875675678,7.219446354058562,1.034897098100433,102.64571722069654,183.25518444314946,345.56265413751225,80.60946722245292,1.785317394676449,78.53173946764488,242.9169369168157,3.366556964033139,236.65569640331393,162.3074696943628,1.8856910116216374,88.56910116216375
218.61600606624694,198.0303761285048,20.58562993774214,1.1039518802124773,95.7087635799503,191.13509764579211,338.1257120663851,95.42633406584181,1.9970490736318773,99.70490736318773,242.41694848643482,3.532860517876525,253.28605178765253,146.990614420593,1.76904041293867,76.90404129386701
206.9345974491938,227.73810681223432,-20.80350936304052,0.9086516101576597,93.60368517853934,183.00617433619738,375.39919687740553,89.40248915765804,1.9551171942336678,95.51171942336678,281.7955116988662,4.010517279970019,301.0517279970019,192.39302254120815,2.0512925219001974,105.12925219001974
219.4455672855142,227.7645455959516,-8.318978310437416,0.963475534400358,102.67997488463241,190.81256553007134,377.3226289074949,88.13259064543892,1.858323063912526,85.83230639125262,274.6426540228625,3.674744070900302,267.4744070900302,186.51006337742356,1.9774516833275861,97.74516833275861
198.6856908089924,209.89212473719536,-11.206433928202955,0.946608602193939,89.47984482111393,185.54478749774287,337.84209100042483,96.06494267662895,2.073593085333125,107.35930853331249,248.3622461793109,3.775622227282927,277.5622227282927,152.29730350268196,1.8208115439757888,82.08115439757889
222.32583689729682,229.01591988656463,-6.6900829892678075,0.9707876946171187,103.02957146152484,195.75489614689894,378.22816756736836,92.7253246853741,1.8999874829140804,89.99874829140803,275.19859610584354,3.671064163443727,267.1064163443727,182.47327142046942,1.9321517622912343,93.21517622912343
203.00968358671025,204.65455463235116,-1.6448710456409117,0.9919626951445287,93.39541031506465,182.2139445016732,335.88700251185423,88.81853418660856,1.9509946354642458,95.09946354642457,242.49159219678958,3.5963973109466147,259.6397310946615,153.67305801018102,1.8433660685544837,84.33660685544837
207.9912375481984,216.4511265153809,-8.459888967182508,0.9609154773025339,104.97591835259523,189.71714124834887,341.97048649442473,84.74122289575364,1.8072444063896933,80.72444063896933,236.99456814182952,3.2576089055568667,225.76089055568667,152.25334524607587,1.8025281439739222,80.25281439739223
194.24872483053727,242.59845400617905,-48.349729175641784,0.8007005882469049,97.56502270814089,203.69045447132487,354.01529107560873,106.12543176318398,2.087740553094022,108.77405530940219,256.45026836746786,3.6285062130782393,262.8506213078239,150.32483660428386,1.7380062899582085,73.80062899582084
204.70659114297638,233.66903563083756,-28.962444487861177,0.876053562639692,97.91313982907445,195.32184430585306,364.32845602579334,97.40870447677861,1.9948481342424884,99.48481342424884,266.4153161967189,3.720935276529751,272.0935276529751,169.00661171994028,1.865272454909314,86.5272454909314
223.34418293896124,232.26635461307242,-8.922171674111183,0.9615864652933722,106.4954023186346,207.17002624081488,369.750377768601,100.67462392218027,1.9453424441832847,94.53424441832847,263.2549754499664,3.4719844210955384,247.19844210955384,162.58035152778615,1.7847677314999342,78.47677314999342
219.74994629487244,224.80503274186273,-5.055086446990288,0.9775134640655714,101.4776104948787,190.9973721625315,374.3574858976925,89.51976166765279,1.88216268821358,88.216268821358,272.8798754028138,3.6890648495964076,268.90648495964075,183.36011373516104,1.9600138036408614,96.00138036408615
189.70366827182107,223.3350188588196,-33.631350586998536,0.8494129995428148,95.13581199926234,192.08940380396348,332.33281489273526,96.95359180470113,2.019107208602507,101.91072086025068,237.19700289347293,3.493246212008072,249.3246212008072,140.24341108877178,1.730094468052475,73.0094468052475
237.25351600218409,224.12005985837172,13.133456143812367,1.058600092076148,104.7429018252193,207.33551390204502,379.9819480635694,102.59261207682572,1.9794707831182519,97.94707831182518,275.2390462383501,3.627758458493269,262.7758458493269,172.64643416152438,1.8326910856337455,83.26910856337454
201.43030307686675,246.37436498790933,-44.94406191104258,0.8175781724967686,103.30779657939898,202.63403940580537,365.7651661119598,99.32624282640639,1.9614593100925108,96.14593100925109,262.4573695325608,3.5405378705453723,254.05378705453722,163.13112670615442,1.805052927852164,80.50529278521641
196.75774559145083,215.15082998844025,-18.393084396989423,0.9145107439372757,93.5013929282457,187.67978632136976,336.6816841202211,94.17839339312405,2.007240538816335,100.7240538816335,243.1802911919754,3.6008199832765637,260.0819983276564,149.00189779885136,1.7939155341093096,79.39155341093095
197.00597084515,217.33595125993403,-20.329980414784046,0.9064582721039587,95.1270759782821,190.54120862025826,335.8445985590857,95.41413264197617,2.0030176126065267,100.30176126065267,240.71752258080357,3.5304837776760887,253.04837776760886,145.30338993882742,1.762582493262189,76.2582493262189
229.82253048169562,228.83052238702058,0.9920080946750431,1.0043351214004452,105.10565237454298,201.36776211345858,381.5061648150727,96.2621097389156,1.9158604467425453,91.58604467425452,276.4005124405297,3.6297397542006506,262.9739754200651,180.1384027016141,1.8945741900836985,89.45741900836985
219.79790543375557,227.92102020041014,-8.123114766654567,0.9643599578506978,100.57083386724527,189.2934624263399,381.7140921576633,88.72262855909462,1.882190443764338,88.2190443764338,281.14325829041803,3.795475064485699,279.5475064485699,192.4206297313234,2.016520207644257,101.65202076442571
214.07357034657537,222.9142503846644,-8.840680038089033,0.9603404447098676,108.2980035610367,198.0178586311164,349.16586890470654,89.71985507007972,1.8284534536180406,82.84534536180405,240.86786534366985,3.224121012608666,222.4121012608666,151.14801027359013,1.7633049428898269,76.33049428898269
216.1736627288459,222.30797575985616,-6.134313031010265,0.9724062395420453,101.97662850668998,193.66763435264326,362.0781948737198,91.69100584595328,1.8991374512831445,89.91374512831445,260.1015663670298,3.55059978130152,255.059978130152,168.41056052107652,1.869585468341205,86.9585468341205
223.887907129982,227.1185488356189,-3.2306417056368844,0.9857755268242088,104.25741350903128,201.32426102200066,370.92800941736954,97.06684751296937,1.9310306504444499,93.10306504444499,266.67059590833827,3.5578094346762015,255.78094346762015,169.60374839536888,1.842440685163298,84.24406851632979
232.05033163713608,220.81268370741407,11.237647929722016,1.0508922211398524,103.35783373555469,202.76821696576164,373.16847231550895,99.41038323020695,1.9618079214445665,96.18079214445665,269.81063857995423,3.6104517560833944,261.04517560833943,170.4002553497473,1.8403696491473325,84.03696491473325
226.1539261302928,215.7145470498322,10.439379080460611,1.0483944139291126,100.46166205283501,200.19268346192226,362.14836425543024,99.73102140908725,1.9927271694612867,99.27271694612867,261.68670220259526,3.6048414574802514,260.4841457480251,161.95568079350798,1.8089990003271665,80.89990003271666
216.34121040203374,233.58771352163893,-17.246503119605194,0.9261669080980686,108.63032495737261,197.26753119816232,368.9955297299742,88.63720624078971,1.8159526934635577,81.59526934635576,260.3652047726016,3.396800385847791,239.68003858477908,171.72799853181186,1.8705335210958003,87.05335210958003
203.87665682965294,210.90626443647142,-7.029607606818473,0.9666695172587635,100.57266922164276,189.34069067332592,332.26102200421786,88.76802145168317,1.88262568885445,88.26256888544499,231.68835278257512,3.3036909985154983,230.36909985154983,142.92033133089194,1.7548315727731016,75.48315727731017
210.7163474170162,201.09767903713856,9.618668379877647,1.047830827416468,103.4329384237101,188.93879922082624,325.34930203669586,85.50586079711614,1.8266792194073014,82.66792194073014,221.91636361298578,3.145509612265985,214.5509612265985,136.41050281586962,1.7219824799269363,72.19824799269364
204.468755605577,226.2561284612952,-21.78737285571819,0.9037048277812936,111.67251087513354,185.59657660687077,348.818238618304,73.92406573173723,1.6619719137003672,66.19719137003672,237.14572774317048,3.1235819440679955,212.35819440679956,163.22166201143324,1.8794432795878995,87.94432795878994
220.8204164400815,217.69955171134933,3.1208647287321583,1.0143356506901318,94.99690685298319,186.1393039667401,376.64374140742297,91.14239711375691,1.9594248921684208,95.94248921684208,281.6468345544398,3.964800053861914,296.4800053861914,190.50443744068286,2.0234508960811564,102.34508960811564
231.55624373497523,212.49043922782153,19.0658045071537,1.089725469891435,101.16798454025198,194.15578692692432,370.74625297701897,92.98780238667234,1.9191425806221833,91.91425806221834,269.57826843676696,3.6646598690469037,266.46598690469034,176.59046605009465,1.909529758783647,90.95297587836471
210.44377521620189,209.0982051908806,1.3455700253212797,1.0064351103544527,106.94418096018894,179.92185878796715,342.4469308624677,72.97767782777821,1.6823903570306915,68.23903570306915,235.50274990227877,3.2021090608936174,220.21090608936174,162.52507207450054,1.903309209727717,90.33092097277171
222.24743830410432,239.69388822534478,-17.446449921240458,0.9272136221310807,105.984367503646,217.92581010898633,369.0018121815414,111.94144260534033,2.0562071109353877,105.62071109353877,263.0174446778954,3.481662634528128,248.16626345281279,151.0760020725551,1.6932451094113214,69.32451094113215
226.6301518236751,220.8146910157434,5.815460807931714,1.0263363854152128,97.16906459654601,195.7300830010664,378.2681166615153,98.56101840452038,2.0143250716033325,101.43250716033324,281.0990520649693,3.892886262022958,289.2886262022958,182.53803366044892,1.932600808530053,93.2600808530053
217.9019557728546,222.58120948322306,-4.679253710368471,0.9789773192389757,96.01805677626436,204.89151991318585,359.8151711946662,108.87346313692149,2.1338853002473486,113.38853002473486,263.79711441840186,3.747369851829916,274.7369851829916,154.92365128148037,1.7561252478732294,75.61252478732294
199.48677073672826,220.53421413634507,-21.04744339961681,0.9045615507686973,105.8045653933526,182.00982900097134,342.2170829152861,76.20526360761873,1.7202455142111144,72.02455142111144,236.41251752193347,3.234426431818098,223.4426431818098,160.20725391431475,1.880212100597379,88.02121005973791
218.14299825758408,224.27407152788524,-6.131073270301158,0.9726625854315983,100.81030214550465,198.87492136779838,363.94038116490094,98.06461922229373,1.9727638657480866,97.27638657480865,263.1300790193963,3.6101506832070323,261.0150683207032,165.06545979710256,1.829996354803486,82.99963548034862
209.31966011085564,215.3384439928182,-6.018783881962577,0.9720496546257049,102.13978922813692,175.7354024104924,359.1119645168814,73.59561318235549,1.7205381344382271,72.05381344382272,256.9721752887445,3.5158870723218136,251.58870723218138,183.376562106389,2.043481049299605,104.34810492996051
196.32134405664058,217.3454999519367,-21.024155895296104,0.9032685015335246,96.63596350097774,180.50755069326374,343.35675181862433,83.871587192286,1.8679127744345139,86.79127744345139,246.7207883176466,3.5530949284233126,255.30949284233125,162.8492011253606,1.9021739007588112,90.21739007588113
225.87564085932698,229.94285136256588,-4.067210503238897,0.982312081114338,103.75316960214276,203.9778056884111,375.99676304228535,100.22463608626835,1.965991077386791,96.5991077386791,272.2435934401426,3.623954472755887,262.39544727558865,172.01895735387424,1.8433219328608916,84.33219328608916
203.12065536221198,224.80763985679474,-21.68698449458276,0.903530927559234,97.05881141049758,194.76631947510168,350.0673119429108,97.7075080646041,2.006683542119251,100.6683542119251,253.00850053241322,3.6067545733931023,260.67545733931024,155.30099246780912,1.7973708846906784,79.73708846906784
212.00427707945332,204.99715218777752,7.007124891675801,1.034181571874995,88.36680793898925,180.71144586137518,356.4238901004818,92.34463792238593,2.0450149787705705,104.50149787705705,268.05708216149253,4.033458924379911,303.3458924379911,175.71244423910662,1.972337105718786,97.23371057187859
215.84937923884885,220.15443662018123,-4.305057381332375,0.9804452844674685,97.80661585104421,195.08325175366477,361.11585618383606,97.27663590262055,1.9945813486765476,99.45813486765476,263.30924033279183,3.692141406198962,269.21414061989617,166.0326044301713,1.851085897623973,85.1085897623973
216.35936746154596,226.8052207318582,-10.445853270312256,0.953943506077129,106.83258386359209,196.38701041628175,361.5272880102325,89.55442655268966,1.8382688437736951,83.82688437736951,254.6947041466404,3.3840545172233623,238.40545172233624,165.14027759395074,1.8408920592248068,84.08920592248069
214.62506295164005,228.7764968147057,-14.151433863065648,0.9381429733381773,97.22859703510223,193.03109699562916,374.84264561878723,95.80249996052693,1.9853325346856499,98.53325346856498,277.614048583685,3.855271566692036,285.52715666920363,181.81154862315807,1.9418769900441215,94.18769900441215
209.6136220359136,219.32580599897327,-9.712183963059658,0.9557180062837425,103.4014630354713,194.05155213727613,345.95612687958294,90.65008910180484,1.8766809137962375,87.66809137962375,242.55466384411164,3.345756594961375,234.5756594961375,151.9045747423068,1.7828052549399158,78.28052549399158
197.97175633044705,221.1920827133212,-23.220326382874163,0.8950218918415396,98.94373688133423,181.1327605939767,348.6692610903415,82.18902371264248,1.830664237102889,83.06642371028889,249.72552420900723,3.523914419247269,252.39144192472688,167.53650049636477,1.9249375979639098,92.49375979639099
203.48393897909406,213.52633943423032,-10.04240045513626,0.9529687977523285,98.3950030314454,180.578386506675,346.54202808186614,82.1833834752296,1.8352394018318712,83.52394018318712,248.14702505042072,3.521947430309211,252.19474303092107,165.96364157519113,1.9190670311424916,91.90670311424915
225.55032872340686,239.7819957834975,-14.231667060090643,0.9406474743293879,100.7003501104888,212.32521357411528,384.97292307575236,111.62486346362648,2.1084853562192314,110.84853562192313,284.2725729652636,3.8229551600700358,282.2955160070036,172.64770950163708,1.8131286275210636,81.31286275210637
203.42374431558815,218.70848095025258,-15.284736634664426,0.9301136537172462,88.7236668034879,185.71147391143302,358.76319718384013,96.98780710794512,2.093144711013368,109.31447110133678,270.03953038035223,4.043602007325248,304.3602007325248,173.05172327240712,1.9318310798337457,93.18310798337457
216.80722472428505,233.99662157161916,-17.18939684733411,0.9265399785181387,106.78846799870068,204.71564032774322,364.70166111741247,97.92717232904253,1.917020106798742,91.7020106798742,257.9131931187118,3.4151783235793762,241.51783235793764,159.98602078966925,1.7815036532310708,78.15036532310708
212.08344885934613,209.04836198670355,3.03508687264258,1.014518587200581,100.05781991897479,183.97456788729897,347.6653284628008,83.91674796832419,1.8386825541099998,83.86825541099998,247.60750854382601,3.474644248139072,247.46442481390721,163.69076057550183,1.889746677789602,88.9746677789602
238.36927526042587,221.5444470369282,16.82482822349766,1.0759433533474807,103.06627059878329,197.81912362509462,388.9851892221531,94.75285302631133,1.919339105566025,91.9339105566025,285.9189186233698,3.7741269472764363,277.4126947276436,191.1660655970585,1.9663679733985429,96.63679733985428
219.6791561118467,224.29292111146216,-4.613764999615455,0.9794297342209803,99.26707265492429,199.30921138040208,367.3818317996369,100.04213872547778,2.007807886843282,100.7807886843282,268.11475914471265,3.7009435452654342,270.09435452654344,168.07262041923485,1.843275728478254,84.3275728478254
214.0421436802516,228.83370901469104,-14.79156533443944,0.9353610733395497,98.01868383430319,194.40286200266172,371.89223320544914,96.38417816835853,1.983324549953071,98.33245499530709,273.87354937114594,3.794095356698715,279.4095356698715,177.48937120278742,1.9129977273706869,91.29977273706868
225.98892562413937,208.2654256468358,17.72349997730356,1.085100538998528,104.41026669847061,187.81634863442628,359.1549115735658,83.40608193595567,1.798830273816142,79.8830273816142,254.74464487509522,3.4398428711113205,243.98428711113206,171.33856293913954,1.9122664996146859,91.22664996146858
225.66495433525424,227.41490730405337,-1.7499529687991355,0.9923050208557372,100.18036619902657,209.5961406479474,369.84328561198737,109.41577444892084,2.092187806855751,109.21878068557511,269.66291941296083,3.6917741434207403,269.17741434207403,160.24714496403996,1.764551983011951,76.4551983011951
208.784430130759,222.13282964482386,-13.348399514064852,0.9399080291940274,99.08088420588713,192.62279998899254,354.6722054684946,93.54191578310541,1.9440964978545012,94.40964978545013,255.5913212626075,3.579622934445118,257.9622934445118,162.04940547950207,1.8412784233681703,84.12784233681703
213.82563475964355,219.04064163072033,-5.215006871076781,0.9761916015573551,101.60293981311234,201.3225992764368,346.37387549599663,99.71965946332445,1.981464312418007,98.14643124180068,244.77093568288427,3.4090930452712693,240.90930452712692,145.05127621955984,1.7204917716186914,72.04917716186914
198.09467186846462,227.75025068366432,-29.655578815199704,0.8697890398531763,96.70594189346849,186.80721407365436,355.25422786107055,90.10127218018587,1.9317035790772987,93.17035790772988,258.54828596760206,3.673551189361451,267.3551189361451,168.44701378741618,1.901715785563832,90.1715785563832
214.8314835479308,211.97049610420584,2.8609874437249516,1.013497102173684,101.34407113581247,185.3037299210087,353.55516842138366,83.95965878519624,1.828461476277984,82.8461476277984,252.21109728557119,3.4886615907464376,248.86615907464375,168.25143850037495,1.907976534374657,90.79765343746571
214.8032013669871,219.97080433521347,-5.167602968226362,0.9765077780033415,91.47385016285332,183.43099124175367,377.256167148694,91.95714107890035,2.005283377874514,100.52833778745138,285.7823169858407,4.124196876780138,312.41968767801376,193.8251759069403,2.056665368239152,105.66653682391518
218.67351899714933,224.38408902694735,-5.710570029798021,0.9745500224433818,105.70410502092136,202.67770980941285,356.2045972058108,96.97360478849149,1.9174062328922619,91.74062328922619,250.50049218488942,3.3698274739217497,236.98274739217499,153.52688739639794,1.7574927086987826,75.74927086987826
210.87311689018657,214.90986962116588,-4.036752730979316,0.9812165316646688,104.33236650466122,187.24995135977855,347.092161902589,82.91758485511733,1.7947445997154952,79.47445997154952,242.75979539792777,3.326792763653857,232.67927636538568,159.84221054281045,1.8536301845851624,85.36301845851624
222.8246033871831,206.01470439375495,16.809898993428135,1.0815956270834894,101.7133211780851,181.78828407694147,359.7573564163804,80.07496289885637,1.7872613141660851,78.72613141660851,258.0440352382953,3.5369738422610157,253.69738422610158,177.96907233943892,1.9789908807550762,97.89908807550762
187.77562810015817,214.74668440552404,-26.971056305365863,0.8744052492357266,102.36275294613161,180.25320482917428,321.16751098321726,77.89045188304267,1.760925723871773,76.0925723871773,218.80475803708566,3.1375427266227556,213.75427266227555,140.91430615404298,1.781757563132302,78.1757563132302
209.81410033369312,214.8027732231395,-4.988672889446377,0.9767755657220306,104.12914436918197,195.98083426114945,336.81533170491747,91.85168989196748,1.882093965607883,88.2093965607883,232.6861873357355,3.2345923299894244,223.45923299894244,140.83449744376802,1.7186136234939304,71.86136234939305
223.4703719388592,229.97176659652706,-6.501394657667873,0.9717295964027001,97.9675518912973,200.66029995843624,381.5353559533459,102.69274806713894,2.048232257360933,104.8232257360933,283.5678040620486,3.8945074015597467,289.4507401559747,180.87505599490967,1.9013993103387925,90.13993103387925
220.56202842714083,211.88302214493527,8.679006282205563,1.0409613106059477,100.9141310817058,192.27964051017074,355.4738042662376,91.36550942846493,1.9053787457624765,90.53787457624765,254.5596731845318,3.522537433121491,252.25374331214908,163.19416375606687,1.8487334557266069,84.87334557266068
198.34376961936292,227.07853489512422,-28.734765275761305,0.8734589102002424,97.61464262283776,185.45352084015792,355.0652933087349,87.83887821732016,1.8998535041173168,89.98535041173167,257.45065068589713,3.637418360282604,263.7418360282604,169.611772468577,1.914578335855727,91.45783358557269
225.22183481702018,236.19896555933087,-10.977130742310692,0.9535259152540474,103.27402931155221,212.77020116449808,376.08697008847633,109.49617185294586,2.0602488600751983,106.02488600751983,272.8129407769241,3.6416412973867316,264.1641297386732,163.31676892397826,1.7675735043259835,76.75735043259834
212.59014720859594,209.68817404834155,2.9019731602543857,1.013839469838606,105.08037820200003,188.76006587553974,339.5770378078664,83.6796876735397,1.7963398029713886,79.63398029713886,234.4966596058664,3.2315932205257623,223.15932205257621,150.81697193232668,1.7989877055445027,79.89877055445027
205.70948949836006,218.58648840234744,-12.876998903987385,0.9410896849201175,98.65844075499635,197.37405715551475,340.4114689405501,98.7156164005184,2.0005795312097425,100.05795312097425,241.75302818555375,3.45040390194197,245.04039019419702,143.03741178503535,1.724702191597214,72.47021915972141
199.26356801551594,228.4396817509801,-29.176113735464156,0.8722808860884829,92.25071453373691,191.16834722120592,358.1358128948012,98.91763268746901,2.072269555714866,107.2269555714866,265.88509836106425,3.88220096402427,288.220096402427,166.96746567359526,1.8734053942538553,87.34053942538553
209.7277656124553,214.59020796280254,-4.862442350347237,0.9773408004190476,102.42451698539385,184.66146852206316,349.3909748554297,82.23695153666931,1.80290299585593,80.29029958559299,246.96645787003587,3.4112045156654656,241.12045156654656,164.72950633336654,1.892062148383082,89.2062148383082
201.27075806473596,206.97961623086684,-5.708858166130881,0.972418259004968,104.70812979488595,185.15670053421073,322.5107311143074,80.44857073932478,1.768312555070141,76.8312555070141,217.80260131942146,3.0800925558127883,208.00925558127884,137.3540305800967,1.741825870647972,74.18258706479719
219.5416725436518,220.1206269166664,-0.5789543730145965,0.997369831346002,105.80446065488593,183.82428564367814,369.86470289191317,78.01982498879221,1.7373963678457571,73.73963678457571,264.06024223702724,3.4957382760859357,249.57382760859358,186.04041724823503,2.0120557063328,101.20557063327999
207.64488435753444,227.70062257022994,-20.055738212695502,0.9119205824458838,103.78335599561488,190.97460788607057,358.260296509961,87.19125189045569,1.8401275045888836,84.01275045888836,254.4769405143461,3.452001460861397,245.2001460861397,167.28568862389042,1.875957754151734,87.5957754151734
205.1272200938994,225.75794537930145,-20.630725285402036,0.9086157288916682,92.22048578542261,191.38623294481795,362.72102947956074,99.16574715939534,2.075311481118554,107.5311481118554,270.5005436941381,3.9331936542118764,293.3193654211876,171.3347965347428,1.8952305184048606,89.52305184048606
222.06396969873404,228.8301976942615,-6.7662279955274585,0.9704312277675529,103.5546786192417,200.93930057287537,371.8472718973761,97.38462195363367,1.9404174031740797,94.04174031740797,268.2925932781344,3.590830244035758,259.0830244035758,170.90797132450075,1.8505452683334933,85.05452683334933
206.08358129780592,223.04602294744706,-16.962441649641136,0.9239509343161983,106.58991210843335,198.8071912677144,338.2973029917317,92.21727915928103,1.8651595384136248,86.51595384136247,231.7073908832984,3.1738210145776615,217.38210145776614,139.49011172401734,1.7016351412368154,70.16351412368154
215.9421703037525,221.05777596526391,-5.11560566151141,0.9768585129422669,105.1332774429457,210.968699106637,339.3979428539419,105.83542166369129,2.006678610596218,100.6678610596218,234.2646654109962,3.2282636964126628,222.82636964126627,128.42924374730492,1.6087597083887246,60.87597083887246
221.17472034826525,221.91673364077204,-0.7420132925067833,0.9966563436639803,103.10075959279713,201.4162701011895,360.1201512895693,98.31551050839236,1.9535866747897455,95.35866747897455,257.0193916967722,3.4928952290156374,249.28952290156374,158.70388118837982,1.7879397285465002,78.79397285465002
194.08109879507634,210.03478929075632,-15.953690495679979,0.9240426286066595,94.5352324620573,177.19449457435974,334.444105092332,82.65926211230244,1.87437519282008,87.437519282008,239.9088726302747,3.5377720706040963,253.77720706040964,157.24961051797226,1.8874407237973323,88.74407237973323
215.12159286658652,226.36506158564507,-11.24346871905854,0.9503303705956204,96.38288377373557,179.55130037587048,386.2957975287414,83.16841660213491,1.8628961216534836,86.28961216534836,289.91291375500583,4.007929441451381,300.7929441451381,206.7444971528709,2.1514508484208945,115.14508484208945
220.412903584005,235.5510917750863,-15.138188191081298,0.9357328888734855,106.99663221310193,204.82817116089166,372.12118966464317,97.83153894778972,1.9143422267061792,91.43422267061791,265.12455745154125,3.4778775926657275,247.78775926657275,167.2930185037515,1.8167480945399037,81.67480945399038
227.77299891813522,203.66140224254892,24.1115966755863,1.1183906052403134,104.66389661297688,199.4931703483688,342.99453477968046,94.82927373539192,1.9060361481289851,90.60361481289851,238.33063816670358,3.27710457836283,227.710457836283,143.50136443131166,1.719329710288927,71.9329710288927
217.39513674926974,227.1085011385191,-9.713364389249364,0.9572302915102022,105.13482567498575,197.90526465148812,363.7153665052094,92.77043897650238,1.8823949474486532,88.23949474486533,258.58054083022364,3.4595136689492465,245.95136689492466,165.81010185372125,1.8378256240212378,83.78256240212379
219.8831715709247,222.25065954178032,-2.3674879708556205,0.9893476672882019,100.79306261413343,197.47779449538268,364.9298895595414,96.68473188124925,1.959239945425489,95.9239945425489,264.13682694540796,3.620585386482443,262.05853864824434,167.4520950641587,1.8479540471476856,84.79540471476857
225.44465299222367,216.95450373167324,8.490149260550425,1.039133316499624,100.94618373100302,198.8785803031751,363.7739710516673,97.9323965721721,1.9701446152054451,97.01446152054451,262.82778732066424,3.6036426302259854,260.36426302259855,164.89539074849216,1.8291259445694041,82.91259445694041
219.53149836714803,218.77456195475378,0.7569364123942535,1.0034598922545246,102.46949501604186,195.6135666607078,359.376028806103,93.14407164466593,1.9089931752867912,90.89931752867912,256.9065337900612,3.507151360020285,250.71513600202852,163.76246214539523,1.8371733358834033,83.71733358834032
233.7692190061111,213.66819611132246,20.101022894788628,1.094075876806279,103.09218082800116,204.00474539760427,364.0591964505449,100.9125645696031,1.978857598695729,97.88575986957291,260.9670156225437,3.531394849992947,253.1394849992947,160.05445105294064,1.7845623921198268,78.45623921198268
223.90341202925785,219.34617798869402,4.557234040563827,1.0207764460833173,97.76888309298222,196.3823723087656,370.7231296251799,98.61348921578339,2.008638803022818,100.8638803022818,272.9542465321977,3.7918314897042142,279.1831489704214,174.3407573164143,1.8877617439222296,88.77617439222296
224.6170376175501,243.09274627972547,-18.47570866217538,0.9239972852134573,108.14905658416062,209.7353318465225,383.68028741523034,101.5862752623619,1.9393172577821645,93.93172577821645,275.5312308310697,3.5476988846098143,254.76988846098143,173.94495556870783,1.8293545681468446,82.93545681468446
225.05381537299317,232.36694672346783,-7.313131350474663,0.9685276608674565,101.65611816945602,210.06751425482403,374.40751072041144,108.41139608536801,2.066452251350492,106.64522513504919,272.7513925509554,3.683078967232366,268.3078967232366,164.3399964655874,1.7823198986694986,78.23198986694986
216.19320770109576,245.73423962107958,-29.541031919983823,0.8797846325138252,101.58266356150692,200.5475067058073,390.7610007159488,98.96484314430039,1.9742296537083666,97.42296537083665,289.17833715444186,3.8467292253992564,284.67292253992565,190.2134940101415,1.9484709988899276,94.84709988899276
209.3730457760116,227.73891808145893,-18.36587230544734,0.919355582874605,99.78713274493433,191.52029306970388,364.36051997156767,91.73316032476956,1.9192884673743307,91.92884673743306,264.5733872266334,3.6513777873837583,265.1377787383758,172.8402269018638,1.9024642983339553,90.24642983339552
205.26048915466936,216.38924827201805,-11.128759117348693,0.948570646618454,94.96671248067814,188.601463284546,348.906430374807,93.63475080386787,1.9859744362838583,98.59744362838583,253.93971789412882,3.6739866134230477,267.39866134230476,160.30496709026096,1.8499667197619052,84.99667197619051
205.32959857546652,217.4967442101632,-12.16714563469668,0.9440582631299539,94.72796017902719,192.49910499790673,347.01244900151073,97.77114481887953,2.032125516416705,103.21255164167052,252.28448882248352,3.6632526272674815,266.3252627267481,154.513344003604,1.802670454001769,80.26704540017691
224.2770820347306,220.08300807989616,4.194073954834437,1.0190567822178798,98.65470059521596,200.48492479832507,367.400509778399,101.83022420310911,2.0321882646111558,103.21882646111558,268.74580918318304,3.7241054664577766,272.4105466457777,166.91558498007393,1.83255928169153,83.255928169153
218.53410370236486,218.46681655756194,0.06728714480291842,1.000307997094768,100.19151070218646,190.69861878900332,364.6112508987004,90.50710808681686,1.9033410860112097,90.33410860112096,264.41974019651394,3.6391431603670146,263.91431603670145,173.91263210969709,1.9119763594204164,91.19763594204164
218.31337767217377,228.2280930614583,-9.914715389284538,0.9565578660528234,103.71337782418169,198.7752355889311,367.32359268733535,95.06185776474942,1.916582409705153,91.6582409705153,263.61021486315366,3.5417185361567753,254.17185361567755,168.54835709840424,1.847934384779016,84.79343847790159
204.99685482816392,204.54926501782663,0.4475898103372913,1.002188176087058,100.65603966922302,176.91993436796972,336.7432057317932,76.2638946987467,1.7576683421021326,75.76683421021326,236.08716606257016,3.3454843528356806,234.54843528356807,159.82327136382347,1.9033649709105844,90.33649709105845
215.0661948776269,237.537349453028,-22.4711545754011,0.9053994892712875,99.44377779377628,199.37343644306202,380.0881022591441,99.92965864928574,2.0048859854913905,100.48859854913906,280.6443244653678,3.8221406174588433,282.21406174588435,180.71466581608206,1.9064129557083267,90.64129557083267
205.42961643329727,215.70747854529975,-10.277862112002481,0.9523527780245965,100.6927135248166,188.0100954631476,343.0028334799314,87.317381938331,1.8671668374177925,86.71668374177925,242.31011995511477,3.4064315229263866,240.64315229263866,154.9927380167838,1.824385188651555,82.4385188651555
221.2881116994134,203.0450043138332,18.243107385580203,1.0898476052007813,94.91891559702998,191.43010597074286,350.1506524520971,96.51119037371288,2.0167751050111313,101.67751050111313,255.23173685506714,3.688944929992999,268.89449299929987,158.72054648135426,1.8291305365813895,82.91305365813895
189.6074530396307,220.40228758665444,-30.794834547023726,0.8602789704035342,96.07725329319138,182.0537882116059,336.8835694346305,85.97653491841453,1.8948687849770924,89.48687849770924,240.8063161414391,3.5063821860788367,250.63821860788366,154.82978122302458,1.8504617385003923,85.04617385003922
216.1520567291045,219.39594438584479,-3.2438876567402986,0.9852144593382484,102.49375827933348,197.40658234264353,353.42166105044686,94.91282406331005,1.926035162108481,92.6035162108481,250.9279027711134,3.448226184537422,244.82261845374217,156.01507870780333,1.7903235892965517,79.03235892965516
206.99103797988337,210.3508207271164,-3.3597827472330266,0.9840277174311974,100.01896078717293,181.44211960138762,344.5517076719389,81.42315881421469,1.8140772326906331,81.40772326906331,244.53274688476597,3.4448639034062674,244.48639034062674,163.1095880705513,1.8989620956197422,89.89620956197422
229.67341855290448,223.8033676349967,5.870050917907776,1.0262286085322956,94.50808950160246,200.84656778795468,384.8605219922946,106.33847828635223,2.1251785836232484,112.51785836232484,290.35243249069214,4.0722495187649415,307.2249518764942,184.0139542043399,1.9161916792056615,91.61916792056614
228.33243063045484,206.35867163653683,21.97375899391801,1.1064833322469763,102.83918063791413,194.66458287638702,354.53288988618647,91.82540223847289,1.8929028962393275,89.29028962393275,251.69370924827234,3.447449577943053,244.74495779430532,159.86830700979945,1.8212500941237812,82.12500941237812
219.27794196761639,238.05172993691576,-18.773787969299377,0.9211356793152712,96.64051748692377,199.36623533114582,389.9877550387286,102.72571784422205,2.062967381751879,106.2967381751879,293.3472375518048,4.035447710547463,303.5447710547463,190.6215197075828,1.9561374291437157,95.61374291437157
252.69963354601578,216.08488588608475,36.61474765993103,1.1694461299770569,106.33750339746399,210.15015827973875,386.68911747094796,103.81265488227476,1.9762562742727563,97.62562742727563,280.351614073484,3.636432162842841,263.6432162842841,176.53895919120922,1.8400610336738914,84.00610336738914
216.04430298416824,215.80040120097485,0.24390178319339384,1.0011302193222813,100.64272479510072,185.88713937960298,361.237192103011,85.24441458450227,1.8470002651264859,84.70002651264859,260.5944673079103,3.5893025833556926,258.93025833556925,175.35005272340803,1.9433146010457614,94.33146010457614
215.36395426683876,204.7949817024723,10.568972564366447,1.0516075759108254,101.39486646418962,184.20896292778457,344.63457456199245,82.81409646359495,1.816748414899713,81.6748414899713,243.23970809780283,3.3989351392233416,239.89351392233417,160.42561163420788,1.8708892829340749,87.08892829340749
219.0693577650948,226.28754837052327,-7.218190605428475,0.9681016889466255,102.16125093656987,199.46023621052709,366.4138720563302,97.29898527395721,1.952405969797379,95.2405969797379,264.2526211197603,3.58662280167096,258.662280167096,166.95363584580312,1.8370271639986742,83.70271639986741
237.02187073695276,231.3239385116429,5.69793222530987,1.0246318312837437,102.77009405603994,204.29219696094032,395.45642285591316,101.52210290490038,1.9878564755379222,98.78564755379222,292.6863287998732,3.8479717907066724,284.79717907066726,191.16422589497284,1.9357392437828769,93.57392437828769
224.36748660338847,226.72482965805537,-2.3573430546668988,0.9896026250930601,98.03393641377758,204.6208456102755,373.9836923681127,106.58690919649791,2.0872450204041617,108.72450204041617,275.94975595433516,3.814839085820423,281.48390858204226,169.36284675783722,1.827691070539356,82.76910705393561
204.15646330893654,223.47822536982514,-19.321762060888602,0.9135407396899013,107.20056902218825,189.5582280027824,344.69323599317187,82.35765898059417,1.768257666277386,76.82576662773859,237.49266697098363,3.2154049100413604,221.54049100413604,155.13500799038945,1.818402923602516,81.84029236025161
215.99934892221103,231.70363734621858,-15.704288424007558,0.9322225209587809,103.09526334583774,209.05695436646997,359.40226169033673,105.96169102063223,2.027803679643156,102.7803679643156,256.306998344499,3.4861180817270485,248.61180817270485,150.34530732386676,1.7191595600322216,71.91595600322216
213.5614890249328,231.41325451304056,-17.85176548810776,0.9228576361121883,99.02365955175601,195.2947148804773,373.1437408747267,96.27105532872129,1.9722025601205333,97.22025601205333,274.1200813229707,3.768228144302203,276.8228144302203,177.8490259942494,1.910669938523913,91.06699385239129
208.73116550128705,208.16412563328342,0.5670398680036328,1.0027240037940186,96.76292471515968,178.3144079615992,350.2656040250968,81.5514832464395,1.8427967993578327,84.27967993578326,253.50267930993715,3.6198327516057534,261.9832751605753,171.95119606349763,1.9643146508975768,96.43146508975768
195.22921438118118,233.08201162040103,-37.85279723921985,0.837598804918214,101.5630094624755,184.46365329918729,356.4401762407104,82.90064383671178,1.8162483986587763,81.62483986587763,254.87716677823488,3.5095472074643905,250.95472074643905,171.97652294152311,1.9323057408094866,93.23057408094866
194.45471605642402,229.63889952094655,-35.18418346452253,0.8467847410089456,95.20826255782193,194.4603004842598,346.4718603239741,99.25203792643786,2.042472945729475,104.24729457294748,251.2635977661522,3.6390944547859454,263.90944547859453,152.01155983971432,1.781709991505534,78.17099915055341
228.92600456306664,208.25141931280413,20.67458525026251,1.0992770436738692,103.12575864016381,189.35467819709535,363.285698976547,86.22891955693154,1.836153068777023,83.6153068777023,260.1599403363832,3.5227444992105026,252.27444992105026,173.93102077945164,1.9185462035345673,91.85462035345672
214.28852280338282,224.14529010959325,-9.856767306210429,0.9560250973759428,106.56831570813046,199.09040762330474,351.9919960380289,92.52209191517429,1.8681951225406808,86.81951225406807,245.42368032989845,3.30297043449636,230.297043449636,152.90158841472416,1.7680007803491287,76.80007803491287
221.90205784737378,225.0879271078839,-3.185869260510117,0.9858461122218113,103.15402958468816,196.22076288737014,371.11018496082824,93.06673330268198,1.9022113210446652,90.22113210446652,267.9561553761401,3.59763148812477,259.763148812477,174.8894220734581,1.891289074101928,89.1289074101928
229.7128641118404,238.07932120307197,-8.366457091231581,0.9648585309763408,106.64039574517203,207.38089422332501,387.6669880038715,100.74049847815299,1.9446748370934646,94.46748370934645,281.02659225869945,3.635273343604621,263.5273343604621,180.28609378054648,1.8693476535326317,86.93476535326316
197.30689354971747,224.40590419271916,-27.09901064300169,0.8792410977755329,97.76552239072741,189.8311547933578,344.97251942956973,92.06563240263038,1.9416983630965834,94.16983630965834,247.2069970388423,3.5285703077498076,252.85703077498076,155.14136463621193,1.8172597633148906,81.72597633148906
205.9491779151147,217.03323806685688,-11.084060151742193,0.9489292043446002,97.40771142780733,190.31176892164166,346.75414362350847,92.90405749383433,1.9537649138044801,95.37649138044802,249.34643219570114,3.5598223029857503,255.98223029857502,156.4423747018668,1.8220320560746817,82.20320560746816
217.19577700664337,211.94876555185382,5.2470114547895434,1.0247560368711175,98.69840271264252,186.22094888587787,358.79746223922547,87.52254617323536,1.88676760482188,88.676760482188,260.09905952658295,3.6352914776529226,263.52914776529224,172.5765133533476,1.926729857117783,92.67298571177831
215.25056603529336,214.3926437900879,0.857922245205458,1.0040016403083563,100.31621968483334,191.04589942473055,353.102695628508,90.72967973989721,1.9044367902313857,90.44367902313857,252.78647594367465,3.5198963511370542,251.98963511370542,162.05679620377745,1.8482610550226732,84.82610550226732
213.75720403057323,220.62254496284518,-6.865340932271948,0.9688819611185786,96.85312693326301,188.38848580598219,366.32801075088236,91.53535887271917,1.945094513425384,94.50945134253841,269.47488381761934,3.7823044268183716,278.2304426818372,177.93952494490017,1.9445350345251822,94.45350345251822
201.73685390718103,220.59718170680708,-18.86032779962605,0.9145033148034816,90.22311585158296,186.1057189717122,357.17221859768705,95.88260312012925,2.062727685861084,106.27276858610841,266.9491027461041,3.958766167921261,295.87661679212613,171.06649962597484,1.9191899129761654,91.91899129761654
226.20676428378422,223.89966589811456,2.3070983856696614,1.0103041618057595,99.77399682819896,197.7597844711469,377.62586397350236,97.98578764294794,1.9820774025086902,98.20774025086902,277.8518671453034,3.784812435886848,278.4812435886848,179.86607950235546,1.9095179790135637,90.95179790135637
224.5056325847452,235.0136721635739,-10.508039578828686,0.955287539307437,100.96314041138726,214.65302068841606,373.6627960226753,113.6898802770288,2.126053328113456,112.60533281134562,272.69965561128805,3.7009823040382694,270.09823040382696,159.00977533425925,1.7407758568889329,74.0775856888933
215.25619486169256,232.9309241579998,-17.674729296307248,0.9241202972074319,98.143140714285,206.36688422895065,367.77065358630296,108.22374351466566,2.1027132688745653,110.27132688745654,269.627512872018,3.7472884086414098,274.728840864141,161.4037693573523,1.7821204936073236,78.21204936073237
204.78047966533606,232.69948023341536,-27.919000568079298,0.8800212164630776,101.57460136971278,187.59888597830326,367.04645250011106,86.02428460859048,1.846907430091485,84.69074300914849,265.47185113039825,3.613565276659367,261.3565276659367,179.4475665218078,1.9565492118250734,95.65492118250734
200.31630979857286,215.50504960693868,-15.188739808365824,0.9295202602627238,102.79769089649275,188.2865049108552,332.6478433009193,85.48881401436245,1.831621929138869,83.16219291388688,229.85015240442655,3.235946648216673,223.5946648216673,144.3613383900641,1.7667110208371672,76.67110208371672
186.02893781623638,209.53838122257608,-23.5094434063397,0.8878036411793815,98.13400775118095,178.4413979202385,316.7755728867991,80.30739016905756,1.8183441399099605,81.83441399099604,218.64156513561818,3.227989767726439,222.7989767726439,138.33417496656062,1.7752358846033844,77.52358846033844
224.80001859507612,228.27000575597378,-3.4699871608976594,0.9847987599185187,102.8447019326982,206.10296559367785,370.65736900019874,103.25826366097965,2.004021225405973,100.40212254059728,267.81266706750057,3.6040492318482067,260.4049231848207,164.5544034065209,1.7984087125215462,79.84087125215463
227.46880725447727,223.2108017793365,4.258005475140777,1.0190761622699165,97.41746853099188,198.22263615364045,380.3793088660883,100.80516762264857,2.034775067990798,103.4775067990798,282.96184033509644,3.9046314239327256,290.46314239327256,182.15667271244786,1.918949905253303,91.8949905253303
218.44238649229416,219.35965476107611,-0.9172682687819531,0.9958184276421248,102.24020822341177,192.2411766789027,362.22167697774097,90.00096845549092,1.880289369704959,88.02893697049589,259.98146875432917,3.542849562534406,254.2849562534406,169.98050029883828,1.8842044313053385,88.42044313053385
203.8184098024014,224.81762649348875,-20.999216691087355,0.9065944382626264,99.85162172543657,189.28096335546755,353.82146936293105,89.42934163003098,1.8956223252531252,89.56223252531252,253.96984763749447,3.5434724368908,254.34724368908,164.5405060074635,1.8692924163665539,86.92924163665539
224.32093065964796,225.07200488703063,-0.7510742273826736,0.9966629602479453,101.10418876431882,186.1482687891652,386.8369457665339,85.04408002484638,1.8411528846059018,84.11528846059018,285.73275700221507,3.8261218500875254,282.61218500875253,200.68867697736871,2.078111971079743,107.81119710797431
213.52470070018842,218.5196056787393,-4.994904978550892,0.9771420739890303,95.68628144167546,183.70896014232878,368.67121798438734,88.02267870065332,1.9199090755168136,91.99090755168136,272.98493654271186,3.8529161383401327,285.2916138340133,184.96225784205856,2.006822191463926,100.68221914639261
217.43996707024718,205.6155685235384,11.824398546708778,1.057507311492102,107.15723255052428,189.3560146237236,338.0700562164305,82.19878207319933,1.7670857124314299,76.70857124314298,230.91282366590622,3.1548972306375265,215.48972306375265,148.71404159270688,1.7853674037670368,78.53674037670369
217.83279475698774,216.11274017968054,1.7200545773071951,1.0079590614411584,104.98984382072666,191.1638982417895,354.76456034248616,86.17405442106283,1.8207846710221576,82.07846710221575,249.7747165217595,3.3790369375942437,237.90369375942439,163.60066210069667,1.8558135903556954,85.58135903556953
232.32231135238268,236.97086217120838,-4.648550818825697,0.9803834497784493,106.39884895183886,212.5936756013086,384.9472357322391,106.19482664946975,1.9980824764141814,99.80824764141813,278.5483867804003,3.6179642874377747,261.7964287437775,172.3535601309305,1.8107181911382768,81.07181911382769
196.078877304202,222.00709725455408,-25.928219950352087,0.8832099501727969,96.12029159605864,189.14821945883517,341.8604507832403,93.02792786277654,1.9678281902610364,96.78281902610364,245.7401591871817,3.556589822052289,255.6589822052289,152.71223132440514,1.8073680617312937,80.73680617312937
221.19443452735393,223.8730258318208,-2.678591304466863,0.9880352208823984,96.64727057838941,199.35396667567534,371.5999532846974,102.70669609728593,2.0626962922246395,106.26962922246395,274.952682706308,3.844908925630727,284.4908925630727,172.24598660902205,1.8640208644016867,86.40208644016867
209.9910796456263,219.95809207233384,-9.967012426707555,0.9546867663162405,100.09903540466937,193.73365798371242,351.0910641885584,93.63462257904305,1.9354198289774451,93.54198289774452,250.99202878388903,3.50743703742205,250.74370374220499,157.35740620484597,1.8122357665805047,81.22357665805046
214.47015202879322,221.98568854754927,-7.5155365187560506,0.9661440493397112,101.78319796900648,185.747992376217,367.1525705192903,83.96479440721053,1.824937672254887,82.4937672254887,265.3693725502838,3.6072021497211177,260.72021497211176,181.40457814307328,1.9766166289197542,97.66166289197542
201.31660043552975,218.7416788147367,-17.42507837920695,0.9203394685748704,98.99923944182201,196.56431890606737,334.52386052751035,97.56507946424536,1.98551342428828,98.551342428828,235.52462108568835,3.3790548534880105,237.90548534880105,137.95954162144298,1.7018544484025608,70.18544484025608
213.2362473675263,210.7751860336636,2.4610613338626877,1.0116762384613416,100.73053461951585,188.06512729953835,347.2214881827307,87.3345926800225,1.8670121032307319,86.70121032307318,246.49095356321484,3.447033111600888,244.7033111600888,159.15636088319235,1.8462832167161862,84.62832167161862
189.32187764460076,210.4071903067437,-21.08531266214294,0.899788060325298,91.3975295561178,192.56696177623945,315.62911059465944,101.16943222012165,2.1069164857240907,110.69164857240908,224.23158103854163,3.45336588557204,245.33658855720398,123.06214881841998,1.6390615902296717,63.90615902296717
206.24832864073764,216.40540139949786,-10.157072758760222,0.9530646060908173,94.69948436292263,189.78066553672824,349.5004451607024,95.0811811738056,2.0040306112905553,100.40306112905553,254.80096079777974,3.6906266967757757,269.06266967757756,159.71977962397415,1.8416019575664497,84.16019575664497
212.82762845158658,231.07493201554894,-18.24730356396236,0.921032959288139,103.90675523525945,193.01638957031375,368.93069589513004,89.1096343350543,1.8575923108492571,85.75923108492572,265.0239406598706,3.5505939441552115,255.05939441552115,175.9143063248163,1.9113956939948493,91.13956939948493
199.19430967126073,221.8317856750283,-22.637476003767574,0.8979520633849548,94.68130208091745,193.83204432675586,343.02579661176014,99.15074224583842,2.047205098226271,104.72050982262711,248.3444945308427,3.6229518296928376,262.29518296928376,149.19375228500428,1.7697063341781518,76.97063341781518
230.06090820357605,224.48861781463384,5.572290388942207,1.0248221510880493,99.26818060383735,197.77774832981436,384.778360093663,98.509567725977,1.9923579451819728,99.23579451819728,285.51017948982565,3.876150018597086,287.6150018597086,187.00061176384867,1.9455088519463084,94.55088519463084
214.93611242515166,220.9072830574662,-5.971170632314539,0.9729697882764634,96.54518753022165,194.40684566777955,362.81306002592555,97.8616581375579,2.013635797298795,101.36357972987949,266.2678724957039,3.757961109271798,275.7961109271798,168.406214358146,1.866256606240781,86.62566062407811
202.68041415328955,223.4652173896404,-20.784803236350854,0.906988642442238,97.88345411489055,185.18660313790787,356.14839006159644,87.30314902301731,1.891909156787064,89.1909156787064,258.2649359467059,3.6384943020458578,263.84943020458576,170.96178692368858,1.9231865805993207,92.31865805993206
226.57818297292573,231.4254931411787,-4.84731016825296,0.9790545540058722,106.07836280213868,206.25196055466137,374.6751908143566,100.17359775252268,1.9443358202970213,94.43358202970214,268.5968280122179,3.5320604590515288,253.20604590515288,168.42323025969523,1.8165897177741461,81.6589717774146
216.6588834459538,218.21892544373713,-1.560041997783344,0.9928510233720055,102.65510804304168,195.62913668326672,354.03246860822804,92.97402864022504,1.9056931546089504,90.56931546089504,251.37736056518636,3.448756475515936,244.8756475515936,158.40333192496132,1.8097123701027429,80.9712370102743
246.60007409000565,230.42419565707996,16.175878432925686,1.0702004335386672,105.1203990727322,218.34439577400906,392.0716097738871,113.22399670127686,2.0770887258802913,107.70887258802912,286.9512107011549,3.7297385971928723,272.97385971928725,173.72721399987802,1.7956568492817615,79.56568492817615
221.31348979898678,216.98751439316433,4.325975405822447,1.0199365176283097,105.99377514910128,186.2454594574247,365.2122716817008,80.2516843083234,1.7571358242069732,75.71358242069732,259.21849653259954,3.445601132405722,244.56011324057218,178.96681222427614,1.9609190621110824,96.09190621110824
197.8643645189769,222.3025178503748,-24.4381533313979,0.890068031762706,95.47719419187747,187.31845111193707,347.4546782502131,91.84125692005959,1.9619182643290622,96.19182643290623,251.97748405833562,3.6391379238893897,263.913792388939,160.136227138276,1.8548876321990426,85.48876321990426
216.52025571508773,230.58993519197983,-14.069679476892105,0.9389839826912729,101.62164363419564,194.67489388912176,374.3687488372839,93.05325025492613,1.9156833812872296,91.56833812872296,272.74710520308827,3.6839469964182805,268.394699641828,179.6938549481621,1.9230458605027303,92.30458605027303
226.47302168546676,206.63728415547018,19.835737529996578,1.0959930228035348,100.82578305305863,195.37634395164272,353.46333175670406,94.5505608985841,1.937761731528807,93.77617315288069,252.63754870364545,3.50568397342074,250.56839734207398,158.08698780506134,1.80914088475414,80.91408847541399
217.31025548799292,223.70042828145145,-6.390172793458532,0.9714342397886755,97.5930461494487,191.9539163361942,371.9690631685237,94.3608701867455,1.9668810833329906,96.68810833329906,274.376017019075,3.8114299926545017,281.14299926545016,180.0151468323295,1.9378039806025382,93.78039806025382
213.1289283663758,207.6951130036478,5.433815362727984,1.0261624613316374,101.7632723099407,186.71382279708905,342.75896694800565,84.95055048714835,1.834785955274848,83.4785955274848,240.99569463806495,3.36819914658467,236.81991465846698,156.0451441509166,1.8357450016997316,83.57450016997316
206.20034203196394,223.8903311360151,-17.689989104051165,0.9209881506972967,94.38487201534736,188.6022888597063,362.14884887691494,94.21741684435895,1.9982258261582304,99.82258261582304,267.7639768615676,3.836937436520845,283.6937436520845,173.54656001720863,1.9201720777964841,92.01720777964842
228.57866414886666,227.42467657167566,1.1539875771910033,1.005074152878161,105.28872847252917,208.7764342340552,369.93984837422914,103.48770576152602,1.9828944395365828,98.28944395365828,264.6511199017,3.5135750401881807,251.35750401881808,161.16341414017396,1.7719425553532386,77.19425553532386
209.398395467305,226.24422132648616,-16.84582585918116,0.9255414093654509,97.35818995967512,199.83832256379077,356.26741266722087,102.48013260411565,2.052609263242897,105.26092632428971,258.9092227075457,3.659347126469623,265.93471264696234,156.4290901034301,1.7827782384106836,78.27782384106837
195.08697698263498,215.0746407637189,-19.98766378108391,0.9070663853715679,95.29208463209287,184.58499175343243,335.3653502340056,89.29290712133957,1.9370443249938845,93.70443249938845,240.0732656019127,3.519341102976142,251.9341102976142,150.78035848057314,1.816861420033459,81.68614200334589
217.50281886650257,229.0552017526074,-11.552382886104823,0.949565070787687,108.83007533859742,195.92011306883373,365.08684252123385,87.0900377302363,1.800238697430628,80.02386974306279,256.2567671826364,3.354650278292631,235.4650278292631,169.16672945240012,1.8634474878695368,86.34474878695369
217.38211076636966,227.25347145698075,-9.871360690611084,0.9565623326793503,96.57321268397381,202.37670270959362,368.0034579414582,105.80349002561981,2.095578029197922,109.55780291979221,271.4302452574844,3.810616295283794,281.0616295283794,165.62675523186456,1.818408211095007,81.84082110950071
228.35457501547907,226.93299609132336,1.4215789241557104,1.006264311266501,104.705438639266,200.92050537712458,377.3054126438131,96.21506673785858,1.9189118348411807,91.89118348411807,272.5999740045471,3.6034939306611937,260.3493930661194,176.38490726668851,1.8778840513844859,87.78840513844858
208.61798308892807,230.21262226615391,-21.594639177225844,0.906196980145338,95.02561543663538,191.88226034213412,371.33803225385356,96.85664490549874,2.0192687988438687,101.92687988438686,276.31241681721815,3.9077677166055063,290.77677166055065,179.45577191171944,1.9352389928685554,93.52389928685554
194.53843505580627,225.06788326495527,-30.529448209148995,0.864354488226963,99.81310374880239,191.1435758204169,338.452797911923,91.33047207161452,1.9150148491671402,91.50148491671402,238.63969416312062,3.39086537939648,239.08653793964797,147.30922209150611,1.7706731521539911,77.0673152153991
226.05953733018572,221.19618333739496,4.863353992790763,1.021986608988513,112.95221772761299,195.9805143576912,361.9508489160669,83.0282966300782,1.7350745146970283,73.50745146970283,248.99863118845388,3.2044598698267275,220.44598698267274,165.9703345583757,1.8468716142639425,84.68716142639425
207.72176165209504,221.4466293569294,-13.724867704834367,0.9380217809379591,104.35149352413269,187.13779814340995,352.263294845994,82.78630461927726,1.7933408696266702,79.33408696266702,247.91180132186128,3.375737931000751,237.5737931000751,165.12549670258403,1.8823738354345863,88.23738354345862
202.61273183604163,218.83736769784423,-16.224635861802597,0.9258598472807237,98.1392087395709,188.6936266268467,345.3423139344111,90.5544178872758,1.9227139595915979,92.27139595915979,247.2031051948402,3.5189025708454174,251.89025708454173,156.6486873075644,1.8301747658777412,83.01747658777413
233.18846437266714,220.39285470294547,12.79560966972167,1.0580581874442714,103.29910516144685,204.02587104348078,373.0470024084913,100.72676588203393,1.9750981455706456,97.50981455706456,269.7478972470445,3.611328499171931,261.13284991719314,169.02113136501055,1.8284298971525517,82.84298971525517
205.96434280353242,223.112835166713,-17.148492363180594,0.9231398213806615,96.41683097509689,188.33985291875115,358.8590830615201,91.92302194365426,1.953391861296465,95.33918612964649,262.4422520864232,3.7219547607223094,272.1954760722309,170.51923014276895,1.9053804996668977,90.53804996668977
235.9526868019301,221.6590823760436,14.293604425886485,1.064484632313137,104.01878346011716,197.73300553427364,384.6658647725698,93.71422207415648,1.9009355710268265,90.09355710268265,280.64708131245266,3.6980423340565047,269.80423340565045,186.93285923829617,1.9453801540779925,94.53801540779925
212.4727813060715,218.07341215162384,-5.600630845552331,0.9743176814161174,102.09101564230508,182.73882601371645,360.9894485305215,80.64781037141137,1.7899599182554518,78.99599182554518,258.8984328882164,3.5359570698690606,253.59570698690607,178.25062251680504,1.9754392452068477,97.54392452068477
224.2705281289776,218.603506873741,5.667021255236591,1.0259237435678912,96.29872209559939,195.48921184635685,372.5231185621216,99.19048975075746,2.0300291384166793,103.00291384166793,276.22439646652225,3.868411859009965,286.8411859009965,177.03390671576477,1.9055942527145853,90.55942527145852
218.577043043767,230.15826479654777,-11.581221752780777,0.949681486506608,107.12659999776449,207.85675854778054,358.11960321492717,100.73015855001606,1.9402908199468487,94.02908199468487,250.99300321716268,3.342956868064518,234.2956868064518,150.26284466714662,1.7229153659326661,72.29153659326661
210.0191441103858,211.0397152494559,-1.0205711390700856,0.9951640801928503,98.57787328640718,188.82609061300877,344.1843251403467,90.24821732660159,1.91550176847897,91.55017684789699,245.60645185393952,3.491496759524898,249.1496759524898,155.3582345273379,1.82275830645532,82.27583064553201
213.4793636372884,203.26424743294166,10.215116204346742,1.050255351510928,93.4009908575332,185.54079137468167,346.1736343731302,92.13980051714847,1.9864970346801947,98.64970346801947,252.772643515597,3.7063165090096017,270.63165090096015,160.63284299844852,1.8657548661311143,86.57548661311142
204.4218502221858,213.56379404717748,-9.141943824991671,0.9571933816507673,97.65949656751799,189.6281650092805,339.6908048272465,91.96866844176252,1.9417278572409897,94.17278572409897,242.03130825972852,3.478318205259203,247.8318205259203,150.062639817966,1.7913520642390957,79.13520642390957
198.46060176092791,211.45231602105514,-12.991714260127225,0.9385596029185437,99.94816137890935,176.51039547918177,338.4108198148835,76.56223410027242,1.7660194349150706,76.60194349150706,238.46265843597416,3.3858633830386156,238.58633830386157,161.90042433570173,1.9172288345747706,91.72288345747705
223.90488788482799,226.15177984055248,-2.246891955724493,0.9900646726843864,108.91573753881843,201.62882295264467,364.54044109660754,92.71308541382624,1.8512368139708235,85.12368139708235,255.6247035577891,3.346995111396849,234.6995111396849,162.91161814396287,1.8079778265740554,80.79778265740553
224.69092898274482,222.984227616833,1.7067013659118118,1.007653910701005,102.9987490328039,199.82471530666135,368.68927055990144,96.82596627385745,1.9400693424249211,94.00693424249211,265.69052152709753,3.57955095592936,257.955095592936,168.8645552532401,1.8450634096692784,84.50634096692784
220.38027822914685,226.01017272683217,-5.629894497685314,0.9750900836464123,110.59157104455215,197.26773316670057,361.7263722227159,86.67616212214841,1.7837501656182337,78.37501656182337,251.13480117816374,3.2708313012118557,227.08313012118558,164.45863905601533,1.8336824092617316,83.36824092617317
205.18280831024626,230.7213178428144,-25.538509532568128,0.889310143634118,98.12132436625053,196.33745200699752,359.3974128563429,98.21612764074699,2.0009661842123387,100.09661842123387,261.2760884900924,3.6627859965979015,266.27859965979013,163.05996084934537,1.8305086939986053,83.05086939986053
201.0068394185175,217.69897391081267,-16.692134492295168,0.9233246983555667,96.50208743397322,189.46133506422393,342.09529749579815,92.95924763025072,1.963287428304113,96.3287428304113,245.59321006182495,3.544952307170142,254.4952307170142,152.63396243157422,1.8056206422267325,80.56206422267324
209.55568429636236,223.3575294517944,-13.801845155432034,0.9382073879966926,97.1000883949832,188.40036546068555,363.86936676656643,91.30027706570235,1.9402697626217555,94.02697626217555,266.76927837158325,3.747363908531377,274.73639085313766,175.46900130588088,1.9313623191590723,93.13623191590723
243.5406420461315,225.49446311793497,18.046178928196525,1.0800293660370643,110.38955094910773,202.36814306464453,390.7949637323474,91.9785921155368,1.8332182831139623,83.32182831139623,280.4054127832397,3.5401445188640492,254.0144518864049,188.42682066770288,1.9311091054855989,93.11091054855989
220.87828639608819,223.32985215460064,-2.4515657585124586,0.9890226687795622,99.34745605035312,200.98028232330878,365.9844694523714,101.63282627295567,2.023003812210795,102.30038122107952,266.6370134020183,3.68388365442268,268.38836544226797,165.00418712906261,1.820996891942002,82.09968919420021
223.5084508921487,211.7783353445047,11.730115547643976,1.0553886474202487,102.7444962619549,194.50123238337054,355.6844507096546,91.75673612141564,1.8930574333390557,89.30574333390557,252.93995444769968,3.461834586281002,246.1834586281002,161.18321832628405,1.8287002419017315,82.87002419017315
205.18989637839704,219.73455798694974,-14.544661608552701,0.9338080375622276,100.58371352104119,194.75339611771886,342.04957190926007,94.16968259667767,1.9362319136982176,93.62319136982175,241.46585838821886,3.40064569039506,240.064569039506,147.2961757915412,1.7563214748897518,75.63214748897518
221.42074037668937,222.5468774533851,-1.126137076695727,0.9949397758819079,103.45615558565244,190.1516862615961,372.3435848978632,86.69553067594366,1.837992966055727,83.7992966055727,268.88742931221077,3.5990471788756544,259.9047178875654,182.1918986362671,1.9581397999575005,95.81397999575006
214.46123614680238,238.88217815229703,-24.420942005494652,0.8977699291157446,96.07455379567513,194.11808209551725,389.8224855574568,98.04352829984212,2.020494235220228,102.04942352202279,293.7479317617817,4.057499828586296,305.74998285862966,195.70440346193953,2.0081719402401768,100.81719402401768
202.64239166539153,221.72508643393076,-19.082694768539227,0.9139353373339401,104.25701273782438,198.83396501070877,333.4602394004503,94.57695227288438,1.9071519487203945,90.71519487203945,229.20322666262592,3.1984442163042246,219.84442163042246,134.62627438974152,1.677078860155964,67.70788601559642
213.30291422390516,208.78205241046362,4.520861813441542,1.0216534982832413,98.68394269668825,192.47107869100037,341.97242856386447,93.78713599431212,1.9503788907438895,95.03788907438894,243.28848586717623,3.4653300143767036,246.53300143767035,149.5013498728641,1.7767470878722442,77.67470878722442
209.69030467908104,220.88387158176866,-11.193566902687621,0.949323747259003,106.87287588556521,192.95937134164313,346.0290171640662,86.08649545607793,1.805503685970382,80.55036859703819,239.156141278501,3.2377627559548308,223.77627559548307,153.06964582242307,1.793273966214403,79.3273966214403
212.07661586918252,224.6810249722041,-12.604409103021595,0.9439008741188495,97.61954453486621,190.85647046675996,366.6604462604537,93.23692593189375,1.955105111134716,95.5105111134716,269.04090172558745,3.7560147202847856,275.60147202847855,175.80397579369372,1.9211318608362937,92.11318608362937
214.06964886157695,218.96887515413775,-4.8992262925607974,0.9776259238254199,96.82890148944833,198.83523132523297,353.89365320889084,102.00632983578464,2.05346986557418,105.346986557418,257.0647517194425,3.654834948710592,265.4834948710592,155.05842188365787,1.7798337389716927,77.98337389716927
222.60423678452807,222.03493089482495,0.5693058897031165,1.0025640375026073,103.74842603401956,197.2742210138388,365.9361044711712,93.52579497981924,1.9014671215267567,90.14671215267566,262.1876784371516,3.5271484923653604,252.71484923653605,168.66188345733238,1.8549615990905408,85.49615990905409
204.30143215011057,216.07689211040827,-11.775459960297695,0.9455033814801408,96.53418015653445,184.37848573316177,349.65482050108204,87.84430557662732,1.9099813706832531,90.99813706832532,253.1206403445476,3.622083079113546,262.2083079113546,165.27633476792028,1.8963970720917693,89.63970720917693
209.85433563349343,213.54318307680637,-3.6888474433129375,0.9827255200088212,104.25177349595529,193.68056742996905,337.1639371395254,89.42879393401375,1.8578155645235461,85.78155645235461,232.9121636435701,3.234131428494178,223.4131428494178,143.48336970955634,1.7408248107360436,74.08248107360436
221.52399318447075,225.00209758155594,-3.4781043970851897,0.9845419023446015,105.67052443301336,200.39107279677742,363.7275389192492,94.72054836376407,1.8963762494034873,89.63762494034873,258.05701448623586,3.4420907899423105,244.20907899423105,163.33646612247176,1.815088535845687,81.5088535845687
207.6465703751455,235.36146994997532,-27.714899574829815,0.8822453837464541,109.5027741557645,204.97060025446893,350.0386860774478,95.46782609870444,1.871830205533462,87.1830205533462,240.5359119216833,3.196619343903817,219.6619343903817,145.06808582297884,1.7077507000656595,70.77507000656595
199.73278532261912,227.66914535786435,-27.93636003524523,0.877294044428668,98.17795226007757,192.3125045602285,350.61243920041915,94.13455230015092,1.9588156009893594,95.88156009893594,252.43448694034157,3.571193237679595,257.11932376795954,158.29993464019066,1.8231390621331867,82.31390621331866
220.41620951771955,231.74884921783857,-11.332639700119017,0.9510994779979831,99.76305627253981,202.86167315588048,375.62285867491687,103.09861688334067,2.0334348278353516,103.34348278353515,275.85980240237706,3.7651498732031987,276.51498732031985,172.7611855190364,1.8516206281424354,85.16206281424354
220.1558344125388,221.98952442728475,-1.8336900147459403,0.9917397452898883,95.58233681793776,191.08929122849227,376.54641021330525,95.50695441055451,1.9992113353796024,99.92113353796024,280.9640733953675,3.9394978481279344,293.94978481279344,185.45711898481298,1.9705259661204944,97.05259661204944
214.1655267363118,220.98007718579981,-6.814550449488024,0.9691621501075033,93.81107716692166,190.6430978436592,368.2642308725865,96.83202067673754,2.032202417891872,103.22024178918721,274.4531537056648,3.925594311398,292.5594311398,177.6211330289273,1.9316945383178212,93.16945383178212
217.44693398008462,212.74809444301036,4.698839537074264,1.0220864001126597,100.73885314676319,196.03418710906413,348.5195023788152,95.29533396230094,1.9459640544395342,94.59640544395343,247.78064923205204,3.4596334134464324,245.96334134464323,152.48531526975108,1.7778506265589047,77.78506265589047
217.67445958461562,219.0834407128716,-1.4089811282559879,0.9935687465758648,98.92445830198506,195.63683111802632,360.5755610262194,96.71237281604127,1.9776386393828815,97.76386393828815,261.65110272423436,3.6449586605316187,264.4958660531619,164.9387299081931,1.8430862888424457,84.30862888424457
212.59798183314243,208.62844966629677,3.969532166845653,1.0190268018249427,102.49214772811658,180.82418409469693,348.5233154263452,78.33203636658035,1.7642735380506773,76.42735380506774,246.03116769822864,3.400487970560257,240.0487970560257,167.6991313316483,1.927415390652751,92.74153906527509
214.69130498607677,215.18737082431036,-0.49606583823359074,0.9976947260597435,96.96171672280424,189.2084337903817,358.6478632023948,92.24671706757745,1.9513725641976192,95.13725641976191,261.68614647959055,3.698860491792892,269.8860491792892,169.43942941201308,1.895517319274097,89.5517319274097
202.86481539069862,222.87375337006458,-20.008937979365953,0.9102229954096808,107.37678083288752,190.01481582306445,341.2162564851928,82.63803499017693,1.7696080507273546,76.96080507273547,233.83947565230528,3.1777471240848056,217.77471240848055,151.20144066212833,1.7957350062793112,79.57350062793111
213.01266179685518,221.04877344139217,-8.036111644536987,0.9636455270960025,99.95538220469847,190.16774194010682,360.9690287125657,90.21235973540836,1.9025262846843265,90.25262846843265,261.01364650786724,3.6113015702680005,261.1301570268,170.8012867724589,1.8981611972142605,89.81611972142605
208.26393370563403,229.24742054510307,-20.983486839469037,0.9084679479072234,100.93033201141475,191.5032565693033,363.83344279538767,90.57292455788854,1.8973806263477382,89.73806263477383,262.9031107839729,3.60479783970432,260.479783970432,172.33018622608438,1.8998812308119661,89.98812308119662
212.6801546129344,225.3492169512411,-12.669062338306702,0.943780313463224,104.78874879396513,205.22814375181454,347.0271648004835,100.43939495784942,1.9584940760704437,95.84940760704437,242.23841600651838,3.311683446882315,231.1683446882315,141.79902104866895,1.690933604214384,69.0933604214384
203.3858123886443,207.9080087794687,-4.522196390824405,0.9782490515042104,100.6173444966036,193.09703737291176,323.2263498826542,92.47969287630816,1.9191227748952358,91.91227748952358,222.60900538605057,3.2124317283444594,221.24317283444594,130.12931250974242,1.6739063130131553,67.39063130131552
236.05028504837287,219.11510942351595,16.935175624856925,1.0772889449267682,106.3074151836557,205.11462464061245,371.32605188356496,98.80720945695674,1.9294479532425683,92.94479532425683,265.0186366999093,3.4929459176677895,249.29459176677895,166.2114272429525,1.810334355895766,81.03343558957661
212.23935313129243,224.77544194761393,-12.536088816321495,0.9442283876401268,100.64256300846685,189.26677108546824,365.6128585244244,88.62420807700138,1.8805837751721963,88.05837751721964,264.97029551595756,3.6327856484901533,263.2785648490153,176.34608743895615,1.9317329525282734,93.17329525282733
217.14483199153113,205.37105946713532,11.77377252439581,1.0573292680816107,103.7356818457007,190.9406569296435,339.0974984126554,87.2049750839428,1.8406458947621693,84.06458947621694,235.3618165669547,3.268860746652616,226.8860746652616,148.1568414830119,1.7759313488567483,77.59313488567483
203.04648265819333,225.56172177643282,-22.515239118239492,0.9001814716569878,97.77393918211789,187.87218425878365,357.2661832110377,90.09824507666576,1.921495501054171,92.1495501054171,259.4922440289198,3.654002142079788,265.4002142079788,169.39399895225404,1.9016449115156029,90.16449115156028
215.1577331796106,232.32659546852614,-17.168862288915534,0.9261003147130374,101.8460072557055,200.3397156977061,369.0407700187935,98.49370844200061,1.9670846319454798,96.70846319454797,267.194762763088,3.6235173077746703,262.351730777467,168.7010543210874,1.8420749412245425,84.20749412245425
210.45252773227014,207.54310775527836,2.909419976991785,1.0140183887986411,100.5418356969749,185.65143342205525,340.8001841122925,85.10959772508035,1.8465092877515576,84.65092877515576,240.25834841531764,3.3896355855231963,238.96355855231963,155.14875069023728,1.8356991800732616,83.56991800732617
218.71402666674325,234.88285456251853,-16.16882789577528,0.9311621619811691,102.68216195690734,198.39526640839478,379.3178934785905,95.71310445148744,1.9321298132742413,93.21298132742413,276.63573152168317,3.6940972633375115,269.40972633375117,180.92262707019574,1.911930160156988,91.1930160156988
201.11458345096943,215.87770178303472,-14.76311833206529,0.9316135098246378,102.15069835199897,186.58402757677266,336.7537019222346,84.43332922477369,1.8265565540612032,82.65565540612032,234.60300357023561,3.2966363162963606,229.66363162963606,150.16967434546194,1.8048367070631086,80.48367070631086
193.59983335414466,229.4351263755082,-35.835293021363526,0.8438107817775331,99.63257549439287,189.56524360303317,345.35462049705336,89.9326681086403,1.902643213450821,90.26432134508211,245.72204500266048,3.4662821751153996,246.62821751153996,155.7893768940202,1.8218245809883657,82.18245809883658
225.02134874222344,214.7140803781576,10.307268364065834,1.0480046224537884,97.55729835098994,199.15563673332494,362.8902085962566,101.598338382335,2.041422221603619,104.14222216036188,265.3329102452667,3.719764843124874,271.9764843124874,163.7345718629317,1.8221437994354985,82.21437994354986
200.41853681534693,219.59071728550097,-19.172180470154046,0.9126912981242858,102.26205820028457,186.73021849028433,341.021604460703,84.46816028999976,1.8259970684783724,82.59970684783724,238.7595462604184,3.334781349626249,233.4781349626249,154.29138597041865,1.8262796842303621,82.62796842303621
236.6176052633325,221.05222859507924,15.565376668253265,1.0704149275815071,99.36345532042081,202.2899197639969,384.8513757032,102.92646444357608,2.0358583456228,103.58583456227998,285.4879203827792,3.87316820316037,287.316820316037,182.5614559392031,1.902474310890972,90.2474310890972
216.57031103874684,232.8562036155187,-16.285892576771857,0.930060301920655,102.26125224951089,212.91297770358386,358.9655420283035,110.65172545407297,2.0820493884046116,108.20493884046117,256.7042897787926,3.510279153950224,251.02791539502238,146.05256432471964,1.6859730482378257,68.59730482378257
200.84915667296323,221.0258341074094,-20.176677434446162,0.9087134881045573,105.23531988861592,196.96248808089464,330.6146782010483,91.72716819227873,1.871638612296379,87.1638612296379,225.3793583124324,3.141670292359831,214.1670292359831,133.65219012015368,1.6785667231481218,67.85667231481219
217.7407806057275,225.15894930107407,-7.418168695346566,0.9670536360274657,92.20968041453342,200.2638278130282,371.8760866326408,108.05414739849478,2.171830841542143,117.1830841542143,279.6664062181074,4.032939762515741,303.2939762515741,171.6122588196126,1.8569308830940479,85.69308830940479
216.09641317652725,209.66485266077748,6.431560515749766,1.0306754347909497,102.31003369300797,184.81606586918102,351.51579919376815,82.50603217617305,1.8064314827980714,80.64314827980714,249.20576550076018,3.435790083390338,243.5790083390338,166.69973332458713,1.9019764193150976,90.19764193150976
213.16535429226798,211.5633719194485,1.6019823728194638,1.0075721159021298,103.79257287445988,193.2714952838858,340.02902115922905,89.47892240942592,1.8620936925578795,86.20936925578795,236.23644828476915,3.276043860773198,227.60438607731982,146.75752587534325,1.7593335254108695,75.93335254108695
215.2839994690757,196.9332514485766,18.350748020499083,1.0931825777796131,95.18986001859993,187.94364720939095,335.19236914848756,92.75378719079102,1.974408273871472,97.44082738714721,240.00250912988764,3.5213033098587556,252.13033098587556,147.2487219390966,1.7834727277322895,78.34727277322895
215.76699597387352,241.45577710694107,-25.68878113306755,0.89360875336733,100.06891311744151,201.48459614300222,384.2806503607781,101.41568302556071,2.013458424461337,101.34584244613372,284.2117372433366,3.8401601295477636,284.0160129547764,182.7960542177759,1.9072458029895136,90.72458029895137
196.92535355320888,229.85924135226088,-32.933887799052,0.856721497881477,99.79502228163962,183.26681769264368,357.11505238392135,83.47179541100407,1.83643245427043,83.643245427043,257.32003010228175,3.5784856220190826,257.84856220190824,173.84823469127767,1.948607264970564,94.86072649705639
211.48405521723475,203.79029337573206,7.693761841502692,1.0377533282574827,98.04071357963417,188.81442299184138,336.0563863179747,90.77370941220721,1.925877689970868,92.58776899708681,238.01567273834056,3.4277227699389483,242.77227699389482,147.24196332613334,1.7798237072837155,77.98237072837155
213.56684048267502,222.0505494768278,-8.483708994152778,0.9617937941872191,105.57981044382923,194.43836984684359,353.4079046485814,88.85855940301435,1.8416245400467834,84.16245400467834,247.82809420475218,3.3473057316824995,234.73057316824995,158.9695348017378,1.8175831494933634,81.75831494933634
220.08981871953742,238.87275827084937,-18.782939551311955,0.9213684319330602,104.62966929530951,192.61436502909248,391.1998311611781,87.98469573378297,1.8409153572439636,84.09153572439637,286.5701618658686,3.738899623748647,273.8899623748647,198.58546613208563,2.0310002896310007,103.10002896310007
199.48553998695823,223.77498892086413,-24.289448933905902,0.8914559261021989,103.23455790603045,184.8814246670858,346.7748107886174,81.64686676105536,1.7908869705760222,79.08869705760222,243.54025288258697,3.35909619629766,235.90961962976598,161.8933861215316,1.8756606371519013,87.56606371519014
217.6226981740396,226.15500395296883,-8.532305778929214,0.962272310451713,101.69648654211647,198.8178019896893,365.1522646587069,97.12131544757281,1.9550115126873246,95.50115126873247,263.4557781165904,3.5906084573283965,259.06084573283965,166.3344626690176,1.8366175513681804,83.66175513681804
221.12582181631723,214.97071773611336,6.15510408020387,1.028632290690677,101.77308671820467,200.34556231047924,352.026160299962,98.57247559227457,1.9685514979535588,96.85514979535587,250.25307358175732,3.4589317436610014,245.89317436610014,151.68059798948275,1.757094872680137,75.7094872680137
202.86555060522858,227.29550296202427,-24.429952356795695,0.89251898062903,100.10844409401219,188.80902349829688,356.32411275857027,88.7005794042847,1.8860449306452678,88.60449306452678,256.21566866455805,3.5593811889029565,255.93811889029564,167.51508926027338,1.8872197215817095,88.72197215817094
224.79841131227982,209.78219243950375,15.01621887277608,1.0715800454659963,102.6958705721175,205.13906896737112,344.03596608818674,102.44319839525362,1.9975396072358484,99.75396072358484,241.34009551606925,3.350046736753546,235.0046736753546,138.89689712081562,1.6770865141388946,67.70865141388947
198.59974832320657,220.95427039452593,-22.354522071319366,0.898827381650492,98.16448477673245,181.392016161669,349.77452713819724,83.22753138493655,1.8478375002347454,84.78375002347454,251.6100423614648,3.5631473840435515,256.3147384043551,168.38251097652824,1.9282796152750967,92.82796152750967
216.7546777249163,222.6546469016032,-5.899969176686909,0.9735017020359146,95.68509833135869,197.7860233685817,365.6428652398388,102.10092503722302,2.0670514721492603,106.70514721492603,269.9577669084801,3.8213146207324047,282.13146207324047,167.85684187125707,1.8486789865755555,84.86789865755556
214.94228423404036,222.27444158976502,-7.332157355724661,0.9670130434102853,99.18050831992167,200.31996222298582,356.32461819280064,101.13945390306415,2.0197513162245913,101.97513162245913,257.14410987287897,3.592687960858417,259.2687960858417,156.00465596981482,1.7787773831354785,77.87773831354785
218.4543459956586,207.07810784165818,11.376238154000418,1.0549369427438424,104.8728196826402,190.29365181512458,343.1322092582104,85.42083213248438,1.8145183126665207,81.45183126665208,238.25938957557022,3.2718888487653564,227.18888487653564,152.83855744308585,1.8031721288925215,80.31721288925215
194.15194307356944,220.24743536390983,-26.09549229034039,0.8815173840856607,97.81458905178246,197.2187524987655,326.56572610567093,99.40416344698303,2.0162508927411538,101.62508927411538,228.75113705388847,3.338619824214453,233.8619824214453,129.34697360690544,1.6558553482773657,65.58553482773657
196.90279555818393,204.610158633049,-7.707363074865071,0.9623314740267243,90.11149678945928,178.29976563489706,333.8581688624931,88.18826884543778,1.978657241167406,97.8657241167406,243.74667207303378,3.7049453261500576,270.49453261500577,155.55840322759602,1.872454333709735,87.2454333709735
240.23766955995973,232.12049456198847,8.117174997971262,1.0349696609654757,109.33436324228765,205.54087596563772,393.662006974997,96.20651272335007,1.8799293275267361,87.99293275267361,284.32764373270936,3.6005332203072538,260.0533220307254,188.12113100935926,1.915249242397942,91.52492423979419
215.212591886688,228.3829763973611,-13.170384510673102,0.9423320217713684,103.08991431818917,189.016614261813,373.28682384607146,85.92669994362383,1.833512187025486,83.3512187025486,270.19690952788227,3.620982967295073,262.0982967295073,184.27020958425845,1.9748889551530102,97.48889551530102
215.28752292687685,229.13500199049537,-13.847479063618522,0.9395662864978048,99.44545435153776,198.3016425977107,368.8866904268099,98.85618824617293,1.9940744792287661,99.40744792287661,269.4412360752721,3.7094374281081017,270.9437428108102,170.58504782909918,1.8602301301919146,86.02301301919147
209.09904229283663,223.97765632557594,-14.878614032739307,0.9335709897280485,100.77391856896364,188.15429055810722,360.686838800548,87.38037198914358,1.8670931251854188,86.70931251854188,259.9129202315844,3.5791685380748146,257.91685380748146,172.53254824244078,1.9169737651513081,91.69737651513081
224.04734166449552,216.76211999947742,7.285221665018099,1.0336092932890473,96.90793117402461,193.48832020602265,370.8179411159121,96.58038903199804,1.9966200687801456,99.66200687801457,273.9100099418875,3.826497342616957,282.6497342616957,177.32962090988946,1.916487469223322,91.64874692233221
218.06660928140332,216.9203108935449,1.1462983878584225,1.0052844216529866,90.98067368891213,205.94412917131515,355.555577402195,114.96345548240302,2.2636030359095227,126.36030359095227,264.5749037132829,3.9080341240155794,290.8034124015579,149.61144823087986,1.726466196598521,72.6466196598521
210.02298235036395,218.42948355076695,-8.406501200403,0.9615138896830785,102.09006593767099,182.20612375006385,358.3825091639616,80.11605781239287,1.7847586058109326,78.47586058109326,256.2924432262906,3.5104542824251355,251.04542824251354,176.17638541389772,1.9669070489395994,96.69070489395995
231.4067720409715,225.2657469390495,6.141025101921997,1.0272612467069109,110.5594303384478,193.99587803045512,380.4534701011287,83.43644769200732,1.7546750868432408,75.46750868432409,269.8940397626809,3.441167062244019,244.1167062244019,186.45759207067357,1.961142030251807,96.1142030251807
205.36658720475177,220.3503378670225,-14.983750662270722,0.9320003281714361,103.2045982267928,189.38492891263812,345.9858604682305,86.18033068584532,1.8350435171160056,83.50435171160055,242.7812622414377,3.352426795053494,235.2426795053494,156.60093155559238,1.8268922582949103,82.68922582949104
222.8578645774809,224.56188393814384,-1.704019360662926,0.9924118050188236,104.05777848129526,201.77530052650158,365.29654376564025,97.71752204520632,1.9390698463043912,93.90698463043911,261.238765284345,3.5105164563099294,251.05164563099294,163.52124323913867,1.8104125867361127,81.04125867361127
210.73878164530686,209.91380473149155,0.8249769138153056,1.0039300746078637,97.3141981121381,196.56515963681028,337.0995218162492,99.25096152467218,2.0199021668996573,101.99021668996573,239.78532370411108,3.4640322620528528,246.40322620528528,140.53436217943892,1.7149505153359914,71.49505153359914
192.7401791478001,211.94821657708698,-19.20803742928689,0.9093739134044527,90.53558803883905,176.71908793468165,339.7779176138099,86.1834998958426,1.951929531389033,95.1929531389033,249.24232957497085,3.7529763154357365,275.29763154357363,163.05882967912825,1.9227007200229413,92.27007200229413
211.31523584684905,203.20329708917623,8.111938757672817,1.039920310712837,102.38531792271276,181.6320024818007,337.76047899952454,79.24668455908794,1.7740043803830214,77.40043803830214,235.37516107681176,3.298915175069228,229.8915175069228,156.12847651772384,1.8595868260240522,85.95868260240522
197.65907311675622,227.94160589790351,-30.282532781147296,0.8671478484067932,98.35420981687878,190.74700366982958,349.2998050352813,92.3927938529508,1.939388298934766,93.9388298934766,250.9455952184025,3.551447423405939,255.14474234059392,158.5528013654517,1.8312204035450859,83.12204035450858
228.74319822336668,231.3809629543036,-2.6377647309369365,0.988599905985101,106.08842566515666,198.15337449087508,385.9444416104737,92.06494882571842,1.8678133193935775,86.78133193935776,279.85601594531704,3.637950503937321,263.7950503937321,187.7910671195986,1.947705622486113,94.77056224861128
195.84677819404538,221.94796611303744,-26.101187918992053,0.8823995174359976,101.55019817654996,191.45410041740055,333.68781786667364,89.9039022408506,1.885314887170858,88.53148871708581,232.1376196901237,3.285939602860658,228.59396028606577,142.2337174492731,1.7429128816733663,74.29128816733663
228.07406887704246,232.39698186255458,-4.322912985512119,0.9813985837902628,109.17682188787863,199.14271302329712,382.38704119821983,89.96589113541849,1.8240383771915507,82.40383771915506,273.2102193103412,3.5024562410409787,250.24562410409789,183.2443281749227,1.9201658719668317,92.01658719668318
220.02243619959918,219.95619365742084,0.06624254217834391,1.0003011624318319,98.53022868885184,196.78314392546636,364.65457217121184,98.25291523661453,1.9971854987456383,99.71854987456383,266.12434348236,3.70094109212669,270.094109212669,167.87142824574548,1.8530782916514867,85.30782916514868
218.12060166891422,225.2965697357418,-7.175968066827579,0.968148791278782,94.25386827473328,196.43107712854635,374.4408117037044,102.17720885381307,2.0840638238420586,108.40638238420586,280.1869434289711,3.972683758848772,297.2683758848772,178.00973457515806,1.9062198160155015,90.62198160155015
212.64694401353708,224.8959680238934,-12.249024010356322,0.9455347104797586,104.77291119339787,197.9356423331192,353.6058145296287,93.16273113972133,1.8891871961804556,88.91871961804556,248.8329033362308,3.374973650172953,237.4973650172953,155.67017219650947,1.7864686236474867,78.64686236474867
226.94583507724258,235.70303103694835,-8.757195959705768,0.9628464855917233,104.96636185504506,206.94817463173183,382.05876268450953,101.98181277668677,1.9715666140503196,97.15666140503197,277.09240082946445,3.639820947706271,263.9820947706271,175.1105880527777,1.8461567170833484,84.61567170833484
224.90917420691156,220.2422393452159,4.666934861695665,1.02119000821809,104.74963866503309,187.3434790574612,375.63400260569694,82.5938403924281,1.7884880696967893,78.84880696967893,270.88436394066383,3.5860171681058874,258.60171681058875,188.29052354823574,2.0050551238588032,100.50551238588032
208.80303801941685,234.12455625962528,-25.321518240208434,0.8918459530911874,100.1694656404727,197.0610308917767,367.16089488631377,96.89156525130402,1.9672764512797374,96.72764512797374,266.99142924584106,3.6653973597515654,266.53973597515653,170.09986399453706,1.8631836706870453,86.31836706870453
211.73752430103355,226.19295190670974,-14.455427605676192,0.9360924932283561,96.99151379551148,188.3165337941366,371.5876667219668,91.32501999862512,1.9415774269815698,94.15774269815698,274.5961529264553,3.8311358610753317,283.11358610753314,183.2711329278302,1.9732078709996759,97.32078709996759
207.52915587340735,235.27097140949851,-27.741815536091167,0.8820856845623958,97.49596315702851,203.54762664162925,363.156601125701,106.05166348460074,2.08775440593158,108.77544059315798,265.6606379686725,3.7248373098360528,272.48373098360526,159.60897448407175,1.7841357677192822,78.41357677192822
209.3013540986842,220.57288516330004,-11.271531064615857,0.9488988365171402,98.62743051759907,195.78103450909117,350.40289386628615,97.1536039914921,1.9850566265553884,98.50566265553884,251.77546334868708,3.552793497988983,255.2793497988983,154.62185935719498,1.789769344844355,78.9769344844355
220.6878344657871,216.21603600586099,4.471798459926106,1.0206820851151155,99.96251291636528,184.69511629504558,370.6981764960613,84.7326033786803,1.847643790723556,84.7643790723556,270.73566357969605,3.708371925445791,270.8371925445791,186.00306020101573,2.007081637740116,100.70816377401161
212.82398771790096,220.37201665405092,-7.5480289361499615,0.9657486959971003,87.87344375102879,190.98830617959104,370.9322566273079,103.11486242856225,2.173447380993931,117.3447380993931,283.0588128762791,4.221209967351088,322.1209967351088,179.94395044771684,1.9421726075653611,94.21726075653612
216.054369628249,215.3965718715555,0.6577977566934976,1.0030538914847993,95.84332578917514,192.80698018630187,358.5261062742297,96.96365439712673,2.011689166655339,101.16891666553389,262.68278048505454,3.74075193365966,274.075193365966,165.7191260879278,1.8595079178554628,85.95079178554627
190.84737282389776,211.98316271381174,-21.13578988991398,0.9002949591876389,99.71345935095985,169.87244891578243,334.6598950398219,70.15898956482258,1.7036060128842296,70.36060128842297,234.94643568886204,3.3562158731443152,235.62158731443154,164.78744612403946,1.970065759196396,97.00657591963959
231.51472075671816,226.36867538309994,5.146045373618222,1.0227330277252769,105.25814362659159,205.3683620067372,376.1985885763984,100.1102183801456,1.9510923804175333,95.10923804175333,270.94044494980676,3.5740568436298976,257.40568436298975,170.8302265696612,1.831823484885452,83.1823484885452
213.63836987232628,209.73997014679284,3.8983997255334373,1.0185868231162856,102.91628535161824,184.28913469963885,347.86208997742153,81.37284934802061,1.7906702915870556,79.06702915870557,244.9458046258033,3.3800490251755066,238.00490251755068,163.57295527778268,1.8875887096891515,88.75887096891515
217.8043168467853,219.41788060681193,-1.6135637600266364,0.9926461610349884,101.67590392622076,200.0674267555311,354.08996549864395,98.39152282931035,1.967697547107192,96.7697547107192,252.41406157242318,3.4825357024175836,248.25357024175835,154.02253874311285,1.7698531502147923,76.98531502147922
217.76805736860084,228.71825931441361,-10.950201945812779,0.9521236215305408,109.30176540724658,198.44049130611967,361.9872183111555,89.13872589887309,1.8155286931254204,81.55286931254204,252.68545290390892,3.311814927804965,231.18149278049648,163.54672700503585,1.8241600589102767,82.41600589102767
212.40976817996915,208.13307249412384,4.276695685845311,1.0205478909939507,103.5477937287889,197.87296913538947,329.39349814696106,94.32517540660056,1.910933705199513,91.09337051995129,225.84570441817215,3.181076933514435,218.10769335144352,131.5205290115716,1.6646715293465986,66.46715293465985
226.05803900445702,224.7439011234221,1.3141378810349238,1.0058472682660842,100.57295970021804,198.24077461313334,377.38917587846726,97.6678149129153,1.9711140569397358,97.11140569397358,276.8162161782492,3.7523920644611306,275.2392064461131,179.14840126533392,1.9036909869573595,90.36909869573594
220.6277079907205,223.56751515808403,-2.93980716736354,0.9868504725953374,106.61339204057161,207.86458711854888,351.8148555640864,101.25119507797727,1.9497042832991023,94.97042832991023,245.20146352351475,3.2999124109117886,229.99124109117886,143.9502684455375,1.6925194447067604,69.25194447067604
192.3960224023771,214.01432469402272,-21.61830229164562,0.8989866574466293,93.07364596384531,179.3403321805881,337.2015425001663,86.26668621674278,1.926864799626022,92.68647996260219,244.12789653632097,3.622954049002798,262.2954049002798,157.8612103195782,1.8802326191780367,88.02326191780368
206.66189655503422,223.3535393035702,-16.69164274853597,0.9252680624601628,93.49780786575707,199.43043546891312,352.0949104532365,105.93262760315605,2.1329958425897293,113.29958425897293,258.5971025874794,3.7658092578894444,276.58092578894446,152.66447498432336,1.7655023899705642,76.55023899705643
201.15221327359734,225.86446112749337,-24.71224785389603,0.8905881530430467,94.42447486590456,197.4911585779754,348.60937815775617,103.06668371207084,2.0915250930274105,109.15250930274105,254.1849032918516,3.691938754786069,269.1938754786069,151.11821957978077,1.7651897971934516,76.51897971934515
211.52600313734425,226.99172929544562,-15.465726158101376,0.9318665653321154,100.76809473896694,196.84822325904776,360.16028065117007,96.08012852008082,1.9534776733545476,95.34776733545476,259.3921859122031,3.574149948792238,257.4149948792238,163.3120573921223,1.8296343989714725,82.96343989714725
225.37961836662262,234.56578461195485,-9.186166245332231,0.9608375694667958,99.32745943490335,204.41866693764385,386.171978095319,105.0912075027405,2.0580277407740866,105.80277407740866,286.84451866041564,3.887867265430323,288.7867265430323,181.75331115767514,1.8891228667150903,88.91228667150904
195.3625539392584,224.96185130752312,-29.59929736826473,0.8684252587884225,97.28568337118865,183.05314948353606,350.1477750154475,85.7674661123474,1.881604190259999,88.16041902599989,252.86209164425884,3.599170637260944,259.9170637260944,167.09462553191145,1.9128202710707256,91.28202710707257
205.07854610971566,224.88724942786303,-19.808703318147366,0.9119171790817718,100.59338802292098,188.8815797977477,355.47372548569933,88.28819177482671,1.8776739059102927,87.76739059102927,254.88033746277836,3.5337682970246704,253.37682970246703,166.59214568795164,1.8819925472157564,88.19925472157564
209.10118857768617,222.83293779715257,-13.731749219466394,0.9383764834982943,98.07234401296785,201.9485033681679,347.88034218112233,103.87615935520006,2.059178919405299,105.91789194052991,249.80799816815448,3.5471808661483917,254.71808661483917,145.93183881295442,1.722619065648183,72.2619065648183
203.57118658369342,227.19592602372157,-23.62473944002815,0.8960160076217146,96.67468247047167,186.97104138716367,362.5049450534871,90.296358916692,1.9340228135145119,93.4022813514512,265.83026258301544,3.7497402193610587,274.9740219361059,175.53390366632345,1.9388293629003372,93.88293629003373
235.73349437235092,231.8492740628565,3.884220309494424,1.0167532131605526,102.69434501054938,206.90433962698867,391.77546801527313,104.20999461643929,2.01475884193754,101.47588419375401,289.08112300472374,3.814966325312534,281.4966325312534,184.87112838828446,1.893510154120372,89.3510154120372
224.9439063219577,244.64887021207105,-19.704963890113333,0.9194561418859923,104.4414573279684,204.0591470397705,395.8885604333042,99.6176897118021,1.9538136699776352,95.38136699776352,291.44710310533577,3.7905307965028663,279.05307965028663,191.82941339353368,1.9400677018224854,94.00677018224854
221.51574507634132,217.18748148998526,4.328263586356059,1.0199286973478516,97.90825126710193,188.91984045436104,371.2267481280269,91.0115891872591,1.929559950355684,92.95599503556839,273.31849686092494,3.79157776105396,279.157776105396,182.30690767366585,1.9649960916503488,96.49960916503488
205.24775869542657,228.83435821483576,-23.58659951940919,0.8969271935236864,93.45077275348537,193.19605464952227,364.4763479623858,99.7452818960369,2.0673564161866897,106.73564161866898,271.0255752089004,3.90019619124864,290.019619124864,171.2802933128635,1.8865620657915803,88.65620657915802
203.06326303821152,227.4929686494089,-24.42970561119739,0.8926133596293863,103.6556516782212,184.69325359889731,357.48544225431215,81.03760192067611,1.7817962707160586,78.17962707160586,253.82979057609094,3.4487790725010936,244.87790725010936,172.79218865541483,1.93556307709361,93.55630770936101
202.98715029444352,219.9217301623082,-16.93457986786467,0.9229972415396764,95.50522646632434,188.04763470767105,350.81045951113214,92.5424082413467,1.968977423177753,96.89774231777531,255.30523304480778,3.673206927945768,267.3206927945768,162.7628248034611,1.8655403991466504,86.55403991466504
214.56046073926703,213.8256142370227,0.7348465022443236,1.0034366626508542,102.80863738338019,192.52532539466378,347.24514968639073,89.7166880112836,1.8726571063939321,87.2657106393932,244.43651230301055,3.377587316827191,237.7587316827191,154.71982429172695,1.8036336205356978,80.36336205356977
220.60794000579864,231.3711110544722,-10.76317104867357,0.9534809207613669,100.7414642777112,208.85781028346918,368.3693020292258,108.11634600575798,2.0732060207871967,107.32060207871967,267.6278377515146,3.656580780022736,265.6580780022736,159.51149174575664,1.7637324720069698,76.37324720069698
201.99966452367715,228.92984216216217,-26.93017763848502,0.8823649316133758,95.37120707234695,182.05542486094947,368.96762809546266,86.68421778860252,1.9089139211884503,90.89139211884503,273.5964210231157,3.8687528387427266,286.87528387427267,186.91220323451319,2.026677471310032,102.66774713100321
198.9002892765278,230.96870244826013,-32.068413171732345,0.8611568890858012,96.70080514568738,198.5674516792616,349.5352307622328,101.86664653357423,2.0534208725574112,105.34208725574112,252.83442561654542,3.614605175578739,261.4605175578739,150.9677790829712,1.7602846176765348,76.02846176765348
213.7403398676947,217.048730311536,-3.30839044384129,0.9847573840257317,101.60437862767802,199.01947681992712,345.5597498212408,97.4150981922491,1.958768701782231,95.8768701782231,243.9553711935628,3.4010320666151586,240.10320666151586,146.5402730013137,1.7363112160821494,73.63112160821494
212.14602017694824,224.88948336802082,-12.743463191072578,0.9433345525979153,106.8320004943342,186.99965901739156,361.72159580572776,80.16765852305737,1.7504086617502688,75.04086617502688,254.88959531139358,3.385891812677528,238.5891812677528,174.7219367883362,1.9343436116751769,93.4343611675177
224.17043586296234,236.4667471016695,-12.296311238707176,0.9479998291961942,103.92972350287368,199.8037259233705,387.22232502070364,95.87400242049682,1.9224887663426322,92.24887663426323,283.29260151782995,3.725809248496623,272.5809248496623,187.41859909733313,1.9380135341881093,93.80135341881093
207.29665057938362,209.66852816626294,-2.3718775868793216,0.9886874887346065,95.09845268011534,188.35356809169812,341.9957473466565,93.25511541158278,1.9806165377397564,98.06165377397565,246.89729466654117,3.596228305596462,259.6228305596462,153.6421792549584,1.8157115408621258,81.57115408621259
235.05778550405358,220.41218712776083,14.645598376292753,1.0664464091897219,97.46893368851357,200.92156306182846,384.8144621973796,103.45262937331489,2.061390798671541,106.13907986715412,287.34552850886604,3.9480729667890975,294.8072966789097,183.89289913555115,1.9152472055921783,91.52472055921783
194.01778380763278,211.48389434304008,-17.466110535407296,0.9174116280123149,91.52267094226862,174.99515769465012,341.73468858909047,83.4724867523815,1.9120416383502938,91.20416383502939,250.21201764682183,3.7338801967946558,273.3880196794656,166.73953089444035,1.9528236843295113,95.28236843295113
208.7530135870246,216.44538787983478,-7.692374292810172,0.9644604379508387,96.04156751261466,197.81927534225912,343.9367593454154,101.77770782964446,2.0597256007538234,105.97256007538233,247.89519183280072,3.58112396801771,258.11239680177096,146.11748400315628,1.7386412863475997,73.86412863475998
223.15470177335837,219.32303123517997,3.8316705381784004,1.0174704431021186,102.98480115924143,207.78265456714317,352.9491437864229,104.79785340790174,2.017605046844309,101.7605046844309,249.96434262718145,3.427196438828592,242.7196438828592,145.16648921927973,1.698645849537794,69.86458495377941
226.20595616576927,227.0360320874967,-0.8300759217274276,0.9963438582233171,104.88249308169856,196.78488134929498,378.1956079489054,91.90238826759642,1.8762414542912205,87.62414542912205,273.3131148672068,3.6058983423888358,260.58983423888355,181.4107265996104,1.9218732930890392,92.18732930890393
205.80460720161338,207.58529312561532,-1.7806859240019435,0.9914219071245842,100.10924148990638,183.94445936015032,336.03114964078634,83.83521787024394,1.8374373496646332,83.74373496646332,235.92190815087997,3.3566446477837615,235.66446477837616,152.08669028063602,1.8268076723249433,82.68076723249433
222.4553738869411,211.52165539253386,10.93371849440723,1.051690775935527,96.96053591394168,173.09847822695573,380.90652977831496,76.13794231301405,1.78524671502013,78.524671502013,283.9459938643733,3.9284697241813147,292.8469724181315,207.80805155135923,2.200519228591337,120.05192285913368
211.52923653626894,215.4064827003745,-3.8772461641055713,0.9820003274019439,96.08831251116221,197.8644649104597,346.4508014333434,101.77615239929749,2.0591938784175707,105.91938784175707,250.36248892218117,3.605545694156066,260.55456941560664,148.58633652288367,1.7509500838875942,75.09500838875942
223.07556475918102,220.41888688195021,2.6566778772308055,1.0120528595113252,102.34692561833297,191.3506992885279,371.544052554836,89.00377367019492,1.8696282094696555,86.96282094696555,269.197126936503,3.6302414587457124,263.0241458745712,180.19335326630812,1.941691637063755,94.16916370637549
224.68728468321737,236.7056978825467,-12.01841319932933,0.949226346020226,107.46204601486563,211.76372793900995,372.8636998947706,104.30168192414432,1.9705908810792219,97.0590881079222,265.401653879905,3.4697245559905956,246.97245559905957,161.09997195576065,1.7607533807780293,76.07533807780294
223.27914830479068,213.85595179042147,9.42319651436921,1.0440632885616572,103.19712307112466,184.74232465314964,367.76320241854387,81.54520158202497,1.7901887102591325,79.01887102591326,264.5660793474192,3.5636962685973055,256.36962685973054,183.02087776539423,1.990681903072361,99.06819030723611
229.73947407606965,231.46318921091307,-1.7237151348434168,0.992552962133116,106.32670086607344,209.43338138593103,376.0439126784696,103.10668051985759,1.9697157880383056,96.97157880383057,269.71721181239616,3.5366837268103097,253.66837268103097,166.61053129253858,1.7955299684796613,79.55299684796613
211.16773484647143,219.10997749354863,-7.942242647077194,0.9637522547447158,96.40308598102203,197.79103829398676,351.2224442350213,101.38795231296473,2.051708576351218,105.17085763512179,254.8193582539993,3.6432697217199372,264.3269721719937,153.43140594103457,1.7757247611642635,77.57247611642634
222.93379894572413,218.54517623236038,4.388622713363759,1.0200810779218377,99.83753747126566,194.33995224219385,368.0409730536673,94.50241477092818,1.9465619561993606,94.65619561993606,268.20343558240165,3.686398747160541,268.6398747160541,173.70102081147346,1.8937998533363878,89.37998533363879
205.6671251283491,216.39114369699263,-10.724018568643515,0.9504415089017686,102.83890824129521,192.47832489123326,337.77017010548406,89.63941664993804,1.8716488553108066,87.16488553108066,234.93126186418885,3.284458925924805,228.4458925924805,145.2918452142508,1.754847826612961,75.4847826612961
208.01321962422236,210.69450764800695,-2.681288023784589,0.987274048793602,99.19594028718087,181.05800813126532,347.80764248989783,81.86206784408445,1.8252562313244538,82.52562313244538,248.61170220271697,3.506268920713534,250.62689207135338,166.7496343586325,1.9209735381477333,92.09735381477333
223.98070564232506,226.52715088321568,-2.5464452408906197,0.988758763658298,103.81035819470455,201.3076799338453,370.6437466597614,97.49732173914074,1.9391868348655228,93.91868348655228,266.8333884650568,3.570392715191192,257.0392715191192,169.3360667259161,1.8411803602404249,84.11803602404248
207.49075252992426,219.92937605405993,-12.438623524135664,0.9434426462380443,95.13363098457044,192.91233765509546,353.08422423631043,97.77870667052501,2.0278037919774508,102.78037919774508,257.95059325174,3.711455355820241,271.14553558202414,160.17188658121498,1.8302832702571021,83.02832702571021
223.4251664186493,223.04510585418058,0.38006056446872094,1.0017039628061473,106.95711175825295,200.93708353950075,361.8112131114911,93.9799717812478,1.8786696857864262,87.86696857864263,254.85410135323815,3.3827691040242893,238.27691040242894,160.87412957199035,1.800619411500343,80.06194115003431
203.94567693697408,220.8861837215132,-16.94050678453911,0.923306625615402,98.02295336552412,198.99191019957416,340.2329274226327,100.96895683405005,2.0300542206429997,103.00542206429996,242.20997405710858,3.4709516061398005,247.09516061398006,141.24101722305855,1.709782709665957,70.9782709665957
229.5042638491817,217.01582642959676,12.488437419584955,1.0575462058461271,107.31578546959648,202.5832042911008,359.8811456574704,95.26741882150432,1.8877297818268723,88.77297818268724,252.56536018787395,3.353478186668335,235.3478186668335,157.29794136636963,1.776460920917912,77.6460920917912
210.22000162230552,212.18729622466864,-1.9672946023631255,0.9907284995974495,98.78052319682618,180.23525600550087,354.59516756813423,81.45473280867469,1.824603172493541,82.46031724935409,255.81464437130805,3.589727570703203,258.97275707032026,174.35991156263336,1.9674018026601399,96.740180266014
215.06332498154418,224.0214274031708,-8.95810242162662,0.9600122964777618,104.32556223864437,195.98010873566528,358.3214576027628,91.65454649702092,1.878543518292875,87.8543518292875,253.99589536411844,3.434646791388516,243.46467913885158,162.3413488670975,1.8283562546955254,82.83562546955254
223.53782761069985,216.94749048692836,6.590337123771491,1.0303775679035503,102.47540302178888,190.60847733302913,367.6440967916243,88.13307431124025,1.8600412558758215,86.00412558758215,265.1686937698354,3.5876326020738247,258.7632602073825,177.03561945859516,1.9287919505766808,92.87919505766808
209.05832577496287,222.36889375324844,-13.310567978285576,0.9401419517198496,101.12689411944878,188.52080650817146,357.49312866469677,87.39391238872268,1.864200499280587,86.42004992805869,256.366234545248,3.5350945144467114,253.50945144467113,168.9723221565253,1.8963059584046558,89.63059584046557
218.413025130909,217.51304724278728,0.8999778881217253,1.004137581168256,96.49378946671115,191.82763952302906,365.56767957080433,95.33385005631791,1.9879791288454538,98.79791288454538,269.07389010409315,3.7885099299257954,278.85099299257956,173.74004004777527,1.9057091067782108,90.57091067782108
235.54519802899082,216.5170870208193,19.02811100817152,1.0878827221906133,102.23870398215838,200.1068676428099,375.74785594974696,97.86816366065152,1.957251606766557,95.7251606766557,273.5091519675886,3.6752016732852804,267.52016732852803,175.64098830693706,1.8777359336834738,87.77359336834738
215.5952123602983,222.91337968788062,-7.31816732758233,0.9671703540728283,107.4363096184623,200.19673965449365,350.1298387993125,92.76043003603135,1.8633992582717214,86.33992582717214,242.6935291808502,3.2589525835606765,225.89525835606764,149.93309914481884,1.7489287757811565,74.89287757811564
223.86105049582997,238.7968778402601,-14.935827344430123,0.9374538416100179,108.19844473650879,200.18214062924545,385.6063071383808,91.98369589273666,1.8501387992844145,85.01387992844145,277.407862401872,3.5638803134133026,256.38803134133025,185.42416650913538,1.9262772689225902,92.62772689225902
235.72517449618422,231.18061196559506,4.544562530589161,1.0196580608207124,104.72979369667843,205.08619279036282,390.5426932056277,100.35639909368439,1.9582411609091832,95.82411609091832,285.8128995089493,3.7290505349101437,272.90505349101437,185.45650041526488,1.9042856464005686,90.42856464005686
219.9701767878326,219.61996591156958,0.35021087626302005,1.0015946222139203,96.00199657429403,186.49271771689732,376.890499757912,90.49072114260329,1.942592074869759,94.2592074869759,280.88850318361796,3.925861057131702,292.5861057131702,190.39778204101466,2.0209395003296877,102.09395003296878
208.24551834553912,220.62754927453125,-12.382030928992123,0.9438781286847142,101.8099605891595,191.21017910055477,350.28946174039135,89.40021851139527,1.8781087625812753,87.81087625812754,248.47950115123183,3.440620738023244,244.0620738023244,159.07928263983658,1.8319603244353377,83.19603244353377
199.01395049053545,211.02193067905066,-12.007980188515205,0.9430960557043785,93.70366771709769,185.95335139567214,335.3968026416094,92.24968367857446,1.9844831683332504,98.44831683332504,241.6931349245117,3.5793348415582993,257.93348415582994,149.44345124593724,1.8036609726272208,80.36609726272208
206.51022263656552,225.49062389976046,-18.98040126319495,0.9158262062744015,100.01724447546555,195.0248387879765,352.9591865410469,95.00759431251096,1.9499121357599143,94.99121357599142,252.94194206558137,3.528983310749264,252.89833107492638,157.9343477530704,1.809816578927008,80.9816578927008
216.23132119108396,227.06982664092516,-10.838505449841193,0.9522679626343284,101.74102093212711,208.28500132051258,354.925699495374,106.54398038838546,2.0472076986475543,104.72076986475543,253.18467856324685,3.4885211121692006,248.85211121692006,146.6406981748614,1.7040386837514439,70.40386837514438
194.74245870953155,219.8035199875349,-25.061061278003365,0.8859842586714508,97.72107944021413,195.06881149347402,329.0290771119116,97.34773205325989,1.9961794590369557,99.61794590369557,231.30799767169748,3.3670225400366354,236.70225400366354,133.96026561843757,1.6867333870177355,68.67333870177355
205.0424905078957,220.9455114258911,-15.903020917995406,0.9280228830386104,97.50047868363758,190.05110565381776,351.43041856322486,92.55062697018018,1.9492325393650802,94.92325393650802,253.92993987958727,3.604396853306952,260.4396853306952,161.3793129094071,1.8491364065166926,84.91364065166927
212.46443073637653,237.60130140713852,-25.136870670761994,0.8942056692371013,104.01418679721242,195.33958017598252,375.74483124207774,91.3253933787701,1.8780090119516044,87.80090119516044,271.73064444486533,3.612438291467253,261.2438291467253,180.40525106609522,1.9235468352269782,92.35468352269783
231.3173676419266,232.30930846530137,-0.9919408233747617,0.9957300857639851,104.62977328848717,203.1829208329191,387.62732003943574,98.55314754443194,1.9419225947541656,94.19225947541656,282.9975467509486,3.7047516003944923,270.47516003944924,184.44439920651664,1.9077751144161792,90.77751144161792
227.99328110050277,213.67486883942223,14.318412261080539,1.067010277525154,107.16664358723696,190.20614860746429,365.12943271518634,83.03950502022732,1.7748633552438413,77.48633552438413,257.96278912794935,3.4071183018619005,240.71183018619004,174.92328410772205,1.9196510490768515,91.96510490768515
191.59693961612925,220.83572524661156,-29.23878563048231,0.8675993859334544,94.43610589755761,189.60492049144614,334.60797090510744,95.16881459388853,2.00775877710508,100.77587771050803,240.17186500754983,3.543220759950473,254.3220759950473,145.0030504136613,1.7647641740405307,76.47641740405307
208.32768691652294,220.5140039263916,-12.186317009868674,0.9447367659518962,97.27775406806201,184.5399318343155,361.44485036199427,87.26217776625349,1.897041452100128,89.7041452100128,264.1670962939323,3.7155961691827644,271.55961691827645,176.90491852767877,1.9586267685766157,95.86267685766157
229.4918579154828,215.35941194552737,14.132445969955427,1.0656226066104326,102.57306569497835,202.04942930794837,362.65440978858857,99.47636361297002,1.9698097930384864,96.98097930384864,260.0813440936102,3.5355715199837587,253.55715199837587,160.6049804806402,1.7948796541061163,79.48796541061162
218.24230838633827,213.13429030416316,5.108018082175107,1.0239661955609558,97.6544335541947,188.12315472117797,361.2873097603795,90.46872116698327,1.926416936480169,92.64169364801691,263.63287620618485,3.6996508669509414,269.96508669509416,173.16415503920155,1.9204829426545205,92.04829426545204
215.82774678797725,214.44637035453655,1.3813764334406926,1.0064415939106683,94.7795810387461,192.00885359214791,358.6227410828768,97.22927255340181,2.025846194800695,102.58461948006952,263.84316004413074,3.7837552894042763,278.3755289404276,166.6138874907289,1.8677406503589606,86.77406503589606
196.13484227738192,214.47845429659273,-18.34361201921081,0.9144734044294993,103.20133682841426,194.51361615387756,318.20499187867017,91.31227932546331,1.884797446735423,88.4797446735423,215.00365505025593,3.0833417633700586,208.33417633700586,123.69137572479261,1.6359008596444051,63.59008596444051
189.22558540536585,219.68590792032322,-30.46032251495737,0.8613460335106935,91.6192263256392,185.09495437489178,336.6530592880027,93.47572804925258,2.020263232926841,102.02632329268408,245.03383296236348,3.6744804861312383,267.44804861312383,151.5581049131109,1.8188127300658057,81.88127300658057
197.20497450687316,223.93262841089816,-26.727653904025004,0.880644218336142,97.071562436083,195.54037567006895,339.09446627050494,98.46881323398595,2.0143940281050177,101.43940281050176,242.02290383442192,3.493242075852879,249.3242075852879,143.55409060043598,1.7341404050621836,73.41404050621836
209.9898881704394,223.02843797108437,-13.038549800644972,0.941538622073229,98.95551158094311,194.6308102492377,355.94116738210477,95.67529866829459,1.9668516400931808,96.68516400931809,256.98565580116167,3.5969817314415464,259.6981731441546,161.31035713286707,1.8288017551090623,82.88017551090623
212.95071847474944,224.49468660052318,-11.543968125773745,0.9485779895258027,97.08231835706012,192.95596551266334,366.12982374318557,95.87364715560322,1.9875500377214776,98.75500377214776,269.04750538612547,3.7713337499480875,277.1333749948087,173.17385823052223,1.8974786437434978,89.74786437434979
215.6930090300372,220.33807878967787,-4.645069759640677,0.9789184430346486,97.61796941284022,195.11922247488772,361.3094398418446,97.5012530620475,1.9988043558835042,99.88043558835042,263.69147042900437,3.7012595325950266,270.12595325950264,166.1902173669569,1.851736775387909,85.1736775387909
228.92866490098845,225.0741025148659,3.854562386122552,1.0171257481116378,103.83369330450466,204.21160835255594,372.958849466721,100.37791504805128,1.9667181418047135,96.67181418047134,269.12515616221634,3.591886579368556,259.1886579368556,168.74724111416506,1.8263352043280305,82.63352043280305
211.89350822315527,228.57754138009597,-16.6840331569407,0.9270093069677513,100.6899333263193,185.00334097493504,375.0133001036224,84.31340764861574,1.8373568723634965,83.73568723634965,274.3233667773031,3.7244368698533816,272.44368698533816,190.00995912868734,2.027062312104032,102.70623121040319
211.00623753726396,231.6156564908979,-20.609418953633934,0.9110188867804632,97.49607715986258,198.81678253559866,367.6199813467815,101.32070537573608,2.0392285343912078,103.92285343912077,270.12390418691894,3.7706130549642687,277.0613054964269,168.80319881118285,1.8490389828180536,84.90389828180535
211.62418962359948,231.16079381531478,-19.5366041917153,0.9154847849876999,105.28009822595382,192.65585862426474,366.24151830815276,87.37576039831092,1.8299361595463528,82.99361595463527,260.96142008219897,3.478734580225404,247.8734580225404,173.58565968388803,1.9010141758649075,90.10141758649075
207.45986493083376,221.77845009575861,-14.318585164924855,0.935437436961335,104.31194044089887,185.24477968052676,354.3007524184629,80.9328392396279,1.7758732020279393,77.58732020279393,249.988811977564,3.3965502982777207,239.65502982777207,169.05597273793612,1.9126085659714143,91.26085659714143
229.3336555805307,209.14519870636144,20.188456874169248,1.096528426179717,94.60849064285706,195.9215454277905,367.1882453596906,101.31305478493344,2.0708664105781565,107.08664105781564,272.5797547168335,3.8811341652813196,288.11341652813195,171.2666999319001,1.8741596007623507,87.41596007623507
191.89759446177817,229.3067108206372,-37.40911635885902,0.8368599147186744,95.6820908827599,187.92805355719096,348.19631348367227,92.24596267443107,1.964088073571269,96.40880735712689,252.51422260091238,3.639095992481187,263.9095992481187,160.2682599264813,1.8528171121492931,85.28171121492932
221.4712217866029,215.74385769676803,5.727364089834879,1.0265470551559563,104.45182054936247,186.352979212987,365.0178194627069,81.90115866362454,1.784104654498762,78.4104654498762,260.5659989133444,3.494604665987651,249.4604665987651,178.66484024971987,1.9587442122163221,95.87442122163222
224.98071412664353,214.2416423747492,10.739071751894329,1.0501259775310612,97.87867485724512,195.91727243002126,365.03758746482276,98.03859757277614,2.0016338872156196,100.16338872156196,267.15891260757763,3.7294904941983096,272.94904941983094,169.1203150348015,1.8632230988985863,86.32230988985863
209.8258768165061,229.67618583332924,-19.850309016823132,0.9135726285909849,98.3480999608566,197.26525226417772,363.6397417497186,98.91715230332112,2.005786104080211,100.57861040802112,265.291641788862,3.697476025408222,269.74760254082224,166.3744894855409,1.8434049462635826,84.34049462635826
215.5742583318977,212.82999084483538,2.7442674870623307,1.0128941765968644,102.8631907029296,188.28011143505287,351.46307162711713,85.41692073212327,1.8303934590052586,83.03934590052586,248.59988092418752,3.416801182476904,241.6801182476904,163.18296019206426,1.8667031209419809,86.67031209419808
203.56426968773607,225.5020910329708,-21.937821345234738,0.9027156633238173,98.52764084422104,200.8720855136997,344.1998147231395,102.34444466947865,2.038738406730881,103.8738406730881,245.6721738789185,3.4934340432178117,249.34340432178118,143.32772920943984,1.7135273616685018,71.35273616685018
208.93986914873332,254.89574237726043,-45.95587322852711,0.819707175961732,109.15589690797533,210.18695946863016,376.41056091238505,101.03106256065483,1.9255666933489612,92.55666933489613,267.25466400440973,3.448375869511848,244.8375869511848,166.2236014437549,1.7908368904711394,79.08368904711394
205.65571558107266,224.64067981648157,-18.98496423540891,0.9154874163890595,97.51605855684572,197.4426686525073,350.48586588697833,99.92661009566159,2.024719534141248,102.47195341412478,252.9698073301326,3.5941348642866564,259.41348642866564,153.04319723447102,1.775127272534095,77.5127272534095
226.7764637644765,214.16213316967026,12.614330594806233,1.0589008449258044,100.82908309622421,206.92859294681074,353.65021935818515,106.09950985058653,2.052270898361067,105.22708983610669,252.82113626196093,3.5074227444941273,250.74227444941272,146.72162641137442,1.709044720799353,70.90447207993532
207.3640378397608,223.61969922662772,-16.255661386866905,0.9273066664382167,102.04596607558915,185.26704205598907,359.16259746800466,83.22107598039992,1.8155253870471963,81.55253870471964,257.1166313924155,3.5196158288310966,251.96158288310966,173.8955554120156,1.9386211032584149,93.86211032584148
201.4292856163903,223.3960271077678,-21.96674149137749,0.9016690593124085,96.3591056188423,189.63474845011274,351.244115017282,93.27564283127043,1.9680002967257832,96.80002967257832,254.8850093984397,3.645157484199385,264.51574841993846,161.60936656716927,1.8522138895324023,85.22138895324022
209.14349199708235,209.79818247528956,-0.6546904782072147,0.996879427312082,89.52157771724383,183.9039009358674,354.9870330554466,94.38232321862357,2.054296915060328,105.42969150603278,265.4654553382028,3.965379544322623,296.53795443226227,171.0831321195792,1.9302854982898967,93.02854982898967
215.83705497324274,220.13939850416978,-4.302343530927033,0.9804562765222349,103.65448305109126,199.08994646699756,351.2202506980299,95.4354634159063,1.92070753340081,92.07075334008098,247.5657676469386,3.3883749198277657,238.83749198277658,152.1303042310323,1.764128510407985,76.41285104079849
214.98539594058502,223.18460063258604,-8.199204692001018,0.9632626773139298,105.25111680560082,192.26466912008092,359.7392089340749,87.01355231448011,1.8267233161543972,82.67233161543972,254.48809212847408,3.417913461179842,241.79134611798418,167.47453981399397,1.871062481632525,87.1062481632525
211.619428140159,224.44295483490396,-12.82352669474497,0.9428650959252531,94.71297080481223,190.02469673780794,369.35590691997425,95.31172593299571,2.006321785950706,100.63217859507061,274.642936115162,3.8997394314782468,289.9739431478247,179.3312101821663,1.9437258064913725,94.37258064913725
224.35955078096677,209.78309279296553,14.576457988001238,1.0694834735913952,108.61775897964172,189.2277988173985,353.36840756385817,80.61003983775679,1.742144199944924,74.2144199944924,244.75064858421644,3.2533207357932157,225.33207357932156,164.14060874645966,1.8674233372278057,86.74233372278057
213.33883409265187,239.41711048564343,-26.07827639299157,0.8910759705515895,95.19819886866503,194.9522976432447,388.98342035553327,99.75409877457966,2.047856996876589,104.78569968765892,293.78522148686824,4.086037603423284,308.60376034232837,194.03112271228858,1.995274870098521,99.5274870098521
211.2868648310786,220.93128671707635,-9.644421885997758,0.9563465092277837,99.01045585735315,185.84936165675347,363.4674098081258,86.83890579940032,1.8770680333449965,87.70680333449965,264.4569539507727,3.6710002661919106,267.10002661919106,177.61804815137234,1.955709756374716,95.57097563747159
222.8025020430386,209.81059483984268,12.991907203195922,1.0619220741121924,103.19832414106182,197.4051931320321,348.316128051228,94.20686899097029,1.9128720817423246,91.28720817423246,245.1178039101662,3.37521108942733,237.521108942733,150.9109349191959,1.7644729732021838,76.44729732021838
210.64264467781072,222.55173443454072,-11.909089756729998,0.9464884432961684,106.4080870185786,191.19218039730342,352.19130125264513,84.78409337872482,1.7967824227863594,79.67824227863593,245.78321423406652,3.3098170554570103,230.98170554570103,160.99912085534172,1.8420800501400236,84.20800501400237
221.2706269351814,223.7025249196041,-2.431897984422676,0.9891288755667972,100.12263129937742,203.82350326421385,363.51359321858706,103.70087196483644,2.0357385799695944,103.57385799695945,263.39096191920964,3.630683577738208,263.06835777382076,159.6900899543732,1.7834724033143956,78.34724033143956
212.97940965628803,221.3800257461964,-8.400616089908368,0.9620534144325227,104.24864821742315,189.67637030460503,357.6141345816984,85.42772208718188,1.8194611973194323,81.94611973194324,253.36548636427526,3.430395891905005,243.0395891905005,167.93776427709338,1.8853910690477618,88.53910690477618
207.21413190035452,218.3352855070526,-11.121153606698073,0.9490638740280996,98.21193939340596,183.63256352017743,356.4796231975273,85.42062412677147,1.8697580421928486,86.97580421928485,258.26768380412136,3.6296974217114553,262.9697421711455,172.84705967734988,1.9412658428544867,94.12658428544867
210.7436106684884,233.78399046169508,-23.040379793206682,0.9014458614223124,96.29954591460195,192.70720775835989,377.7846480223134,96.40766184375794,2.00112270445441,100.112270445441,281.48510210771144,3.9230158816878666,292.3015881687867,185.0774402639535,1.9604074617490512,96.04074617490512
206.33348086103808,218.4969332678424,-12.16345240680431,0.9443312442655941,105.25131294907762,189.593285602908,342.401022641335,84.34197265383038,1.8013389124621797,80.13389124621797,237.14970969225737,3.253175785151435,225.3175785151435,152.80773703842698,1.8059765225994016,80.59765225994016
217.38544890911848,217.6767876119551,-0.2913387028366117,0.9986615995851796,100.46103711455565,185.58404581828205,366.5482718487727,85.1230087037264,1.847323610711491,84.7323610711491,266.087234734217,3.64866103692318,264.866103692318,180.96422603049064,1.9751065897533293,97.51065897533293
220.0771826628359,226.10227376517406,-6.025091102338166,0.9733523639457261,103.73364851871177,201.58734188258018,363.948194240723,97.8536933638684,1.94331679991201,94.331679991201,260.2145457220112,3.508487356203161,250.8487356203161,162.36085235814284,1.8054119412552905,80.54119412552905
231.981929336729,237.323367706475,-5.341438369746015,0.9774929943841334,108.87100735354207,205.02675472524308,390.0601834860208,96.15574737170101,1.8832080248826009,88.32080248826009,281.1891761324787,3.5827737151302324,258.27737151302324,185.0334287607777,1.902484307517531,90.2484307517531
237.83607140388207,229.27889926502604,8.557172138856032,1.0373221093013216,112.47759727312771,206.13804770238937,382.0568110278451,93.66045042926166,1.8327031577837438,83.27031577837438,269.57921375471733,3.39673695287162,239.673695287162,175.9187633254557,1.8534026846874838,85.34026846874838
227.74427334250905,201.3992129661851,26.345060376323943,1.1308101456223032,100.44628915724275,189.71006251263714,353.55887779316134,89.26377335539439,1.8886716881661723,88.86716881661722,253.1125886359186,3.519879935431818,251.98799354318183,163.8488152805242,1.8636801501744789,86.36801501744789
206.5441647011553,237.29268439261867,-30.748519691463372,0.8704194367804967,94.59013658378159,194.20105768236573,376.9640793745137,99.61092109858414,2.0530793663708846,105.30793663708846,282.3739427907321,3.9852366535132786,298.52366535132785,182.76302169214796,1.9411020921990767,94.11020921990767
212.6896831277534,217.84547977378944,-5.155796646036038,0.9763327811465732,100.21545433775735,195.28641355721987,350.300876457337,95.07095921946252,1.9486656508989495,94.86656508989495,250.08542211957962,3.4954776064449473,249.54776064449473,155.0144629001171,1.7937800693682007,79.37800693682007
225.4402684338644,238.23696158119313,-12.796693147328739,0.946285861512016,108.88194514289286,202.02959305908306,384.6043068206104,93.1476479161902,1.8554921368638895,85.54921368638895,275.7223616777176,3.532305620696518,253.23056206965182,182.57471376152736,1.903702823913197,90.3702823913197
197.1522182649355,223.39086169159043,-26.23864342665493,0.8825437924006061,95.88785190232366,187.2355167930302,347.69125123943496,91.34766489070654,1.9526510718350225,95.26510718350225,251.8033993371113,3.626019817334226,262.6019817334226,160.45573444640476,1.8569727431776324,85.69727431776325
228.0225686555058,223.6896558093247,4.332912846181102,1.0193701976539966,97.21667551271939,197.8069062017061,382.54475498282017,100.59023068898672,2.034701404450165,103.4701404450165,285.32807947010076,3.9349705486768034,293.49705486768033,184.73784878111405,1.933930226848271,93.3930226848271
222.88931827305703,221.5579403291847,1.3313779438723259,1.0060091637514512,104.79622402619812,203.2582102045548,358.6164536726097,98.4619861783567,1.9395566213696982,93.95566213696982,253.82022964641158,3.4220360228147033,242.20360228147032,155.35824346805487,1.764339326375577,76.43393263755772
210.67483301609875,225.5920056648775,-14.917172648778745,0.9338754376299195,104.70754660294266,199.46310411658766,350.22960730193404,94.755557513645,1.9049544238961476,90.49544238961475,245.52206069899137,3.344836343363348,234.4836343363348,150.76650318534638,1.7558616108632414,75.58616108632414
206.15411897717982,225.53742392385757,-19.383304946677754,0.9140572566208718,98.76426331526409,189.40494481994858,359.3681062163434,90.6406815046845,1.9177477608003979,91.77477608003979,260.6038429010793,3.638645134923036,263.8645134923036,169.9631613963948,1.8973533481819314,89.73533481819314
210.75747962941057,220.52749588575,-9.770016256339431,0.9556970607356778,95.77747332389397,181.31046716460773,369.8395227842392,85.53299384071376,1.893038737318366,89.30387373183659,274.06204946034524,3.861445807131915,286.1445807131915,188.52905561963146,2.0398134126943157,103.98134126943157
209.74883041831677,225.53588400439355,-15.78705358607678,0.9300020320235638,105.65521054977904,189.45407115073868,357.81778993354783,83.79886060095964,1.7931351436896539,79.31351436896539,252.1625793837688,3.3866554055558233,238.66554055558234,168.36371878280914,1.8886782836609035,88.86782836609035
222.31174602805078,205.57144865418837,16.740297373862404,1.0814329883038518,92.30644311985597,195.3399137884464,354.17843511505646,103.03347066859044,2.116211037779951,111.6211037779951,261.87199199520046,3.8369849724918,283.69849724918004,158.83852132661005,1.8131390981293898,81.31390981293897
214.05251352157418,205.2955087110205,8.757004810553696,1.0426556083254617,96.59545534421137,183.81815465201146,348.60842335266915,87.22269930780008,1.9029689750619,90.29689750619,252.0129680084578,3.608952637682866,260.8952637682866,164.7902687006577,1.896485273789329,89.6485273789329
217.43019972453808,216.5073249106646,0.9228748138734773,1.0042625570024213,96.76399116940826,187.04222020233897,367.10007558105684,90.27822903293071,1.932973391670847,93.29733916708469,270.3360844116486,3.7937674040166587,279.37674040166587,180.05785537871787,1.9626588862339982,96.26588862339982
214.48397120743198,213.18672462477497,1.29724658265701,1.0060850251578295,103.04421530939923,195.9249813835118,342.5368470553994,92.88076607411257,1.9013680757840699,90.13680757840699,239.49263174600014,3.3241734727845,232.41734727845,146.61186567188759,1.7483061355249199,74.83061355249198
203.6742083910515,238.54948259219378,-34.875274201142275,0.853802767366457,95.42039397944392,191.89163041664006,376.02351207878405,96.47123643719614,2.0110127658661585,101.10127658661585,280.6031180993401,3.9407038306694635,294.07038306694636,184.131881662144,1.959561817586062,95.9561817586062
208.83042671481564,222.89082843154853,-14.060401716732883,0.9369179888841818,98.49043605091516,191.57328650455568,357.5181601640754,93.08285045364052,1.9450953228140937,94.50953228140936,259.0277241131603,3.6299784476459673,262.9978447645967,165.94487365951974,1.8662213646137638,86.62213646137637
220.93088527844654,222.03331547850303,-1.1024302000564887,0.9950348433176317,106.74185653849054,198.5241405401591,359.1803040567747,91.78228400166856,1.8598527979375397,85.98527979375396,252.43844751828414,3.3649433849528014,236.49433849528015,160.65616351661558,1.8092525326113513,80.92525326113514
211.38047141960084,231.18108606414475,-19.800614644543913,0.9143501962827101,104.12901836260744,192.62231734087058,367.0910005221404,88.49329897826314,1.8498428235451505,84.98428235451505,262.96198215953297,3.5253477493067598,252.53477493067598,174.46868318126982,1.9057552914417726,90.57552914417725
213.71266348439238,228.69492648929298,-14.982263004900602,0.9344879957116056,101.10101487132624,197.03861373331569,365.4717563558861,95.93759886198944,1.9489281485857644,94.89281485857643,264.37074148455986,3.61491679209186,261.49167920918603,168.43314262257041,1.8548230188552701,85.48230188552701
197.98962184634712,213.7819803449481,-15.792358498600976,0.9261286733656448,101.29119997087219,192.81287821295587,323.55332510311473,91.52167824208368,1.9035501432345763,90.35501432345762,222.26212513224255,3.194288597589498,219.4288597589498,130.74044689015886,1.678069058985573,67.80690589855729
235.32796265728928,229.5609536812952,5.767008975994088,1.0251219072037858,108.81525599625901,209.76090364605952,378.7572148655583,100.9456476498005,1.927679181798469,92.7679181798469,269.9419588692993,3.4807363305617707,248.07363305617707,168.99631121949878,1.8056616284636866,80.56616284636866
210.60946800854688,223.4698121514463,-12.860344142899407,0.9424515373280759,96.70822080020541,192.9134796572429,361.4972197825415,96.20525885703749,1.994799181093332,99.47991810933321,264.78899898233607,3.738019547783612,273.80195477836116,168.5837401252986,1.8738826360129321,87.38826360129322
212.2856085230291,225.56983523548593,-13.284226712456814,0.9411081419703632,105.7706829365762,194.58567177257126,356.42681092862506,88.81498883599507,1.839693820349554,83.9693820349554,250.65612799204888,3.3698072190982358,236.9807219098236,161.8411391560538,1.8317217690376053,83.17217690376053
238.55256657757627,226.4959850358275,12.056581541748784,1.0532308841582407,100.11226136380245,206.86581987608247,390.5947461802207,106.75355851228002,2.0663384989810933,106.63384989810933,290.48248481641826,3.9015675089070347,290.15675089070345,183.7289263041382,1.8881550679285548,88.81550679285549
217.71408108557472,217.10054236683806,0.6135387187366632,1.002826057973176,98.3189070824278,193.01563532450263,360.88739277168867,94.69672824207483,1.9631588781055485,96.31588781055484,262.56848568926085,3.670579784508089,267.05797845080895,167.87175744718604,1.8697313933400055,86.97313933400055
235.32680372997456,233.15682262449965,2.1699811054749034,1.0093069595006863,105.05369556489785,206.52943333422564,391.14231063258785,101.4757377693278,1.9659416284564712,96.59416284564712,286.08861506769,3.7232608384629002,272.32608384629003,184.6128772983622,1.89388168222785,89.388168222785
215.63997695826097,237.61202700695674,-21.972050048695763,0.907529722609317,102.95629534131422,204.89494595687677,372.02676464963565,101.93865061556255,1.9901157600671426,99.01157600671426,269.07046930832144,3.6134435822143365,261.34435822143365,167.13181869275888,1.8156951744819234,81.56951744819234
211.145316308463,227.8465684269048,-16.7012521184418,0.9266995670211302,97.47202366514767,194.06470161895913,366.9511018189449,96.59267795381146,1.9909784810218254,99.09784810218254,269.4790781537972,3.7646812697719008,276.4681269771901,172.88640019998576,1.89086989420386,89.086989420386
220.34462981894666,228.882780803261,-8.538150984314342,0.9626964031354835,104.58341074574487,201.17042776053992,368.0872774270267,96.58701701479505,1.923540514944669,92.35405149446689,263.50386668128186,3.519557019629931,251.9557019629931,166.9168496664868,1.829728561621262,82.97285616212619
208.28863529196093,220.81670174379903,-12.5280664518381,0.9432648601627349,105.61152685664564,187.4407450551292,350.6057336418651,81.82921819848357,1.774813324208033,77.48133242080331,244.99420678521943,3.3197676813987194,231.97676813987192,163.16498858673586,1.8704883697445105,87.04883697445105
187.2154227333182,213.2172905997766,-26.001867866458383,0.8780499095860586,91.53976792884863,188.196253567699,320.91304850309456,96.65648563885036,2.055896118438697,105.58961184386968,229.37328057424594,3.5057227668801993,250.57227668801994,132.71679493539557,1.705204234512851,70.52042345128511
220.02997343912534,216.80429945203716,3.225673987088186,1.0148782749938121,89.14811897540103,195.91152204969075,370.19176831165197,106.76340307428971,2.1975956901990195,119.75956901990195,281.04364933625095,4.152547160460002,315.25471604600017,174.28024626196122,1.8895865053703018,88.95865053703018
209.84436388186816,226.44611375755804,-16.601749875689876,0.9266856489598918,99.70383932474085,197.57170813514372,357.1601689992547,97.86786881040287,1.9815857591164756,98.15857591164756,257.4563296745139,3.5822107896563997,258.22107896563995,159.588460864111,1.8077495627812699,80.77495627812698
230.12795770546734,223.04129947670066,7.08665822876668,1.0317728521372203,105.2715265853706,193.16897441322433,381.31338477465704,87.89744782785374,1.8349593729561122,83.49593729561123,276.0418581892865,3.622189182042768,262.2189182042768,188.1444103614327,1.9739887625999237,97.39887625999238
207.34502594508274,226.5742273887092,-19.229201443626465,0.9151306763119312,98.52330043008915,201.8426914542894,350.51288811630945,103.31939102420024,2.0486797597438824,104.86797597438824,251.98958768622032,3.5576649034918275,255.76649034918276,148.67019666202006,1.736564676138838,73.6564676138838
214.08612861070827,215.150734492075,-1.064605881366731,0.9950518138649165,100.84628356031986,183.09111418822098,359.917896905634,82.24483062790112,1.8155464705717932,81.55464705717932,259.0716133453141,3.5689753176710166,256.89753176710167,176.826782717413,1.9657857154969949,96.57857154969949
216.85893204198518,225.15866274276752,-8.299730700782334,0.9631383016772295,99.8552523899348,203.77133598718203,359.3998038000122,103.91608359724722,2.0406671768396807,104.06671768396806,259.54455141007736,3.599207805279544,259.92078052795443,155.62846781283017,1.7637407246651207,76.37407246651206
203.188625907326,219.7249010864775,-16.536275179151488,0.9247410052416258,94.4200914392042,186.09258256466492,353.8576164868361,91.67249112546072,1.9709002578597097,97.09002578597097,259.4375250476319,3.7476940669420995,274.76940669421,167.76503392217117,1.9015138143073211,90.15138143073212
197.44726993619153,219.58245332997888,-22.135183393787344,0.8991942067405378,95.72273760247869,195.52429034397957,334.2975569527974,99.80155274150088,2.0426107238591613,104.26107238591614,238.5748193503187,3.4923526564929848,249.23526564929847,138.7732666088178,1.7097494964164222,70.97494964164221
213.22905654042336,235.5598533574097,-22.33079681698635,0.9052011771161008,99.09920501006773,200.79376124799833,373.2903985886835,101.6945562379306,2.0261894253097106,102.61894253097105,274.19119357861575,3.766835450907603,276.68354509076033,172.49663734068517,1.8590736896831985,85.90736896831986
224.62605392106332,223.2956651666995,1.3303887543638098,1.0059579694633598,102.73554952388697,200.78560031318727,368.36142879457,98.0500507893003,1.9543926249842345,95.43926249842345,265.625879270683,3.5855303300725763,258.5530330072576,167.5758284813827,1.8346008290434987,83.46008290434987
239.32631370694384,216.44783581508867,22.87847789185517,1.1056997304024803,105.43300358821057,200.3316334134718,377.89658728136635,94.89862982526122,1.9000846660492248,90.00846660492248,272.4635836931558,3.5842342949586845,258.42342949586845,177.56495386789456,1.8863550445945387,88.63550445945387
204.60063746414036,225.5175728038223,-20.91693533968194,0.9072491997868495,105.431348446315,197.8014647445127,341.94450221111634,92.37011629819771,1.876116237337437,87.6116237337437,236.51315376480136,3.243290608060774,224.32906080607742,144.14303746660363,1.728725834526978,72.8725834526978
200.72908783671312,213.51237820682184,-12.783290370108716,0.9401285748514028,95.14904589883291,188.78566370914214,337.4274894573274,93.63661781030923,1.984104642624249,98.4104642624249,242.27844355849447,3.54630449806188,254.63044980618798,148.64182574818525,1.7873575928794805,78.73575928794804
212.26325470548414,228.94573805098082,-16.682483345496678,0.9271334618957533,102.45992878787865,197.045431761775,362.3081285850438,94.58550297389635,1.9231462884355053,92.31462884355052,259.84819979716514,3.5360958461636764,253.60958461636764,165.26269682326878,1.8387035179941087,83.87035179941087
227.753884942111,225.193206031663,2.56067891044799,1.011371030927496,99.98159403652589,207.69405071166173,371.7449917124735,107.71245667513584,2.0773228584031744,107.73228584031745,271.7633976759476,3.7181342755614133,271.81342755614133,164.05094100081178,1.7898682722913475,78.98682722913475
197.66893361917508,216.525360416764,-18.85642679758891,0.9129135415764028,104.19855628116477,182.66002490771015,334.4328598650337,78.46146862654538,1.7529995752995697,75.29995752995697,230.23430358386895,3.2095728751040937,220.95728751040937,151.77283495732357,1.8309033957156609,83.09033957156609
231.78490432842042,227.99439577129692,3.790508557123502,1.0166254461838868,99.70895291047744,206.4957786144255,383.464218624673,106.78682570394805,2.0709853286677817,107.09853286677817,283.75526571419556,3.84583537818276,284.583537818276,176.9684400102475,1.8570075436781095,85.70075436781094
195.9571201930403,219.73276902989863,-23.775648836858323,0.8917974367599981,92.38560549253029,187.64058565445663,343.5086426874215,95.25498016192634,2.0310586768804373,103.10586768804373,251.12303719489122,3.718205242646761,271.8205242646761,155.86805703296488,1.8306734733817054,83.06734733817053
217.3011855546405,228.92081956459194,-11.619634009951426,0.9492416896285274,99.34866626664481,200.19703622210238,369.7873051901014,100.84836995545757,2.01509535804726,101.509535804726,270.43863892345655,3.72211645194731,272.211645194731,169.590268967999,1.8471167813885734,84.71167813885734
228.4604387823497,225.87869508407206,2.5817436982776485,1.0114297795872988,100.8282410624409,202.85361167773644,377.8268480594553,102.02537061529554,2.011872958808369,101.1872958808369,276.9986069970144,3.7472323634553413,274.72323634553413,174.97323638171886,1.86255913776724,86.25591377672399
212.03956651785415,201.92951720227632,10.11004931557784,1.0500672187783742,102.2475606850319,177.5979524027682,341.1081124923955,75.35039171773629,1.7369407271225679,73.69407271225678,238.8605518073636,3.3361002473512364,233.61002473512366,163.5101600896273,1.920675930535552,92.06759305355521
218.01324670430446,215.604800499952,2.408446204352458,1.0111706520391368,102.76648327165414,189.82903334797203,357.8315541867586,87.06255007631789,1.8471881814440971,84.71881814440971,255.06507091510446,3.4819869552299694,248.19869552299693,168.00252083878655,1.8850201566944942,88.50201566944942
201.91379138077383,217.8785383795497,-15.964746998775865,0.9267263902286471,100.5152996686639,187.588449110832,341.58474586098947,87.07314944216809,1.8662676202448167,86.62676202448168,241.0694461923256,3.3983358452591874,239.83358452591875,153.99629675015748,1.8209263282472823,82.09263282472823
213.24695361393796,239.08270234801827,-25.835748734080312,0.8919380261292481,99.94956381619171,194.99459264481314,383.5503274819295,95.04502882862143,1.9509299010389902,95.09299010389903,283.6007636657378,3.8374387324719352,283.7438732471935,188.55573483711638,1.966979300705916,96.6979300705916
190.47543736426357,219.2380187527651,-28.76258138850153,0.8688065986359003,97.57418254521947,172.86188698102177,344.13411464930175,75.2877044358023,1.7715945188770728,77.15945188770728,246.5599321040823,3.5268972352375827,252.68972352375826,171.27222766827998,1.9908038762013727,99.08038762013727
209.70853631114312,229.74163642636123,-20.033100115218105,0.912801613034391,95.96337358588778,198.60692847036842,364.60495705000034,102.64355488448064,2.0696117805051326,106.96117805051327,268.64158346411256,3.79941787606786,279.941787606786,165.99802857963192,1.8358118715098015,83.58118715098016
224.82025695512723,233.33194675791322,-8.51168980278598,0.9635211126420805,105.93252216902371,198.2063355123132,383.08944788822373,92.27381334328948,1.8710621766945124,87.10621766945124,277.1569257192,3.6163535054605256,261.63535054605256,184.88311237591054,1.9327810430379762,93.27810430379762
199.74057724311075,226.17469489750846,-26.43411765439771,0.883125220235728,98.04736013993701,196.35152229529345,344.47402577569835,98.30416215535644,2.002619162974433,100.26191629744332,246.42666563576134,3.5133431974512277,251.33431974512277,148.1225034804049,1.7543741028788316,75.43741028788315
206.8501951894482,226.20185867570277,-19.35166348625458,0.9144495823352259,99.05965355372778,192.86426977952806,357.6541574644706,93.80461622580027,1.9469507802682018,94.69507802682018,258.5945039107428,3.610492714579168,261.0492714579168,164.78988768494253,1.8544345091671017,85.44345091671018
221.54350390747308,230.9119605079259,-9.368456600452816,0.9594284480550705,105.16762733194989,198.43675898042605,375.0788103107225,93.26913164847616,1.8868616133563854,88.68616133563853,269.91118297877256,3.566485427372323,256.6485427372323,176.64205133029643,1.8901679922504708,89.01679922504708
210.23419038704438,222.30070343469404,-12.066513047649664,0.9457198611555699,99.48709619045523,196.99174163655894,352.3235029055934,97.50464544610371,1.9800732876899294,98.00732876899293,252.83640671513814,3.5413989994352173,254.13989994352173,155.33176126903444,1.788519153029342,78.8519153029342
221.0831067089465,225.45948211332038,-4.376375404373874,0.9805890825111795,100.61291911224639,201.01167048622878,368.18929363492515,100.39875137398239,1.9978713694011296,99.78713694011296,267.57637452267875,3.6594633858517076,265.94633858517074,167.17762314869637,1.8316811792285943,83.16811792285944
216.84422178558452,207.22016224102063,9.624059544563892,1.0464436444817085,103.95880036507396,183.74109131970388,348.39668435512993,79.78229095462993,1.7674414352075731,76.74414352075732,244.43788399005598,3.351295735730493,235.1295735730493,164.65559303542605,1.8961283066994,89.61283066994
218.95735215337723,220.2949280474045,-1.3375758940272817,0.9939282492525681,100.95960710105908,203.4817497642538,354.43706343585967,102.52214266319473,2.015476838777429,101.54768387774288,253.4774563348006,3.5106818817259597,251.06818817259597,150.95531367160586,1.741861684630179,74.1861684630179
217.44295734599797,217.4503117176365,-0.007354371638541579,0.9999661790706095,100.96765663387346,191.92903599219042,359.44321096938774,90.96137935831696,1.9008962116270458,90.08962116270457,258.4755543355143,3.559983691339814,255.9983691339814,167.5141749771973,1.8727922490269449,87.27922490269448
225.6949607713128,220.0635447800596,5.631415991253192,1.025589954014789,103.50653544620064,204.60477741983325,360.52644546102465,101.09824197363261,1.9767329332183108,97.67329332183108,257.019910014824,3.4831273591261747,248.31273591261746,155.9216680411914,1.7620626947593316,76.20626947593317
218.70816458145785,217.85033101706279,0.8578335643950652,1.0039377198115338,99.33918192663793,189.99120742353293,365.5073540476102,90.65202549689499,1.9125505539580705,91.25505539580705,266.16817212097226,3.6793875987174696,267.938759871747,175.51614662407727,1.9238119437433359,92.38119437433359
209.78829808866783,198.72114743753534,11.067150651132494,1.055691861655596,100.8413594841062,183.36011531634006,328.5626934888585,82.51875583223385,1.8183026910227225,81.83026910227224,227.7213340047523,3.258213645370815,225.8213645370815,145.20257817251843,1.7918983794376941,79.18983794376942
214.48053364304795,218.32092623760934,-3.8403925945613935,0.9824094159879951,91.30794751750105,189.93864181909663,367.95560048438836,98.63069430159558,2.080198350561883,108.01983505618828,276.64765296688734,4.029831033206196,302.9831033206196,178.01695866529172,1.937234029686495,93.7234029686495
198.16666650820144,210.7345863391759,-12.56791983097446,0.940361380401286,96.26120448645756,184.2956820083628,332.79499277624564,88.03447752190525,1.9145374607720633,91.45374607720633,236.53378828978808,3.457207860130866,245.7207860130866,148.49931076788283,1.805766630827218,80.5766630827218
215.52866708002492,213.62015569296963,1.9085113870552846,1.0089341353622003,104.578512618332,182.84881463783526,356.2959069033245,78.27030201950326,1.7484357929736223,74.84357929736223,251.7173942849925,3.4069704950160857,240.69704950160857,173.44709226548926,1.9485819889455243,94.85819889455243
219.4524584835894,229.04179165533026,-9.589333171740861,0.9581328232614805,98.34734597909265,208.27549230817976,366.1185369211071,109.92814632908711,2.1177540708872447,111.77540708872446,267.7711909420144,3.7227088669880226,272.27088669880226,157.84304461292732,1.7578570232323403,75.78570232323403
210.4454818476377,204.5089365196695,5.93654532796819,1.0290282929880534,94.83981558408506,166.23229365413056,361.3595183127452,71.3924780700455,1.7527690520101114,75.27690520101113,266.51970272866015,3.8102089938414476,281.02089938414474,195.12722465861464,2.17382260912915,117.38226091291502
213.13695638504316,219.70927955854486,-6.572323173501701,0.9700862740676804,105.6228256331735,196.40285657701864,347.24367170518997,90.78003094384513,1.8594736071455125,85.94736071455125,241.62084607201646,3.287581728888432,228.7581728888432,150.84081512817133,1.7680174196907348,76.80174196907348
201.951365935516,215.24644779150367,-13.295081855987661,0.9382332113147539,95.10881529251385,182.21802353020453,348.46988176781105,87.10920823769068,1.9158899516283552,91.58899516283552,253.3610664752972,3.663907290781274,266.39072907812744,166.2518582376065,1.9123787812902522,91.23787812902522
204.09139388791291,216.45022554201782,-12.358831654104904,0.9429022001563783,92.1729778970984,188.21734578533682,350.42210546246093,96.04436788823841,2.042001355272063,104.20013552720629,258.2491275653625,3.801787828246918,280.17878282469184,162.20475967712412,1.8617949583781708,86.17949583781707
207.53067326502307,221.4930697381269,-13.962396473103837,0.9369623776960079,101.85782407794694,191.57905571234883,350.09873471442916,89.72123163440189,1.8808477153973218,88.08477153973217,248.24091063648223,3.437131490719017,243.71314907190168,158.51967900208032,1.8274374169590524,82.74374169590524
197.66270100394385,235.48188215187167,-37.81918114792782,0.8393966414641755,101.17511144204222,188.06959764674772,360.47216564493345,86.8944862047055,1.8588523893495554,85.88523893495554,259.2970542028912,3.562854149673248,256.2854149673248,172.40256799818573,1.9166955752306682,91.66955752306683
195.75739486201692,218.85470991331704,-23.097315051300114,0.894462791957055,92.54972568453088,192.47677786735406,336.891653611116,99.92705218282318,2.0797120298707203,107.97120298707203,244.34192792658513,3.6401150961749997,264.0115096175,144.41487574376194,1.7502976584701864,75.02976584701864
211.78359901708356,229.0033316177866,-17.219732600703054,0.924805755099479,100.35947189765216,196.17540553466856,364.6455185199845,95.8159336370164,1.954727359812442,95.4727359812442,264.2860466223323,3.6333941542842565,263.33941542842564,168.47011298531592,1.85877285445725,85.877285445725
214.01416940224271,224.68055334007897,-10.666383937836258,0.9525264479757111,104.04242578680068,196.93707295375347,357.0625853729283,92.8946471669528,1.8928535303214533,89.28535303214534,253.02015958612765,3.4318940823679545,243.18940823679546,160.12551241917484,1.8130795792663017,81.30795792663017
208.27160235298953,221.76351553425076,-13.491913181261225,0.9391608076343945,102.65918433439026,185.2293864155104,357.1641060809597,82.57020208112013,1.8043138333552837,80.43138333552837,254.50492174656944,3.4791247212482643,247.91247212482642,171.9347196654493,1.928225931061294,92.82259310612939
206.20147116358038,217.49548566272185,-11.294014499141468,0.9480724187689324,94.72739970707417,179.9513168972432,360.86671863513595,85.22391719016903,1.8996754629991661,89.9675462999166,266.1393189280618,3.809528391479606,280.95283914796056,180.91540173789275,2.0053574758844364,100.53574758844364
229.93814536470387,223.63540517747052,6.302740187233354,1.0281831053639816,103.95796086614696,207.16520055699806,369.23716439011645,103.2072396908511,1.992778608111961,99.27786081119609,265.2792035239695,3.5517930643669966,255.17930643669965,162.0719638331184,1.7823319910745674,78.23319910745674
201.72291134176874,215.99708185416844,-14.274170512399706,0.9339149844531835,92.56010762371432,191.80760353724287,342.21227863294854,99.24749591352855,2.0722491412499275,107.22491412499275,249.65217100923422,3.6971897226410766,269.71897226410766,150.40467509570567,1.7841434454213485,78.41434454213486
212.07206167957202,212.3945792464679,-0.32251756689589683,0.9984815169575414,92.7303039566798,196.99105484280767,346.9786025895724,104.26075088612787,2.124343892314153,112.43438923141528,254.2482986328926,3.741803787806714,274.1803787806714,149.98754774676473,1.7613926828629343,76.13926828629343
222.11008132815215,211.46303429596844,10.647047032183707,1.0503494479194972,102.16383261468035,192.73796211493118,355.45787870656943,90.57412950025083,1.8865576709701066,88.65576709701067,253.29404609188907,3.4792927165057455,247.92927165057455,162.71991659163825,1.8442546284400738,84.42546284400738
201.97466076503946,223.62659257092935,-21.651931805889888,0.9031781884391841,95.33797175212696,192.39874562201277,350.6651626298135,97.06077386988581,2.0180704716714346,101.80704716714347,255.32719087768652,3.6781269433916846,267.81269433916844,158.26641700780073,1.8225958880144233,82.25958880144233
212.77913606309954,216.65561147411438,-3.8764754110148374,0.9821076620880508,100.48335911651111,185.07595940350976,358.5928027858002,84.59260028699865,1.841856811224961,84.18568112249609,258.1094436692891,3.5686784950133834,256.86784950133836,173.51684338229043,1.9375439356982196,93.75439356982196
212.04569521152195,224.10974780279454,-12.064052591272599,0.9461689966208504,95.85833139969667,192.44926617453697,365.9255669472411,96.5909347748403,2.007642563400034,100.76425634000339,270.06723554754444,3.8173579865630654,281.73579865630654,173.47630077270415,1.9014131579767846,90.14131579767846
212.03209151986098,225.13703327541785,-13.104941755556865,0.9417912656798443,97.75090320156995,182.61559829236043,375.387185698988,84.86469509079048,1.8681730021030383,86.81730021030383,277.63628249741805,3.840242631056927,284.0242631056927,192.77158740662756,2.0556140286439706,105.56140286439705
213.93059849656117,238.2383465434704,-24.30774804690924,0.8979687846243766,100.70667057886006,208.3859403976803,369.16080658350705,107.67926981882023,2.0692367168915604,106.92367168915604,268.454136004647,3.665703616866466,266.5703616866466,160.77486618582677,1.7715245370153412,77.15245370153411
198.25112430981795,231.34384976199235,-33.09272545217439,0.8569543755486894,86.7386376382021,188.24054572973085,369.41327773978253,101.50190809152875,2.1702040849996527,117.02040849996527,282.6746401015804,4.258924140365823,325.89241403658235,181.17273201005167,1.9624532871370501,96.24532871370502
213.61428326412124,224.45195946911196,-10.837676204990714,0.9517149405573261,104.64480851439359,190.92397038384522,361.53058520161096,86.27916186945163,1.8244953867690836,82.44953867690836,256.88577668721734,3.4548353648321073,245.48353648321074,170.60661481776575,1.89358405062899,89.35840506289901
187.24230364817404,210.85454358498262,-23.612239936808578,0.8880164518376057,98.25023374781289,181.26028300802983,317.6347540938922,83.01004926021695,1.8448839874853205,84.48839874853205,219.38452034607928,3.232916014319029,223.2916014319029,136.37447108586235,1.7523681902219084,75.23681902219084
216.1407447464243,210.8388312095745,5.30191353684981,1.025146760235925,98.07596971416466,192.79341161317382,349.5999826066597,94.71744189900916,1.9657558541104037,96.57558541104036,251.52401289249502,3.564583492016889,256.45834920168886,156.80657099348588,1.8133398837721024,81.33398837721025
219.27391369984343,215.04312289862617,4.2307908012172675,1.0196741506735452,106.20417085464209,197.99336404678695,347.2780199962754,91.78919319214486,1.8642710776187266,86.42710776187266,241.07384914163333,3.2699094320088675,226.99094320088676,149.28465594948847,1.753988178685684,75.39881786856839
206.03852846583942,229.93313043085328,-23.894601965013862,0.8960802128851998,102.08812777559427,191.76692567376776,360.102434895677,89.67879789817349,1.8784449264786358,87.84449264786358,258.0143071200827,3.527368389860559,252.7368389860559,168.33550922190923,1.877813046386738,87.7813046386738
197.5110203852337,233.01160724848737,-35.50058686325366,0.84764455606971,94.6604967950338,181.33729085872739,369.78615379682043,86.67679406369359,1.9156596151335743,91.56596151335744,275.12565700178664,3.906446366930758,290.6446366930758,188.44886293809304,2.039217372475836,103.92173724758358
210.07201785008587,211.55308419880524,-1.4810663487193665,0.9929990793831796,96.78109610509992,188.0445588330973,347.6119981351393,91.26346272799739,1.9429885215278961,94.2988521527896,250.83090203003937,3.5917344618379636,259.1734461837964,159.56743930204198,1.8485618530641412,84.85618530641412
193.00091549358308,212.62434020557316,-19.623424711990083,0.9077084745188748,93.53735713000547,181.77070604840415,333.1298203703247,88.23334891839868,1.943295295330668,94.32952953306679,239.5924632403192,3.5614628271709132,256.1462827170913,151.35911432192054,1.8326925587317395,83.26925587317395
214.48010501661506,221.17248880425043,-6.692383787635379,0.9697413370721777,102.02544292675825,196.2581138021084,355.1953340024316,94.23267087535015,1.9236193264360308,92.36193264360308,253.16989107567335,3.481438784415945,248.1438784415945,158.9372202003232,1.8098377036303492,80.98377036303492
203.6441100762064,216.09971683251047,-12.455606756304064,0.9423617627136557,97.66564144590325,184.24963073063887,347.7004681865331,86.58398928473562,1.8865347936376815,88.65347936376816,250.03482674062985,3.5601104240852552,256.0110424085255,163.45083745589423,1.88711622817225,88.711622817225
214.49872318534992,213.27306024781663,1.2256629375332864,1.0057469186971346,96.30342708696334,185.06453925978556,360.289708803001,88.76111217282222,1.9216817600132725,92.16817600132725,263.9862817160377,3.7411930156717514,274.11930156717517,175.22516954321546,1.946832765715543,94.6832765715543
237.99059969559406,240.63937611226513,-2.648776416671069,0.988992755635157,111.32709826165292,221.64211155606714,384.9757538940687,110.31501329441421,1.990908907327666,99.0908907327666,273.6486556324158,3.458059716864777,245.80597168647768,163.33364233800157,1.7369251321028147,73.69251321028148
227.25094941376327,225.0586938966245,2.1922555171387614,1.0097408168472963,99.43263909496228,204.62269551579166,374.4091303548277,105.19005642082938,2.0579026904874618,105.79026904874618,274.97649125986544,3.7654550232469592,276.5455023246959,169.78643483903605,1.8297536810912203,82.97536810912203
205.53552178874986,210.63366888611077,-5.098147097360908,0.9757961434925322,100.73786707970243,185.778241656707,337.7376772758815,85.04037457700457,1.8441748574021504,84.41748574021504,236.99981019617906,3.352638755083707,235.2638755083707,151.95943561917449,1.8179614268283093,81.79614268283093
202.18609145317814,217.51254545877663,-15.326454005598492,0.9295376090915952,101.47985408359698,178.08584867207156,349.98225261226355,76.60599458847459,1.7548886947094757,75.48886947094758,248.50239852866656,3.4487855325841865,244.87855325841866,171.896403940192,1.965244600971766,96.52446009717659
214.35209337153427,235.74284528147547,-21.3907519099412,0.9092623494706668,102.7554104267596,205.50495128928688,366.8820462634683,102.74954086252728,1.9999428782950899,99.99428782950899,264.1266358367087,3.5704401815899396,257.04401815899394,161.3770949741814,1.785271079658868,78.5271079658868
222.5445463008197,223.20872494163817,-0.6641786408184771,0.9970244055603465,101.29586749728979,196.44411233887993,370.88992702751705,95.14824484159014,1.9393102324153142,93.93102324153142,269.59405953022724,3.6614517076665574,266.1451707666557,174.4458146886371,1.8880175262657188,88.80175262657188
212.04875858683727,220.57546993412322,-8.526711347285953,0.9613433381788441,98.61741312889961,200.45798786790067,349.8609417846404,101.84057473900106,2.0326834937952443,103.26834937952442,251.24352865574076,3.5476588838053225,254.76588838053226,149.4029539167397,1.7453080593385701,74.53080593385701
222.64585011385057,224.52759193818386,-1.8817418243332895,0.9916191065512725,100.3692515883055,203.66492909721012,366.725982392536,103.29567750890462,2.0291565980047626,102.91565980047625,266.35673080423055,3.6537682267152127,265.37682267152127,163.0610532953259,1.8006339334814792,80.06339334814791
214.60238995604618,222.57513892552802,-7.972748969481842,0.9641795170477262,101.39819349725157,192.0553247639373,362.3127750611724,90.65713126668574,1.8940704773911285,89.40704773911285,260.9145815639208,3.5731679487070247,257.3167948707025,170.25745029723507,1.886502108215459,88.6502108215459
215.1755291990297,230.94433137061512,-15.768802171585406,0.9317203324368246,110.3410148757393,203.01492815742517,355.8238478213027,92.67391328168587,1.8398863594471262,83.98863594471263,245.48283294556342,3.2247650451830108,222.47650451830108,152.80891966387753,1.7526979471449702,75.26979471449702
221.49758346318347,224.34183590801837,-2.8442524448348934,0.9873217920619984,105.83624965956665,195.63515690949552,367.28772248774055,89.79890724992887,1.8484702315017438,84.84702315017438,261.4514728281739,3.4703395449967274,247.03395449967275,171.65256557824503,1.8774116487541894,87.74116487541895
211.0211277007031,218.5012075967359,-7.480079896032805,0.9657664139328787,101.39587476429166,184.50923487899806,358.3783933028687,83.1133601147064,1.819691731127273,81.96917311272729,256.98251853857704,3.5344474727001214,253.44474727001213,173.86915842387063,1.9423330953482885,94.23330953482885
215.25244311550668,226.7525542903295,-11.50011117482282,0.9492834327233275,97.39147273346313,202.19309927746022,363.4229240978309,104.80162654399709,2.0760862691830706,107.60862691830707,266.03145136436774,3.7315682153450065,273.15682153450064,161.22982482037068,1.7974051804761273,79.74051804761272
203.43930587702894,211.90429707399136,-8.464991196962416,0.960052762903592,95.36004280099232,195.86396660742753,331.7913950181105,100.50392380643521,2.0539416809635633,105.39416809635634,236.4313522171182,3.4793545102588594,247.93545102588595,135.92742841068298,1.6939889493973332,69.39889493973332
224.7189729956995,230.59355283411963,-5.874579838420146,0.9745240932965454,108.80016587635653,195.51658425473104,378.65203861364114,86.71641837837451,1.7970246890700645,79.70246890700645,269.8518727372846,3.480252401857104,248.0252401857104,183.1354543589101,1.9366747841723235,93.66747841723236
213.20906761174737,220.48246069822196,-7.273393086474584,0.9670114662933221,97.83728088024233,194.30770159007608,358.3923099946355,96.47042070983375,1.986029250219232,98.6029250219232,260.55502911439316,3.663146673437556,266.3146673437556,164.08460840455945,1.844457564274641,84.4457564274641
197.53886388425477,213.57773147790297,-16.038867593648206,0.9249038395404644,94.17329119739968,188.79247905705415,333.70912278878274,94.61918785965447,2.0047348527017084,100.47348527017084,239.53583159138304,3.5435644071235046,254.35644071235046,144.91664373172858,1.7675975465523388,76.75975465523388
229.6965336337519,206.63110622105845,23.065427412693452,1.1116261139695858,107.23894409554991,188.320915053829,358.9316006328366,81.08197095827909,1.7560869947212,75.60869947212,251.69265653728667,3.347026620413462,234.7026620413462,170.6106855790076,1.9059571823461077,90.59571823461077
228.36447105263682,236.11260058820676,-7.748129535569944,0.9671845995670383,102.38279996506944,199.14481148729965,395.18799600889633,96.76201152223021,1.9451002664045434,94.51002664045434,292.80519604382687,3.8599061184468977,285.9906118446898,196.0431845215967,1.98442526851421,98.44252685142101
205.20912909065203,211.61916467680663,-6.410035586154606,0.9697095695659499,101.85730614102118,183.84429982000103,339.54083469016587,81.98699367897984,1.8049201062265388,80.49201062265388,237.68352854914468,3.333495137011305,233.34951370113052,155.69653487016484,1.8468934583373255,84.68934583373256
237.47879977442264,223.9275745674015,13.551225207021133,1.0605161076441805,105.7941160663474,206.06070266563398,380.2547427807548,100.26658659928658,1.9477520142651952,94.77520142651952,274.4606267144074,3.59429008832857,259.429008832857,174.1940401151208,1.8453530336532828,84.53530336532829
230.19163824657974,219.52739853691915,10.664239709660592,1.0485781719308587,101.50790320988169,198.29629367274984,374.77435829261685,96.78839046286815,1.9535059576863163,95.35059576863163,273.26645508273515,3.6920707298792177,269.2070729879218,176.478064619867,1.8899715741087444,88.99715741087444
230.73406482413333,212.42487785180984,18.309186972323488,1.0861913498902713,111.33060752984393,197.70261807234283,355.7051884117279,86.3720105424989,1.7758154963750243,77.58154963750243,244.37458088188396,3.19503500702963,219.503500702963,158.00257033938504,1.7991931107435772,79.91931107435772
229.7640652458001,225.15665327291038,4.607411972889736,1.020463139356158,107.212562511356,204.3362299476579,370.8322853190517,97.1236674363019,1.9058982003719436,90.58982003719436,263.6197228076957,3.4588510584267866,245.88510584267866,166.49605537139382,1.8148141688531834,81.48141688531834
207.23259929279013,211.70376299523156,-4.47116370244143,0.9788800933947398,96.38306253387827,182.17886084065734,349.84262005749684,85.79579830677906,1.8901543077303875,89.01543077303874,253.45955752361857,3.6297105617963585,262.97105617963587,167.6637592168395,1.9203249951347898,92.03249951347898
198.52002790921466,211.56922106689504,-13.049193157680378,0.938321873607719,100.95147176115078,190.4112856399254,323.77111606308824,89.45981387877463,1.886166514644133,88.61665146441331,222.81964430193744,3.2071956001703907,220.71956001703907,133.35983042316283,1.7003777637180133,70.03777637180133
225.21302781250787,223.44574818965262,1.7672796228552556,1.007909211238852,104.09062687901988,205.8138467339601,363.0836903902608,101.72321985494023,1.9772562900708515,97.72562900708515,258.99306351124096,3.488149714116503,248.81497141165033,157.2698436563007,1.7641363598805453,76.41363598805452
216.38425182517176,214.8550609686177,1.5291908565540666,1.0071173136423228,97.96763935556035,198.00973926975715,350.8815905653667,100.0420999141968,2.0211749570805466,102.11749570805466,252.91395120980636,3.5816070783525693,258.1607078352569,152.87185129560956,1.7720420816642037,77.20420816642037
217.04152774888541,233.4520218378178,-16.41049408893238,0.9297050676205625,96.82660145954839,202.59291189201133,376.3208110284951,105.76631043246294,2.092326993183266,109.23269931832662,279.4942095689467,3.8865436290843283,288.6543629084328,173.72789913648376,1.8575220994359685,85.75220994359685
204.45174623792136,230.38657820024625,-25.934831962324893,0.8874290674182287,94.91406522653378,193.86717475293187,363.4762466777858,98.9531095263981,2.042554749817366,104.2554749817366,268.56218145125206,3.8295298574586174,282.9529857458617,169.60907192485394,1.8748725623149307,87.48725623149308
222.61412370504652,226.77100380310972,-4.156880098063198,0.9816692609357044,104.37358398165455,195.13297581191424,374.57113146866556,90.75939183025969,1.8695628565002829,86.95628565002829,270.197547487011,3.5887541385424004,258.87541385424004,179.43815565675132,1.9195685911627212,91.95685911627211
205.52213776031576,217.09024588287681,-11.568108122561057,0.9467129069962811,100.33797378401296,186.34883686292923,347.2317648178467,86.01086307891627,1.8572114807108109,85.72114807108109,246.89379103383374,3.4606216542233166,246.06216542233165,160.88292795491745,1.8633428073031468,86.33428073031469
221.32785243292614,229.95086306981196,-8.623010636885823,0.9625006380851551,104.0443430657355,208.65329485419343,364.2204353341783,104.60895178845793,2.005426616249244,100.5426616249244,260.1760922684428,3.500626988476085,250.0626988476085,155.5671404799849,1.7455772054244096,74.55772054244096
217.1058389706878,229.69114449898058,-12.585305528292764,0.945207702474796,108.78831670763313,199.32475435799802,362.0824041388714,90.53643765036489,1.83222574252785,83.22257425278501,253.2940874312383,3.328320679066688,232.83206790666878,162.7576497808734,1.8165450914769568,81.65450914769568
212.52936241190358,233.52803850554162,-20.99867609363804,0.9100807071047285,106.74592418554572,201.1157714594976,361.22440573112465,94.36984727395189,1.8840604266062493,88.40604266062493,254.47848154557892,3.3839643854058967,238.39643854058968,160.10863427162704,1.7961018328384608,79.61018328384608
213.07276303265414,220.42963922041793,-7.356876187763788,0.9666248322422408,102.46409339546938,182.5505175861045,365.2389923980342,80.08642419063511,1.781604770380726,78.1604770380726,262.77489900256484,3.564555936569521,256.4555936569521,182.68847481192972,2.0007557208144324,100.07557208144324
211.8306867399143,228.62494530714977,-16.79425856723546,0.9265423178355584,93.82772181069906,196.402394288474,370.45333197142304,102.57467247777494,2.093223521772416,109.3223521772416,276.62561016072397,3.9482289969570665,294.82289969570667,174.05093768294904,1.8861956001784004,88.61956001784004
219.26943410618512,210.41730782886765,8.852126277317467,1.0420693828309833,106.06562684908,187.10250887401176,351.3619771794874,81.03688202493176,1.764025862405344,76.4025862405344,245.2963503304074,3.3126846803954475,231.26846803954476,164.25946830547562,1.877911628732259,87.7911628732259
213.0116044133985,222.0405859315359,-9.028981518137414,0.9593363461897844,98.4808108541773,198.90782455074225,355.18965011248207,100.42701369656494,2.019762254448427,101.97622544484268,256.70883925830475,3.6066889278401573,260.6688927840157,156.28182556173982,1.7856997376283288,78.56997376283287
212.23581809201764,218.43049094681095,-6.1946728547933105,0.9716400726476335,91.11855039498163,191.7045740822456,363.17633908101567,100.58602368726399,2.1039028084977502,110.39028084977502,272.05778868603403,3.985756330700117,298.5756330700117,171.47176499877006,1.894458391614614,89.44583916146141
218.2226574869866,220.4461845017226,-2.2235270147359927,0.9899135155377633,108.60077804415947,195.19623009671471,354.2062548421896,86.59545205255525,1.797374140518069,79.7374140518069,245.6054767980301,3.26154435742773,226.154435742773,159.01002474547488,1.8146162693136516,81.46162693136516
218.22451275929396,228.32928062129744,-10.104767862003484,0.9557447567192967,106.64427231229143,203.09826596306235,360.08815179553335,96.45399365077091,1.9044460762817168,90.44460762817168,253.44387948324191,3.3765353167872934,237.65353167872934,156.989885832471,1.7729750182161716,77.29750182161716
204.12998979751418,218.7383498963024,-14.60836009878821,0.9332153684723615,97.13426994538868,187.56597022908824,349.6022693662479,90.43170028369956,1.9309968596515166,93.09968596515165,252.46799942085926,3.599165048162745,259.9165048162745,162.0362991371597,1.8638896434105436,86.38896434105436
215.76958482447944,233.53057713763974,-17.7609923131603,0.9239457524969322,99.64602791343553,200.37550955164005,373.9287054781031,100.72948163820452,2.0108730247201647,101.08730247201648,274.28267756466755,3.7525701054832044,275.2570105483204,173.55319592646305,1.866139760866013,86.61397608660131
209.64407802709215,222.09934557130177,-12.455267544209619,0.9439202870581578,103.75615472882336,191.33604236334077,352.5229383054268,87.5798876345174,1.8440934213822382,84.40934213822382,248.76678357660344,3.397609898196201,239.7609898196201,161.18689594208604,1.8424282950098732,84.24282950098731
223.17080543231623,233.9368754390774,-10.766070006761169,0.9539787389801019,103.51572977183602,207.95884304091047,374.186948494344,104.44311326907444,2.0089588654717745,100.89588654717745,270.671218722508,3.6147834664268643,261.47834664268646,166.22810545343353,1.7993317476801527,79.93317476801526
215.32214078073665,210.39947570676705,4.922665073969597,1.0233967554217211,93.30893513331874,182.8517360209246,362.4217535770122,89.54280088760585,1.959638010654265,95.96380106542651,269.11281844369347,3.8841055581567634,288.41055581567633,179.57001755608763,1.9820525714644492,98.20525714644492
213.06181252474119,232.09285468725162,-19.03104216251043,0.9180024641941045,101.14168582182613,189.93033943247798,376.65997556368507,88.78865361065185,1.8778640862983467,87.78640862983467,275.51828974185895,3.7240824344891705,272.40824344891706,186.7296361312071,1.9831480146308653,98.31480146308652
205.40290033417233,219.38046837132612,-13.977568037153787,0.9362861783415688,101.06999011224349,178.56294595581517,357.542116990189,77.49295584357168,1.7667256695831444,76.67256695831443,256.4721268779455,3.5375695257624926,253.75695257624926,178.97917103437385,2.0023309711672304,100.23309711672303
216.05336860368163,220.9928020644152,-4.939433460733568,0.9776488943775924,107.01012216323878,189.93269137256328,358.62644246634306,82.92256920932451,1.7749039766801697,77.49039766801698,251.6163203031043,3.351331960160514,235.1331960160514,168.69375109377978,1.8881764896537891,88.81764896537891
207.75770866787886,226.80980385434316,-19.0520951864643,0.9159996840405562,95.86787251452377,196.2372944954754,359.74610177333386,100.36942198095163,2.0469557668106786,104.69557668106786,263.8782292588101,3.752519924950177,275.2519924950177,163.50880727785847,1.833219840796513,83.3219840796513
206.46426252660595,218.57737696878215,-12.113114442176197,0.944582030353918,91.01657323836,186.85187147109994,359.69401453362224,95.83529823273994,2.052943379682735,105.2943379682735,268.67744129526227,3.9519617332947994,295.19617332947996,172.8421430625223,1.925022274070482,92.50222740704821
203.98010717120556,220.92429824293436,-16.944191071728795,0.9233031802907596,100.97383810595518,181.34155939572128,355.04121061953344,80.3677212897661,1.795926180457096,79.5926180457096,254.06737251357828,3.516170299944199,251.6170299944199,173.69965122381217,1.9578590357479333,95.78590357479332
205.2996032080412,227.76372978007967,-22.46412657203848,0.9013709224303228,94.56226119693213,199.66501140718526,355.3677268780639,105.10275021025313,2.1114661269718344,111.14661269718344,260.80546568113175,3.7580290739662754,275.8029073966275,155.70271547087862,1.7798197309259534,77.98197309259534
195.86390199781258,225.4942692471637,-29.63036724935111,0.8685981362263653,101.21567762636705,187.5026492269151,343.31893001418223,86.28697160054806,1.852505991404537,85.2505991404537,242.1032523878152,3.3919540733751545,239.19540733751546,155.81628078726712,1.831008422706064,83.10084227060639
209.40352426745002,218.5018536708693,-9.098329403419285,0.9583604017514462,97.36158942553763,189.44533917365058,355.0511383082908,92.08374974811295,1.945791356647262,94.5791356647262,257.6895488827531,3.646727014248619,264.6727014248619,165.6057991346402,1.8741613800424066,87.41613800424066
202.50389215256516,234.90520993559664,-32.40131778303149,0.8620664148236011,97.75984749660402,195.84150504117346,362.5123005944653,98.08165754456944,2.0032918427780544,100.32918427780544,264.75245309786123,3.7081921655724575,270.81921655724574,166.6707955532918,1.8510494009850014,85.10494009850014
201.45826603991904,220.57620794011905,-19.11794190020001,0.9133272709748005,100.53755417497047,196.25443509742828,336.25972169765834,95.71688092245782,1.9520510192228966,95.20510192228966,235.72216752268787,3.344618082835484,234.46180828354838,140.00528660023005,1.7133866122858625,71.33866122858625
200.706325442861,211.8045769668145,-11.098251523953508,0.9476014556300529,97.05136125618361,187.94004340618994,333.77494895213977,90.88868215000633,1.9365008483507014,93.65008483507013,236.72358769595616,3.439157829750413,243.9157829750413,145.83490554594982,1.7759650519541523,77.59650519541523
216.95347402212755,219.81631702693085,-2.8628430048032953,0.9869762033887023,103.9554986905647,205.39518970091888,345.803998182104,101.43969101035418,1.9757991860757735,97.57991860757735,241.84849949153931,3.326461827781027,232.64618277810268,140.40880848118513,1.6836031977459547,68.36031977459547
207.25323097314757,219.86207582263938,-12.608844849491817,0.9426511152397958,91.95482866277133,188.54016390238,360.177967628529,96.58533523960865,2.0503563178157713,105.03563178157714,268.2231389657577,3.916901079218149,291.6901079218149,171.63780372614903,1.9103514082814606,91.03514082814606
206.237031850318,213.48512789885805,-7.248096048540049,0.9660487073742489,99.67027844238966,193.2352652462794,336.677695935095,93.56498680388974,1.938745113047629,93.8745113047629,237.00741749270537,3.377914672222952,237.7914672222952,143.44243068881562,1.742320147960557,74.2320147960557
210.24860125786313,212.13313371653135,-1.8845324586682182,0.9911162748333956,100.97107240453275,194.16568371907655,338.43584633798235,93.1946113145438,1.922983277241692,92.2983277241692,237.4647739334496,3.3518099617885158,235.1809961788516,144.2701626189058,1.7430260582381758,74.30260582381759
231.00938743452335,226.1177768931618,4.891610541361558,1.0216330206698998,107.39405527039341,207.25381347654286,371.0428777445915,99.85975820614945,1.929844375042228,92.98443750422281,263.64882247419814,3.454966634888601,245.4966634888601,163.78906426804866,1.7902825116729948,79.02825116729947
241.64160289113096,221.9327570154165,19.708845875714445,1.0888054838806214,100.34075503155482,206.22929422528574,388.7914906029806,105.88853919373092,2.0552894400727943,105.52894400727943,288.4507355714258,3.8747116311882923,287.4711631188292,182.56219637769487,1.8852389136252543,88.52389136252543
220.40015604708455,242.53369184199823,-22.133535794913684,0.9087403666401415,102.40138706527668,197.8310143618959,394.16837040645163,95.42962729661923,1.9319173307270414,93.19173307270414,291.766983341175,3.8492483520285274,284.92483520285276,196.33735604455572,1.9924498273328983,99.24498273328983
216.3734927681137,233.74610925372826,-17.37261648561457,0.925677408958466,96.40782183566095,202.23342044258087,376.53816075452113,105.82559860691991,2.0976868535346926,109.76868535346927,280.13033891886016,3.9056806137200875,290.56806137200874,174.30474031194026,1.8618987896781864,86.18987896781864
209.55916013057166,211.7209238821133,-2.161763751541656,0.9897895601818489,101.51844830633077,197.00677914881086,333.3948985638858,95.4883308424801,1.9406007719340346,94.06007719340346,231.87645025755506,3.284081899655031,228.40818996550308,136.38811941507495,1.6923016558331374,69.23016558331373
210.49248585561386,214.6144136870279,-4.121927831414041,0.9807937977668869,98.97509293232616,187.64078626336467,351.0444701182719,88.66569333103851,1.8958384448465568,89.58384448465569,252.0693771859457,3.546796064726074,254.6796064726074,163.4036838549072,1.8708324405844297,87.08324405844297
231.9213599817953,217.37630870582075,14.545051275974544,1.0669118514458658,107.99060885656904,200.76474156957653,365.1911526052785,92.77413271300749,1.8590944499278472,85.90944499278473,257.20054374870944,3.3816936164358333,238.16936164358333,164.42641103570196,1.8190004367809711,81.9000436780971
207.792982847748,230.13427752027133,-22.341294672523333,0.9029206126386131,96.88944429311056,197.69199711476762,362.30944914415085,100.80255282165706,2.0403873565081923,104.03873565081922,265.4200048510403,3.7394109522198313,273.9410952219831,164.61745202938323,1.8326965908175668,83.26965908175667
207.87100128235124,241.0970679695886,-33.22606668723736,0.8621880101361149,103.9594498799349,205.25096506769808,364.2416889302768,101.29151518776318,1.9743367755865102,97.43367755865103,260.2822390503419,3.503690038288464,250.36900382884642,158.9907238625787,1.7746162061169295,77.46162061169295
221.68887939073758,214.46838649236634,7.220492898371248,1.0336669334649387,101.48990884447565,191.7806969186676,360.9652930615126,90.29078807419194,1.8896528640355232,88.96528640355233,259.475384217037,3.5566619102462704,255.66619102462704,169.18459614284504,1.882177397731507,88.21773977315071
219.8239237738673,218.3079722654671,1.5159515084002066,1.0069440959607137,100.07543060991375,200.3297220833774,356.79269136571054,100.25429147346364,2.0017872604940075,100.17872604940075,256.7172607557968,3.565237633165534,256.5237633165534,156.46296928233315,1.781027236773249,78.10272367732489
212.1495114015867,222.96083324248409,-10.811321840897392,0.9515102196037302,96.09812077412003,192.32106512821508,364.2463310637711,96.22294435409505,2.0012989180118144,100.12989180118143,268.14821028965105,3.7903585224099974,279.03585224099976,171.925265935556,1.8939492188281,89.39492188281
202.67297101868184,222.8755070655527,-20.202536046870875,0.9093550641213848,93.00843018709344,186.21814992504815,359.09613701421017,93.20971973795471,2.0021642075934016,100.21642075934017,266.08770682711673,3.860898805536889,286.0898805536889,172.87798708916202,1.928362714154042,92.8362714154042
198.1290607091878,230.77678642924158,-32.647725720053785,0.8585311537386197,95.47992750266856,194.05698863325898,353.8218545717164,98.57706113059042,2.0324375364427807,103.24375364427807,258.34192706904787,3.705719765673549,270.5719765673549,159.76486593845743,1.8232883910220365,82.32883910220366
209.69866451313698,239.87475013206688,-30.176085618929903,0.8742006584589834,101.3434248313094,196.7220250865775,376.2946720499189,95.3786002552681,1.941142461033165,94.11424610331649,274.9512472186095,3.713064490136168,271.30644901361677,179.5726469633414,1.9128243107720722,91.28243107720722
217.70272510522486,236.9379899744972,-19.235264869272356,0.9188173037538525,106.40937104921024,202.0773194495423,373.4743821208306,95.66794840033207,1.8990556701635735,89.90556701635735,267.0650110716204,3.5097884560196593,250.97884560196593,171.39706267128832,1.848175654438475,84.81756544384751
232.11619178109953,224.6756528545093,7.4405389265902215,1.033116801184543,108.75675171956685,197.3858135392637,379.0452016945827,88.62906181969684,1.8149292840984257,81.49292840984256,270.28844997501585,3.485256737641119,248.5256737641119,181.65938815531902,1.9203264657071397,92.03264657071398
235.59791343257967,232.40315233287552,3.1947610997041522,1.0137466341038621,112.57226709909155,212.75126090368613,376.6780706454053,100.17899380459458,1.8899082907907698,88.99082907907699,264.1058035463137,3.3461000684461215,234.61000684461214,163.92680974171915,1.7705092277499115,77.05092277499115
197.4644269232903,227.09703518958028,-29.632608266289992,0.8695156533349159,96.53103722593025,200.21182541256425,340.0993305308114,103.680788186634,2.074066861458971,107.4066861458971,243.56829330488117,3.523212225875199,252.3212225875199,139.88750511824716,1.6986975161431626,69.86975161431626
207.10167391370953,228.41221526553196,-21.310541351822422,0.9067013936752522,100.73665086485072,194.5222661035999,358.01191680041165,93.78561523874917,1.9309979479521597,93.09979479521597,257.2752659355609,3.5539390452907154,255.39390452907153,163.48965069681176,1.8404675411797815,84.04675411797815
215.6431502446116,221.66322357397422,-6.020073329362617,0.9728413526055504,97.77242207056987,184.33987754199148,373.8472611153172,86.56745547142161,1.8853974734198486,88.53974734198486,276.07483904474736,3.8236473352934115,282.36473352934115,189.50738357332574,2.0280324913970778,102.80324913970777
214.30007809792076,229.64719820682657,-15.347120108905813,0.9331708802513508,101.0299021152037,207.30853697608956,357.58247536582775,106.27863486088586,2.051952269929917,105.1952269929917,256.55257325062405,3.5393726795664806,253.93726795664807,150.2739383897382,1.7248806083035086,72.48806083035086
201.34545212722242,206.81750563253786,-5.4720535053154435,0.9735416328101457,94.92953169111101,179.6423255654937,337.67257938303567,84.7127938743827,1.8923755586409894,89.23755586409894,242.74304769192466,3.5570867502199484,255.70867502199485,158.03025381754196,1.8796938768192886,87.96938768192885
213.42678792149488,232.63642088869915,-19.20963296720427,0.9174263733347463,98.86033604413352,195.51338605451076,374.7210911166468,96.65305001037724,1.9776726832814842,97.76726832814842,275.86075507251326,3.7904088344324736,279.04088344324737,179.20770506213603,1.9166006925590835,91.66006925590835
191.73390326729623,210.3827522928486,-18.64884902555238,0.9113575194624626,100.10797364865944,173.7784790509301,329.2885306406277,73.67050540227065,1.7359104646431647,73.59104646431646,229.18055699196827,3.289333692801575,228.93336928015748,155.5100515896976,1.8948752022632305,89.48752022632304
207.96734619584547,232.16804671272905,-24.200700516883586,0.895762139279967,99.84548963482064,193.66884545273987,366.6887542753014,93.82335581791924,1.9396854696298549,93.96854696298549,266.84326464048075,3.6725620317597243,267.2562031759724,173.01990882256152,1.8933801841906617,89.33801841906617
216.45812603384718,233.97751487153045,-17.519388837683266,0.9251236220399102,105.21225160416112,195.124442593852,375.3167671600533,89.91219098969087,1.8545790971945597,85.45790971945597,270.1045155558922,3.567234437412321,256.72344374123213,180.1923245662013,1.9234738722163496,92.34738722163496
225.70628655261928,221.76062032655958,3.9456662260597,1.0177924566600212,100.86967807703356,205.06794108185437,365.2627411598803,104.19826300482082,2.032998865379993,103.29988653799931,264.39306308284677,3.6211351926882465,262.11351926882463,160.19480007802593,1.7811791508360784,78.11791508360784
217.97650218286284,229.3335742549574,-11.357072072094553,0.9504779354309957,104.70212743673541,206.1655237446156,360.09746347537936,101.46339630788019,1.9690671889087241,96.90671889087241,255.39533603864396,3.4392564152334204,243.92564152334205,153.93193973076376,1.7466424886900325,74.66424886900325
202.05086481707283,214.74820321013246,-12.697338393059624,0.9408733660945456,100.00268007056906,181.0418474788989,344.15407449134,81.03916740832983,1.810369955596618,81.03699555966179,244.15139442077094,3.4414485116646896,244.14485116646895,163.1122270124411,1.900964220614532,90.09642206145321
237.73599753932174,234.95630577462182,2.779691764699919,1.011830675305928,98.4403589082855,201.89824103657153,408.6998550260583,103.45788212828603,2.0509701841363177,105.09701841363177,310.25949611777276,4.151750964325862,315.17509643258614,206.80161398948675,2.024286357958052,102.4286357958052
202.17120131918014,228.96722905115143,-26.796027731971293,0.8829700309384229,93.80052590020983,198.6572124321086,354.2499072231789,104.85668653189876,2.117868855484361,111.78688554843612,260.4493813229691,3.7766302888328096,277.66302888328096,155.59269479107033,1.7832219776276401,78.322197762764
214.10734879566036,224.5980755179418,-10.490726722281437,0.9532911103619701,98.30507860055293,201.65028847478897,358.1027693950612,103.34520987423603,2.051270304092456,105.12703040924558,259.7976907945083,3.6427697784582924,264.27697784582926,156.45248092027225,1.7758604369159259,77.5860436915926
203.4428491450068,235.89201360867833,-32.449164463671536,0.8624405974273401,101.53823778547053,196.24340349838118,361.22065284667593,94.70516571291066,1.9327044449304236,93.27044449304236,259.6824150612054,3.557483965891363,255.7483965891363,164.97724934829475,1.840676661774548,84.0676661774548
203.17978262450515,242.97838101160553,-39.798598387100384,0.8362051873857886,97.96248286645807,200.30728532799228,370.9674772597157,102.3448024615342,2.044734672568988,104.47346725689881,273.0049943932576,3.7868321259825204,278.68321259825206,170.6601919317234,1.8519919365502688,85.19919365502689
217.20045596462327,209.98766948382496,7.212786480798314,1.0343486191285813,102.19817275509536,193.42208890188184,345.16192651569514,91.22391614678648,1.8926178784565233,89.26178784565234,242.9637537605998,3.377378647882784,237.73786478827842,151.7398376138133,1.7845010798678071,78.45010798678072
222.31523593108838,228.8380999926122,-6.522864061523819,0.9714957253108883,96.72645581227641,203.5152701817142,376.48827789156036,106.78881436943777,2.1040290215604514,110.40290215604513,279.76182207928395,3.8922989034379247,289.2298903437925,172.97300770984617,1.8499264333108885,84.99264333108884
207.9189931317688,222.28720301823472,-14.368209886465934,0.9353619565527248,99.66912593433638,199.34336690339344,346.2968013872755,99.67424096905707,2.000051320152281,100.00513201522811,246.62767545293912,3.474464114548585,247.4464114548585,146.95343448388203,1.737187480911262,73.7187480911262
219.0857422148909,220.8648291825223,-1.7790869676314003,0.9919449059670739,97.14050709329842,197.88448969885724,364.900860303964,100.74398260555881,2.0370954982641734,103.70954982641733,267.7603532106656,3.756423259696345,275.6423259696345,167.01637060510677,1.844009405988686,84.4009405988686
201.57787918618217,211.55492493884637,-9.977045752664196,0.9528394540777142,95.93643706522374,177.56580305090637,346.19696607141265,81.62936598568263,1.8508692680569923,85.08692680569922,250.2605290061889,3.6086077059130908,260.86077059130906,168.63116302050628,1.9496826535465355,94.96826535465355
219.57954522389085,234.1634108301661,-14.583865606275253,0.9377192809304754,101.11777859464601,198.30049709069004,381.19615839574936,97.18271849604403,1.9610843893794723,96.10843893794723,280.0783798011033,3.769823305987192,276.9823305987192,182.89566130505932,1.922315697582011,92.2315697582011
212.69346129555726,231.16660736331872,-18.473146067761462,0.9200873072522638,92.30413601114905,189.76115594930798,383.7248110278569,97.45701993815892,2.0558250599560073,105.58250599560073,291.42067501670783,4.157178947880605,315.7178947880605,193.96365507854892,2.022146255951158,102.21462559511578
214.89202246913177,223.33050816424225,-8.438485695110472,0.9622152577161351,101.19551509311468,186.99407362612712,369.1442072308193,85.79855853301244,1.847849417576117,84.7849417576117,267.9486921377046,3.6478316938369515,264.78316938369517,182.15013360469217,1.9740957564723691,97.4095756472369
214.47274873459898,209.48512222664542,4.987626507953564,1.023808977243536,95.56557728205661,195.0639893642648,345.3072397955452,99.4984120822082,2.0411532573966884,104.11532573966883,249.74166251348856,3.6133014587081878,261.3301458708188,150.24325043128036,1.7702254574047203,77.02254574047203
187.3291431396197,222.06039483609808,-34.73125169647838,0.8435954699526074,98.5986246650379,186.49023399597314,328.9954483025656,87.89160933093524,1.891408066081278,89.1408066081278,230.3968236375277,3.33671437527895,233.671437527895,142.50521430659245,1.7641430398423412,76.41430398423412
219.49263152945187,207.79282354469677,11.699807984755097,1.0563051590770576,100.45261033183834,184.8000242533934,355.6755480259913,84.34741392155505,1.839673689343852,83.96736893438519,255.22293769415296,3.5407297714916655,254.07297714916655,170.87552377259792,1.9246509813131705,92.46509813131705
223.21812558070846,207.2374019463799,15.98072363432857,1.0771131247749544,98.02875334075861,184.1471278920041,363.5074100578698,86.1183745512455,1.878501170487078,87.8501170487078,265.47865671711116,3.708171303518249,270.81713035182486,179.36028216586567,1.9740053196542617,97.40053196542617
220.5543456660516,224.54474622320012,-3.9904005571485186,0.9822289293146854,104.87576573478668,197.83029954579933,364.9425725532916,92.95453381101265,1.886329965361866,88.6329965361866,260.0668068185049,3.4797607435465165,247.97607435465164,167.11227300749226,1.8447253701337312,84.47253701337311
204.7454775233603,218.1380973430409,-13.39261981968059,0.938604856360237,92.87631887122305,192.12947301164337,349.3195704167355,99.25315414042032,2.0686594316688955,106.86594316688955,256.44325154551245,3.761126352359872,276.11263523598717,157.1900974050921,1.818146716071855,81.8146716071855
232.15162084812152,226.35406042356044,5.797560424561084,1.0256127962260209,99.42293261176613,198.84304282954773,389.4925464662091,99.4201102177816,1.9999716122436706,99.99716122436706,290.069613854443,3.9175322657915133,291.7532265791513,190.64950363666136,1.9587939357782307,95.87939357782307
200.99937841517783,218.54012393986105,-17.540745524683217,0.9197367274784278,101.55000688646632,188.0299675211911,339.7292791249009,86.47996063472479,1.8515997515530456,85.15997515530455,238.1792722384346,3.3454382677169177,234.54382677169176,151.69931160370982,1.806782629405141,80.6782629405141
193.06542246146458,227.57285687096606,-34.507434409501485,0.8483675299244179,101.3262224133618,196.8411598386992,332.790036746585,95.51493742533741,1.9426477682715027,94.26477682715027,231.46381433322318,3.284342678728939,228.43426787289388,135.94887690788576,1.6906526918419327,69.06526918419327
205.3847283191941,210.53989759126347,-5.155169272069372,0.9755145256027554,90.49342161858989,181.9575798114653,351.43593743563116,91.46415819287542,2.01072715073563,101.07271507356299,260.9425158170413,3.8835523196023827,288.35523196023826,169.47835762416585,1.9314168599064148,93.14168599064148
210.403257130299,221.101272039344,-10.698014909044986,0.9516148649423359,96.66245461828791,186.94695622586238,363.6473829103141,90.28450160757447,1.9340183007363154,93.40183007363154,266.9849282920262,3.762033401141402,276.2033401141402,176.7004266844517,1.9451901772124538,94.51901772124538
225.53202314172617,220.16070103444252,5.371322107283646,1.0243972792693976,100.40782988628914,198.65190981558354,369.4793465623804,98.2440799292944,1.9784503861955272,97.84503861955271,269.0715166760913,3.679786197757805,267.9786197757805,170.82743674679685,1.8599335234450187,85.99335234450187
207.18914144226804,232.75601896864168,-25.566877526373645,0.8901558909640134,97.01648983286931,206.20108476575157,356.7001660177437,109.18459493288226,2.125423060770133,112.5423060770133,259.6836761848744,3.676696267121522,267.6696267121522,150.49908125199212,1.7298656135730905,72.98656135730906
222.71944332570007,234.04218427380746,-11.322740948107395,0.951620939689826,103.57232037804992,202.8249010559025,378.7452199653089,99.25258067785258,1.9582925275360266,95.82925275360266,275.17289958725894,3.6568189124550727,265.68189124550725,175.92031890940638,1.8673506950752525,86.73506950752525
211.41699711870277,236.93758687668043,-25.52058975797766,0.8922898215754158,105.17923827763757,200.56826464171922,366.784373073718,95.38902636408166,1.9069187790872466,90.69187790872466,261.6051347960804,3.4872316921095345,248.72316921095344,166.21610843199875,1.828725864128681,82.8725864128681
214.80347254442498,226.68492395419278,-11.881451409767806,0.9475860537943461,101.89842004071424,187.5330282980544,372.801146409158,85.63460825734016,1.8403919140564127,84.03919140564126,270.9027263684437,3.6585566906749154,265.85566906749153,185.26811811110358,1.9879226064469502,98.79226064469502
208.47583677450126,203.43371786814586,5.042118906355398,1.024785069845813,103.39761457521108,183.71726161653177,330.7494557722278,80.31964704132069,1.7768036755131953,77.68036755131953,227.3518411970167,3.1988112794579195,219.88112794579195,147.03219415569603,1.8003177973694844,80.03177973694844
205.8708475235822,242.608959273977,-36.73811175039481,0.8485706716671306,97.24449859240991,207.56649089866102,367.90872070526785,110.3219923062511,2.1344805506032185,113.44805506032185,270.66422211285794,3.7833371144965082,278.3337114496508,160.34222980660684,1.7724861036692565,77.24861036692565
221.53037508537935,213.7385615306914,7.791813554687934,1.0364548797319808,99.41578130427395,192.309959863439,361.1776637563932,92.89417855916504,1.9344007293454872,93.44007293454872,261.76188245211927,3.6330013104354686,263.30013104354686,168.8677038929542,1.8781017062915966,87.81017062915966
243.27250143580403,218.26374266268488,25.008758773119155,1.114580454215746,101.0179590687276,197.3208693462541,393.96553773275167,96.30291027752651,1.953324648065863,95.3324648065863,292.94757866402404,3.899955427378186,289.9955427378186,196.64466838649756,1.996573089496327,99.6573089496327
214.68496076274087,230.68797574141578,-16.003014978674912,0.9306291759367072,90.81855113144714,192.05764943202817,385.1832041927596,101.23909830058103,2.114740293027265,111.47402930272649,294.3646530613125,4.241239255570823,324.1239255570823,193.12555476073143,2.005560337387557,100.5560337387557
211.59042298666793,226.1151990328254,-14.524776046157456,0.9357638225635204,94.0239453150485,205.03712266703013,357.4973650471614,111.01317735198164,2.18069048240857,118.06904824085703,263.4734197321129,3.8021948967285475,280.21948967285476,152.46024238013126,1.7435738484670356,74.35738484670355
232.3827652280718,226.19637983209685,6.186385395974952,1.0273496216012257,107.54702355991515,204.34771750004776,375.9739765302901,96.80069394013262,1.900077851863602,90.0077851863602,268.42695297037494,3.495903132278064,249.59031322780638,171.62625903024232,1.8398736287827742,83.98736287827742
219.6659402725928,211.28399834793265,8.38194192466014,1.0396714469159996,97.53996840869952,187.02871056894142,361.85622895314714,89.4887421602419,1.9174571575139085,91.74571575139086,264.31626054444763,3.709825160460821,270.9825160460821,174.82751838420572,1.9347629989662032,93.47629989662032
213.47666411540996,204.21760776866626,9.259056346743705,1.0453391676061163,96.78061471963467,181.0411240214052,348.7196690850745,84.26050930177054,1.8706341610441943,87.06341610441943,251.9390543654398,3.6031975008144568,260.3197500814457,167.67854506366928,1.9261903668022078,92.61903668022077
204.75340910878927,217.77582761333963,-13.022418504550359,0.9402026448606976,100.70676737704245,197.88002588664014,335.20706181951084,97.17325850959769,1.9649128955334705,96.49128955334704,234.50029444246837,3.3285455441589926,232.85455441589926,137.3270359328707,1.693991398664671,69.39913986646711
