CELL__chatbot__low,CELL__dashboard__low,IF_DIFF__low,IF_H__low,CELL__chatbot__medium,CELL__dashboard__medium,IF_DIFF__medium,IF_H__medium,CELL__chatbot__high,CELL__dashboard__high,IF_DIFF__high,IF_H__high,DL_DIFF__chatbot,DL_H__chatbot,DL_DIFF__dashboard,DL_H__dashboard,DID_DIFF
0.7517456095862616,0.7120387041755946,-0.039706905410667015,-0.08969189293213509,0.7207177207418715,0.7110162826263934,-0.009701438115478078,-0.02151162597457068,0.7816971480466418,0.701649051474677,-0.08004809657196477,-0.18337024457944362,0.029951538460380234,0.07085365242922981,-0.010389652700917518,-0.022824699218078726,-0.04034119116129775
0.7884469820969381,0.7245925370078788,-0.06385444508905924,-0.14906795509504933,0.6972114876911158,0.7361105541358212,0.03889906644470531,0.08636899612705617,0.7612702792917921,0.7609747716807168,-0.00029550761107532963,-0.0006930328207488401,-0.027176702805145947,-0.0650929951241066,0.036382234672837965,0.08328192715019389,0.06355893747798391
0.830719909489324,0.7389898064382581,-0.09173010305106588,-0.22438378624951483,0.7218977550730372,0.7252006886635076,0.0033029335904704027,0.007385138079169629,0.78341428344382,0.762789754230614,-0.02062452921320601,-0.04925499219922136,-0.047305626045503923,-0.12008576264570436,0.023799947792355947,0.055043031404589104,0.07110557383785987
0.7947975475349857,0.6983430161469495,-0.09645453138803617,-0.22265359071271673,0.7371215833049013,0.7271135370591028,-0.01000804624579854,-0.022599749691044835,0.7854761423073664,0.7110047177466674,-0.074471424560699,-0.1720046671645563,-0.009321405227619262,-0.02289212241127503,0.012661701599717912,0.02775680113688539,0.021983106827337173
0.8252565834771367,0.7175548838796949,-0.1077016995974418,-0.258099723808352,0.6791037186949954,0.7271578601000129,0.048054141405017514,0.10525671865048425,0.7727896755205146,0.7307504070953973,-0.04203926842511729,-0.09739405974786619,-0.05246690795662212,-0.13117964985685981,0.013195523215702387,0.029526014203625994,0.06566243117232451
0.7846616738655484,0.7062797135881264,-0.07838196027742206,-0.1804205920635209,0.7429431340021692,0.7171605363020294,-0.025782597700139798,-0.05809248242419374,0.7635373294180319,0.7291617916542998,-0.034375537763732034,-0.07904647425206068,-0.02112434444751654,-0.05052799124112317,0.022882078066173483,0.05084612657033705,0.044006422513690024
0.8408599015899023,0.7510960237385772,-0.08976387785132511,-0.2239789785955728,0.7697132692420728,0.7672856077928403,-0.0024276614492325654,-0.005755613842914009,0.8007563727684431,0.7684435724196623,-0.03231280034878081,-0.07865035503194706,-0.04010352882145918,-0.10471738287972032,0.017347548681085123,0.040611240683905425,0.0574510775025443
0.8135814602529572,0.7199206773039237,-0.09366078294903346,-0.2224833570158129,0.7441143394392284,0.7306499539278493,-0.013464385511379184,-0.03059918378155091,0.8234633388865382,0.7541178615030028,-0.06934547738353547,-0.17041223577049935,0.009881878633581032,0.025641828926985966,0.03419718419907902,0.07771295017229951,0.02431530556549799
0.8405968102019653,0.6772861483676774,-0.16331066183428788,-0.38693519452452607,0.7364342212657901,0.7094597635064144,-0.02697445775937568,-0.06028827195092523,0.7787939177637305,0.7385332382783615,-0.040260679485369044,-0.09416331438887315,-0.06180289243823478,-0.15791465424227225,0.06124708991068406,0.13485722589338067,0.12304998234891884
0.8519441526811619,0.5883261995528667,-0.26361795312829517,-0.6032725301641759,0.7336354474190417,0.7201611274277199,-0.01347431999132187,-0.030243862447756342,0.7739955855477172,0.7319966499493639,-0.041998935598353326,-0.0974629934713751,-0.07794856713344467,-0.20089601862101159,0.14367045039649717,0.30491351807178924,0.22161901752994184
0.767439348629617,0.5543164247094997,-0.21312292392011734,-0.455516518418807,0.7297358532820312,0.7521043538629382,0.022368500580907003,0.051065118160798395,0.7679091844021761,0.7548808693199375,-0.013028315082238673,-0.030568876844081494,0.0004698357725591018,0.001112522952681605,0.20056444461043776,0.42606016452740714,0.20009460883787866
0.8548396655750022,0.7215363746107765,-0.13330329096422577,-0.3300196171239076,0.7161711144692151,0.6882720292037235,-0.027899085265491563,-0.061025763637249986,0.7423466649414102,0.7561711881472308,0.013824523205820616,0.031897609763353874,-0.11249300063359202,-0.2830304218210795,0.03463481353645437,0.07888680506618195,0.1471278141700464
0.8518932042232606,0.6287907728947572,-0.2231024313285035,-0.520194949856337,0.7194735316846717,0.7261439094211459,0.0066703777364742756,0.014902391240311452,0.7796816081891635,0.7167696452456457,-0.06291196294351786,-0.14520071784261468,-0.0722115960340971,-0.18709600916687208,0.08797887235088853,0.1878982228468502,0.16019046838498563
0.8113738067929562,0.6775936423559915,-0.13378016443696472,-0.3091350822049497,0.7202420483858806,0.7437829104935743,0.023540862107693683,0.05316172958197063,0.7809988695774114,0.6782670728542937,-0.10273179672311772,-0.23224345262697343,-0.03037493721554485,-0.07545042577904493,0.0006734304983021522,0.001441203798931312,0.031048367713847003
0.8241082373370373,0.6861904078948675,-0.1379178294421698,-0.32366682084070963,0.7301585310264471,0.7476275444451997,0.01746901341875262,0.039776119346243366,0.799928626679792,0.7223338343079219,-0.07759479237187017,-0.18251949238236564,-0.024179610657245276,-0.06191715107867157,0.03614342641305435,0.07923017737967242,0.06032303707029962
0.8383436063747132,0.6961688484129872,-0.14217475796172596,-0.340082174164408,0.7241054344687309,0.7324796079832706,0.008374173514539729,0.018825638490937102,0.7426875155231726,0.7734367891457671,0.030749273622594497,0.07183328902769315,-0.09565609085154059,-0.2364617984434627,0.07726794073277987,0.17545366474863844,0.17292403158432046
0.7867537712178971,0.7039743169699713,-0.08277945424792588,-0.19057503463966707,0.7373198780487143,0.735482813718718,-0.0018370643299963074,-0.004169616089919614,0.7496436692903051,0.727685304892408,-0.021958364397897112,-0.04998761629151982,-0.03711010192759201,-0.08800507635958432,0.023710987922436755,0.05258234198856293,0.060821089850028764
0.8677611224142939,0.6276325290460406,-0.24012859336825332,-0.5683153658759852,0.7368616573423185,0.7433631420822925,0.006501484739974028,0.014824446284057213,0.7954821549344316,0.7111100993137858,-0.08437205562064587,-0.19636055368357797,-0.07227896747986229,-0.19418350162626385,0.08347757026774516,0.17777131056614337,0.15575653774760745
0.8469851498367674,0.6428305731393131,-0.2041545766974543,-0.47729253017067985,0.7323629590682087,0.7002581777046536,-0.0321047813635551,-0.07124474272147574,0.7619100595634792,0.7152928595403786,-0.04661720002310066,-0.10618777036617111,-0.08507509027328819,-0.2156593737488115,0.07246228640106545,0.15544538605569724,0.15753737667435364
0.8367295540759668,0.7463661925575337,-0.09036336151843316,-0.22365125570027455,0.6775818204793307,0.7446289425631916,0.06704712208386088,0.14814952108670232,0.8032825809427369,0.7251188248505035,-0.07816375609223336,-0.18470159242753592,-0.033446973133229974,-0.08714518097878488,-0.021247367707030174,-0.04819551770604624,0.0121996054261998
0.8519686396517772,0.7084885339614854,-0.1434801056902918,-0.3508088856802334,0.751903792112857,0.7473051227986862,-0.004598669314170745,-0.010614679198666543,0.7803766497239933,0.730653587113995,-0.04972306260999837,-0.11582738234077805,-0.07159198992778382,-0.1856304762525416,0.022165053152509606,0.049351027086913746,0.09375704308029342
0.7957200426968069,0.6421997970295381,-0.15352024566726874,-0.34446350393755787,0.7356874137797247,0.7696864612394864,0.03399904745976168,0.07884323362267853,0.7682340132870694,0.7615270615164453,-0.006706951770624081,-0.015815900081803225,-0.027486029409737434,-0.06659728794239772,0.11932726448690723,0.2620503159133569,0.14681329389664466
0.800166405217869,0.7048024372619582,-0.09536396795591073,-0.22189629341864414,0.7505538716447867,0.7218853470905978,-0.02866852455418889,-0.06507634440888754,0.8042456190514993,0.7139426333300896,-0.09030298572140971,-0.21200620712521756,0.004079213833630302,0.010240759026054924,0.009140196068131323,0.020130845319481505,0.005060982234501021
0.8185084205785073,0.676931159074043,-0.14157726150446426,-0.3289246850423957,0.7569962170017291,0.7531061376989673,-0.003890079302761862,-0.00904556346683627,0.7665146607447237,0.7751344894366473,0.00861982869192357,0.02050944601689242,-0.051993759833783515,-0.12844519411975464,0.09820333036260431,0.22098893693953348,0.15019709019638783
0.7939770889004162,0.721989065070528,-0.07198802382988823,-0.16849384364818132,0.7624792913047748,0.7459620190777732,-0.01651727222700161,-0.03836815664139159,0.7853652741978675,0.7160437043446247,-0.06932156985324278,-0.16058912996289143,-0.008611814702548681,-0.02113209092578483,-0.005945360725903237,-0.013227377240494942,0.0026664539766454443
0.8461375256062723,0.7080794621819799,-0.1380580634242924,-0.335419977838356,0.7333454391961934,0.7376541118542344,0.004308672658040913,0.009768826803270958,0.7795293796755495,0.7897150713792799,0.010185691703730404,0.024779176744460507,-0.06660814593072284,-0.1713867972010754,0.08163560919729995,0.18881235738174107,0.1482437551280228
0.8161652627502415,0.7483139562666099,-0.06785130648363158,-0.16484844941858556,0.6971834059090029,0.7548805634904158,0.05769715758141292,0.12952839311136644,0.7935156859881242,0.7650809830866239,-0.028434702901500297,-0.06859542337243107,-0.02264957676211732,-0.05717083239742271,0.016767026820013964,0.03908219364873178,0.03941660358213128
0.8237509634041716,0.6688408558747202,-0.15491010752945145,-0.3598489720371263,0.7344842703181674,0.7434736973443069,0.008989427026139474,0.020468807701258918,0.7867868673115791,0.7434911257912423,-0.04329574152033677,-0.10223065489087757,-0.03696409609259255,-0.09343987622825267,0.07465026991652213,0.16417844091799605,0.11161436600911467
0.7980369200018869,0.6799134238322565,-0.11812349616963036,-0.2705200842833648,0.7390453148611567,0.7563555558413677,0.017310240980211056,0.03986005190315467,0.7893493952644647,0.7492435706288164,-0.04010582463564827,-0.09527951359870723,-0.008687524737422181,-0.021470118679983052,0.06933014679655991,0.15377045200467454,0.07801767153398209
0.8230338173864643,0.7889340398392499,-0.03409977754721438,-0.08630716552584738,0.7270960555710403,0.7127446709791316,-0.014351384591908656,-0.03196263674291577,0.7575384656232219,0.7395705856758265,-0.01796787994739546,-0.04142140592303445,-0.0654953517632424,-0.16132380240402178,-0.04936345416342347,-0.11643804280120884,0.016131897599818923
0.8145553259072916,0.6610651107469675,-0.15349021516032413,-0.3524297596228869,0.7457218834639402,0.6949065431127653,-0.050815340351174854,-0.11331813450509665,0.8054862080063762,0.7910974477266087,-0.014388760279767432,-0.0358626729084035,-0.009069117900915469,-0.02312020633690892,0.13003233697964123,0.2934468803775745,0.1391014548805567
0.8367530579666319,0.707484680301499,-0.12926837766513288,-0.3110327124355685,0.7336249737076819,0.7514751730875308,0.017850199379848886,0.04083117178058959,0.7691502778096707,0.7380402145513393,-0.031110063258331433,-0.07222704909578637,-0.0676027801569612,-0.1705225709926479,0.030555534249840255,0.06828309234713426,0.09815831440680145
0.8077136562905198,0.6874319343137273,-0.12028172197679254,-0.27867806219966385,0.7282078544834611,0.7114697456706919,-0.01673810881276927,-0.03727588746766486,0.7685341419183898,0.7523035833361226,-0.016230558582267185,-0.03803085813688378,-0.039179514372130075,-0.09597024153622913,0.06487164902239528,0.14467696252655093,0.10405116339452536
0.8104563443439027,0.7243175849185614,-0.08613875942534133,-0.2046688792775524,0.7307946066009219,0.7541439777402172,0.02334937113929536,0.053409768168723115,0.8000504812575068,0.6924270618490738,-0.10762341940843301,-0.24857755026445094,-0.010405863086395906,-0.026279171489885567,-0.031890523069487586,-0.07018784247678411,-0.02148465998309168
0.8128080776893025,0.6573410497906448,-0.15546702789865774,-0.3557993727868507,0.7155560675959677,0.7477111938507046,0.03215512625473693,0.07259604797471697,0.7935958428786011,0.7690442277359476,-0.02455161514265347,-0.05941742424620555,-0.019212234810701445,-0.048336055656974075,0.11170317794530282,0.24804589288367107,0.13091541275600427
0.819867690607652,0.695006827829255,-0.12486086277839692,-0.2935075046871314,0.7205735111285195,0.7311817997855784,0.010608288657058873,0.023782609506369123,0.75517134313028,0.6430140928074727,-0.11215725032280732,-0.24550395747591702,-0.06469634747737196,-0.15857069845276373,-0.051992735021782366,-0.11056715124154937,0.012703612455589597
0.7200089392458825,0.7191196515858645,-0.0008892876600179456,-0.001979661475314476,0.751231818708532,0.7554106509748643,0.004178832266332311,0.009693986575172175,0.7938083440728354,0.7226657533079637,-0.07114259076487173,-0.16656571583848123,0.07379940482695291,0.17249160696466959,0.0035461017220991264,0.00790555260150283,-0.07025330310485378
0.7971384748509265,0.7046333725034458,-0.09250510234748066,-0.21471604970380676,0.752909902445552,0.7429972399391401,-0.009912662506411873,-0.022831339307804566,0.7885915655056343,0.774007466079324,-0.014584099426310226,-0.03528578695180862,-0.00854690934529223,-0.02109130288081973,0.0693740935758782,0.1583389598711784,0.07792100292117043
0.7923664127724085,0.6876520925368871,-0.10471432023552141,-0.2398257453770698,0.753839003856294,0.7521850817108252,-0.001653922145468778,-0.003835100535277025,0.8144645647661192,0.7297698217781624,-0.08469474298795676,-0.2026982499963501,0.02209815199371068,0.05562437922817587,0.042117729241275326,0.09275187460889556,0.020019577247564646
0.8312834431331769,0.6868678259495516,-0.14441561718362528,-0.3412073875776023,0.7237711437364621,0.7227127856327488,-0.0010583581037133527,-0.002365597694697019,0.7521102041023061,0.6893258486120475,-0.06278435549025863,-0.14013989155934814,-0.07917323903087081,-0.19576168259757631,0.00245802266249584,0.0053058134206778185,0.08163126169336665
0.8479289891625991,0.6878898736824732,-0.16003911548012584,-0.3843758211706765,0.7651645921023675,0.6853212044086122,-0.07984338769375532,-0.17928820437558324,0.8088060290739042,0.7361481964638613,-0.07265783261004288,-0.17380860174325363,-0.03912296008869487,-0.1039110261903291,0.048258322781388086,0.10665619323709374,0.08738128287008295
0.7939768782029303,0.6556694051940897,-0.1383074730088406,-0.311925290379776,0.7268311975573588,0.7381327349173947,0.011301537360035918,0.025531955758500757,0.7972658792991795,0.7696987102116885,-0.027567169087491017,-0.0669618495247093,0.003289001096249189,0.008156356661578101,0.11402930501759878,0.2531197975166448,0.11074030392134959
0.8141360512377648,0.6358156349711455,-0.17832041626661932,-0.40424262184364346,0.7288435672226226,0.718358422998817,-0.010485144223805531,-0.023446282968253573,0.7825676418929951,0.7230024443670757,-0.05956519752591938,-0.13830053547801846,-0.03156840934476968,-0.07873302335682508,0.08718680939593026,0.18720906300879991,0.11875521874069994
0.8244690239359046,0.6865154728194661,-0.13795355111643848,-0.3239142172693421,0.731143223729612,0.7260224697465074,-0.005120753983104631,-0.011515428323826793,0.7715455930643903,0.7671395362632213,-0.0044060568011690115,-0.010459499161179053,-0.0529234308715143,-0.1320736854096496,0.08062406344375517,0.18138103269851347,0.13354749431526947
0.7965939222167289,0.6644946011952929,-0.13209932102143596,-0.29977983783470896,0.7419534280626018,0.6950764604385592,-0.04687696762404259,-0.10431592917872012,0.7741495322781954,0.7525725056047103,-0.021577026673485045,-0.05077897174839707,-0.022444389938533482,-0.05468387768794303,0.08807790440941743,0.19431698839836886,0.11052229434795091
0.81922499592893,0.6446545981966262,-0.17457039773230387,-0.39897760726414533,0.7520947156985858,0.707207806254117,-0.044886909444468714,-0.10114252083923625,0.7898709356596334,0.7087536442485164,-0.08111729141111701,-0.18771151137241215,-0.029354060269296656,-0.07407084614152915,0.06409904605189021,0.13719524975020403,0.09345310632118686
0.7999088218385081,0.6745118908942408,-0.1253969309442673,-0.28674401006673134,0.7341012730646047,0.7233339454493656,-0.01076732761523913,-0.024217902855874218,0.7997785783372328,0.7341383416714065,-0.0656402366658263,-0.15560827746333672,-0.0001302435012753289,-0.0003255134001483029,0.05962645077716566,0.13081021920324631,0.05975669427844099
0.7958921540437088,0.6868678259495501,-0.10902432809415874,-0.2502372913192423,0.7320488322626097,0.7419376209195935,0.009888788656983727,0.022461820249471298,0.8015123116863947,0.7350822807888111,-0.06643003089758359,-0.15781004853146907,0.0056201576426858635,0.014016708571419123,0.04821445483926101,0.10644395135919238,0.04259429719657515
0.8083553961255312,0.6217942733170901,-0.18656112280844106,-0.4184932744769634,0.719215788544782,0.7329914017287482,0.013775613183966251,0.030892216461885003,0.7995753260636205,0.7734780929772062,-0.026097233086414318,-0.06371582060006675,-0.008780070061910727,-0.022117565732101774,0.15168381966011601,0.33265988814479486,0.16046388972202674
0.7562195507489639,0.6519621172421264,-0.10425743350683747,-0.22921372567266918,0.7448410506977653,0.7136886958439884,-0.031152354853776876,-0.07013521059971817,0.7673443390818422,0.7336642744578891,-0.03368006462395312,-0.07787265843019586,0.011124788332878333,0.02611652614255977,0.08170215721576268,0.17745759338503309,0.07057736888288435
0.8260300281530633,0.6805699989734588,-0.14546002917960443,-0.34080831805650713,0.7373569986435088,0.7379096596950124,0.0005526610515036445,0.0012562738345254232,0.7590914700879244,0.7455783892216391,-0.013513080866285332,-0.031307782436875264,-0.06693855806513882,-0.1655733909946564,0.06500839024818028,0.14392714462497547,0.1319469483133191
0.8036724380864785,0.6903676125360199,-0.11330482555045862,-0.2621228883626374,0.7498866562583176,0.7481183255165211,-0.0017683307417964977,-0.004078380663524062,0.7945060003670924,0.7407765403134804,-0.05372946005361201,-0.12740978082944698,-0.009166437719386078,-0.022878452308050967,0.05040892777746053,0.11183465522513947,0.05957536549684661
0.8788109480591006,0.6865356441333991,-0.19227530392570158,-0.47734473908291153,0.6817665844135855,0.7002112803989121,0.01844469598532661,0.03992018635720207,0.7622204639022719,0.7700292625149422,0.0078087986126702535,0.018448279892280706,-0.11659048415682871,-0.30760348147526395,0.08349361838154312,0.18818953749992828,0.20008410253837183
0.8210794307279164,0.6418025936711852,-0.17927683705673125,-0.4097596301344639,0.7455641560890078,0.7148069500385078,-0.03075720605050003,-0.06931940772231959,0.8011661405504856,0.8108013555403623,0.009635214989876628,0.024367403719895098,-0.01991329017743082,-0.0508915520895159,0.16899876186917706,0.3832354817648431,0.18891205204660788
0.8418042484041827,0.6916220950097891,-0.15018215339439356,-0.35938931115754635,0.7301894720890352,0.7186754469826163,-0.011514025106418857,-0.02577123957231775,0.828864026617321,0.7386517220290743,-0.0902123045882467,-0.2202151248318076,-0.012940221786861716,-0.03489682520470305,0.04702962701928515,0.1042773611210357,0.059969848806146864
0.8225162507696253,0.694877965244685,-0.12763828552494028,-0.30069926571510397,0.7371417967150203,0.7448608211336473,0.00771902441862693,0.01762036344495055,0.8128870753965197,0.7411619790805825,-0.07172509631593726,-0.1728179113744015,-0.009629175373105592,-0.024942181290207976,0.04628401383589742,0.10293917305049449,0.05591318920900301
0.7857398293192132,0.6472400119576281,-0.138499817361585,-0.3093964621225884,0.7160415196685616,0.7342243145769053,0.018182794908343736,0.04073271880746976,0.7701159028425592,0.6900351531011119,-0.0800807497414473,-0.18084024149919942,-0.015623926476654004,-0.037595285275922485,0.042795141143483706,0.09096093534746652,0.05841906762013771
0.822456643081133,0.7591391035223979,-0.06331753955873509,-0.15607338991105513,0.7364709985884158,0.7136598853293372,-0.022811113259078586,-0.05110065950445275,0.764415347792113,0.7775826713557183,0.013167323563605393,0.031339486269554406,-0.05804129528902002,-0.14368755796682464,0.018443567833320462,0.04372531821378489,0.07648486312234049
0.8581384317193134,0.7522668503069904,-0.105871581412323,-0.269610389823721,0.7112395516385085,0.7139270506293655,0.0026874989908569624,0.005938483464976052,0.7954806794078614,0.7612642438214475,-0.03421643558641385,-0.08243623020915214,-0.06265775231145199,-0.1662021520462944,0.008997393514457164,0.020972007568274442,0.07165514582590915
0.8448038203123179,0.6942368385205602,-0.15056698179175776,-0.3619725223086401,0.7446893422997108,0.7303396761090039,-0.014349666190706989,-0.032616694624317155,0.7736326471282989,0.7426031305745684,-0.03102951655373054,-0.07249426285882521,-0.071171173184019,-0.1818538131815708,0.04836629205400822,0.10762444626824408,0.11953746523802722
0.7964951845769072,0.6723597834474621,-0.1241354011294451,-0.28282753782111136,0.708783994369227,0.7483961243556424,0.03961212998641539,0.08913158151155631,0.7859208795927796,0.7894303785508212,0.003509498958041646,0.008581729111768688,-0.010574304984127592,-0.026018407580348235,0.11707059510335915,0.2653908593525318,0.12764490008748675
0.7975129925675638,0.698540399756344,-0.09897259281121984,-0.22896403736548443,0.7311902294265221,0.7270535163383274,-0.004136713088194743,-0.009308317452851878,0.7844937646954069,0.7250382852634446,-0.05945547943196228,-0.1384230490094458,-0.013019227872156924,-0.032023847499001334,0.026497885507100638,0.0585171408570373,0.03951711337925756
0.8256222053816771,0.6932101384941151,-0.13241206688756202,-0.31247589203006987,0.6962805642722736,0.7541988008412535,0.057918236568979875,0.12990833240608368,0.8127457753442616,0.7451479936472776,-0.06759778169698405,-0.1633320522226862,-0.012876430037415454,-0.03346172957480498,0.051937855153162515,0.11568211023257868,0.06481428519057797
0.798102855162986,0.7138714021337013,-0.0842314530292847,-0.19677251041373722,0.7484213392584139,0.7419898960621455,-0.006431443196268427,-0.014759890694889588,0.7503780004700314,0.7214966765573708,-0.028881323912660628,-0.06553718066725667,-0.04772485469295451,-0.11429468421686817,0.007625274423669559,0.016940645529612386,0.05535012911662407
0.8258464493649101,0.692679205569724,-0.13316724379518619,-0.31421805593842755,0.749824794608381,0.7396431281214686,-0.010181666486912433,-0.023352907842799198,0.7853320082313272,0.7624457963772825,-0.022886211854044713,-0.05472649187729317,-0.040514441133582935,-0.10250001894810401,0.06976659080755854,0.15699154511303037,0.11028103194114147
0.8550919889473984,0.6824098632736648,-0.17268212567373353,-0.4163203233876105,0.725794490622974,0.7381014218601618,0.012306931237187846,0.027785970929339765,0.8206817246916417,0.7690187494307178,-0.051662975260923893,-0.12816687864157572,-0.03441026425575666,-0.09348546284472192,0.08660888615705298,0.19466798190131285,0.12101915041280964
0.8012100190486159,0.7123049363714825,-0.08890508267713337,-0.20799865902182368,0.6944820572287043,0.7162561139220323,0.021774056693327992,0.04777035062853341,0.7776499361972394,0.762151541574663,-0.015498394622576406,-0.036827018556262026,-0.02356008285137645,-0.057806102553751515,0.049846605203180516,0.11336553791181014,0.07340668805455697
0.8353857747018297,0.7080974876537002,-0.12728828704812956,-0.3059919792931307,0.7604307540860443,0.6996902514563774,-0.060740502629666904,-0.1370188371677814,0.780824307386129,0.7445315017493502,-0.036292805636778724,-0.08536184029966298,-0.05456146731570077,-0.13887155561757458,0.03643401409565006,0.08175858337589315,0.09099548141135083
0.8373851248552787,0.698339550097497,-0.13904557475778168,-0.33275705499055674,0.7446329892892213,0.7393901608782,-0.005242828411021305,-0.011982989452834047,0.8073134435524417,0.7126921918967829,-0.09462125165565882,-0.22252630604656343,-0.030071681302836994,-0.07874047811730467,0.014352641799285859,0.03149027082668865,0.044424323102122854
0.7924438999938915,0.7271871817049544,-0.06525671828893709,-0.15307195699089426,0.7497099731032527,0.7131687764977138,-0.036541196605538895,-0.08248907407786277,0.7815857655913522,0.7528169131625542,-0.02876885242879801,-0.06810238203827534,-0.010858134402539354,-0.026522873571473315,0.025629731457599725,0.058446701381145605,0.03648786586013908
0.7979122614624999,0.7014562720480454,-0.09645598941445455,-0.2235950104034914,0.7456217552755787,0.7176595887873507,-0.027962166488228024,-0.06312404472441369,0.7773858129482044,0.7327464371033786,-0.0446393758448258,-0.1038970365483678,-0.020526448514295526,-0.050203460970706715,0.03129016505533322,0.06949451288441688,0.051816613569628744
0.8147837555872283,0.5743472763667768,-0.24043647922045142,-0.5317484149181289,0.7240180891827465,0.7187448351615195,-0.005273254021226914,-0.011762388898755471,0.7809705168748913,0.7362416334442546,-0.044728883430636635,-0.10462424814290516,-0.03381323871233699,-0.08426592344803518,0.1618943570774778,0.3428582433271885,0.19570759578981478
0.8045431496578201,0.719080209020301,-0.08546294063751914,-0.20135686221730165,0.7226971824874052,0.7211139084417245,-0.0015832740456807048,-0.0035336223357624874,0.795552306215027,0.7724462166603595,-0.02310608955466753,-0.056166805123130104,-0.008990843442793106,-0.022480393150900557,0.0533660076400585,0.12270966394327099,0.062356851082851605
0.8247898736755449,0.7308144094798265,-0.09397546419571845,-0.22720106039882504,0.757132635918417,0.7150460756768137,-0.04208656024160329,-0.09555588520781155,0.7629172288191021,0.7777863175548818,0.014869088735779745,0.03535565811742991,-0.06187264485644284,-0.15333570213785697,0.04697190807505536,0.10922101637839798,0.1088445529314982
0.8049295860207457,0.6839956609648578,-0.12093392505588796,-0.2790350508973469,0.7077930123369814,0.7163164571968911,0.008523444859909635,0.01882409591671408,0.7937378345846632,0.7162691272920383,-0.0774687072926249,-0.1806298067015053,-0.011191751436082531,-0.02794696197321045,0.03227346632718053,0.07045828222263117,0.043465217763263064
0.8152377191369453,0.675794908120572,-0.13944281101637335,-0.3228967672080991,0.7638834200651775,0.7370616828248236,-0.02682173724035386,-0.062001167627596665,0.8317479579276013,0.7266264748496011,-0.10512148307800018,-0.2550703966125365,0.01651023879065594,0.04331612491340264,0.05083156672902911,0.11114249550896527,0.03432132793837317
0.8099517144959761,0.7218510225357981,-0.088100691960178,-0.2088942142464636,0.7116358052723643,0.6835851901598327,-0.028050615112531596,-0.06108823669093422,0.7434836462727291,0.7165955928177836,-0.026888053454945493,-0.06058374178025039,-0.06646806822324702,-0.1600054682973333,-0.005255429718014515,-0.011694995831120103,0.06121263850523251
0.8276325796260601,0.6721808497963941,-0.15545172982966593,-0.3629747697570176,0.7308356224904032,0.7853631613087066,0.05452753881830341,0.12751179009966185,0.7826558465360534,0.7224031061948284,-0.060252740341224964,-0.13985319234495286,-0.044976733090006715,-0.11372251526229782,0.05022225639843425,0.10939906214976691,0.09519898948844097
0.8023835465003003,0.7219978923108016,-0.08038565418949872,-0.18942017678975676,0.7323540010291602,0.7198333404941494,-0.012520660535010775,-0.028077287471075074,0.7719027606370376,0.7233108641492049,-0.048591896487832686,-0.11197913158306827,-0.03048078586326275,-0.07450826372121444,0.0013129718384032874,0.0029327814854740453,0.03179375770166604
0.8326665592037346,0.6904246879553148,-0.1422418712484198,-0.33722521428783314,0.7321666105410101,0.7438733346771377,0.011706724136127611,0.026625105745644362,0.7680545090300916,0.7821250352171644,0.014070526187072718,0.03370365996571412,-0.06461205017364291,-0.16211897102149164,0.09170034726184961,0.20880990323205562,0.15631239743549252
0.8007619292880745,0.6851663677252849,-0.1155955615627896,-0.2660400965613252,0.6822948990795171,0.7824900584208518,0.10019515934133472,0.22721691445128456,0.7516798050891861,0.7737313029476031,0.02205149785841698,0.051846587171693326,-0.049082124198888466,-0.11792481257021681,0.08856493522231812,0.19996187116280173,0.13764705942120659
0.7795523653654896,0.7145221024262819,-0.06503026293920766,-0.14987121744282073,0.7237201435866032,0.7608269060399876,0.0371067624533844,0.08488719144309087,0.8002363335536123,0.7646807425972056,-0.0355555909564067,-0.08624429897934993,0.020683968188122792,0.05078647972534611,0.05015864017092375,0.1144133981888169,0.02947467198280096
0.8639795590839646,0.6550617447823391,-0.20891781430162548,-0.5000176108776571,0.7533070698961501,0.782315948575159,0.02900887867900881,0.06873407138239784,0.7900456529294981,0.7111551960202629,-0.07889045690923524,-0.18284813635595532,-0.07393390615446649,-0.1964997547602949,0.05609345123792375,0.12066971976140684,0.13002735739239024
0.8261527443584972,0.684479018495103,-0.14167372586339422,-0.3327344754893271,0.7547577047400468,0.7307686359882338,-0.023989068751812948,-0.05489422444742642,0.791683912812052,0.7712099217737033,-0.020473991038348682,-0.049554214838413824,-0.0344688315464452,-0.08775313623840564,0.08673090327860034,0.19542712441250765,0.12119973482504554
0.8175053470562742,0.6904331570017569,-0.1270721900545173,-0.2972893171886313,0.7599186409552233,0.6954327583633656,-0.06448588259185772,-0.14508873588283921,0.7801957085275358,0.8029130262602434,0.022717317732707576,0.05594541709036083,-0.037309638528738365,-0.09316404309291881,0.11247986925848652,0.2600706911860733,0.14978950778722488
0.8127142545083887,0.66008838661394,-0.15262586789444876,-0.34976450704251305,0.7211216393238216,0.7566231126439377,0.035501473320116106,0.08086465015109257,0.7991936571304142,0.746740275459541,-0.05245338167087321,-0.12539978924390383,-0.013520597377974508,-0.03419381266710575,0.08665188884560104,0.19017090513150348,0.10017248622357555
0.8085442912835483,0.6883021217300219,-0.1202421695535264,-0.27890951423469446,0.744908393551864,0.7356138406836267,-0.009294552868237327,-0.021197419939356976,0.7865116400919469,0.7390824698697407,-0.04742917022220616,-0.11162600079981466,-0.02203265119160147,-0.054847306159472975,0.05078034813971877,0.11243620727540682,0.07281299933132024
0.7799212587150487,0.6461998653608985,-0.13372139335415023,-0.2974604494299229,0.7621453508880481,0.7000642949285255,-0.062081055959522624,-0.14022478588723097,0.7972047129429987,0.7311695422267322,-0.06603517071626641,-0.15589970645022388,0.017283454227949968,0.042335323814904235,0.08496967686583379,0.18389606679460324,0.06768622263788382
0.7912862797227168,0.6618217139037407,-0.12946456581897614,-0.2923126163725389,0.7148393014347342,0.7091369343097812,-0.005702367124952978,-0.0125926854348406,0.814505476983013,0.7054573475948646,-0.10904812938814845,-0.25682315159687796,0.023219197260296198,0.058390046261694195,0.04363563369112389,0.09387951103735515,0.02041643643082769
0.8135229028636816,0.6780477009970577,-0.13547520186662387,-0.3136689711643046,0.7185798371393993,0.7505853532106346,0.03200551607123525,0.07251295807398517,0.8077996233707534,0.7408345730902529,-0.06696505028050048,-0.16058778114645467,-0.005723279492928168,-0.014608870990098666,0.06278687209319522,0.13847231902775126,0.06851015158612339
0.8197216096531545,0.7125410356397461,-0.10718057401340841,-0.2547213083113573,0.7406263357983818,0.7199323165947343,-0.02069401920364744,-0.046635257812004394,0.7452596939629842,0.676824547211922,-0.06843514675106221,-0.15121623320355093,-0.07446191569017035,-0.1810881921899905,-0.035716488427824156,-0.07758311708218413,0.0387454272623462
0.8219974438749765,0.6596800024575017,-0.16231744141747484,-0.3746546855230313,0.7376905107146499,0.726019815620271,-0.011670695094378902,-0.026346462874532683,0.7622996170893233,0.7612667045876759,-0.0010329125016473872,-0.0024247214124040184,-0.059697826785653274,-0.1474644316211835,0.10158670213017418,0.22476553248944375,0.16128452891582745
0.8437410655305883,0.7100128190839206,-0.1337282464466677,-0.3245425881698121,0.7104985706288308,0.7628156476235612,0.05231707699473043,0.11891267253012039,0.7769697642058858,0.7509328442523385,-0.02603691995354729,-0.0613342426911716,-0.06677130132470244,-0.17092748619024345,0.04092002516841797,0.09228085928839702,0.10769132649312041
0.8185215568947409,0.6230628180191536,-0.1954587388755873,-0.4419752866547648,0.7157803774130819,0.7648862338795683,0.049105856466486464,0.11211004244515976,0.8158851585061494,0.7716950598834346,-0.044190098622714835,-0.10936470205675786,-0.002636398388591532,-0.00682125684568069,0.14863224186428092,0.3257893277523263,0.15126864025287245
0.8282725174562181,0.7279704070625798,-0.10030211039363834,-0.24280012707804044,0.7247874032569414,0.7319113018833242,0.007123898626382852,0.016015879809802236,0.8019088143182603,0.7102387595676526,-0.09167005475060774,-0.21431017108655137,-0.026363703137957772,-0.06794740469597293,-0.017731647494927172,-0.039457448704483866,0.0086320556430306
0.8265582797920961,0.7133241834214812,-0.11323409637061488,-0.2709090813832806,0.7435191036282087,0.732075284287342,-0.01144381934086669,-0.02601997185861471,0.773048342466882,0.7536807558859001,-0.01936758658098192,-0.04557750210032108,-0.05350993732521403,-0.1339950736440394,0.04035657246441893,0.09133650563892015,0.09386650978963296
0.8185113345670906,0.6530952564738933,-0.16541607809319725,-0.37944089142337667,0.7460688506541077,0.7570729382479744,0.01100408759386673,0.025467803953244328,0.7986182421940707,0.6869529193182163,-0.1116653228758544,-0.2568344083587708,-0.01989309237301984,-0.05057847679035543,0.03385766284432301,0.07202800627425043,0.05375075521734285
0.8263479030469522,0.7168485280305376,-0.1094993750164146,-0.2625455045624796,0.7182784576364037,0.7088844917675341,-0.009393965868869647,-0.020779719858158074,0.7922218754866673,0.7586875949076876,-0.03353428057897978,-0.08041351008943032,-0.03412602756028482,-0.08694288785150217,0.04183906687715,0.09518910662154711,0.07596509443743482
0.8404740636988648,0.6496641653663183,-0.19080989833254647,-0.4450678949148499,0.7326192969129576,0.7358516230771986,0.0032323261642410728,0.00731729845579121,0.7652671464627306,0.7294842915232835,-0.035782854939447106,-0.08239681773020102,-0.07520691723613415,-0.18982577244615761,0.07982012615696521,0.17284530473849125,0.15502704339309936
0.8147807909973892,0.6386878076611143,-0.17609298333627488,-0.3999273412889577,0.7396487024266166,0.7311895927638439,-0.008459109662772746,-0.019177426424769273,0.7955394859110978,0.7475188187145395,-0.048020667196558287,-0.11451769373941545,-0.019241305086291405,-0.04859295961054633,0.10883101105342519,0.2368166879389959,0.1280723161397166
0.8396276015749485,0.696210481880533,-0.1434171196944155,-0.34348509765024415,0.739869665800279,0.7012728227774595,-0.038596843022819516,-0.08606153797159699,0.7664068405832549,0.7689171796666855,0.0025103390834305683,0.005944134930457867,-0.07322076099169361,-0.18482526402795108,0.07270669778615246,0.16460396855275095,0.14592745877784608
0.8104429128000716,0.727142883478002,-0.08330002932206959,-0.19830190829553285,0.7209244424511541,0.7351701551601365,0.01424571270898245,0.032017754256555175,0.7823713993914527,0.7481525207672118,-0.03421887862424089,-0.08078412791133838,-0.02807151340861891,-0.06975065833038618,0.021009637289209793,0.047767122053808286,0.0490811506978287
0.8798321970732057,0.6830631540763763,-0.1967690429968294,-0.48795402916982944,0.7198502187315675,0.7245781059068942,0.004727887175326684,0.010555591110733786,0.7719113837798983,0.7019921867386981,-0.0699191970412002,-0.159117373395379,-0.10792081329330738,-0.2878112199433871,0.01892903266232182,0.04102543583106333,0.1268498459556292
0.7987863916449874,0.7188721603866002,-0.07991423125838726,-0.18738221123165788,0.7601875679092345,0.7570262249577234,-0.003161342951511048,-0.007387591263868121,0.7779795037046986,0.7395937730638272,-0.03838573064087136,-0.0897874415109361,-0.020806887940288843,-0.05095425681123977,0.020721612677227053,0.04664051290948201,0.041528500617515895
0.8223166013834686,0.6643790129267605,-0.15793758845670813,-0.3655551939604684,0.7306326354741738,0.7419099861084257,0.011277350634251948,0.025593609197740452,0.7713732262054057,0.7578284267614729,-0.013544799443932831,-0.03192954373757839,-0.05094337517806291,-0.12683973766457912,0.09344941383471239,0.2067859125583109,0.1443927890127753
0.8353227482651269,0.7309665922534113,-0.10435615601171555,-0.2549050093830316,0.6997896186276907,0.7427798709917179,0.042990252364027204,0.09594553964470909,0.8182422022080776,0.781654563328282,-0.03658763887979566,-0.09154619964492738,-0.01708054605704923,-0.04514707720982569,0.050687971074870664,0.11821173252827855,0.06776851713191989
0.8623316976952267,0.7340922617024552,-0.12823943599277143,-0.32331070874964807,0.7388159889409999,0.759580620511913,0.020764631570913128,0.047911894987362036,0.7812785253713156,0.732837172241717,-0.04844135312959863,-0.11307895286360514,-0.08105317232391107,-0.2130703806234826,-0.0012550894607382679,-0.0028386247374396767,0.0797980828631728
0.854546434783496,0.6592875654694741,-0.19525886931402192,-0.46398495785701055,0.7219633683243293,0.7316588150688572,0.009695446744527936,0.021759090977656825,0.7789535168093552,0.7086494999016613,-0.07030401690769394,-0.1613905833707432,-0.0755929179741408,-0.19634915964782707,0.04936193443218717,0.1062452148384403,0.12495485240632798
0.7826475327957012,0.5565560588772969,-0.22609147391840434,-0.4874361967659393,0.7062714583829787,0.7449089283400495,0.03863746995707085,0.08663697917895341,0.797915000838399,0.7699894479653512,-0.027925552873047765,-0.0678867012424238,0.01526746804269774,0.03750782340897585,0.21343338908805431,0.45705731893249135,0.19816592104535657
0.8330728908139303,0.6140623228430453,-0.21901056797088503,-0.49887792996643054,0.7200984240082691,0.7469508089866599,0.02685238497839082,0.060753276694606395,0.8011162465616414,0.7313373014938073,-0.06977894506783411,-0.16528488285756193,-0.031956644252288946,-0.08273437853780674,0.11727497865076197,0.25085866857106187,0.14923162290305092
0.8259101525403495,0.6094566304634782,-0.2164535220768713,-0.4892816663664199,0.7342110674091192,0.7352715304211411,0.001060463012021895,0.0024021143249006727,0.7839762492642999,0.720935940454481,-0.06304030880981892,-0.14633180247572053,-0.04193390327604962,-0.10596619545865904,0.11147930999100275,0.23698366843204033,0.15341321326705237
0.8013689809783071,0.7049459148912877,-0.09642306608701945,-0.22459250293858313,0.7328027311169062,0.7322316373566621,-0.0005710937602441124,-0.0012901809299266098,0.7620309819205975,0.7091360084152591,-0.05289497350533834,-0.1200712505067858,-0.03933799905770963,-0.0953146272077019,0.004190093523971483,0.009206625224095433,0.04352809258168111
0.7934532214105546,0.7147019954321784,-0.07875122597837625,-0.1833999672953821,0.7307270102165545,0.7276609774175413,-0.0030660327990131853,-0.006899659485207099,0.7596463733270182,0.729261881401913,-0.030384491925105284,-0.06968982281018343,-0.0338068480835364,-0.08120953570083245,0.014559885969734565,0.032500608784366225,0.048366734053270966
0.8469463736804999,0.7214949334169386,-0.12545144026356125,-0.30795019456358474,0.6939924596522552,0.721108079138284,0.027115619486028808,0.05962382087239604,0.7931314286718548,0.7698514618876424,-0.023279966784212403,-0.05635384378758168,-0.05381494500864503,-0.14044304514411765,0.04835652847070382,0.11115330563188541,0.10217147347934885
0.8107964482733926,0.6700368358502896,-0.14075961242310298,-0.32377929578376885,0.68604414775483,0.7432892897305295,0.05724514197569952,0.1269113172522529,0.8068742383823079,0.6852075150998186,-0.12166672328248929,-0.28134398662061555,-0.003922209891084716,-0.009974751897194434,0.015170679249528973,0.03246055726595887,0.01909288914061369
0.7875722098393961,0.7543784206245481,-0.03319378921484806,-0.0790405099710938,0.7334921689957156,0.7684791646532451,0.034986995657529496,0.08095007120942155,0.8007326305569938,0.7709650441905773,-0.02976758636641652,-0.07260196629020932,0.01316042071759771,0.03255326787591439,0.016586623566029246,0.03899181155679887,0.0034262028484315366
0.7816546442414855,0.6773849157940419,-0.10426972844744353,-0.2357176921302373,0.7075730897400101,0.7024349981186795,-0.005138091621330609,-0.011266828887071867,0.8004099716069798,0.6871039376915661,-0.11330603391541372,-0.260983990697619,0.018755327365494345,0.04614086594703792,0.00971902189752416,0.020874567379656206,-0.009036305467970185
0.8184663489230296,0.692073739121648,-0.12639260980138156,-0.2962286607668041,0.7508015076043494,0.7138790591418321,-0.03692244846251724,-0.08343970278538482,0.7938924158318187,0.7598696006160157,-0.03402281521580297,-0.08177235726209808,-0.02457393309121092,-0.062194924602030355,0.06779586149436767,0.15226137890267566,0.09236979458557859
0.8242430298390745,0.7376353057308771,-0.08660772410819739,-0.21032235544319766,0.7329724545794893,0.7486134480194727,0.015640993439983375,0.03569738993637683,0.7739264621066058,0.7252971305665415,-0.04862933154006421,-0.11236467091337321,-0.05031656773246873,-0.1257983643490319,-0.012338175164335552,-0.02784067981920746,0.03797839256813318
0.8038418630124272,0.6303610471537537,-0.17348081585867348,-0.3893706705333484,0.7096723170748289,0.7420812395654023,0.032408922490573366,0.07268242965989158,0.7792179248275528,0.7553516444794403,-0.023866280348112556,-0.05649645401659997,-0.024623938184874405,-0.06064170672480751,0.12499059732568651,0.2722325097919409,0.14961453551056092
0.8255741943707312,0.6910667149404195,-0.13450747943031172,-0.3169927471956975,0.7327184354489725,0.7400327420996339,0.007314306650661351,0.01660121808499726,0.7856008666049833,0.7303344260950543,-0.055266440509929016,-0.1292205669041553,-0.03997332776574791,-0.1011273905972514,0.03926771115463479,0.08664478969429079,0.0792410389203827
0.8275496305772098,0.742037150160438,-0.08551248041677173,-0.2090090425050759,0.7151460067546674,0.7522078067229723,0.03706179996830483,0.08388879121499127,0.7981511760740116,0.7551135126408033,-0.04303766343320836,-0.10343827599035693,-0.029398454503198113,-0.0754269739804796,0.013076362480365256,0.030143792534239378,0.04247481698356337
0.8119732625384316,0.6371626143793109,-0.17481064815912073,-0.3958947909692825,0.738831075183295,0.7359495377305841,-0.002881537452710914,-0.0065481954465891334,0.8284058073122177,0.7479121702492081,-0.0804936370630096,-0.19779879849193982,0.016432544773786084,0.042799878942995306,0.11074955586989721,0.24089587142033797,0.09431701109611113
0.7701827564598086,0.6081855229813539,-0.16199723347845474,-0.3527755192836466,0.7198762696074139,0.7402446403599449,0.02036837075253095,0.0458894070653022,0.776870951413836,0.7138945828870441,-0.06297636852679189,-0.14480590436226093,0.006688194954027393,0.015979876226907663,0.10570905990569024,0.22394949114829332,0.09902086495166285
0.8177061450345722,0.689537646160241,-0.12816849887433113,-0.2997455346962672,0.7146325689474743,0.7444365542082424,0.029803985260768107,0.06711852402023988,0.7732309375505556,0.7588308113291181,-0.014400126221437493,-0.03401806761028414,-0.044475207484016566,-0.11040865905415442,0.06929316516887707,0.15531880803182863,0.11376837265289363
0.8059599392227795,0.7212728620125008,-0.08468707721027868,-0.20005018013636766,0.7290474922547449,0.7631510007835116,0.03410350852876676,0.07839471469919568,0.7952734174183225,0.7548476099437843,-0.04042580747453817,-0.09690578065143685,-0.010686521804457061,-0.026749433476674245,0.033574747931283455,0.07639496600825657,0.044261269735740516
0.8429595138744038,0.6930617888546782,-0.14989772501972565,-0.3594403550865888,0.736710671096403,0.7298495593272186,-0.006861111769184358,-0.015514573253374131,0.7765897182236854,0.7179300140986333,-0.05865970412505206,-0.13518236147533447,-0.06636979565071843,-0.16968991898188568,0.024868225243955155,0.054568074629368635,0.09123802089467359
0.8054380817828983,0.7078928839996013,-0.09754519778329707,-0.2283601447782826,0.7238008894198535,0.7471351397004661,0.023334250280612534,0.05291354611713617,0.7801618365494106,0.7056278768606877,-0.0745339596887229,-0.17094524595534843,-0.025276245233487704,-0.06239024013106542,-0.002265007138913533,-0.004975341308131265,0.02301123809457417
0.8315556540726919,0.6236770549877035,-0.2078785990849884,-0.47501920494716954,0.6953167901774817,0.6971194619350869,0.0018026717576051787,0.003919796250954954,0.7801430061048426,0.7437933343445126,-0.036349671760329993,-0.08540762313380723,-0.05141264796784939,-0.13023669630576018,0.12011627935680902,0.2593748855076021,0.1715289273246584
0.8251968796589061,0.6719446629875585,-0.15325221667134759,-0.35704698591930284,0.7674726233016699,0.7477019810429487,-0.01977064225872116,-0.046143131148601135,0.7903450927707585,0.6859655725266206,-0.10437952024413788,-0.23848765106965697,-0.03485178688814761,-0.08852650223749992,0.014020909539062099,0.030032832612145954,0.048872696427209705
0.7995800958558713,0.7055030670550689,-0.09407702880080238,-0.21889431133469883,0.7444730978211137,0.7179164175517941,-0.026556680269319566,-0.05991787344979427,0.7814768606797419,0.7492843245838713,-0.03219253609587058,-0.07600850783736446,-0.01810323517612944,-0.0444964722375758,0.04378125752880235,0.09838933125975857,0.06188449270493179
0.8024285798180565,0.7229785245570491,-0.07945005526100735,-0.18734324273605507,0.735062704842655,0.7625934029043028,0.027530698061647763,0.06350175099217426,0.8223259214067905,0.729023711148502,-0.09330221025828855,-0.22477037812512624,0.01989734158873402,0.05098129375232441,0.006045186591452811,0.013554158363253244,-0.013852154997281207
0.8223001295901669,0.7996087703329268,-0.022691359257240085,-0.057976909720434566,0.7368039498311519,0.7086255048980408,-0.02817844493311117,-0.0629644223388044,0.8034574202651891,0.7706653849173101,-0.032792035347879,-0.08015393979110463,-0.01884270932497778,-0.04832733426436864,-0.028943385415616696,-0.0705043643350387,-0.010100676090638916
0.8078435298357957,0.7786990456043391,-0.029144484231456547,-0.07200899555559515,0.7244849369035725,0.7278042130259298,0.003319276122357273,0.007443427026680993,0.772202322355357,0.7350156378404816,-0.03718668451487539,-0.08635298858505269,-0.03564120748043864,-0.08757838305379906,-0.043683407763857485,-0.1019223760832566,-0.008042200283418843
0.8280173794212186,0.6481867557296174,-0.1798306236916012,-0.4146595137941709,0.739868646548192,0.7126214182437373,-0.027247228304454696,-0.06112510402981153,0.7813153123443649,0.7632065531052717,-0.018108759239093164,-0.04318812406301609,-0.04670206707685365,-0.11798842159469203,0.11501979737565438,0.25348296813646276,0.16172186445250802
0.8166109147314601,0.7548828333157993,-0.061728081415660774,-0.15079650190651916,0.7578117518585423,0.7538828422563618,-0.003928909602180508,-0.009145919203403796,0.7893820753903795,0.70123499039732,-0.08814708499305957,-0.20299900914652258,-0.027228839341080557,-0.06849647353314925,-0.05364784291847935,-0.12069898077315266,-0.026419003577398792
0.8273475222861956,0.7272936270880818,-0.10005389519811381,-0.24187034715204403,0.7290441066650611,0.712930251924933,-0.016113854740128164,-0.03593055896407238,0.7735045056021344,0.6948335401255968,-0.07867096547653751,-0.17851705594945955,-0.05384301668406122,-0.13499198546259183,-0.032460086962484924,-0.07163869426000735,0.021382929721576294
0.8577210012393497,0.6511149807737425,-0.20660602046560717,-0.4902253830515817,0.7084394926131923,0.7715713575913207,0.0631318649781284,0.1441665254430351,0.7945556705705541,0.8024977623380302,0.007942091767476067,0.019801602157937914,-0.0631653306687956,-0.16729788936289536,0.15138278156428764,0.34272909584662425,0.21454811223308323
0.8224246303708577,0.7400171462559832,-0.08240748411487442,-0.20013224116565853,0.7204312742080513,0.7196968679681929,-0.0007344062398584317,-0.00163576740318927,0.7696769934985687,0.7219707634518503,-0.04770623004671837,-0.10967709988624375,-0.052747636872289005,-0.13115628757634745,-0.018046382804132954,-0.040701146296932667,0.03470125406815605
0.7723757437967604,0.756941039827623,-0.015434703969137487,-0.036388752309406414,0.7367716546910529,0.7295174739300639,-0.0072541807609889375,-0.016400778437923424,0.769566808408983,0.7800868036073462,0.010519995198363219,0.02518727999658088,-0.002808935387777489,-0.006684662592902235,0.023145763779723216,0.05489136971308506,0.025954699167500705
0.8208125264476056,0.7370120704359197,-0.08380045601168595,-0.20275964069437125,0.7510567632169244,0.7150308618285756,-0.036025901388348824,-0.08147984491459015,0.770780863118811,0.7469814459776369,-0.023799417141174062,-0.055652096331127776,-0.05003166332879461,-0.12432131894197829,0.009969375541717285,0.022786225421265183,0.06000103887051189
0.7970626202712833,0.7208431747491346,-0.07621944552214865,-0.17870026732937871,0.7564776087252559,0.6785833957421413,-0.07789421298311461,-0.1733910603022839,0.7943408655499589,0.7847297337798813,-0.009611131770077552,-0.02357894730279675,-0.0027217547213244098,-0.00675061989207526,0.06388655903074669,0.1483707001345067,0.0666083137520711
0.831766194731686,0.6510233889086573,-0.1807428058230287,-0.4186914619334534,0.7304894848775908,0.6923644798870102,-0.03812500499058058,-0.08418389528743453,0.7955265100547847,0.7220931415363867,-0.07343336851839799,-0.1720978456763933,-0.03623968467690131,-0.09316677896447745,0.07106975262772941,0.15342683729258266,0.10730943730463072
0.808359377643829,0.7342369437711894,-0.07412243387263961,-0.17700493521121796,0.7347405976765553,0.7494568279356533,0.014716230259097962,0.03364172688119149,0.7921199942115593,0.7709931290752139,-0.02112686513634543,-0.051144467464109944,-0.016239383432269716,-0.04062424402514875,0.03675618530402447,0.08523622372195927,0.052995568736294185
0.8142968076450275,0.7045608628255121,-0.10973594481951543,-0.2582522357885537,0.6930575204548589,0.7243316421230187,0.03127412166815979,0.06885276996654954,0.7697024743598696,0.7884283145463394,0.018725840186469833,0.04514497802555173,-0.04459433328515794,-0.11001329971304719,0.08386745172082732,0.19338391410105826,0.12846178500598526
0.8245640618353222,0.6683659615323222,-0.15619810030299996,-0.36299372779098005,0.7608339065636093,0.7181015966837689,-0.042732309879840336,-0.09742972528081228,0.7715240454724611,0.7760965884925675,0.0045725430201063455,0.010929721249509416,-0.05304001636286104,-0.1323748581113997,0.10773062696024527,0.24154859092908976,0.1607706433231063
0.8226650913692413,0.6797411362990976,-0.14292395507014366,-0.33374241683388295,0.7475104212224659,0.7567558011450782,0.009245379922612318,0.02141336584619946,0.7703773119347095,0.755973492345995,-0.014403819588714506,-0.0338841623675421,-0.05228777943453178,-0.13012148304845805,0.07623235604689738,0.1697367714178828,0.12852013548142915
0.8271737170506884,0.7372210818457967,-0.08995263520489172,-0.2189891120574301,0.7553759850175176,0.7334548623120275,-0.02192112270549007,-0.050266263573220726,0.7625914415168044,0.717783334249028,-0.0448081072677764,-0.10226230203365816,-0.06458227553388407,-0.16038933181056247,-0.01943774759676875,-0.04366252178679053,0.04514452793711532
0.8459277933928848,0.6464031307322416,-0.19952466266064317,-0.4668954192462691,0.723508423991556,0.7410640796382303,0.017555655646674273,0.03965456899682751,0.7844741016836926,0.7539749501447277,-0.030499151538964875,-0.07242319543172604,-0.06145369170919224,-0.15882952458323452,0.10757181941248606,0.23564269923130854,0.1690255111216783
0.8333512338662793,0.7139920704711044,-0.11935916339517494,-0.2875145535172394,0.7639415469531156,0.7755254006831173,0.011583853730001703,0.02751680784005428,0.8002027482454865,0.7603395902391238,-0.03986315800636275,-0.09636179398785183,-0.033148485620792756,-0.0857676136194434,0.04634751976801943,0.10538514590994419,0.07949600538881219
0.8305336531140509,0.7251334429834421,-0.10540021013060885,-0.2551761101850696,0.7289004482702844,0.7378955169639064,0.008995068693621988,0.020343077872500448,0.7909424290030497,0.7922266622562351,0.001284233253185385,0.003161773524674505,-0.039591224111001244,-0.10119592683405765,0.06709321927279299,0.15714195687568644,0.10668444338379424
0.7787291265683246,0.6886851500379375,-0.0900439765303871,-0.2043660616611811,0.7418060053608291,0.7316556628618649,-0.010150342498964182,-0.023048582507334547,0.7486556181638805,0.7581197084162207,0.009464090252340185,0.02195735340054794,-0.030073508404444116,-0.07082422079633854,0.06943455837828316,0.1554991942653905,0.09950806678272728
0.8202167796911524,0.6281147544531215,-0.19210202523803088,-0.43594319165734685,0.7357041090894758,0.7584503873362998,0.02274627824682396,0.05233970742840688,0.7739699598260622,0.7451916879384796,-0.02877827188758264,-0.0673699613724934,-0.04624681986509016,-0.11516309339198694,0.11707693348535808,0.2534101368928665,0.16332375335044824
0.8150401116826945,0.6651574940863757,-0.14988261759631882,-0.3450192420171947,0.7027330647890642,0.756109630477495,0.053376565688430855,0.12027808210516855,0.7877682779289956,0.7881568451709807,0.00038856724198510495,0.0009506204643736638,-0.027271833753698904,-0.06839640472867448,0.12299935108460502,0.2775734577528939,0.15027118483830393
0.8352478776019169,0.6926824314246253,-0.1425654461772916,-0.33927360564867026,0.7295921526052669,0.7451395612208621,0.015547408615595226,0.03533322043042464,0.79098164820302,0.76546238679394,-0.025519261409080007,-0.06144937578545928,-0.044266229398896906,-0.11373594640727536,0.0727799553693147,0.16408828345593562,0.1170461847682116
0.864002044092698,0.7974863008219341,-0.06651574327076393,-0.178174566963345,0.7478037850683151,0.7448779940448321,-0.0029257910234830042,-0.00672436157399714,0.7977545578589834,0.7868045440346401,-0.010950013824343352,-0.02699414281123058,-0.06624748623371457,-0.17750688495276057,-0.010681756787293994,-0.026326460800646156,0.055565729446420575
0.8149760937304521,0.6682657810226716,-0.14671031270778045,-0.33826045977104835,0.7317844802091321,0.7421290344593232,0.010344554250191096,0.023496105077202234,0.7745817389479709,0.7579320465655178,-0.016649692382453063,-0.039346934599166605,-0.04039435478248121,-0.10012870375703908,0.08966626554284618,0.19878482141484266,0.1300606203253274
0.8497054090698574,0.7237957911266588,-0.12590961794319855,-0.31050255450334685,0.7499948323075604,0.7312470566507542,-0.018747775656806187,-0.042780649711918084,0.7982249692886789,0.7311846719030556,-0.06704029738562334,-0.15840540530859526,-0.051480439781178444,-0.13550193259527266,0.007388880776396767,0.016595216599478935,0.05886932055757521
0.8155768808445885,0.6363499733450144,-0.17922690749957404,-0.4068415472472966,0.7353132828002541,0.680811488423675,-0.054501794376579094,-0.11999267523315704,0.7930762900099645,0.7404336833085964,-0.05264260670136811,-0.1246582197844277,-0.022500590834623968,-0.0567378626098054,0.10408370996358196,0.2254454648530635,0.12658430079820593
0.7598986821847208,0.6310625497099566,-0.12883613247476422,-0.28139009105213986,0.7564833693214634,0.7217501182905978,-0.034733251030865664,-0.07913709170782735,0.7812664997210343,0.734077990636738,-0.04718850908429639,-0.11024353802532971,0.02136781753631356,0.050832593809379656,0.10301544092678139,0.2219791468361898,0.08164762339046783
0.8040714350254143,0.7390493575458814,-0.06502207747953292,-0.15523031004262533,0.7416371722433149,0.7437252888385643,0.002088116595249323,0.004776596789688448,0.817711027115284,0.749733934143823,-0.06797709297146093,-0.1655705509942913,0.013639592089869645,0.03483595672651241,0.010684576597941642,0.024495715774846438,-0.0029550154919280036
0.8311652459043987,0.7092307245459685,-0.12193452135843019,-0.2921744362078198,0.7407742662622914,0.7093637154523277,-0.03141055080996369,-0.0703772101447333,0.7695736000232157,0.7044006963839374,-0.0651729036392783,-0.14828389804768682,-0.06159164588118293,-0.15450088345060786,-0.0048300281620310415,-0.010610345290474887,0.05676161771915189
0.8219053411994631,0.6880693721059524,-0.1338359690935107,-0.3138425108751046,0.7304463901941691,0.7282481029051029,-0.0021982872890662364,-0.004947796706216145,0.8037671172511369,0.7026135452526523,-0.10115357199848463,-0.23572532486219977,-0.018138223948326204,-0.046515435958562446,0.014544173146699868,0.031601750054342403,0.03268239709502607
0.8163144581627629,0.6830162627958334,-0.13329819536692955,-0.3102009760206801,0.7367770195008063,0.7473391263806479,0.010562106879841604,0.02414298006718374,0.7909272954242539,0.7583219979743959,-0.03260529744985796,-0.07808053769263523,-0.02538716273850905,-0.06393587787044286,0.07530573517856254,0.168184560457602,0.10069289791707159
0.8037316047626644,0.726549180826937,-0.07718242393572738,-0.1826252418034886,0.7320303130464577,0.7068990901946984,-0.025131222851759283,-0.05595157940114559,0.7776907698427871,0.7158317291495654,-0.06185904069322168,-0.14248561742778731,-0.026040834919877298,-0.06404142476728936,-0.010717451677371592,-0.02390180039158807,0.015323383242505706
0.819001254231177,0.7223324532120016,-0.09666880101917541,-0.23110132853224608,0.7299166936877408,0.7246820864923341,-0.005234607195406693,-0.011754086579354617,0.7504295824596149,0.7615398171105822,0.011110234650967277,0.025869212964318322,-0.06857167177156209,-0.16731030149242532,0.039207363898580594,0.08966024000413908,0.10777903567014269
0.817761213142429,0.6653996097165485,-0.15236160342588045,-0.35153462907095845,0.7123783456085645,0.6947193759573965,-0.017658969651167977,-0.038670951604250936,0.8077336024172457,0.7555904063107791,-0.05214319610646656,-0.12642049733746186,-0.010027610725183322,-0.025706370811590773,0.09019079659423057,0.19940776092190582,0.1002184073194139
0.8843591128409994,0.6920798942175227,-0.19227921862347674,-0.48253705926405877,0.7183621312468763,0.7468622320895612,0.02850010084268484,0.06441334750257299,0.7912794181700183,0.8019303197695442,0.010650901599525864,0.026462321014568246,-0.0930796946709811,-0.2549612961887484,0.10985042555202151,0.2540380840898786,0.2029301202230026
0.7901813808886721,0.6502146157540183,-0.13996676513465378,-0.31403143458743155,0.7019959599136535,0.7626394825421041,0.06064352262845063,0.13716636627527068,0.8010811758559329,0.755138333931205,-0.04594284192472786,-0.11070033446711935,0.01089979496726079,0.027032719674106254,0.10492371817718671,0.23036381979441845,0.09402392320992592
0.8225162507697358,0.6724731168418309,-0.15004313392790491,-0.34888431277011533,0.7302010374423303,0.7404606092615161,0.010259571819185798,0.023257033130428262,0.786514609263814,0.7741960299499966,-0.012318579313817413,-0.029757206126818314,-0.03600164150592178,-0.09086845040874891,0.10172291310816572,0.2282586562345481,0.1377245546140875
0.7964346587279936,0.7284355607724832,-0.0679990979555104,-0.1601426663990524,0.7430404628454227,0.7268509157581368,-0.016189547087285927,-0.0366846770428122,0.7571331734565465,0.7376665901408939,-0.019466583315652652,-0.044809297242220936,-0.039301485271447056,-0.09446524703449644,0.009231029368410693,0.02086812212233502,0.04853251463985775
0.8260022790072039,0.6941284118283142,-0.13187386717888971,-0.311485957218955,0.7087255646558411,0.712180743947544,0.0034551792917029145,0.007618073776021639,0.7776467196785734,0.7158677831124262,-0.06177893656614719,-0.1422997391526768,-0.04835555932863056,-0.12150946429289045,0.021739371284111964,0.04767675377338776,0.07009493061274252
0.8105861223143437,0.6832003948938022,-0.12738572742054144,-0.2950998066502917,0.7183215241693536,0.7479795104099113,0.02965798624055771,0.06707508698155173,0.7836333579216993,0.7264914654957523,-0.05714189242594703,-0.13307467511082827,-0.02695276439264438,-0.06705457222806643,0.04329107060195003,0.09497055931139697,0.07024383499459441
0.8324490922346218,0.7236417891871244,-0.10880730304749742,-0.26363164468538836,0.7242681165599869,0.6940869849486493,-0.03018113161133762,-0.06647754585258303,0.7826728734430478,0.7697275462018979,-0.01294532724114994,-0.031062527170059084,-0.04977621879157401,-0.1265051437555047,0.046085757014773465,0.10606397375982457,0.09586197580634748
0.7703738538493664,0.7368163791805372,-0.03355747466882919,-0.0779147568479499,0.7261066137393857,0.7064330235125933,-0.01967359022679238,-0.043646639477922466,0.7890976310498665,0.7425240400033654,-0.04657359104650116,-0.11009684090425775,0.018723777200500114,0.04518925837419463,0.005707660822828142,0.013007174317886783,-0.013016116377671971
0.868383540201615,0.7187854698886476,-0.14959807031296746,-0.375380943868612,0.7257967287742865,0.7107019533834912,-0.01509477539079529,-0.033557634329083985,0.772843630254191,0.6685527317256049,-0.10429089852858608,-0.23336832461827717,-0.095539909947424,-0.2510674038757936,-0.050232738163042634,-0.10905478462545881,0.04530717178438137
0.8353813140994925,0.7110870570734295,-0.124294257026063,-0.2993942588685159,0.7191979526011454,0.7472228856539179,0.028024933052772538,0.0633839393673079,0.7716242587926053,0.7153509346535518,-0.056273324139053504,-0.12903120988805306,-0.06375705530688713,-0.1609350230811275,0.004263877580122366,0.009428025899335335,0.0680209328870095
0.7973647806590725,0.7640929241696893,-0.033271856489383134,-0.08046655296609062,0.7314026096835803,0.762681115264597,0.03127850558101675,0.07198365784297689,0.7779208346336565,0.71159564783592,-0.06632518679773647,-0.15241043250321784,-0.019443946025415992,-0.04755409750934492,-0.05249727633376933,-0.11949797704647214,-0.033053330308353335
0.7694424691216452,0.7314138553209557,-0.03802861380068945,-0.08793035813421213,0.7234743405298767,0.7477317067077757,0.024257366177898976,0.055016802870835324,0.775902747532416,0.7246847849250804,-0.051217962607335576,-0.118468105623184,0.006460278410770792,0.015414780756831892,-0.006729070395875336,-0.015122966732139975,-0.013189348806646128
0.7896168403053262,0.6752622895218593,-0.1143545507834669,-0.2596571320530956,0.7471361417436797,0.7306951586650245,-0.016440983078655158,-0.03743585936838967,0.7761893373981285,0.7408865195404101,-0.03530281785771838,-0.08253814542392712,-0.013427502907197741,-0.03257322494756387,0.06562423001855078,0.1445457616816046,0.07905173292574852
0.8046105697002197,0.6874961424128246,-0.11711442728739507,-0.27068959867711295,0.7466541702479041,0.7587633396267096,0.012109169378805462,0.028068902575212995,0.7670302347804597,0.768009708060915,0.000979473280455223,0.002318756475886641,-0.03758033491975998,-0.09168197752256457,0.08051356564809031,0.18132637763043502,0.1180939005678503
0.8204571114095133,0.7659773162636684,-0.05447979514584489,-0.1347814418287161,0.7522843791372473,0.7421483503631398,-0.010136028774107575,-0.023323276962555095,0.7628075077219219,0.7189114306439919,-0.043896077077929974,-0.10026221213404662,-0.05764960368759142,-0.14225078471061892,-0.047065885619676506,-0.10773155501594944,0.010583718067914916
0.8123051388949741,0.6840627250173458,-0.12824241387762836,-0.29764030511478223,0.74698685841155,0.7245716549397719,-0.022415203471778056,-0.05084782781970931,0.7966527209559731,0.7657522966711166,-0.03090042428485651,-0.07478307068017953,-0.015652417939001073,-0.03947347730001116,0.08168957165377078,0.18338375713459154,0.09734198959277185
0.8218923478387726,0.6672062028564288,-0.1546861449823438,-0.35845234559200967,0.7156089164682848,0.7187676727329638,0.0031587562646789857,0.0070137832540426714,0.765991070392988,0.74592478179104,-0.020066288601947924,-0.046726958235296046,-0.05590127744578466,-0.1384943020202578,0.0787185789346112,0.17323108533645581,0.13461985638039586
0.8058141831573407,0.6786865697729284,-0.12712761338441225,-0.29266342211154517,0.7666544216894938,0.7395262393716223,-0.027128182317871508,-0.06293234373558398,0.7831857655793392,0.7415443171926221,-0.04164144838671702,-0.09791762279576677,-0.022628417578001492,-0.05602071657456342,0.06285774741969374,0.13872508274121498,0.08548616499769524
0.7950224761430228,0.7317827494395569,-0.06323972670346589,-0.14909955401870834,0.7570018803062712,0.7421512129165867,-0.014850667389684546,-0.03428016592146799,0.7725052580858524,0.718703847654742,-0.05380141043111031,-0.12368770999568657,-0.02251721805717044,-0.05471285965551553,-0.013078901784814856,-0.029301015632493765,0.009438316272355585
0.8272246492325821,0.6614892144881193,-0.16573543474446284,-0.3845791539582697,0.743138952159946,0.7436910738038135,0.0005521216438675314,0.0012641643639650368,0.7765948835478662,0.7409581434236795,-0.03563674012418672,-0.08334798971962254,-0.05062976568471589,-0.12726566173555653,0.07946892893556023,0.17396550250309062,0.13009869462027612
0.8231614411981596,0.7150928321398747,-0.10806860905828486,-0.2580572241507961,0.7482204414780836,0.7138809282526609,-0.034339513225422724,-0.07747871163084108,0.7839640005240186,0.7562401882926854,-0.027723812231333245,-0.06591544694853235,-0.03919744067414099,-0.09876937390389262,0.04114735615281062,0.09337240329837115,0.08034479682695161
0.8068705405968138,0.7102344187028949,-0.0966361218939189,-0.226828420475929,0.7265995181977716,0.7436648468757632,0.017065328677991598,0.038678309247600406,0.7877763467698496,0.713121894070334,-0.07465445269951565,-0.17294345878916317,-0.0190941938269642,-0.04751056753823324,0.002887475367439052,0.006374394148532581,0.021981669194403253
0.8299883589670657,0.745820354605422,-0.08416800436164373,-0.2068148737397557,0.7280687189742251,0.7216979832967155,-0.006370735677509565,-0.014266044430305769,0.7633370413300365,0.7406495017306521,-0.02268753959938441,-0.05254721770922233,-0.06665131763702914,-0.16610450336240623,-0.005170852874769816,-0.011836847331872846,0.061480464762259324
0.8083139261428922,0.6906313898101448,-0.11768253633274739,-0.27329018705337815,0.7540233499347048,0.7186208957794319,-0.03540245415527288,-0.08038602908382142,0.7668724420807075,0.7603833269655821,-0.006489115115125399,-0.015274097783286589,-0.04144148406218473,-0.10142921365497326,0.06975193715543726,0.1565868756151183,0.11119342121762199
0.8021280173152169,0.6519371486979423,-0.1501908686172746,-0.34007520412170744,0.7066641631989955,0.7239136916534791,0.017249528454483576,0.03822775576954962,0.7547015318354262,0.7804930987044448,0.025791566869018623,0.0610856693781332,-0.04742648547979067,-0.11434087188562447,0.12855595000650255,0.28682000161421617,0.17598243548629322
0.9087798560206751,0.6919853230670063,-0.2167945329536688,-0.5630676655949491,0.7216346902530417,0.7026678521471595,-0.018966838105882178,-0.041896654552860735,0.7568775806392797,0.754674391098361,-0.002203189540918693,-0.00512816648815928,-0.15190227538139545,-0.4176043701009262,0.06268906803135466,0.14033512900586365,0.2145913434127501
0.8397745392141519,0.7538498909325825,-0.08592464828156943,-0.21463504149011214,0.7159136732648967,0.7676545258724431,0.05174085260754635,0.11835581732409883,0.7926603396669886,0.7204045864030619,-0.07225575326392664,-0.16877555212513018,-0.04711419954716334,-0.12187230500413593,-0.03344530452952055,-0.07601281563915396,0.01366889501764279
0.8649463947871235,0.679851986469767,-0.18509440831735657,-0.45021448512520523,0.7101048275005734,0.7180578155593978,0.007952988058824495,0.01760129458113857,0.7531662384536105,0.7418894771539349,-0.011276761299675586,-0.025959004645641937,-0.11178015633351301,-0.28723864060950755,0.06203749068416797,0.13701683987005575,0.173817647017681
0.7817025361932624,0.6237072124868268,-0.15799532370643554,-0.34849069593182236,0.7124966781937233,0.6850626760173215,-0.027434002176401795,-0.059810594249763094,0.7715141836851376,0.7068307267053459,-0.06468345697979172,-0.1475672704130775,-0.010188352508124776,-0.024462150332916544,0.08312351421851905,0.17646127518582833,0.09331186672664382
0.823130115170977,0.7243639571388685,-0.09876615803210853,-0.23733216847942984,0.7427285344962384,0.7526712700023345,0.009942735506096034,0.022892976027371947,0.7936444405856126,0.7503613721939706,-0.04328306839164198,-0.10327158873877451,-0.02948567458536444,-0.07496843645308848,0.025997415055102113,0.059092143287566845,0.055483089640466554
0.7866847487085483,0.7294584157966867,-0.05722633291186163,-0.13383694692372217,0.7112357016441647,0.7457404291831523,0.03450472753898759,0.07761905966218752,0.748928281272243,0.7665522430220523,0.01762396174980929,0.04114022168463283,-0.03775646743630534,-0.08948712421353733,0.03709382722536558,0.08549004439481767,0.07485029466167092
0.8235072331654071,0.7264953258044694,-0.09701190736093768,-0.2335452689373514,0.7047127101045011,0.7219757163401167,0.017263006235615608,0.03817952283099757,0.8066704000991227,0.7395562659522027,-0.06711413414692002,-0.16064014724805142,-0.016836833066284362,-0.04337881882400918,0.013060940147733291,0.029526302865290788,0.029897773214017653
0.8210538081722357,0.7365576561280552,-0.08449615204418048,-0.20442082130548433,0.7058175126186866,0.7459298406693854,0.04011232805069875,0.08997696763248841,0.8250068838851723,0.7231941422965523,-0.10181274158861997,-0.24487745793903715,0.003953075712936571,0.010358191165131814,-0.013363513831502916,-0.030098445468420998,-0.017316589544439487
0.8154509140897624,0.73676907838394,-0.07868183570582243,-0.18941145566395345,0.7298300639981038,0.7326700857245402,0.0028400217264363814,0.006406426880051885,0.8035995470454806,0.7480742875709726,-0.05552525947450804,-0.13337346033194963,-0.011851367044281802,-0.030184344651403627,0.011305209187032594,0.025853650680600193,0.023156576231314396
0.79175333945984,0.7056001629413465,-0.08615317651849352,-0.19926954490016735,0.7271601215156909,0.7318548426269791,0.004694721111288214,0.010568684527751504,0.7878967229719853,0.7278046777085265,-0.06009204526345879,-0.14051765485245316,-0.003856616487854736,-0.009465740491711117,0.022204514767179995,0.04928614955600308,0.02606113125503473
0.7781280045510147,0.668478248130273,-0.1096497564207417,-0.24619114812886722,0.7359652329523052,0.7350220528363671,-0.0009431801159380804,-0.0021383917544306463,0.8076337880589762,0.7201860754760793,-0.08744771258289696,-0.20671220952168223,0.029505783507961514,0.07285172212298452,0.051707827345806257,0.11233066073016951,0.022202043837844743
0.8078477235010862,0.687781136283943,-0.12006658721714325,-0.2782648436601569,0.7338446042982998,0.7374608578309324,0.0036162535326326184,0.008200442552042997,0.7837133566906175,0.73152753296315,-0.052185823727467495,-0.12193839118129413,-0.024134366810468766,-0.05989085488916235,0.04374639667920699,0.09643559758970044,0.06788076348967576
0.8032055232590013,0.6918067079761873,-0.11139881528281403,-0.25783333386717167,0.7449402951591614,0.7428606242888454,-0.0020796708703160194,-0.004764678387719545,0.782793032791021,0.7400955302375615,-0.0426975025534595,-0.10027121514759196,-0.020412490467980327,-0.050395501930442066,0.04828882226137421,0.10716661678913764,0.06870131272935454
0.8226868189333129,0.6788854743861436,-0.1438013445471693,-0.33563257518339107,0.7736346042963057,0.7314893275652191,-0.04214527673108659,-0.09774520815811183,0.7653139086294005,0.7946960041121222,0.029382095482721637,0.07096493717458507,-0.05737291030391234,-0.14217123275790744,0.1158105297259786,0.2644262796000687,0.17318344002989094
0.8511573934040068,0.6839243828697539,-0.16723301053425288,-0.4019494983081966,0.7047070976745218,0.7400445031098589,0.035337405435337144,0.07894428817957944,0.7804388867744385,0.8037690926858799,0.023330205911441415,0.05751185255876212,-0.07071850662956825,-0.1831983552656249,0.11984470981612605,0.2762629956013338,0.1905632164456943
0.8148475484652266,0.6417291729195794,-0.17311837554564713,-0.39376220367778636,0.703818333077337,0.7190928804598687,0.015274547382531756,0.03371492049353986,0.7799110239576752,0.725314070175834,-0.05459695378184115,-0.12670217943965234,-0.03493652450755136,-0.08698963343788524,0.08358489725625462,0.18007039080024878,0.11852142176380598
0.8355963481304566,0.7159600763488143,-0.11963627178164227,-0.2891959053519879,0.7453544383818625,0.7510730380468487,0.005718599664986113,0.01317549873767776,0.7651458036639691,0.7508904094295586,-0.014255394234410468,-0.033288168195614976,-0.07045054446648746,-0.17687210031260614,0.034930333080744336,0.0790356368437668,0.1053808775472318
0.826744341294436,0.6820628362373883,-0.1446815050570477,-0.3394904149596656,0.743965545962774,0.762531938963363,0.018566393000589043,0.0430721927560298,0.7902924385340694,0.7432815693904945,-0.047010869143574885,-0.11129536052160427,-0.036451902760366584,-0.09273741820621906,0.06121873315310622,0.13545763623184226,0.0976706359134728
0.8140125535530296,0.5752643234198839,-0.23874823013314572,-0.5279098208699953,0.7480808407294646,0.742205205595706,-0.00587563513375855,-0.013483205343562066,0.8003226692995309,0.7403754134244203,-0.05994725587511063,-0.14279724435943963,-0.013689884253498708,-0.034704785460288434,0.1651110900045364,0.3504077910502672,0.1788009742580351
0.8468873959358237,0.6803872095813309,-0.16650018635449282,-0.39761917922068424,0.7091387737667966,0.7235358313906848,0.01439705762388821,0.03194074675978831,0.8011019447575869,0.741599686656364,-0.059502258101222893,-0.14195348791757523,-0.04578545117823685,-0.12045845336681893,0.06121247707503308,0.13520723793629008,0.10699792825326992
0.836746977089998,0.6948075450127537,-0.14193943207724435,-0.33871176700243666,0.7275389243720994,0.7009442436260992,-0.026594680746000243,-0.058881354939299024,0.7393124557331648,0.7473944957036407,0.008082039970475852,0.018504083459162768,-0.09743452135683317,-0.23983746917329274,0.052586950690887035,0.11737838128830669,0.1500214720477202
0.8246757136484056,0.7240719158032723,-0.10060379784513329,-0.2420433735540355,0.7507885158851805,0.733790773510894,-0.01699774237428653,-0.038867903850587915,0.7755291152618266,0.7748460699494141,-0.000683045312412478,-0.0016361988467448185,-0.04914659838657909,-0.12309942949043284,0.050774154146141726,0.11730774521685783,0.09992075253272081
0.8303143365810733,0.6902759583296799,-0.14003837825139342,-0.3312628425392439,0.7310918931980276,0.7129117407984934,-0.01818015239953419,-0.04058440318706946,0.8063665660746291,0.7558229111461391,-0.05054365492849,-0.12241512861788895,-0.023947770506444255,-0.062141522145723105,0.06554695281645917,0.14670619177563182,0.08949472332290342
0.8028678784572874,0.658252771793976,-0.14461510666331134,-0.32864687621629685,0.7401400780342136,0.7184555498845611,-0.021684528149652493,-0.048812294072100304,0.8073913520593338,0.7597574958523188,-0.04763385620701499,-0.11582719033535316,0.004523473602046413,0.011420176069927734,0.10150472405834277,0.22423986195087142,0.09698125045629635
0.7967280039735365,0.7268639261004477,-0.06986407787308879,-0.16440182412048365,0.75473217575268,0.7561083864362242,0.00137621068354421,0.0032017009585159073,0.7915448813659154,0.7816727507570064,-0.009872130608909013,-0.024097344581386793,-0.0051831226076211045,-0.012819228169248298,0.054808824656558675,0.12748525136984856,0.05999194726417978
0.7888228124241593,0.646073218119758,-0.14274959430440126,-0.31937107035894763,0.741736988107287,0.7168900525922335,-0.02484693551505357,-0.0559350855378673,0.7644616556184474,0.675123530384648,-0.08933812523379936,-0.19949652549743924,-0.024361156805711937,-0.05851010557365033,0.029050312264889966,0.061364439287858064,0.0534114690706019
0.83247059876863,0.7046643779071723,-0.12780622086145776,-0.3056968466300063,0.7083668749651935,0.7141325390235752,0.0057656640583817476,0.012722776727841723,0.7867616948943109,0.6916810756244902,-0.0950806192698207,-0.2173666481709804,-0.04570890387431914,-0.11661460432375526,-0.012983302282682074,-0.028284405864729356,0.032725601591637066
0.8037316047626591,0.7012332867995775,-0.10249831796308162,-0.2386534408379417,0.7428009757280529,0.7350179919579322,-0.007782983770120766,-0.017720080139745242,0.7640121136287809,0.7140066986418487,-0.05000541498693212,-0.11397882301501205,-0.03971949113387829,-0.0965907949349285,0.01277341184227121,0.028083822888001153,0.0524929029761495
0.8194940837732106,0.6712985486919884,-0.1481955350812223,-0.3435022385596178,0.7356147378417813,0.7250612079576131,-0.010553529884168245,-0.023781783029599435,0.7899396573048927,0.7497267803965944,-0.040212876908298334,-0.09561263173616252,-0.029554426468317962,-0.07460159076651163,0.078428231704606,0.17328801605694366,0.10798265817292396
0.8115080780051828,0.5907426720429814,-0.2207654059622014,-0.4900960880982017,0.7276170616896335,0.7210245622066092,-0.006592499483024317,-0.014753312731859758,0.7622550483826297,0.7051326219621138,-0.057122426420515904,-0.12939471331936492,-0.04925302962255307,-0.12045315133790657,0.11438994991913243,0.24024822344093022,0.1636429795416855
0.8484926761041752,0.6770582415109251,-0.17143443459325014,-0.4092156668600422,0.7184519959505465,0.7322553830626372,0.013803387112090615,0.030928184014626936,0.7649974001458574,0.7373860444142376,-0.02761135573161977,-0.0638893779390739,-0.08349527595831785,-0.21259039682112268,0.06032780290331252,0.1327358920998456,0.14382307886163037
0.7610020357297129,0.6791248657073458,-0.08187717002236716,-0.18280634474215418,0.7294866998687306,0.7400053472246154,0.010518647355884814,0.023827545697068686,0.8148606951704757,0.7633481663380913,-0.05151252883238433,-0.12648506372032964,0.053858659440762735,0.13199564384082807,0.08422330063074557,0.1883169248626526,0.030364641189982833
0.8020317017940432,0.7012889915974455,-0.10074271019659764,-0.2342587082005998,0.7581329853571065,0.7337126173261019,-0.024420368031004558,-0.05610918513338259,0.7655044659071093,0.7632055900105402,-0.0022988758965690748,-0.005416765360608089,-0.03652723588693385,-0.0887993071829607,0.061916598413094714,0.140042635657031,0.09844383430002857
0.8136534055216158,0.6983574203189109,-0.1152959852027049,-0.27015488954186284,0.7536641754442153,0.7209978216228853,-0.032666353821329985,-0.07425948912744484,0.7935040986838318,0.7605101290350914,-0.03299396964874035,-0.07931253814834482,-0.020149306837784042,-0.050731751746915243,0.062152708716180505,0.14011059964660277,0.08230201555396455
0.8146198606067593,0.6733115782294979,-0.14130828237726134,-0.32660594117081,0.7266055863043891,0.7653874751138944,0.03878188880950528,0.08915025208857141,0.7915070605911629,0.7634342013514145,-0.02807285923974845,-0.067521757762532,-0.023112800015596346,-0.05814097481505032,0.09012262312191655,0.20094320859322767,0.11323542313751289
0.8029839012934388,0.7206531865538021,-0.08233071473963671,-0.19392796280216906,0.7622472257069006,0.7409829497340436,-0.021264275972857072,-0.04922420673698458,0.7458602231543067,0.7424575912734367,-0.0034026318808699774,-0.007798285089380297,-0.057123678139132106,-0.13691745034940084,0.02180440471963463,0.04921222736338793,0.07892808285876673
0.8450895259454306,0.6538772519013001,-0.19121227404413055,-0.44890436632139186,0.7547284192266274,0.7262357470149906,-0.02849267221163676,-0.06501863620119863,0.8060312761872166,0.7271791339666853,-0.07885214222053127,-0.18701442310683936,-0.039058249758214036,-0.10307033583858605,0.07330188206538524,0.15881960737596645,0.11236013182359927
0.8047863310038749,0.6781979946265086,-0.12658833637736622,-0.2911136663686116,0.7597027669028374,0.7310102444345845,-0.028692522468252935,-0.06588306081678397,0.7862219345739628,0.7163380367873615,-0.06988389778660131,-0.16202432228490027,-0.018564396429912033,-0.04603811084852394,0.03814004216085287,0.08305123323518737,0.056704438590764905
0.8378618839299858,0.6943316773805382,-0.1435302065494476,-0.34276565189387953,0.7580150226914194,0.698814331861784,-0.059200690829635416,-0.1332787745286086,0.8032448688046291,0.7380943815022057,-0.06515048730242334,-0.1553227861910349,-0.034617015125356754,-0.09030790040719339,0.043762704121667495,0.09713496529565124,0.07837971924702425
0.8052876410988686,0.6992612027833608,-0.10602643831550784,-0.24688156797275673,0.7396062686217751,0.7475945647381583,0.007988296116383187,0.018295209973530735,0.8103072482387904,0.7314830379033216,-0.07882421033546883,-0.18818756037527828,0.005019607139921778,0.012739348697535569,0.032221835119960796,0.07143335629501402,0.027202227980039018
0.8066446143700774,0.7059892234863732,-0.10065539088370423,-0.23559395026286567,0.7478431163614867,0.7530384957963848,0.0051953794348981175,0.012005423696686446,0.7765342079849287,0.8006716431965727,0.02413743521164402,0.059138549314909916,-0.030110406385148725,-0.07417549219420172,0.09468241971019953,0.22055700738357387,0.12479282609534825
0.8539099451512406,0.7349263043161153,-0.11898364083512536,-0.297283359979295,0.7380489997748264,0.7042949331852585,-0.03375406658956792,-0.07530365514822135,0.7626401495751424,0.7262972873989924,-0.036342862176150015,-0.08337164417864029,-0.09126979557609827,-0.23336267798494426,-0.008629016917122923,-0.019450962184289544,0.08264077865897534
0.8395292841800065,0.6801138758965813,-0.15941540828342515,-0.37796739084008224,0.7181021492177461,0.7507323418155715,0.0326301925978254,0.07391469468748735,0.8055648011854917,0.7178265382886123,-0.08773826289687936,-0.2067232198739446,-0.03396448299451482,-0.0889924976488432,0.03771266239203097,0.08225167331729444,0.07167714538654579
0.8258042234817741,0.702737976801855,-0.12306624667991906,-0.2922034711893471,0.7056921618144484,0.7530472312419064,0.04735506942745804,0.1066781305912996,0.8075680893668041,0.7838361945072659,-0.023731894859538194,-0.05888291667468604,-0.018236134114969937,-0.04714424021822383,0.08109821770541092,0.18617631429643722,0.09933435182038086
0.8117120268614655,0.7243785170080042,-0.08733350985346133,-0.2077403619060605,0.7476796489994214,0.7442449342204952,-0.0034347147789262067,-0.007890151710104654,0.7736505749778458,0.7288429710447111,-0.044807603933134765,-0.10374535146623964,-0.038061451883619646,-0.09397818857080509,0.004464454036706922,0.010016821869015757,0.04252590592032657
0.8375712466798862,0.6603130251529918,-0.1772582215268944,-0.4147674896839353,0.7385661716237041,0.7476506200131275,0.00908444838942346,0.020792782610392635,0.8127930048467015,0.761151132352443,-0.051641872494258445,-0.12633394741799142,-0.024778241833184778,-0.06527539545839289,0.10083810719945119,0.22315814680755097,0.12561634903263597
0.8134619664661781,0.6992497193457351,-0.11421224712044298,-0.26771839528716845,0.7459462189509307,0.7320218208768141,-0.013924398074116606,-0.03170733307759033,0.7722648299321394,0.7234544976491311,-0.04881033228300835,-0.11252115916000438,-0.04119713653403867,-0.10177033477695296,0.024204778303395957,0.05342690135021111,0.06540191483743463
0.821389850663321,0.7428385305519457,-0.07855132011137533,-0.19098382916408374,0.7399000253457618,0.7666391046430799,0.026739079297318114,0.062044276109789465,0.812550522423589,0.7803848461549934,-0.03216567626859568,-0.07994586126000236,-0.008839328239731992,-0.02286039656770278,0.037546315603047664,0.0881775713363786,0.046385643842779656
0.8550296019756812,0.6390622814007573,-0.21596732057492396,-0.5077412015424854,0.7553659823736368,0.7260439995849582,-0.02932198278867859,-0.06693112402170964,0.7861150846123328,0.7681314018899709,-0.01798368272236195,-0.04321953354702179,-0.06891451736334842,-0.18035959202186458,0.1290691204892136,0.284162075973599,0.197983637852562
0.8381859171324431,0.6928200240943005,-0.1453658930381425,-0.3469241716000433,0.7422296223095118,0.7264561110998472,-0.015773511209664637,-0.035715832689863,0.7591182041754632,0.6949025739442029,-0.06421563023126031,-0.14436755773126397,-0.0790677129569799,-0.1980380489990381,0.0020825498499023043,0.004518564869741226,0.0811502628068822
0.8132621437463955,0.7038410581240377,-0.10942108562235775,-0.2571715052145491,0.7101340113098091,0.7474015195366209,0.037267508226811796,0.08386749181203124,0.7681724353664436,0.7226437867543427,-0.04552864861210093,-0.10460498534241092,-0.045089708379951854,-0.11098532104444248,0.018802728630304966,0.04158119882769573,0.06389243701025682
0.7929498996738227,0.6712543555477865,-0.12169554412603623,-0.27640412777848056,0.7122244021674414,0.6825793661925861,-0.02964503597485535,-0.06454974265170632,0.7677871983426545,0.7453243869664075,-0.02246281137624706,-0.052353619580189914,-0.025162701331168158,-0.060802178337765245,0.07407003141862101,0.1632483298605254,0.09923273274978917
0.850933683039682,0.7171242933773989,-0.13380938966228306,-0.3288117543901383,0.7568556004054533,0.7482771680900283,-0.008578432315424989,-0.019880196508868853,0.7957210814715441,0.726615689441726,-0.06910539202981802,-0.16245908172937984,-0.0552126015681379,-0.14516951147825274,0.00949139606432714,0.02118316118250574,0.06470399763246504
0.8244913804505045,0.6590466982927153,-0.16544468215778918,-0.3825288654464283,0.7152930235020976,0.7403190954631689,0.025026071961071317,0.05624033198160738,0.7810769005870518,0.7575875654183118,-0.023489335168739967,-0.05577578369393699,-0.043414479863452704,-0.10925885986079731,0.09854086712559651,0.21749422189169398,0.1419553469890492
0.7889226575097267,0.6816706540363263,-0.10725200347340036,-0.24423432925966337,0.6990409272014295,0.7459864029808801,0.04694547577945063,0.10492937763915533,0.7509117770912166,0.7616183754480361,0.01070659835681953,0.024938991827019308,-0.038010880418510085,-0.0903804259317611,0.0799477214117098,0.17879289515492158,0.11795860183021989
0.8083478714056963,0.6860944358476146,-0.12225343555808166,-0.2831720862807259,0.7154372724158748,0.725988381484605,0.010551109068730136,0.023518453929882277,0.7775746034046156,0.7220179718957221,-0.05555663150889345,-0.12844431543269907,-0.03077326800108071,-0.07599594981110513,0.035923536048107496,0.07873182103692167,0.06669680404918821
0.7763041256789501,0.6069007124539669,-0.1694034132249832,-0.3700257804592595,0.7624487839494384,0.7496699938902099,-0.01277879005922844,-0.029757938620288638,0.7676261144598606,0.7577192713739466,-0.009906843085914052,-0.023286990513316397,-0.00867801121908951,-0.020684176233894735,0.15081855891997964,0.32605461371204836,0.15949657013906915
0.8004418991767471,0.6719497698902083,-0.12849212928653886,-0.2935397228686314,0.7250751084184553,0.7543934485899889,0.029318340171533563,0.06684152352232475,0.7602530503237594,0.753197140969398,-0.0070559093543614,-0.01644543705690804,-0.04018884885298768,-0.09716274902791122,0.08124737107918978,0.17993153678381213,0.12143621993217746
0.7490291064436313,0.7371006282172675,-0.011928478226363781,-0.027301464458485913,0.7245567205893769,0.742415609890347,0.017858889300970127,0.0403973473774526,0.7768683556764931,0.7471167553655121,-0.029751600310981008,-0.06989217676232551,0.02783924923286185,0.06548704469664335,0.010016127148244625,0.022896332392803753,-0.017823122084617227
0.8368290600645616,0.7042447839569667,-0.13258427610759493,-0.31834884003473984,0.7450277492207619,0.7489483363264374,0.003920587105675555,0.009018341066962421,0.7865224117946666,0.7056759472220192,-0.08084646457264744,-0.18627964794442575,-0.05030664826989495,-0.12893109095869182,0.0014311632650525485,0.003138101131622273,0.0517378115349475
0.8211507287345802,0.7211484911337481,-0.10000223760083204,-0.23933906880858968,0.7469847511396545,0.6927199502107082,-0.054264800928946255,-0.12096473093954008,0.7724593742031098,0.7359626961877842,-0.036496678015325634,-0.08481882482893077,-0.04869135453147033,-0.12120503372014424,0.014814205054036078,0.03331521025951467,0.06350555958550641
0.8450272562203432,0.7127323193063247,-0.1322949369140185,-0.32208911804074036,0.7249428779492938,0.7403965559408356,0.015453677991541848,0.03492159163376973,0.7816227701509822,0.7109496283609252,-0.07067314179005701,-0.16276928897783272,-0.063404486069361,-0.16325595438842289,-0.0017826909453995121,-0.003936125325515238,0.06162179512396149
0.8769745886285872,0.6911256910068247,-0.1858488976217625,-0.4618215792830782,0.7120378573294789,0.750205610556861,0.038167753227382084,0.08613263950127426,0.7543856055637704,0.7644589868278078,0.01007338126403734,0.02356823569377431,-0.1225889830648168,-0.32029619864317915,0.07333329582098302,0.16509361633367337,0.19592227888579983
0.8440274277383116,0.7123156550388147,-0.13171177269949697,-0.3202504923722058,0.7664720723878274,0.7170364782178794,-0.04943559416994803,-0.11306724939559931,0.772238215949935,0.7379202735183442,-0.03431794243159081,-0.0798453226393514,-0.0717892117883766,-0.1830403283731714,0.02560461847952955,0.057364841359683005,0.09739383026790616
0.810311011484949,0.6616743571498916,-0.14863665433505735,-0.3402695620971621,0.7361954216183184,0.7635398547131023,0.02734443309478385,0.06315911068627944,0.7897661980039069,0.7343490272678759,-0.05541717073603103,-0.13033844843072773,-0.02054481348104209,-0.05138094932030812,0.07267467011798423,0.15855016434612623,0.09321948359902632
0.7908707127571194,0.6852100925147583,-0.10566062024236111,-0.24140670184500013,0.7562846072344125,0.7517673074101135,-0.004517299824298937,-0.010489268392012363,0.7651279840472746,0.7660503357656078,0.0009223517183332142,0.0021772586000827765,-0.025742728709844842,-0.06196560220713021,0.08084024325084949,0.1816183582379527,0.10658297196069433
0.7923267553635823,0.6254906590354525,-0.1668360963281298,-0.370759015104114,0.7614393284515577,0.7326047941884727,-0.02883453426308502,-0.06635319208454549,0.8040308923806561,0.7303857998822779,-0.07364509249837814,-0.1747524929594162,0.011704137017073735,0.02916398128087838,0.10489514084682539,0.2251705034255762,0.09319100382975165
0.8154245537435654,0.678967486309355,-0.13645706743421038,-0.3165916661474142,0.7317913979283955,0.6880069073686667,-0.043784490559728884,-0.09654384555998896,0.7564129661640931,0.7636409609299589,0.007227994765865775,0.0169251706071738,-0.059011587579472224,-0.14417376554527683,0.08467347462060393,0.18934307120931115,0.14368506220007615
0.8530889251691266,0.7126271662670615,-0.14046175890206514,-0.34484244365240624,0.7251551969448838,0.7612983940281937,0.03614319708330982,0.08278097357300851,0.7635032411747141,0.7393265055261612,-0.02417673564855294,-0.055954421358837436,-0.08958568399441247,-0.22901097583983043,0.02669933925909973,0.05987704645373837,0.1162850232535122
0.7898716344630327,0.7146310642741561,-0.07524057018887653,-0.17473792266787402,0.7487856924553628,0.7558622293017994,0.00707653684643661,0.01639404706538583,0.8186813582789481,0.7654680204314248,-0.053213337847523245,-0.13136609240584063,0.0288097238159154,0.07265729358065975,0.05083695615726869,0.11602912384269315,0.022027232341353287
0.7691821862704221,0.70592219309354,-0.06325999317688213,-0.14401784745725643,0.7379179038191066,0.7277884325250389,-0.010129471294067716,-0.022893945499696144,0.7671359986633718,0.7221333094596267,-0.04500268920374506,-0.10329079692929177,-0.0020461876070503315,-0.004848705076935467,0.016211116366086742,0.03587834545102919,0.018257303973137073
0.8159111298951394,0.7064606105612272,-0.10945051933391214,-0.2582427550881494,0.7621071830049967,0.7668200249440918,0.004712841939095158,0.011106578446414161,0.7747871744009158,0.7831734197773894,0.008386245376473589,0.0202118586376403,-0.04112395549422354,-0.1020472627117397,0.07671280921616219,0.17640735101405003,0.11783676471038573
0.8039713400123739,0.7397775847367848,-0.06419375527558913,-0.15331914755317655,0.7228058499377649,0.7442262758002286,0.021420425862463732,0.048458039462595526,0.7629963214330727,0.7404704047602632,-0.022525916672809565,-0.05215437796923883,-0.04097501857930119,-0.09958503115335526,0.0006928200234783688,0.0015797384305824558,0.04166783860277956
0.8482064388392522,0.7051228438401469,-0.14308359499910528,-0.3476633569533669,0.714275967305626,0.7213978670606038,0.00712189975497779,0.01582488572658436,0.8014056064874179,0.6969302672908909,-0.10447533919652696,-0.24219192131116207,-0.0468008323518343,-0.12336702943254396,-0.008192576549255981,-0.017895593790339115,0.03860825580257832
0.8427731440395702,0.7102433413262439,-0.13252980271332626,-0.32137213794720765,0.7158469263251396,0.7205195757138135,0.004672649388673955,0.010386410616658015,0.8258345888246857,0.7602774787760325,-0.06555711004865328,-0.16228219620969142,-0.01693855521488441,-0.045570817584880796,0.050034137449788574,0.11351912415263543,0.06697269266467298
0.8183245394679809,0.7092543815287439,-0.10907015793923702,-0.2583423433203653,0.7033200653477606,0.7430948027792185,0.039774737431457874,0.08895060912190567,0.7815540147904657,0.7693485671770652,-0.012205447613400477,-0.02925208974748461,-0.03677052467751518,-0.0920030900888702,0.06009418564832136,0.1370871634840105,0.09686471032583654
0.810762367144644,0.6419201563889327,-0.16884221075571126,-0.3828907391053884,0.7500948600172485,0.7533953488461008,0.003300488828852366,0.00764004971211607,0.7929616457097355,0.7041351146251884,-0.08882653108454708,-0.20546057135220108,-0.017800721434908517,-0.04466858175990929,0.06221495823625567,0.13276158599327803,0.08001567967116419
0.8151411029210913,0.7107276133293673,-0.10441348959172403,-0.24686722463957445,0.7196097166331498,0.7307746977155961,0.011164981082446346,0.025011334701056764,0.8020661977309356,0.7225574363162727,-0.0795087614146629,-0.18737413292969674,-0.01307490519015575,-0.033239982659246436,0.01182982298690538,0.026253109050631274,0.02490472817706113
0.782880391818204,0.7021382884865246,-0.08074210333167942,-0.18516785337089803,0.7314104552518884,0.7513205906053639,0.019910135353475522,0.045476429653644956,0.8011500769151055,0.8056934015517836,0.004543324636678059,0.011432487562662352,0.018269685096901522,0.045023806413325484,0.103555113065259,0.24162414734688586,0.08528542796835747
0.8009949439473846,0.6943082128686481,-0.1066867310787365,-0.2468612799837977,0.7182921443416563,0.7179457998035549,-0.0003463445381014507,-0.0007697988143813284,0.7769514633534259,0.6997482930758522,-0.07720317027757373,-0.17607706822409241,-0.024043480593958666,-0.05894608514098865,0.005440080207204101,0.011838126618716638,0.029483560801162767
0.8318725774354473,0.6803544183736762,-0.15151815906177113,-0.3567870905941155,0.7411642129888145,0.7426864380731822,0.0015222250843677232,0.0034787762949184398,0.7889750150444859,0.7253606018240167,-0.06361441322046912,-0.1486413571185241,-0.04289756239096143,-0.1096004199438072,0.045006183450340576,0.0985453135317842,0.087903745841302
0.7942493176792556,0.7310563367450827,-0.0631929809341728,-0.1488245803148902,0.7245857559561774,0.7561206515094612,0.031534895553283815,0.07195461985017504,0.7549072244511935,0.729247332019067,-0.02565989243212652,-0.05866850210965602,-0.039342093228062036,-0.09423151271861974,-0.0018090047260157505,-0.004075434513385545,0.037533088502046286
0.83078327789199,0.672628018916286,-0.15815525897570404,-0.37039431321501715,0.7570510825541633,0.7342572504456008,-0.02279383210856256,-0.052351999310870756,0.7813198508068614,0.726091314575676,-0.0552285362311854,-0.12836446973873628,-0.04946342708512863,-0.12533050461487427,0.05346329565939001,0.1166993388614066,0.10292672274451864
0.8369534744419469,0.6387360579923872,-0.1982174164495597,-0.4583223352178183,0.7464064162329187,0.7385321888636489,-0.007874227369269793,-0.018007999884344095,0.7516626777572935,0.7417184714656028,-0.009944206291690683,-0.022866132233278158,-0.08529079668465345,-0.21204139870879324,0.10298241347321557,0.2234148042757469,0.18827321015786902
0.8184313836522138,0.6502390946106323,-0.16819228904158146,-0.38522825615553713,0.7376746787085895,0.7077514421939815,-0.029923236514608043,-0.06686547637155238,0.7683515538623071,0.7210749469098401,-0.04727660695246705,-0.10853072325564028,-0.05007982978990666,-0.12389732636840867,0.07083585229920775,0.15280020653148818,0.1209156820891144
0.8085335377864111,0.6437167293929478,-0.16481680839346335,-0.37346395692783574,0.7451859289531181,0.70708995829335,-0.03809597065976811,-0.08547476182742964,0.8090494137903187,0.7415579805475262,-0.0674914332427925,-0.16211184346964203,0.0005158760039075672,0.001311817766136869,0.09784125115457842,0.21266393122433058,0.09732537515067086
0.8350099773349727,0.6298457178264683,-0.20516425950850448,-0.47153300539493603,0.7069793169234012,0.7308623856621043,0.02388306873870305,0.05314014723153493,0.7913609713808939,0.711470416733201,-0.0798905546476929,-0.18538579943758604,-0.043649005954078834,-0.11216160728084112,0.08162469890673274,0.17398559867650887,0.12527370486081157
0.7954524720099362,0.7009984475220222,-0.09445402448791396,-0.2184834325664251,0.7112845172792768,0.7292637141501914,0.01797919687091465,0.04005945920893783,0.8275643235511687,0.7221261815778326,-0.10543814197333612,-0.25401330442474146,0.03211185154123253,0.08217277636947751,0.021127734055810365,0.046642904511161154,-0.010984117485422162
0.7846459668083882,0.715090398900914,-0.06955556790747419,-0.1609513019403943,0.7125272166742823,0.7339339037921646,0.021406687117882295,0.04785467975125135,0.7854628249061699,0.7894115597209694,0.003948734814799515,0.009651849694928938,0.0008168580977817586,0.001988532232176432,0.07432116082005547,0.17259168386749968,0.0735043027222737
0.7743570897022768,0.7049278128462569,-0.06942927685601985,-0.15852963817069887,0.73277612560771,0.7041124774692459,-0.028663648138464115,-0.06374973452907318,0.7808501508556237,0.7595057109204267,-0.021344439935196968,-0.050745512855270736,0.006493061153346913,0.015614094715294513,0.054577898074169795,0.12339822003072265,0.04808483692082288
0.8146696863361086,0.6894943719584165,-0.12517531437769214,-0.29199955743821526,0.7172044158820442,0.7391274506426969,0.021923034760652715,0.049284709950530026,0.7691506893387587,0.748865714358817,-0.02028497497994175,-0.04743901503205761,-0.04551899699734985,-0.11228258827375903,0.05937134240040054,0.13227795413239862,0.10489033939775039
0.8227005607010972,0.7415808149151738,-0.0811197457859234,-0.19728607377006346,0.7545338665715028,0.7411606725405876,-0.013373194030915192,-0.030798587170333125,0.7975917965774187,0.7713362883411325,-0.026255508236286196,-0.063878394929056,-0.025108764123678462,-0.06405420651116822,0.029755473425958745,0.06935347232983924,0.05486423754963721
0.8284590840826752,0.6358390118477913,-0.19262007223488387,-0.4415877207227483,0.7351453898089537,0.6803664766019936,-0.054778913206960156,-0.12056659974495743,0.7847018228112406,0.7329440851350707,-0.05175773767616987,-0.12114212622595355,-0.043757261271434644,-0.11094369582844177,0.09710507328727935,0.209501898668353,0.140862334558714
0.7925552488488256,0.6759671429229295,-0.11658810592589608,-0.26537951448441355,0.7491614115577302,0.7441167832701329,-0.00504462828759733,-0.011598685993533753,0.7976449980833976,0.7796881791308593,-0.01795681895253831,-0.04399326310037299,0.005089749234572061,0.012610204192405217,0.10372103620792983,0.23399645557644577,0.09863128697335777
0.8498212921167037,0.6693444557816256,-0.18047683633507805,-0.4293740328175697,0.7181682764653746,0.7535933942487539,0.03542511778337931,0.08039427754204853,0.7641761058053157,0.750214163672139,-0.013961942133176697,-0.03256515448664965,-0.08564518631138796,-0.2182385465551704,0.0808697078905134,0.17857033177574966,0.16651489420190135
0.8282021950552907,0.693001210714424,-0.1352009843408667,-0.31974847819161534,0.7498405390937518,0.7618229361181257,0.01198239702437387,0.027894308513302324,0.7766117558307277,0.7206190003003764,-0.055992755530351324,-0.12925113430706814,-0.05159043922456297,-0.12981379503349721,0.0276177895859524,0.060683548851049984,0.07920822881051537
0.8253987968392845,0.6743615547162743,-0.15103724212301017,-0.35242612203798895,0.738638692130181,0.7571270314231539,0.01848833929297289,0.04258384132632065,0.7873676506014325,0.7557328714324637,-0.03163477916896884,-0.07539099345989841,-0.038031146237851976,-0.09635381184259728,0.08137131671618936,0.18068131673549326,0.11940246295404133
0.8415932497442666,0.6311269221588757,-0.21046632758539097,-0.4867603303436743,0.7304630916696966,0.7415053086392227,0.01104221696952612,0.025051180324927813,0.7715568323016543,0.7295225970388718,-0.04203423526278249,-0.09722076174114846,-0.07003641744261235,-0.17797645784541416,0.09839567487999612,0.21156311075711165,0.16843209232260847
0.8177162888663232,0.6436412092712384,-0.17407507959508484,-0.3971801657741574,0.7200412083223048,0.7140486207956669,-0.005992587526637894,-0.013304173139931486,0.8049866595486729,0.7306927702343767,-0.07429388931429615,-0.1764706542138721,-0.012729629317650315,-0.03254169095466475,0.08705156096313837,0.18816782060562054,0.09978119028078869
0.8080832426837242,0.691150045148904,-0.11693319753482023,-0.27158195239170135,0.7287827717247044,0.7478335139437483,0.019050742219043904,0.04334729113188107,0.7731802204409909,0.7717774784398491,-0.0014027420011417657,-0.003345985649516603,-0.03490302224273334,-0.08585357771429925,0.08062743329094513,0.1823823890278855,0.11553045553367847
0.833531680594953,0.6647199327458672,-0.1688117478490858,-0.394549742705004,0.7133128434732767,0.7069990065119618,-0.006313836961314934,-0.013916821376988242,0.7932809898924059,0.7352149610233337,-0.058066028869072195,-0.13702939864463515,-0.040250690702547054,-0.10345269274153557,0.07049502827746656,0.15406765131883327,0.11074571898001362
0.8517302704894242,0.673130920310787,-0.17859935017863715,-0.4266713055013267,0.7261357681427109,0.7421368042005664,0.016001036057855522,0.036222129433022054,0.7787779205021836,0.7436423120635919,-0.03513560843859176,-0.08246108805191099,-0.07295234998724054,-0.18881620184155645,0.07051139175280485,0.15539401560785926,0.1434637417400454
0.8415160139825616,0.7088215092723472,-0.13269450471021438,-0.32105615360121886,0.7398433470384571,0.7309155849282084,-0.008927762110248705,-0.020238989875044133,0.7674803867640768,0.7164158697411286,-0.05106451702294823,-0.11682967098887431,-0.07403562721848478,-0.18744455613337285,0.007594360468781369,0.016781926478971698,0.08162998768726615
0.8176911777095247,0.7175548091297506,-0.10013636857977415,-0.23834355128491191,0.7119082480663699,0.7393131337760487,0.027404885709678806,0.061434635278350136,0.8108644831984524,0.7676744081981974,-0.04319007500025496,-0.10602757581306177,-0.006826694511072318,-0.01755532177588348,0.050119599068446874,0.11476065369596666,0.05694629357951919
0.8156789439190932,0.735745153704094,-0.07993379021499925,-0.19232301509807925,0.7264138533531703,0.7484859284279235,0.022072075074753172,0.05017139414029259,0.8167444067768862,0.7270401731540593,-0.08970423362282687,-0.21471415356501122,0.0010654628577929648,0.0027509225583761676,-0.008704980550034658,-0.019640215908555803,-0.009770443407827623
0.8131009387149638,0.680510160394708,-0.1325907783202558,-0.30731034714074745,0.7387960346352876,0.6611920251712785,-0.07760400946400914,-0.1696650348826929,0.7679774320761869,0.738409330990795,-0.029568101085391874,-0.06860648479389564,-0.045123506638776956,-0.11103375223980994,0.05789917059608696,0.12767011010704188,0.10302267723486391
0.8222443517376633,0.6415655569368206,-0.1806787948008427,-0.4132971508001304,0.7491753295978819,0.714389837947342,-0.0347854916505399,-0.07855378141212954,0.8148554286464352,0.710905131244609,-0.10395029740182626,-0.2457399771387072,-0.007388923091228072,-0.019173448865247522,0.06933957430778837,0.14838372479617568,0.07672849739901644
0.8202952871460032,0.7329635397843516,-0.08733174736165161,-0.2105850341503701,0.7526907966904465,0.7686617996865448,0.015971002996098327,0.03743632088252058,0.7914758949530213,0.7632527491351374,-0.028223145817883877,-0.06787195747290387,-0.028819392192981907,-0.07291019537580601,0.03028920935078583,0.06980288130166024,0.059108601543767736
0.8309779469258443,0.6327542344054904,-0.19822371252035387,-0.45469393122951307,0.747274892473946,0.7217513542464523,-0.025523538227493647,-0.05781376639609359,0.7632412139734948,0.8006982608413007,0.03745704686780593,0.09079008109193376,-0.0677367329523495,-0.16896738824697888,0.1679440264358103,0.37651662407446795,0.2356807593881598
0.8113590363343905,0.679371789827445,-0.1319872465069456,-0.3052902068022021,0.7380835294799232,0.7289919064111491,-0.00909162306877409,-0.020564889733925007,0.7879502999219316,0.7292918854419804,-0.058658414479951126,-0.13730448772334425,-0.023408736412458997,-0.058506389362418254,0.049920095614535476,0.10947932971643959,0.07332883202699447
0.8239330784178129,0.6868678259495408,-0.13706525246827217,-0.3217465926748031,0.7349481784894422,0.7286343625486321,-0.006313815940810041,-0.014251761452405365,0.8046938480833109,0.737591797941416,-0.06710205014189485,-0.16011542275703672,-0.019239230334502033,-0.04949176419416945,0.05072397199187528,0.11213940572359693,0.06996320232637732
0.7960711471249612,0.688714371133742,-0.10735677599121918,-0.24669663540551223,0.7459530741925277,0.7432762592338248,-0.0026768149587028667,-0.006138410199395761,0.7854316463362897,0.7628219667269102,-0.02260967960937954,-0.054085049685016706,-0.010639500788671485,-0.026157807864967353,0.07410759559316815,0.16645377785552817,0.08474709638183964
0.8199217369396009,0.6812466855072653,-0.1386750514323356,-0.32335273617952076,0.7236287469089775,0.7268777648810291,0.003249017972051571,0.007278513364977979,0.7631530234473486,0.7590496572289146,-0.00410336621843399,-0.00962311641007707,-0.05676871349225232,-0.14004419576183214,0.0778029717216493,0.17368542400761156,0.13457168521390162
0.8131021997847654,0.7360667124452993,-0.07703548733946608,-0.18496599331069996,0.7406126132796195,0.7340900573725643,-0.006522555907055194,-0.014821781983292315,0.7727225825322602,0.7446512640037449,-0.0280713185285153,-0.06563032856475814,-0.04037961725250516,-0.09975520053351472,0.008584551558445619,0.019580464212427096,0.04896416881095078
0.8291322977552275,0.6603604915442126,-0.16877180621101484,-0.3920205398656029,0.7506712386576885,0.7088706002178419,-0.041800638439846605,-0.09419184966167515,0.7728118445964243,0.6709527556241387,-0.10185908897228557,-0.22818930265121762,-0.056320453158803185,-0.14137795645769513,0.010592264079926084,0.022453280756690175,0.06691271723872927
0.838904259812581,0.7503036089274798,-0.08860065088510116,-0.22047781250513054,0.7285408094222884,0.7109065232432333,-0.017634286179055048,-0.0392671806535394,0.7751316905091695,0.7464513440308833,-0.02868034647828621,-0.06725692296768093,-0.06377256930341146,-0.16209825010921808,-0.0038522648965965134,-0.008877360571768467,0.05992030440681495
0.7912045253319397,0.654078661601652,-0.1371258637302878,-0.30843361080344,0.7290729048673494,0.7007154478923554,-0.028357456974994033,-0.06282946832341785,0.7964193673119322,0.7614462421823349,-0.03497312512959727,-0.08433847860762533,0.005214841979992446,0.01289016131729781,0.10736758058068296,0.23698529351311248,0.10215273860069052
0.831782148635866,0.7279214325095755,-0.10386071612629044,-0.25225413805017327,0.7571993263357849,0.7355065427770189,-0.021692783558766027,-0.04986737874403424,0.7857722995023847,0.7424090133985805,-0.043363286103804244,-0.10223187576225223,-0.04600984913348127,-0.1171861274839685,0.014487580889004925,0.03283613480395253,0.0604974300224862
0.8257671610939695,0.7262609450049083,-0.09950621608906118,-0.24001387464456458,0.7542094106586656,0.7186443342836807,-0.03556507637498496,-0.08076599139521345,0.782176754129492,0.7526584238203338,-0.02951833030915818,-0.06990082283281396,-0.04359040696447758,-0.10995528067995153,0.026397478815425424,0.0601577711317991,0.069987885779903
0.8389599442538335,0.6951474690682816,-0.14381247518555185,-0.34397745297010585,0.7528625091607047,0.7029460271517611,-0.04991648200894361,-0.11226747667360537,0.8024626608245153,0.7350575381206602,-0.06740512270385512,-0.16025092434624844,-0.03649728342931813,-0.09525728833303582,0.039910069052378594,0.0884692402908216,0.07640735248169672
0.7831188161040262,0.6575233452882064,-0.1255954708158198,-0.281428170810182,0.7523883413979157,0.6999446041584664,-0.052443737239449284,-0.11772728657314113,0.7942617919916491,0.7698336486595586,-0.024428143332090535,-0.0591895933570048,0.011142975887622919,0.027297441496775487,0.11231030337135217,0.2495360189499527,0.10116732748372925
0.8302900378940263,0.654656843669891,-0.17563319422413537,-0.4071199118233215,0.7568037470866762,0.7853148791701045,0.02851113208342826,0.06788857976328355,0.7913488537527358,0.7482360775561271,-0.04311277619660869,-0.10251429999834993,-0.03894118414129055,-0.09954691533121363,0.09357923388623612,0.20505869649375796,0.13252041802752668
0.824373507421341,0.6483757982414208,-0.1759977091799202,-0.40464757287749853,0.7323993556966824,0.7291568891403196,-0.003242466556362733,-0.00731020093767798,0.78817472259562,0.7039413202286068,-0.08423340236701327,-0.1941206634206618,-0.03619878482572092,-0.09168230452375337,0.055565521987186006,0.11884460493308335,0.09176430681290693
0.8207849218159134,0.7355603873707143,-0.08522453444519917,-0.20598211010539602,0.7271283212418366,0.7210843341518084,-0.00604398709002818,-0.013522509379361836,0.7588416123269143,0.7994057326177578,0.04056412029084355,0.09787540722156196,-0.061943309488999176,-0.1524022189176817,0.06384534524704355,0.1514552984092763,0.12578865473604273
0.8077977744949073,0.6745024562760227,-0.13329531821888463,-0.30663241937190167,0.7336711323912413,0.7447222442848678,0.011051111893626508,0.025170456510788863,0.7747105585888172,0.7565119826587797,-0.018198575930037486,-0.04296726492646474,-0.033087215906090095,-0.08147019699381275,0.08200952638275705,0.18219495745162417,0.11509674228884714
0.8667912152131558,0.642196479739838,-0.22459473547331787,-0.5352052567715762,0.6869844511711366,0.7441854370527166,0.05720098588157996,0.12693711497599858,0.7820209013945062,0.7128099938567015,-0.06921090753780468,-0.15962547272444638,-0.08477031381864963,-0.22430604773764085,0.07061351411686356,0.15127373630948893,0.1553838279355132
0.8483310878811171,0.6816366575509689,-0.1666944303301482,-0.3989554139093905,0.7452931441255227,0.7279962157636888,-0.01729692836183394,-0.03927543508704456,0.776524565259237,0.7450234556779497,-0.03150110958128727,-0.07387601071689076,-0.07180652262188014,-0.18471466947935866,0.06338679812698078,0.14036473371314107,0.13519332074886092
0.7872118018499649,0.6557798526779229,-0.13143194917204193,-0.29506581812847044,0.7219611722101461,0.736283066256097,0.014321894045950856,0.03222903749788708,0.7781412955901672,0.7530877026856727,-0.025053592904494493,-0.05916129423932004,-0.009070506259797662,-0.021994199591837127,0.09730785000774977,0.21391032429731327,0.10637835626754744
0.8432421632478909,0.6281757842695486,-0.21506637897834235,-0.49739730665703985,0.7050472797910324,0.6871183649213203,-0.017928914869712154,-0.038984181777656834,0.7448436744674726,0.7602179584824559,0.015374284014983308,0.03563024196807074,-0.09839848878041835,-0.2449119155248547,0.13204217421290732,0.2881156331002559,0.23044066299332566
0.8267204380252681,0.7230851347397512,-0.10363530328551684,-0.24963964001876437,0.7315062405092321,0.7266648037638386,-0.0048414367453935014,-0.010893633920050494,0.7798405589047027,0.730052852151084,-0.049787706753618766,-0.11588670617741004,-0.04687987912056535,-0.11812015915562313,0.00696771741133273,0.01563277468573121,0.05384759653189808
0.8095179983134014,0.6922007434715529,-0.11731725484184852,-0.27295523734905935,0.7248736287040112,0.7226388793984103,-0.0022347493056008583,-0.00499789595156086,0.7620498192715979,0.70832570321227,-0.05372411605932792,-0.12189893632842264,-0.04746817904180356,-0.11585706490558412,0.016124959740717038,0.0351992361150526,0.0635931387825206
0.7709030738780043,0.7226502720138871,-0.04825280186411718,-0.11107461940626662,0.741239857535675,0.7154624834810311,-0.025777374054643865,-0.05796598929212804,0.7915103144360601,0.797761671295035,0.006251356858974821,0.015475306530393862,0.02060724055805585,0.0498571323356396,0.07511139928114785,0.17640705827230008,0.054504158723092
0.8041756380629822,0.6889786359813082,-0.11519700208167405,-0.2663926769353766,0.7069262340644196,0.7150322863751616,0.008106052310742018,0.017882407163701153,0.8037675765215472,0.7455320270547947,-0.05823554946675247,-0.13964289104201955,-0.00040806154143502305,-0.0010278881827425757,0.05655339107348656,0.12572189771061448,0.05696145261492158
0.8406715580938875,0.7063894143563397,-0.13428214373754777,-0.3240931875896853,0.7431566167358131,0.7662955817268364,0.023138964991023303,0.053793653114396545,0.7935942978500098,0.7201684880051386,-0.07342580984487124,-0.17160725950617728,-0.047077260243877705,-0.12201479921719338,0.013779073648798823,0.030471128866314645,0.06085633389267653
0.7695084874404285,0.704064125092353,-0.06544436234807549,-0.14886675186610643,0.7468173320710328,0.7441272129393105,-0.002690119131722346,-0.006175747958253819,0.7957406428174586,0.7095966475326952,-0.08614399528476335,-0.20033810725289003,0.026232155377030053,0.06362510904642837,0.005532522440342191,0.012153753659644773,-0.020699632936687862
0.8013305386968411,0.7354704765963661,-0.06586006210047501,-0.1564745054683896,0.7390810636943504,0.7211631835448967,-0.017917880149453724,-0.04036997753763272,0.7974772403703657,0.7373794542910049,-0.06009778607936078,-0.14251893454529618,-0.0038532983264754073,-0.009622606735189887,0.0019089776946388248,0.004332964187903521,0.005762276021114232
0.8373087339635624,0.7221907184533874,-0.11511801551017498,-0.27996270408870405,0.7461688147911844,0.7351851479236128,-0.010983666867571573,-0.025063057269020028,0.807971467842934,0.7754995145352095,-0.032471953307724566,-0.08002142812993096,-0.02933726612062837,-0.07686401694818912,0.05330879608182204,0.12307725901058397,0.08264606220245041
0.801545356763234,0.712550557127792,-0.08899479963544199,-0.20829653069268028,0.7217560662463485,0.7428230872887781,0.021067021042429634,0.047588706245758505,0.810523612137969,0.7081646102809144,-0.1023590018570546,-0.24067386964845383,0.008978255374734956,0.022708005086902627,-0.004385946846877653,-0.009669333868870922,-0.013364202221612609
0.8400460719029805,0.7145221024262848,-0.12552396947669575,-0.3044539368946517,0.7505576085098277,0.7339259221309616,-0.01663168637886603,-0.0380283580875167,0.8058021595771416,0.7592682395062494,-0.04653392007089219,-0.11294835060790431,-0.0342439123258389,-0.0898015115044597,0.044746137079964665,0.10170407478228771,0.07899004940580356
0.7826697706060637,0.683760652816869,-0.09890911778919464,-0.22450243833151862,0.7200382616021953,0.6943362170538019,-0.02570204454839342,-0.056493587867875616,0.8058057298247654,0.7329720598646311,-0.0728336699601343,-0.1733944893952568,0.023135959218701707,0.05725099588315086,0.04921140704776206,0.10835894481941266,0.02607544782906035
0.7755465536270169,0.7889340398392491,0.013387486212232291,0.0324403815119787,0.6642650172791972,0.7596417740956154,0.09537675681641822,0.21126559148509516,0.7943618503492722,0.6848974824106109,-0.10946436793866132,-0.2506906735357741,0.018815296722255348,0.045805351018746165,-0.10403655742863827,-0.23732570402900666,-0.12285185415089361
0.8090887722855671,0.6329047598599579,-0.17618401242560922,-0.39737849772792355,0.7271388057897178,0.752135267542533,0.024996461752815224,0.05697586688345835,0.7933640599468247,0.7320829510179437,-0.061281108928880945,-0.1443197712669244,-0.015724712338742397,-0.03940958891424273,0.09917819115798587,0.2136491375467564,0.11490290349672827
0.8474349769226567,0.7259352951477352,-0.12149968177492143,-0.2993779419792584,0.7388954304765153,0.7128611987368109,-0.026034231739704428,-0.058378146433234246,0.7721865064256744,0.701023149950916,-0.07116335647475847,-0.16189085772625456,-0.07524847049698224,-0.19259755743499918,-0.02491214519681928,-0.055110473181995356,0.050336325300162965
0.7885237369149273,0.6596019679437238,-0.12892176897120344,-0.2902195501441829,0.718564647245274,0.7351178456980222,0.016553198452748163,0.03715343600925669,0.8215646763055813,0.7820381961769707,-0.0395264801286106,-0.09926361707368114,0.033040939390654,0.0834689878379078,0.12243622823324685,0.27442492090840953,0.08939528884259285
0.8376310143601905,0.7091063838753163,-0.12852463048487417,-0.30984303429577187,0.7206428271534039,0.7167297992990752,-0.003913027854328677,-0.008702622878510091,0.7853359850623707,0.7849015237875069,-0.0004344612748637955,-0.0010577528144271042,-0.05229502929781982,-0.13399597725189683,0.07579513991219056,0.17478930422944794,0.12809016921001037
0.8202617226087715,0.5850749512128542,-0.23518677139591726,-0.5241979080510719,0.754252751410609,0.7288160489653362,-0.02543670244527274,-0.05811801316886944,0.771607077234625,0.7377947382352605,-0.03381233899936442,-0.0786265899573122,-0.04865464537414654,-0.12091908248889283,0.1527197870224063,0.3246522356048669,0.20137443239655284
0.7890978277801043,0.739463742897816,-0.049634084882288265,-0.11708291100021873,0.7418561040488258,0.7437049143147075,0.001848810265881684,0.004229711837211436,0.7529933912729782,0.6597510232444501,-0.09324236802852803,-0.20532167937675538,-0.036104436507126136,-0.08598984782212682,-0.0797127196533659,-0.17422861619866348,-0.04360828314623977
0.8167916968939313,0.7480321242124669,-0.06875957268146438,-0.1671160411988586,0.7495994365522939,0.7252781098011561,-0.02432132675113774,-0.055285677468462247,0.776731599252758,0.7959079158957358,0.01917631664297781,0.04679301851600082,-0.04006009764117324,-0.09965948056596696,0.04787579168326894,0.11424957914889244,0.08793588932444218
0.8371625396267253,0.6950484663380365,-0.14211407328868875,-0.33931346842220167,0.7390229194804805,0.761672008194903,0.022649088714422505,0.05234207056589124,0.7984418620347613,0.7075347218770882,-0.0909071401576731,-0.21159229657269396,-0.03872067759196396,-0.10043890416535772,0.012486255539051694,0.027282267684149986,0.05120693313101565
0.8186976103124485,0.6925234732768087,-0.12617413703563973,-0.2958543560590283,0.7612074728787158,0.7452690657242504,-0.015938407154465373,-0.03697346685874425,0.7612185922431517,0.7564712424164767,-0.004747349826675018,-0.011097654180910244,-0.05747901806929678,-0.1414063192226962,0.06394776913966793,0.14335038265542188,0.12142678720896471
0.8316387606079013,0.7086664570468183,-0.12297230356108302,-0.2946813816884597,0.7431204737550611,0.7092125775438984,-0.033907896211162636,-0.07607204534400269,0.7975045419556951,0.723795833849211,-0.07370870810648411,-0.17320659974159147,-0.03413421865220623,-0.08791288281574294,0.01512937680239268,0.03356189913112528,0.04926359545459891
0.8022391122206679,0.6737714678080416,-0.12846764441262626,-0.2941613023484775,0.7143894248129055,0.738865159103076,0.02447573429017058,0.05492869401043521,0.7858605082630681,0.7440277156386322,-0.041832792624435844,-0.09874155241789317,-0.016378603957599824,-0.04050873889163942,0.07025624783059059,0.1549110110389449,0.08663485178819041
0.8322631890055439,0.7676769620185064,-0.06458622698703742,-0.1619331107247639,0.7388493779041503,0.7164215348697739,-0.022427843034376393,-0.050389181185741094,0.7942865171016238,0.7486944497920017,-0.045592067309622064,-0.10870627593661286,-0.03797667190392007,-0.09756720424885312,-0.01898251222650471,-0.04434036946070208,0.018994159677415356
0.8330474295668274,0.7438283965604029,-0.08921903300642453,-0.21955700096423492,0.7641398121825231,0.719554922960964,-0.04458488922155912,-0.101965449538306,0.7603756011113362,0.7128890137204378,-0.047486587390898394,-0.10790906863002014,-0.07267182845549125,-0.18123011582015014,-0.030939382839965113,-0.06958218348593537,0.04173244561552614
0.8409807733064886,0.6926831477859109,-0.14829762552057768,-0.354836498925754,0.7097247231093706,0.7433169047661446,0.03359218165677402,0.07539363543593547,0.7517607358193276,0.7128163324219932,-0.038944403397334404,-0.08800888811895158,-0.08922003748716101,-0.2227714271438761,0.02013318463608227,0.044056183662926296,0.10935322212324328
0.8053749782727183,0.7045474829386645,-0.10082749533405377,-0.23554535694072576,0.7296823943588895,0.7475276236767366,0.017845229317847155,0.040618478761486276,0.7723899290343015,0.745648637378498,-0.026741291655803523,-0.06254802400056558,-0.03298504923841683,-0.08088079668216785,0.04110115443983342,0.09211653625799232,0.07408620367825025
0.7781898256312721,0.6968778669059529,-0.08131195872531927,-0.18530857865090922,0.7145100247623956,0.6927777786077266,-0.021732246154668955,-0.04759777858139236,0.7529904210649421,0.7798431716423169,0.026852750577374795,0.06348852534380534,-0.025199404566330075,-0.05950368270276574,0.08296530473636399,0.18929342129194882,0.10816470930269406
0.823254423529234,0.6978596325631189,-0.12539479096611506,-0.2961484761109172,0.7234151199342193,0.7075058993783614,-0.01590922055585786,-0.03526327905389248,0.7838889263146042,0.7561839747915196,-0.02770495152308461,-0.06586395743897455,-0.039365497214629785,-0.09919551841186403,0.05832434222840066,0.13108900026007864,0.09768983944303045
0.8491848024844469,0.6860151830923176,-0.16316961939212937,-0.39192159454136566,0.7508060330754556,0.7203695571497511,-0.03043647592570442,-0.06903932295465687,0.7985059991686047,0.7370314536693837,-0.061474545499220934,-0.14587187263879775,-0.05067880331584229,-0.13334571887997715,0.05101627057706615,0.11270400302259076,0.10169507389290844
0.819036888829118,0.6856975531871775,-0.13333933564194045,-0.3114828481615317,0.7354137703345982,0.7329174336127267,-0.0024963367218715504,-0.005650691865834112,0.7849584775082051,0.763541700696983,-0.021416776811222116,-0.05123993444370045,-0.03407841132091283,-0.08558920944881843,0.0778441475098055,0.17465370426901283,0.11192255883071833
0.8131090129307438,0.6269665816054681,-0.18614243132527564,-0.41994827891679654,0.7489398553274528,0.736656921968069,-0.012282933359383796,-0.028103298774458274,0.78633487009736,0.7526175597991349,-0.03371731029822511,-0.08010440108765371,-0.02677414283338375,-0.06693403632531325,0.12565097819366677,0.2729098415038296,0.15242512102705053
0.8490604004887189,0.6309467808069652,-0.2181136196817537,-0.5077857480900052,0.7485529925380715,0.7427110093271844,-0.005841983210887136,-0.013414458995328449,0.7619997423256741,0.705482222041493,-0.05651752028418111,-0.12802826710932624,-0.08706065816304476,-0.22122948724597657,0.07453544123452782,0.1585279937347024,0.16159609939757258
0.8219215057807076,0.6438888761066359,-0.17803262967407163,-0.40760460915619356,0.6800120437714713,0.7201349231841436,0.04012287941267234,0.08760548115319144,0.7808345261273125,0.7369639981506809,-0.0438705279766316,-0.10265551391571481,-0.04108697965339503,-0.10310848791263671,0.093075122044045,0.20184060732784204,0.13416210169744003
0.8801559633514883,0.6361163039511152,-0.2440396594003731,-0.5880806813791948,0.7137992069245831,0.753434395830395,0.03963518890581186,0.08971411155324427,0.7968092078272018,0.7408666000392995,-0.055942607787902277,-0.13291630453354042,-0.0833467555242865,-0.22824542856140262,0.10475029608818431,0.22691894828425174,0.1880970516124708
0.8072313366458771,0.7183528228789676,-0.08887851376690947,-0.2097713151674041,0.7138342195215485,0.6795039432497304,-0.03433027627181806,-0.0747071559868373,0.7791763082297317,0.7593394316760791,-0.019836876553652627,-0.047093742181107956,-0.028055028416145378,-0.06930599410772231,0.04098660879711147,0.09337157887857384,0.06904163721325685
0.818157732075855,0.7141468174523101,-0.10401091462354484,-0.2471089485096396,0.7195559263643633,0.753830158118816,0.034274231754452766,0.07785708360144605,0.7643438645629409,0.7981361573107334,0.033792292747792496,0.08179578016711364,-0.05381386751291406,-0.13265873492972258,0.08398933985842327,0.19624599374703067,0.13780320737133733
0.8108900947542453,0.6785981240430464,-0.13229197071119891,-0.3057492684064087,0.7121923662685652,0.7718937707838155,0.0597014045152503,0.13666141229362783,0.7601929041350314,0.7404924796552628,-0.019700424479768608,-0.045524876327765806,-0.05069719061921396,-0.12371096000840698,0.061894355612216345,0.13651343207023592,0.1125915462314303
0.8469697530734531,0.6330055478310815,-0.21396420524237159,-0.49769335560163763,0.7281664130837232,0.7551242662763072,0.026957853192584036,0.0616042293008805,0.7775389028643955,0.7193733551889737,-0.058165547675421814,-0.134253001483863,-0.06943085020905759,-0.17848951107919042,0.08636780735789218,0.18495084303858422,0.15579865756694977
0.8317467850387456,0.6854597720422456,-0.14628701299649993,-0.3454795583854775,0.7090738599553328,0.7072277988029213,-0.0018460611524114823,-0.004060733175146991,0.7728795953555639,0.750097298919274,-0.02278229643628993,-0.0534713734304626,-0.05886718968318161,-0.1481836961410803,0.0646375268770284,0.14382448881393461,0.12350471656021
0.7988723843904523,0.6913517925538302,-0.1075205918366221,-0.24796414491832008,0.7460713632782725,0.7268438318658558,-0.019227531412416732,-0.043650446860007186,0.7758660343471572,0.71480024096745,-0.06106579337970719,-0.14038927686609126,-0.0230063500432951,-0.05624545751101895,0.023448448413619816,0.051329410541209874,0.046454798456914914
0.7889848208763927,0.6921401209429735,-0.09684469993341915,-0.22181040980905453,0.7439838433320062,0.7146799913259461,-0.029303852006060116,-0.06597590542638843,0.8130814736223093,0.7756671419441584,-0.03741433167815089,-0.09265947815795927,0.024096652745916658,0.06038370211448418,0.08352702100118492,0.18953463376557944,0.05943036825526826
0.8430340051391044,0.74467460902958,-0.09835939610952438,-0.2447273023467429,0.7498014808006159,0.7356974485648289,-0.014104032235787045,-0.032268609674009685,0.7780433003163022,0.6835656294113552,-0.09447767090494696,-0.21374675214488836,-0.06499070482280223,-0.16640088304625245,-0.06110897961822481,-0.13542033284439792,0.003881725204577413
0.7905917980530653,0.7206719202395301,-0.06991987781353526,-0.16308668406867755,0.7441484214920807,0.7220590461163292,-0.022089375375751508,-0.04994732624393494,0.8095841120695916,0.7343230683667556,-0.07526104370283593,-0.17992545202161603,0.018992314016526235,0.04750062945946576,0.013651148127225565,0.030661861506527277,-0.00534116588930067
0.8681954648631933,0.6947799873751354,-0.17341547748805797,-0.42756650789043715,0.7051547989767927,0.7109152964228397,0.005760497446047008,0.012669864756058136,0.7513063461915981,0.711800476318412,-0.03950586987318605,-0.08920142257534991,-0.11688911867159524,-0.30110199438768515,0.01702048894327668,0.0372630909274021,0.13390960761487192
0.8263301679450926,0.723213950284081,-0.10311621766101164,-0.24832107778800294,0.7025063067108052,0.7201473595414725,0.017641052830667303,0.03893426945380485,0.7807262582392385,0.7702349862579784,-0.010491271981260097,-0.025144451082609542,-0.04560390970585415,-0.11495040101375853,0.047021035973897396,0.10822622569163487,0.09262494567975155
0.8069751474060244,0.7054207704008443,-0.10155437700518011,-0.2376785244534554,0.7115257838862892,0.7170337951438867,0.005508011257597478,0.012192553314981591,0.7681299008222539,0.7064990150333902,-0.061630885788863665,-0.14025609741827139,-0.03884524658377053,-0.09505583080749913,0.0010782446325459105,0.0023665962276848695,0.03992349121631644
0.8301973138463451,0.727163064697955,-0.1030342491483901,-0.24972854583796078,0.7527607947995243,0.7124034365001871,-0.040357358299337176,-0.09123783797734442,0.8084557763578393,0.7354904908776234,-0.07296528548021586,-0.17440997993436902,-0.021741537488505824,-0.05653169430591776,0.008327426179668418,0.018786871597674004,0.030068963668174242
0.8255166879872543,0.6731867812525568,-0.15232990673469748,-0.35524246032811013,0.7286913533633412,0.7141357886107583,-0.014555564752582906,-0.03247057446054047,0.7889072293531273,0.7501392010185461,-0.03876802833458115,-0.09212806032386167,-0.03660945863412701,-0.09289671507640973,0.07695241976598932,0.17021768492783873,0.11356187840011633
0.8157544752547358,0.6545927237679668,-0.16116175148676892,-0.3691613876680335,0.6972406305999453,0.7377759272955333,0.040535296695587975,0.09008799198644946,0.7886949536447196,0.7406923510293972,-0.04800260261532241,-0.11329443633557368,-0.027059521610016124,-0.0679695241971574,0.08609962726143039,0.18789742713530244,0.11315914887144651
0.8200676248181646,0.6952331431544273,-0.12483448166373734,-0.29353626743315386,0.7606973668249263,0.7136212080284755,-0.04707615879645077,-0.10704401444531131,0.7861758053731148,0.7728738295110369,-0.01330197586207793,-0.032089679605614485,-0.03389181944504982,-0.08530351531612057,0.07764068635660959,0.1761430725114188,0.11153250580165941
0.8214576865612094,0.7054960055804438,-0.11596168098076565,-0.274756537838736,0.7290057271463187,0.7119724505502562,-0.017033276596062574,-0.037960338573698404,0.8036956295997767,0.8052358724213126,0.0015402428215358643,0.003883512883791962,-0.017762056961432737,-0.045525945541601054,0.09973986684086877,0.2331141051809269,0.11750192380230151
0.8100443541836778,0.7523144597310815,-0.05772989445259635,-0.13990368010672505,0.731574760990254,0.7097346245897495,-0.02184013640050453,-0.04868498865870796,0.7590986027231587,0.7656930380759523,0.006594435352793693,0.015494216561620977,-0.05094575146051916,-0.12411405631570016,0.013378578344870884,0.031283840352645864,0.06432432980539005
0.830714488907851,0.7644247382026986,-0.06628975070515242,-0.1654780615510183,0.727391430084139,0.7318592914542669,0.00446786137012789,0.010059353072038313,0.7657574900949583,0.7046373928390195,-0.06112009725593881,-0.13872901547055494,-0.06495699881289274,-0.16233434490356036,-0.059787345363679134,-0.135585298823097,0.005169653449213607
0.8259371248776824,0.6545869834769696,-0.1713501414007128,-0.3957290572428782,0.7305507723543161,0.7257741834266107,-0.004776588927705383,-0.010736253312414679,0.7516884189062657,0.7233657518986841,-0.02832266700758157,-0.06439373423290995,-0.07424870597141675,-0.1825509568578294,0.06877876842171449,0.14878436615213886,0.14302747439313124
0.7910297484421717,0.7465795993518162,-0.044450149090355495,-0.10554160498637977,0.74577024744946,0.7276259302468183,-0.018144317202641647,-0.04120274982844396,0.7656804494915977,0.7712410609731375,0.005560611481539746,0.013182760607138189,-0.025349298950573917,-0.06105294280036544,0.024661461621321323,0.057671422793152516,0.05001076057189524
0.8411971413721765,0.7091069166816358,-0.13209022469054066,-0.31955503211522585,0.7410000166053089,0.7262667507091152,-0.014733265896193726,-0.0333316292162773,0.7553306583559233,0.7962196715909687,0.04088901323504546,0.09812962554912907,-0.08586648301625321,-0.21507928838402446,0.0871127549093329,0.20260536928033046,0.17297923792558612
0.8000264062790915,0.7050662265777007,-0.09496017970139081,-0.22096783909282358,0.7618278643334276,0.74279866759743,-0.019029196735997678,-0.044090088328923915,0.7785004368751253,0.7373647499913069,-0.04113568688381841,-0.09611356472946131,-0.021525969403966227,-0.05279689553150968,0.03229852341360617,0.07205737883185259,0.0538244928175724
0.8093491749374938,0.6557760864526453,-0.15357308848484852,-0.3502587255408909,0.719504306428353,0.7293629246395835,0.009858618211230574,0.02206577130418852,0.7609038722759586,0.7235035603501836,-0.037400311925774976,-0.08555192582725502,-0.04844530266153524,-0.11811609160152114,0.0677274738975383,0.14659070811211472,0.11617277655907354
0.8417709685112332,0.6809784721734352,-0.16079249633779802,-0.3822379091803765,0.7153843006582138,0.7523199888373933,0.03693568817917947,0.0836206232592378,0.8168390586169028,0.7738743445523845,-0.042964714064518295,-0.10662759878473116,-0.024931909894330473,-0.06630566344883304,0.09289587237894925,0.20930464694681228,0.11782778227327972
0.8564439402393251,0.7041506641944374,-0.15229327604488774,-0.37301522620869454,0.7053691867182831,0.7093780951367039,0.004008908418420831,0.008811447492794278,0.7708770257118002,0.7022003529858486,-0.06867667272595157,-0.15619906155730257,-0.08556691452752496,-0.2210851307701449,-0.0019503112085887953,-0.004268966118752937,0.08361660331893617
0.7672381982071527,0.6638169067379135,-0.10342129146923917,-0.2300900452937089,0.6996395918595311,0.7067918864223165,0.007152294562785433,0.015656249620422447,0.7859670233311858,0.7150666714577122,-0.07090035187347365,-0.1642211780066205,0.018728825124033177,0.04497354375684193,0.051249764719798696,0.11084241104393033,0.03252093959576552
0.7993855348492365,0.6610583720582454,-0.1383271627909911,-0.314001271250405,0.7425934908752945,0.7542274377595056,0.011633946884211155,0.026812460235346336,0.8036940434524263,0.7255795320976572,-0.0781145113547691,-0.1847048901073478,0.004308508603189876,0.010802727728891792,0.06452116003941188,0.14009910887194899,0.06021265143622201
0.8445889787116223,0.7083475229445808,-0.1362414557670415,-0.33054729992085186,0.7408875164334371,0.7283790715362007,-0.012508444897236348,-0.028331634607743794,0.7551121578213033,0.764642965653879,0.00953080783257576,0.02231313253281675,-0.08947682089031905,-0.22490835997668457,0.056295442709298205,0.12795207247698404,0.14577226359961726
0.8063376571075015,0.6712543555458025,-0.135083301561699,-0.3098553845063603,0.7349993232733033,0.7411265475848019,0.006127224311498591,0.013935585120522731,0.7801224271320644,0.7745005985721818,-0.00562182855988258,-0.013512598504604068,-0.026215229975437127,-0.06475983567659771,0.1032462430263793,0.23158295032515852,0.12946147300181643
0.805017532970988,0.7048305176100665,-0.10018701536092145,-0.23402238827133215,0.730723752663561,0.7748913948455175,0.04416764218195646,0.10247806865285547,0.7936450804836052,0.7949167543592228,0.0012716738756176627,0.0031459503162665214,-0.011372452487382834,-0.02839814429669918,0.09008623674915628,0.2087701942908995,0.10145868923653911
0.8189513049337899,0.709410063499862,-0.10954124143392785,-0.25962610445518974,0.7203873641835399,0.7282424666419112,0.007855102458371288,0.017578884966845898,0.7647654656048429,0.7431857830177501,-0.021579682587092863,-0.05011528629913897,-0.05418583932894694,-0.1337242018420599,0.03377571951788805,0.07578661631399086,0.08796155884683499
0.8189920049850817,0.728894618799106,-0.09009738618597574,-0.2163704419850565,0.7556649233915831,0.755761791078487,9.68676869038676e-05,0.00022545014633434945,0.7799764274904675,0.7119667467174865,-0.06800968077298097,-0.15654489405404304,-0.03901557749461426,-0.09754852050265272,-0.0169278720816195,-0.03772297257163926,0.022087705412994763
0.7928227882097559,0.6709065006355006,-0.12191628757425532,-0.2768308557203585,0.7310962943699165,0.7524375090369083,0.021341214666991792,0.048771029338985805,0.8037144845544666,0.781067065999068,-0.022647418555398535,-0.05585604973552183,0.010891696344710655,0.0271437416268534,0.11016056536356744,0.24811854761169005,0.09926886901885679
0.780253302912454,0.687693372135911,-0.09255993077654301,-0.21018340703879135,0.7248041147470915,0.7606639883438984,0.03585987359680687,0.0820797041523158,0.7735216665819019,0.7645006538855895,-0.009021012696312392,-0.021404835711813952,-0.006731636330552071,-0.016169277926027625,0.07680728174967855,0.17260929340094977,0.08353891808023062
0.8107562735970486,0.5727785628596956,-0.23797771073735297,-0.5245958923051719,0.7259306869799774,0.7011882679602568,-0.02474241901972063,-0.05473944383529261,0.7589191929998975,0.7635116308993264,0.0045924378994288695,0.010771863069774401,-0.051837080597151086,-0.12634974141981292,0.19073306803963075,0.4090180139551334,0.24257014863678183
0.8398840532035035,0.6793893417365185,-0.1604947114669849,-0.3804872745283574,0.7411986704719915,0.7248027207446454,-0.01639594972734615,-0.037065927859644354,0.8100470296711523,0.7611076162920677,-0.048939413379084584,-0.11941614208212536,-0.02983702353235118,-0.07858381969909045,0.08171827455554914,0.18248731274714158,0.11155529808790032
0.8156695555205425,0.6889675533406386,-0.1267020021799039,-0.295713788668015,0.749842256155465,0.7213137210198041,-0.028528535135660893,-0.06470785291828252,0.8086613512180943,0.7740871019397808,-0.03457424927831354,-0.08515532727168695,-0.0070082043024481955,-0.01794377252065482,0.08511954859914217,0.19261468887567323,0.09212775290159037
0.8188567863606839,0.62051799763777,-0.19833878872291388,-0.44809309541393083,0.7583210152013234,0.7327079411344771,-0.02561307406684632,-0.05881992263630753,0.7626816094507715,0.7384344465477654,-0.024247162903006103,-0.05605290377952388,-0.05617517690991247,-0.1383843412631407,0.11791644890999531,0.25365585037126626,0.17409162581990778
0.836079038612894,0.7235201892166386,-0.11255884939625538,-0.27366570453088324,0.7490994101685174,0.7480648930092922,-0.0010345171592252012,-0.002384625128313278,0.7763005525298406,0.7072856082997733,-0.06901494423006738,-0.15801035464657454,-0.05977848608305336,-0.15163773513075052,-0.01623458091686536,-0.03598238524644182,0.043543905166188
0.8386588989475033,0.6914736095812489,-0.1471852893662544,-0.3511260386561783,0.7360736335027988,0.7204986909396646,-0.015574942563134186,-0.035015414079873075,0.8123044305325013,0.74806540245736,-0.06423902807514137,-0.15549382796523048,-0.026354468415001997,-0.06948008348074852,0.05659179287611105,0.1261521272101993,0.08294626129111304
0.7738157956679196,0.6330941389617224,-0.14072165670619718,-0.31009455159141197,0.7061513053283001,0.6783548428232352,-0.027796462505064845,-0.06023654857773053,0.8089496812079894,0.6839429275539146,-0.12500675365407476,-0.2893337909632008,0.0351338855400698,0.08653717781069314,0.05084878859219222,0.10729793843890434,0.01571490305212242
0.7543625647613444,0.5976249508562825,-0.1567376139050619,-0.33719108385674224,0.7409020903268325,0.7480461188936798,0.00714402856684726,0.016379866449488745,0.7771993491935398,0.724213183271805,-0.052986165921734885,-0.12263630338581066,0.02283678443219539,0.053936958603878704,0.12658823241552242,0.2684917390748103,0.10375144798332703
0.8152311528388486,0.6443302484988869,-0.17090090433996175,-0.3893211703090369,0.739965047779353,0.7348812244227618,-0.005083823356591188,-0.011553361673684481,0.7640703737206183,0.723333305727483,-0.040737067993135256,-0.09337338718875099,-0.05116077911823036,-0.12573911073472077,0.07900305722859613,0.17020867238556514,0.1301638363468265
0.7851178547642172,0.6906264084590733,-0.09449144630514394,-0.21564166865698486,0.7613410790290888,0.7387867506412472,-0.02255432838784155,-0.052103223647884445,0.7840301256208524,0.7047960366430105,-0.0792340889778419,-0.18214010996778462,-0.0010877291433648573,-0.0026457880554828783,0.014169628183937188,0.03085577063371736,0.015257357327302046
0.8056706423903922,0.6873570309531387,-0.1183136114372535,-0.27366603282340596,0.7187073047517952,0.7408912092340213,0.02218390448222607,0.049965990448150865,0.8061814453472919,0.7829342407345465,-0.02324720461274532,-0.057559740081857935,0.0005108029568996475,0.0012915828280775088,0.09557720978140782,0.21739787556962553,0.09506640682450818
0.8297290636935478,0.667022849301946,-0.16270621439160182,-0.37950512155734595,0.7368158743809272,0.7952966339791937,0.058480759598266485,0.13838399644481658,0.7730419033131798,0.7381334237586304,-0.03490847955454934,-0.0812780966498372,-0.05668716038036803,-0.14241539816050386,0.07111057445668445,0.15581162674700488,0.12779773483705248
0.8304343840667955,0.7233956189191337,-0.10703876514766175,-0.25880030075767024,0.7071250324950059,0.6934201324013912,-0.013704900093614691,-0.029916071169357128,0.8089384661040282,0.7762728890281684,-0.03266557707585982,-0.08062412594109025,-0.021495917962767286,-0.055936086082502445,0.052877270109034646,0.12224008873407755,0.07437318807180193
0.8625711532218906,0.7642718178215131,-0.0982993354003775,-0.25435696296503796,0.7441802071441974,0.7077534838548014,-0.036426723289396,-0.08170979693551517,0.7678515821221125,0.7684175714918631,0.000565989369750608,0.0013411325222971726,-0.09471957109977813,-0.2459007732025298,0.004145753670349972,0.009797322284805343,0.0988653247701281
0.8285309763612348,0.690136705807115,-0.1383942705541199,-0.32682275025923535,0.7368447742507058,0.7206321041758194,-0.01621267007488647,-0.03646848809958447,0.7739456502357877,0.7857541363463246,0.011808486110536975,0.02850126155632804,-0.0545853261254472,-0.13707320902560838,0.09561743053920968,0.218250802789955,0.15020275666465688
0.8285875044071661,0.6153605902700601,-0.21322691413710604,-0.4842458378106025,0.7200013818218801,0.7385995680940476,0.018598186272167472,0.041863029925084394,0.7764699076006328,0.7775473875059727,0.0010774799053399065,0.0025885259605606947,-0.05211759680653327,-0.13117625592978666,0.16218679723591267,0.3556581078413765,0.21430439404244594
0.7892178387403876,0.7067344471543914,-0.08248339158599627,-0.19054909909048123,0.7394186585816915,0.7142284492624928,-0.025190209319198686,-0.05654556151188661,0.8040705359948142,0.7586669701215422,-0.04540356587327199,-0.10998409768404072,0.014852697254426506,0.03690707827694828,0.051932522967150785,0.1174720796833888,0.03707982571272428
0.8133929983073059,0.6773602584795692,-0.13603273982773678,-0.3148064118556073,0.7221185815504465,0.7212489149609466,-0.00086966658949994,-0.0019404844095900486,0.8158487947568206,0.7303739979955456,-0.08547479676127501,-0.20490329655573136,0.002455796449514658,0.006319552833268016,0.05301373951597643,0.11622266813314397,0.050557943066461775
0.8191962964277635,0.6603397535539506,-0.1588565428738129,-0.3659613320963908,0.7359631304346922,0.7288493173524389,-0.00711381308225334,-0.016069300372537842,0.7774333080660322,0.7639657244108545,-0.01346758365517764,-0.032039545130386315,-0.04176298836173131,-0.10420549793954903,0.10362597085690395,0.22971628902645547,0.14538895921863526
0.7888748475857503,0.6882903384555852,-0.10058450913016515,-0.22986651702368865,0.736287073021899,0.7101416619793884,-0.026145411042510558,-0.05845184242272117,0.7774184900167027,0.7369101637754373,-0.040508326241265435,-0.09454304876336028,-0.011456357569047615,-0.0278019820157156,0.048619825319852095,0.10752148624461277,0.06007618288889971
0.8729833385048601,0.6880857178711476,-0.1848976206337125,-0.4563244181408821,0.7556648337280679,0.7450976500894436,-0.0105671836386243,-0.024417504940230206,0.7556227018003702,0.7240340220844897,-0.03158867971588042,-0.07203012280885845,-0.11736063670448993,-0.30535190414744706,0.035948304213342164,0.07894239118457658,0.1533089409178321
0.842125121974063,0.7051029500135632,-0.13702217196049982,-0.3308952590339773,0.721978471913943,0.7313815933428024,0.009403121428859351,0.021099835057512006,0.7931159458611017,0.754627611965825,-0.03848833389527673,-0.09208063846403913,-0.049009176112961295,-0.12717527141792395,0.049524661952261795,0.11163934915201423,0.09853383806522309
0.8049013005105256,0.7617495672706074,-0.043151733239918166,-0.10485886703252723,0.7344824852330705,0.7290891831559302,-0.005393302077140283,-0.012173817163447787,0.7705176189976192,0.7486396748801246,-0.021877944117494552,-0.051207505553649835,-0.03438368151290638,-0.08414391636914687,-0.013109892390482769,-0.030492554890269474,0.021273789122423614
0.8342821181955223,0.7143552270632605,-0.11992689113226185,-0.2892114983298413,0.7344038760896762,0.7352293174180367,0.0008254413283604878,0.0018699228046017424,0.7542366433270605,0.6944084920512915,-0.059828151275769015,-0.13406364133590754,-0.08004547486846181,-0.1988655870020768,-0.019946735011968975,-0.04371773000814305,0.06009873985649283
0.7916780359670249,0.6560178218434286,-0.1356602141235963,-0.3055196760966006,0.7215525644317428,0.7330064468597993,0.011453882428056561,0.02571961612523488,0.7662763523140375,0.763946282674392,-0.002330069639645438,-0.005496379741001256,-0.02540168365298745,-0.061240900551911004,0.10792846083096341,0.23878239580368832,0.13333014448395086
0.893395083127048,0.7277232233998627,-0.16567185972718523,-0.4327175291592442,0.7403620717618544,0.6868740971662403,-0.05348797459561416,-0.11843355639627329,0.7902739820469717,0.7518046736683296,-0.03846930837864215,-0.09162998761925856,-0.10312110108007622,-0.2861896393168828,0.024081450268466864,0.05489790222310287,0.12720255134854308
0.8078582815194449,0.6766916942601254,-0.1311665872593195,-0.30210963469201846,0.7284492782094937,0.7141000752891484,-0.01434920292034525,-0.032005255834137714,0.7993496819839563,0.7332228401404683,-0.06612684184348794,-0.15660802640776472,-0.008508599535488659,-0.02141872194290695,0.056531145880342915,0.12408288634134679,0.06503974541583157
0.7670218798010633,0.6884488838613915,-0.07857299593967182,-0.17693152476099172,0.7414814391445734,0.7479597956511884,0.006478356506614991,0.01485826347220387,0.7832609828503161,0.7567028929017138,-0.026558089948602315,-0.06313015256561672,0.0162391030492528,0.03890271613813878,0.0682540090403223,0.1527040883335138,0.052014905991069504
0.8615755684717246,0.724055983770355,-0.1375195847013696,-0.34370152190823156,0.7521609987115911,0.7258709935343491,-0.026290005177242004,-0.059879668853169754,0.7539729585308131,0.7576764889299978,0.0037035303991846957,0.008620993121385201,-0.10760260994091142,-0.2755553020310142,0.03362050515964288,0.07676721299860256,0.1412231151005543
0.7747646401601885,0.7445519756695459,-0.030212664490642638,-0.07073857379447857,0.7201003182009145,0.7324323646658302,0.012332046464915702,0.02765971075399598,0.7854057372633955,0.7219674865799078,-0.06343825068348763,-0.14750847347658747,0.010641097103206931,0.025693098722445296,-0.02258448908963806,-0.051076800959663604,-0.03322558619284499
0.8317994550091502,0.650709230677078,-0.18109022433207222,-0.4194394113893092,0.7227387876067111,0.7608424015903257,0.038103613983614615,0.0871169721099303,0.7879146373535746,0.7504550164156338,-0.03745962093794075,-0.08896819252488308,-0.043884817655575614,-0.11200126264310306,0.09974578573855586,0.21846995622132304,0.14363060339413147
0.7852615788130745,0.7283051650995874,-0.05695641371348703,-0.13296130338185197,0.7503613829534853,0.7457250250377584,-0.004636357915726919,-0.01067959198679258,0.8087446522142603,0.734487202044228,-0.07425745017003227,-0.1774175641268334,0.023483073401185828,0.058404055903451546,0.00618203694464059,0.013947795158470111,-0.017301036456545238
0.8142552450431593,0.6352292525566146,-0.17902599248654472,-0.4057674456839515,0.7398408124162841,0.7304432381741073,-0.009397574242176798,-0.021297999619851904,0.7782073136581302,0.7531144830606481,-0.02509283059748213,-0.05925808669088228,-0.03604793138502904,-0.08957218774937292,0.11788523050403354,0.2569371712436963,0.1539331618890626
0.8432276255064234,0.719241304315739,-0.12398632119068442,-0.3026934386226592,0.7348471954614023,0.7570595297071483,0.02221233424574598,0.051035682900006485,0.7871130849208061,0.7765336124018195,-0.01057947251898661,-0.025617339666412775,-0.05611454058561727,-0.14494442375454453,0.057292308086080546,0.13213167520170188,0.11340684867169781
0.8298758014767654,0.6938573016906533,-0.13601849978611213,-0.3223372059505152,0.7323268518248568,0.7383243947584787,0.005997542933621869,0.013595142556368955,0.7682421061516148,0.7610650527857277,-0.007177053365887143,-0.016918865667202798,-0.06163369532515062,-0.154222672603332,0.06720775109507438,0.15119566767998038,0.128841446420225
0.8226789557736641,0.7700642665436449,-0.05261468923001922,-0.13090190478434893,0.7376080412063718,0.6954507331092626,-0.04215730809710916,-0.09359881676696635,0.7866099910159033,0.7288529481202284,-0.05775704289567496,-0.13501691768592972,-0.03606896475776078,-0.0910615804619277,-0.04121131842341652,-0.09517659336350848,-0.005142353665655741
0.8173134302449402,0.698212966401553,-0.11910046384338724,-0.2799050729352104,0.741116155682569,0.7277810306518827,-0.013335125030686346,-0.03019760796762272,0.792903921961512,0.7517253680907313,-0.04117855387078073,-0.09828853660097137,-0.02440950828342814,-0.0616491114355715,0.05351240168917837,0.11996742489866752,0.0779219099726065
0.7854965816502141,0.6957487150523338,-0.08974786659788025,-0.20545675816550513,0.7445047333279716,0.7173210930049203,-0.027183640323051317,-0.061312887058617704,0.8003423973880227,0.7685535571427704,-0.0317888402452523,-0.07735359192944147,0.014845815737808632,0.036642264246549594,0.07280484209043658,0.16474543048261325,0.05795902635262795
0.8202057121942296,0.7354541291826705,-0.08475158301155905,-0.20471377839965976,0.7552058259914908,0.7293459872141708,-0.02585983877732001,-0.05914080284681411,0.7986708529653015,0.7535947077797819,-0.04507614518551961,-0.1082618808393927,-0.02153485922892806,-0.05485146717884026,0.01814057859711138,0.0416004303814268,0.03967543782603944
0.8302271355194965,0.730093468765446,-0.10013366675405044,-0.24321785148571884,0.7658780655761775,0.7373373381739552,-0.028540727402222354,-0.0660784472696303,0.7448415055718272,0.7789938746450318,0.034152369073204625,0.08023282354267813,-0.0853856299476693,-0.2096974409481902,0.04890040587958577,0.11375323408020677,0.13428603582725507
0.8103900383942267,0.6749554254670068,-0.13543461292721992,-0.312261390115387,0.7390534777234729,0.7563829133633292,0.01732943563985634,0.03990519414067295,0.7996105676605932,0.7293589505358239,-0.07025161712476935,-0.16597608224153504,-0.0107794707336335,-0.02720944397107683,0.05440352506881707,0.11907586390277514,0.06518299580245057
0.7991635784134069,0.7027185988207328,-0.09644497959267406,-0.2239546404206294,0.7013111119530175,0.7304138117378353,0.02910269978481772,0.06454779799676391,0.7811655977053658,0.745780309157179,-0.03538528854818679,-0.08332133862409918,-0.01799798070804115,-0.04420942645066761,0.043061710336446124,0.09642387534586261,0.061059691044487274
0.8119273748226116,0.732431738191079,-0.07949563663153258,-0.19018489081524725,0.7251717724580223,0.7203509409555653,-0.004820831502457046,-0.010769641972380395,0.7564761041934943,0.7047545322799924,-0.05172157191350191,-0.11670452928608976,-0.055451270629117255,-0.1350448978186085,-0.027677205911086578,-0.06156453628945102,0.027774064718030678
0.8199836068637348,0.7155345149897662,-0.10444909187396867,-0.24877839621606457,0.7349585564961479,0.7044903935937855,-0.030468162902362428,-0.06785998576317454,0.7933893514361331,0.6728811082467652,-0.12050824318936793,-0.2740239465197851,-0.026594255427601743,-0.0673806680484863,-0.042653406743001,-0.09262621835220686,-0.016059151315399256
0.854216197872017,0.6421445699223853,-0.21207162794963164,-0.49900973413666394,0.7180856838781245,0.7204916742468961,0.002405990368771538,0.005354429411918549,0.8288867336818426,0.7737406456434429,-0.05514608803839971,-0.13850749649083793,-0.025329464190174344,-0.06941573136377421,0.13159607572105758,0.2910865062820518,0.15692553991123193
0.8389426326235091,0.6934353585231666,-0.14550727410034248,-0.3476466280173034,0.7284218851179501,0.7068661008432434,-0.021555784274706724,-0.047894034009852815,0.7887468739374023,0.7325437983008247,-0.05620307563657756,-0.13192188610803868,-0.05019575868610682,-0.1292268275145121,0.0391084397776581,0.08649791439475263,0.08930419846376492
0.8301502406766569,0.6827046480776154,-0.14744559259904144,-0.3471463299463917,0.7745560808685381,0.7287051042942658,-0.045850976574272284,-0.10622084320071501,0.7937615723832555,0.7567613687953236,-0.03700020358793188,-0.08870942411017779,-0.03638866829340137,-0.09322421193498132,0.07405672071770819,0.1652126939012326,0.11044538901110956
0.7921956162698005,0.7109133390251454,-0.08128227724465509,-0.18867057882307048,0.7447567824030311,0.7348740109580425,-0.009882771444988614,-0.022526498282075202,0.7646859304240756,0.7480072468608263,-0.016678683563249308,-0.03885721359928773,-0.027509685845724885,-0.06626964906793553,0.037093907835680895,0.08354371615584721,0.06460359368140578
0.82628903819543,0.4403670683963196,-0.38592196979911036,-0.8305323141480143,0.745150777578313,0.7108117340637672,-0.034339043514545864,-0.07720075659612968,0.7672008270874319,0.7486424780251699,-0.018558349062261947,-0.04333314032639146,-0.05908821110799811,-0.14718219887941064,0.3082754096288503,0.6400169749422122,0.3673636207368484
0.7831218399875803,0.6644309334056002,-0.11869090658198012,-0.26684320273714235,0.722508475505367,0.6846199700703739,-0.037888505434993114,-0.08300215596614069,0.7620773349318785,0.7456897256255602,-0.016387609306318218,-0.038049297670509574,-0.02104450505570188,-0.05021915875817795,0.08125879221996002,0.17857474630845482,0.1023032972756619
0.806432060867706,0.7257485197638399,-0.08068354110386611,-0.19123771395533362,0.7075526962788815,0.7369120858236405,0.02935938954475903,0.06556967792039958,0.7610109001247576,0.7393087338002292,-0.02170216632452837,-0.05014020819985543,-0.04542116074294844,-0.11046047731522624,0.013560214036389295,0.030637028440251957,0.058981374779337736
0.8138938768312433,0.6860183464885344,-0.12787553034270882,-0.2975055882150266,0.734095696097865,0.682640503705772,-0.05145519239209295,-0.1133082131629044,0.7515896953476596,0.7655156124300359,0.013925917082376227,0.03254317148935071,-0.06230418148358363,-0.15143391635513703,0.07949726594150142,0.17861484334924027,0.14180144742508505
0.8224222416396829,0.7215766918411246,-0.10084554979855831,-0.24170651473674143,0.7281633611449861,0.7524893517272843,0.024325990582298118,0.05549463284034095,0.8080321412396594,0.7693741843338179,-0.038657956905841506,-0.09478565956656348,-0.014390100400023531,-0.03708340590631165,0.04779749249269327,0.1098374492638663,0.0621875928927168
0.7813799637819437,0.6112237856412676,-0.17015617814067618,-0.37339660253805285,0.7236959957066746,0.7514412485755724,0.02774525286889773,0.06308333535489252,0.7581600437863533,0.7485392585115558,-0.009620785274797483,-0.02231977008671615,-0.023219919995590477,-0.055172448996267054,0.13731547287028822,0.29590438345506964,0.1605353928658787
0.8076120528457551,0.6788645551051625,-0.12874749774059258,-0.2968352628265125,0.7448283390345282,0.7369285918162389,-0.007899747218289233,-0.01803014303940831,0.7800525366449117,0.7337935562475658,-0.046258980397345884,-0.10795350348587718,-0.027559516200843404,-0.0681575758917905,0.05492900114240329,0.12072418344884484,0.08248851734324669
0.8086126590428995,0.7235566685434353,-0.08505599049946422,-0.20167568309015493,0.7188524665988357,0.7403172708231743,0.021464804224338607,0.04833366201860301,0.797695220282837,0.7232372168550261,-0.07445800342781095,-0.17493015286380897,-0.010917438760062459,-0.027459678484861527,-0.00031945168840918914,-0.0007141482585155678,0.01059798707165327
0.8291620397806237,0.6579876491034833,-0.17117439067714046,-0.39710570275240387,0.7427136931721577,0.7401055474794096,-0.002608145692748143,-0.00595659105333457,0.8086552242643644,0.7475467023503878,-0.06110852191397664,-0.14737707426606894,-0.020506815516259325,-0.05327073680884853,0.0895590532469045,0.1964578916774864,0.11006586876316382
0.7947746210603924,0.7250331311762558,-0.06974148988413664,-0.16366113357011614,0.7654181177891329,0.7269269009221504,-0.038491216866982536,-0.08850151478665635,0.8215015166478202,0.7835594860703,-0.037942030577520214,-0.09540926283562179,0.0267268955874278,0.06791227594327198,0.05852635489404423,0.13616414667776633,0.03179945930661643
0.79687788280392,0.7027828154923897,-0.09409506731153028,-0.2181208974068063,0.7105801712840435,0.7565792756459745,0.045999104361931,0.1041365145458597,0.7823897205314184,0.70368071058871,-0.07870900994270846,-0.18060293386490178,-0.014488162272501603,-0.035552487458058835,0.0008978950963202115,0.001965476083845674,0.015386057368821815
0.8452534894143522,0.6948779652448399,-0.15037552416951228,-0.3618231688390543,0.724000929300748,0.7576980695097105,0.03369714020896253,0.07694074180156196,0.7685714774763471,0.7234011393816259,-0.04517033809472126,-0.103858479921763,-0.07668201193800506,-0.19514344256165606,0.028523174136785956,0.06282124635563524,0.10520518607479101
0.8228083882334608,0.6710015947189009,-0.15180679351455995,-0.3527828560769539,0.733706467189121,0.7259115365509025,-0.007794930638218567,-0.017554249475022488,0.8191022256658731,0.7296077617193356,-0.08949446394653748,-0.21505181974128806,-0.003706162567587712,-0.009666944562642055,0.05860616700043475,0.1280640917730238,0.06231232956802246
0.7894353608474446,0.7095241262517819,-0.07991123459566274,-0.18494625924063213,0.7324080498448269,0.7335024483525713,0.0010943985077443985,0.002473688114746686,0.7736605819758817,0.755841967219761,-0.017818614756120676,-0.04201646331192599,-0.015774778871562867,-0.03818304517629034,0.046317840967979196,0.1047467507524158,0.06209261983954206
0.7993164304034995,0.6369782083614701,-0.1623382220420294,-0.3642888400945108,0.7377179291929633,0.7253789475446425,-0.012338981648320813,-0.02784519931480478,0.7636129363474584,0.7705321310951238,0.006919194747665336,0.016369584025125228,-0.03570349405604112,-0.08646076627973809,0.13355392273365363,0.29419765783989793,0.16925741678969475
0.7571260689907852,0.6556278141161882,-0.10149825487459696,-0.2236214128770342,0.7021968097520591,0.6938019914093153,-0.008394818342743804,-0.018284761551555118,0.774596765402705,0.6986231238628501,-0.07597364153985486,-0.17288468470770857,0.017470696411919784,0.04126348345093245,0.04299530974666188,0.09200021162025807,0.025524613334742097
0.84707834403312,0.700382888296034,-0.14669545573708598,-0.3548951555973028,0.7216364672600143,0.7507799738227116,0.029143506562697263,0.06615434257032682,0.7610969422662337,0.7174096427715427,-0.04368729949469097,-0.09958382748145755,-0.08598140176688629,-0.21782626879116762,0.01702675447550872,0.037485059324677605,0.10300815624239501
0.7891980335669908,0.6374972873795192,-0.15170074618747165,-0.33817706564198646,0.751748733369154,0.7377292521035951,-0.014019481265558964,-0.03215689162488378,0.7986593936938546,0.7028593841865564,-0.09580000950729828,-0.22238869458180455,0.009461360126863827,0.023392663246039724,0.0653620968070372,0.13918103430622164,0.05590073668017337
0.8201474294969683,0.7311652244881636,-0.08898220500880472,-0.21426046314900438,0.7329290801012469,0.7393771544467839,0.006448074345536958,0.014631106962019302,0.7712853197584657,0.7726424656264905,0.0013571458680248227,0.0032346452201772458,-0.04886210973850258,-0.12138772697218769,0.04147724113832696,0.09610738139699393,0.09033935087682954
0.8492412867108671,0.7087925385484491,-0.14044874816241792,-0.3424889288829336,0.7584425352021883,0.7244156330238352,-0.034026902178353136,-0.07775119397911734,0.7988683126449851,0.8056716356800598,0.006803323035074693,0.017082007817391442,-0.050372974065881926,-0.132599998959277,0.09687909713161069,0.22697093774104804,0.14725207119749262
0.7883038884854235,0.7195658522186158,-0.06873803626680774,-0.1599386589609808,0.7461139868651978,0.7389965664135828,-0.007117420451615009,-0.016278914917111642,0.7658824023538721,0.7439874211832739,-0.021894981170598182,-0.05091496774170068,-0.022421486131551482,-0.05388757166983815,0.02442156896465808,0.055136119549441975,0.04684305509620956
0.8282572782251748,0.6829298133527925,-0.14532746487238235,-0.34163243170117563,0.7037212718769257,0.7362978524336632,0.03257658055673751,0.07258198439993535,0.8219588192973107,0.7275245612877143,-0.09443425800959648,-0.22718038505470872,-0.00629845892786407,-0.016580968178895983,0.0445947479349218,0.09787107846757093,0.05089320686278587
0.8255452850995354,0.7140452431116157,-0.11150004198791974,-0.26664159849573466,0.7490523684542486,0.7012920326131541,-0.047760335841094514,-0.10707366043481659,0.7740884161548175,0.7417245778959645,-0.03236383825885303,-0.07559213926829988,-0.051456868944717904,-0.12883760492814567,0.027679334784348808,0.062211854299289104,0.07913620372906671
0.8195597482942526,0.7300364453192828,-0.0895233029749698,-0.21527559050472034,0.7425118331719728,0.7108407687297394,-0.03167106444223333,-0.07109122928620204,0.8033681717219375,0.7678867991694758,-0.035481372552461754,-0.08652472296467018,-0.01619157657231507,-0.04140448516217443,0.037850353850192975,0.08734638237787573,0.054041930422508044
0.8100819040732423,0.6999359644510433,-0.11014593962219899,-0.2575743858256976,0.7348275737903452,0.7286907777198693,-0.006136796070475903,-0.013851649319945203,0.7754313399105298,0.7242123103956075,-0.0512190295149223,-0.11839549995153575,-0.034650564162712505,-0.08555396370854718,0.02427634594456418,0.05362492216561465,0.05892691010727669
0.805839563607988,0.7014854931438369,-0.10435407046415113,-0.24342059995490284,0.7612347150835218,0.7457698169336644,-0.015464898149857409,-0.035887716104328504,0.8218274032640638,0.7608745020599331,-0.06095290120413066,-0.15036443878912964,0.015987839656075753,0.04108292448419926,0.05938900891609622,0.13413908564997246,0.04340116926002047
0.7832970560054142,0.6696951577397741,-0.11360189826564016,-0.25609791232934165,0.7128064463428405,0.7405617826805587,0.027755336337718206,0.062296837946207884,0.7879235330548683,0.7438544207514162,-0.04406911230345212,-0.1041764875443505,0.00462647704945407,0.011273285521990584,0.07415926301164211,0.16319471030698174,0.06953278596218804
0.8119645026101718,0.7339397736725993,-0.07802472893757251,-0.18687032981528695,0.7250856371394132,0.7199869373338831,-0.005098699805530127,-0.011387557955679917,0.7617756827973244,0.7933797286788238,0.03160404588149934,0.07603722538410373,-0.050188819812847396,-0.12274637765261787,0.059439955006224454,0.14016117754677282,0.10962877481907185
0.8383979027813876,0.7204708932472368,-0.1179270095341508,-0.2867536567176896,0.7504749866101811,0.7108143297279469,-0.03966065688223419,-0.08945537267044568,0.7782781885277953,0.7458976689588734,-0.03238051956892185,-0.07608464125973935,-0.060119714253592305,-0.15316624403055412,0.02542677571163665,0.05750277142739613,0.08554648996522896
0.8635179398597103,0.7381274783753305,-0.1253904614843797,-0.31760422995359283,0.7615447043950376,0.6838156248137847,-0.07772907958125297,-0.17401120671003723,0.7660961586935434,0.7849356915324509,0.01883953283890749,0.04516138034983275,-0.09742178116616684,-0.2528069743074104,0.04680821315712036,0.10995863599601519,0.1442299943232872
0.7702317336845366,0.7291005822379114,-0.04113115144662516,-0.09501750361870398,0.7280213470693093,0.7379943936550939,0.009973046585784573,0.022544528224361038,0.7979244908097959,0.7724570906416305,-0.0254674001681654,-0.0620356074675108,0.027692757125259315,0.06733450778529182,0.043356508403719074,0.100316403936485,0.01566375127845976
0.774148544181334,0.669564905776601,-0.10458363840473306,-0.23433485203874582,0.7347958315916955,0.760906173706041,0.026110342114345486,0.06014588040611235,0.7871070917395366,0.7557817474874033,-0.03132534425213329,-0.0746405755152626,0.012958547558202582,0.031317405533665355,0.08621684171080235,0.19101168205714858,0.07325829415259977
0.8605588657698992,0.6486068187352207,-0.2119520470346784,-0.5036412033639959,0.7125517058226217,0.7130364178878822,0.00048471206526046196,0.00107128523850486,0.7962539092399658,0.7209428439202168,-0.07531106531974896,-0.1764687717695379,-0.0643049565299334,-0.17124588354251902,0.07233602518499604,0.15592654805193895,0.13664098171492944
0.8081338753690733,0.6754088852728625,-0.13272499009621086,-0.3055504883224667,0.7345568252446614,0.7564634923266201,0.021906667081958764,0.05030414339853184,0.8458119482579497,0.740703067316706,-0.10510888094124371,-0.26147672860911,0.03767807288887637,0.0997402789397297,0.06529418204384352,0.1438140386530864,0.02761610915496715
0.7334982392230796,0.7821237985346355,0.04862555931155599,0.11363056844862074,0.7495482841851479,0.741105762437991,-0.008442521747156873,-0.019378518939438205,0.7949524202108013,0.7219456508395862,-0.07300676937121509,-0.17100438109870586,0.06145418098772171,0.1450499205788165,-0.06017814769504937,-0.1395850289685101,-0.12163232868277107
0.8223963899054079,0.7237704062520663,-0.09862598365334152,-0.236738666226461,0.7408532699322268,0.7325862965785596,-0.008266973353667217,-0.018771464713062347,0.7931789700748855,0.7888444116336432,-0.004334558441242309,-0.010660992384945,-0.029217419830522395,-0.07419674419240918,0.06507400538157682,0.15188092964910682,0.09429142521209921
0.8014295214369914,0.7171167471233736,-0.08431277431361783,-0.1978925367252602,0.7221606579895044,0.7532799244142391,0.031119266424734726,0.07077359892670865,0.8007963667952608,0.7712612325760558,-0.02953513421920495,-0.07205652074434798,-0.0006331546417306377,-0.001586206716077232,0.054144485452682245,0.12424980926483498,0.05477764009441288
0.8509676758562362,0.7092307245459688,-0.14173695131026742,-0.3463604874818418,0.7306024301533228,0.7418209338805756,0.011218503727252749,0.025458197023080942,0.8114926957549339,0.8056847865978681,-0.005807909157065749,-0.014763300323453077,-0.03947498010130235,-0.10555771686341986,0.09645406205189933,0.22603947029496885,0.13592904215320167
0.8420723865349257,0.6443664845037956,-0.19770590203113003,-0.46052728075598615,0.7425042522714334,0.7147458374464462,-0.0277584148249872,-0.06244307613961375,0.7803953762092531,0.7239963268438153,-0.056399049365437826,-0.13082174298933724,-0.06167701032567252,-0.15808990372655263,0.07962984234001969,0.17161563404009628,0.1413068526656922
0.8072635299949442,0.7223589369140564,-0.08490459308088782,-0.20092708273720783,0.746473128483032,0.7000109419632983,-0.04646218651973377,-0.10393206338036776,0.7974563339107436,0.7586399275370654,-0.038816406373678114,-0.09348752899430313,-0.009807196084200664,-0.02462933632171005,0.036280990623009046,0.08281021742119465,0.04608818670720971
0.7807233752834316,0.6884488838614055,-0.09227449142202615,-0.20968829321838856,0.7129758892190886,0.7245874431105802,0.0116115538914916,0.025827994137698873,0.8125405480034423,0.7400421734794743,-0.07249837452396801,-0.17448456109777322,0.03181717272001072,0.07910234621562218,0.05159328961806886,0.11430607833623752,0.019776116898058138
0.8296773220947032,0.7343369493139152,-0.095340372780788,-0.23217106304695134,0.7434589731681741,0.737234898887109,-0.006224074281065084,-0.014196043910811085,0.7748153005879826,0.7292748523828742,-0.0455404482051085,-0.10555947189251125,-0.05486202150672059,-0.13803806414880126,-0.0050620969310410935,-0.01142647299436117,0.0497999245756795
0.7823231963640177,0.6978463175183894,-0.08447687884562827,-0.19318283041124618,0.7087167816147466,0.7169763937380549,0.00825961212330828,0.01825637974312766,0.7281340730391229,0.681438712097247,-0.046695360941875874,-0.10244288057033057,-0.05418912332489478,-0.12620791879303628,-0.01640760542114239,-0.035467968952120676,0.03778151790375239
0.8563562205651225,0.6464387873706257,-0.20991743319449685,-0.4961225235385336,0.7010251797849881,0.755474933006691,0.05444975322170287,0.1225343568369126,0.7798468532381007,0.7835646175166552,0.003717764278554525,0.009000000822422471,-0.07650936732702185,-0.1993413768865886,0.13712583014602953,0.30578114747436747,0.21363519747305137
0.8258248645860223,0.7391582934139923,-0.08666657117203003,-0.2110205501734952,0.7439629645822298,0.763248703741064,0.019285739158834247,0.0447633835015826,0.7901355843520413,0.7629788164800106,-0.027156767872030696,-0.06522093708311516,-0.03568928023398099,-0.09069573277006837,0.02382052306601834,0.05510388032031166,0.05950980329999933
0.8245662170048117,0.7003232278420354,-0.12424298916277632,-0.2942210645964949,0.7264111903629096,0.7406839234206029,0.014272733057693276,0.03228626526939804,0.7585555882758555,0.7258265503657296,-0.032729037910125824,-0.07485505828670069,-0.06601062872895624,-0.16297098031324397,0.02550332252369425,0.05639502599655022,0.0915139512526505
0.8004549738874124,0.6576510843122683,-0.14280388957514412,-0.32386398180549336,0.686943405175242,0.7165862877352468,0.029642882560004802,0.06481352227254011,0.8228622002695273,0.7198473707614778,-0.10301482950804952,-0.24671283525449184,0.022407226382114898,0.0573325752855518,0.06219628644920949,0.13448372183655333,0.039789060067094595
0.7953466282345515,0.6649143285683247,-0.13043229966622683,-0.29579566526560486,0.7695747204876587,0.763706648909991,-0.005868071577667777,-0.013873771456218709,0.8041613559370617,0.7248515558334357,-0.07930980010362598,-0.18751268012358135,0.008814727702510239,0.022027860658026643,0.05993722726511108,0.13031084580005015,0.05112249956260084
0.8065357803451588,0.7341423503848739,-0.07239342996028497,-0.17259420416704918,0.7310440971674573,0.7370096093693346,0.005965512201877243,0.013501404327878053,0.7683806796062528,0.7234253792899056,-0.0449553003163472,-0.10335195432326616,-0.038155100738906045,-0.09334872953716822,-0.010716971094968275,-0.024106479693385197,0.02743812964393777
0.8207365210337282,0.7397775847367826,-0.08095893629694562,-0.19626916797702032,0.7281148359213213,0.7463729551974359,0.018258119276114537,0.04148894098143385,0.8031518699643803,0.7474705596668852,-0.05568131029749501,-0.1336372206614702,-0.017584651069347923,-0.04501259907870603,0.007692974930102681,0.01761934823684408,0.025277625999450604
0.7998249584914299,0.6146182375362977,-0.18520672095513213,-0.4117703797367842,0.7279967040062066,0.7418003121247821,0.013803608118575506,0.031275596056346444,0.7521617933281389,0.7731051750257385,0.020943381697599572,0.04923491360321952,-0.047663165163290944,-0.11446511657539915,0.15848693748944076,0.3465401767646046,0.2061501026527317
0.8007776474832223,0.6542847493413436,-0.1464928981418787,-0.3317578716617373,0.7276309547400329,0.7428587844645683,0.015227829724535402,0.034517534790760696,0.7835291025632714,0.7473854500988651,-0.036143652464406206,-0.08535872677824097,-0.01724854491995098,-0.042516738551718,0.09310070075752153,0.20388240633177834,0.11034924567747251
0.8414415957556015,0.6959787823355076,-0.14546281342009393,-0.3489436592506774,0.7074858653112907,0.7303664391645802,0.022880573853289565,0.05090903211400111,0.7879747597526965,0.7922108199230479,0.004236060170351386,0.010401939687581852,-0.05346683600290503,-0.13793693010671815,0.09623203758754029,0.2214086688315411,0.1496988735904453
0.8022656015988717,0.6816852524144427,-0.12058034918442906,-0.27729407203844425,0.7503074183395949,0.7463499553134479,-0.003957463026146968,-0.009119201130283194,0.781829337708455,0.7430150549810003,-0.038814282727454685,-0.09126701233664525,-0.02043626389041675,-0.05036873723135926,0.06132980256655762,0.13565832247043974,0.08176606645697437
0.8049819108174546,0.6762062545832048,-0.1287756562342498,-0.2958671840652245,0.688396862441986,0.7528368764443245,0.06444001400233856,0.1438302859167251,0.795797408590022,0.6825066732448274,-0.11329073534519463,-0.2593883734656983,-0.009184502227432612,-0.022979422998739896,0.006300418661622564,0.013499387600786283,0.015484920889055176
0.8269180075970062,0.7045143695931388,-0.12240363800386733,-0.2912537906729056,0.7055789752742513,0.7247837099979182,0.019204734723666905,0.04255701295529324,0.7885222389601095,0.7543442641820671,-0.03417797477804241,-0.08144442159069598,-0.03839576863689664,-0.09753798635299749,0.04982989458892828,0.11227138272921211,0.08822566322582492
0.8070981241521067,0.6334522899437864,-0.17364583420832025,-0.39118740725715706,0.7469899570043989,0.7310995940306998,-0.015890362973699057,-0.036187635784606265,0.7886313044253153,0.7279460307988798,-0.0606852736264355,-0.141998117136394,-0.018466819726791428,-0.04599471235326735,0.09449374085509332,0.20319457776749572,0.11296056058188475
0.7924741055635115,0.7541099547733964,-0.038364150790115126,-0.09169959992095267,0.7376520841138493,0.7235482755065492,-0.014103808607300095,-0.031792961700907174,0.7747939528916693,0.7857565541411944,0.010962601249525084,0.026477705162640586,-0.017680152671842198,-0.04294531452596795,0.03164659936779801,0.0752319905576253,0.04932675203964021
0.8090185501900077,0.6682657810226802,-0.14075276916732749,-0.3230122041035626,0.7172459759913288,0.7072315975097662,-0.010014378481562614,-0.022121254743419305,0.7874017734499258,0.7869844724691992,-0.00041730098072656485,-0.0010195674852635506,-0.02161677674008189,-0.05387933993206362,0.11871869144651903,0.2681132966862354,0.14033546818660092
0.8441021236651546,0.6234213568257134,-0.22068076683944116,-0.5095902129210133,0.6972664402409517,0.7047514639146333,0.0074850236736815345,0.016349705652854762,0.8007024473288841,0.746496598938057,-0.054205848390827094,-0.12973164694693828,-0.04339967633627051,-0.11375261651019741,0.12307524211234355,0.26610594946387756,0.16647491844861406
0.8334617485516053,0.6810326236137373,-0.15242912493786798,-0.3595897734221625,0.7355934588310031,0.7001049450151086,-0.03548851381589457,-0.0788900894866138,0.784533666585287,0.7428493232389138,-0.041684343346373165,-0.09820893818751664,-0.04892808196631826,-0.12470110381634392,0.06181669962517655,0.13667973141830192,0.11074478159149481
0.7834762511484148,0.6985953648558302,-0.08488088629258461,-0.19434786136518523,0.738640597424827,0.6971034520116254,-0.04153714541320164,-0.0923534468990459,0.7499757830572898,0.6932414102275611,-0.05673437282972871,-0.12672781991569027,-0.033500468091124946,-0.0792587350735312,-0.005353954628269042,-0.011638693624036245,0.028146513462855904
0.8089248873640112,0.7194298643563175,-0.08949502300769374,-0.2116758553910918,0.7458812723654091,0.7373365766452641,-0.008544695720145046,-0.019520168867386722,0.7670132552047546,0.7304647490597338,-0.03654850614502081,-0.08431359610269107,-0.04191163215925664,-0.10264922368199514,0.011034884703416292,0.024713035606405587,0.05294651686267293
0.7714484787759113,0.7266889130491476,-0.04475956572676365,-0.10333146286957984,0.7362917474554992,0.736532712138371,0.00024096468287182482,0.0005469281545864568,0.7963028571445624,0.7575644753008696,-0.038738381843692826,-0.09313184818645182,0.02485437836865112,0.0604070767326772,0.030875562251721944,0.07060669141580522,0.006021183883070824
0.7889895047071686,0.712752447517798,-0.07623705718937057,-0.17673023027923085,0.7612963388419455,0.7033100348636525,-0.05798630397829296,-0.131137677720514,0.7600884647598037,0.7874355746055096,0.027347109845705875,0.06538856614036259,-0.028901039947364815,-0.06919186401719646,0.07468312708771163,0.17292693240239698,0.10358416703507645
0.8306220925987008,0.6450292867788839,-0.18559280581981685,-0.42818804510540875,0.7334502887902167,0.7310456559581656,-0.002404632832051057,-0.005430680758455431,0.7620428907287823,0.7490890871045756,-0.012953803624206728,-0.030144923410772684,-0.0685792018699185,-0.17083477691385118,0.10405980032569162,0.2272083447807849,0.17263900219561013
0.8033311248247785,0.6243115093071465,-0.179019615517632,-0.40059681396514346,0.7146560371097576,0.7355202065171204,0.020864169407362798,0.04673891631644267,0.7770387734977602,0.7598513083727866,-0.0171874651249736,-0.0407516274036257,-0.02629235132701835,-0.06460073056402882,0.13553979906564007,0.29524445599748894,0.1618321503926584
0.8307179666397463,0.760263433647181,-0.07045453299256532,-0.17526383470414197,0.742545447620627,0.7407543363203568,-0.0017911113002702095,-0.004091846762494633,0.7554407618726414,0.6862181015378477,-0.06922266033479374,-0.15457722396884233,-0.07527720476710487,-0.18652180005383023,-0.07404533210933328,-0.16583518931853058,0.0012318726577715822
0.8416572265792186,0.6632018726151853,-0.17845535396403334,-0.419796191412543,0.7450883034507446,0.7244444990087588,-0.02064380444198577,-0.04677071475151573,0.7821550894161948,0.7799865030128585,-0.002168586403336281,-0.005244219596742372,-0.05950213716302377,-0.1526951840664137,0.11678463039767328,0.2618567877493869,0.17628676756069706
0.8011684264836281,0.7181458503790744,-0.08302257610455366,-0.19495207429273043,0.7346571564106771,0.747534258036571,0.01287710162589395,0.0293995854597755,0.7959331975917889,0.7628660929433538,-0.0330671046484351,-0.0797967795947101,-0.005235228891839139,-0.013052985159922148,0.04472024256427942,0.10210230953809818,0.04995547145611856
0.8244658511215367,0.6938376872992121,-0.13062816382232456,-0.3080710962581077,0.7207013540041141,0.73836050277426,0.01765914877014596,0.03975947426391491,0.8031026403709408,0.7525935158780177,-0.05050912449292311,-0.12168181069627115,-0.021363210750595885,-0.054899021202912124,0.05875582857880557,0.1314902643589244,0.08011903932940145
0.8541674585546035,0.7046816500437383,-0.14948580851086524,-0.36538042048183206,0.7121628318585657,0.7099685542403734,-0.002194277618192242,-0.004841030900158749,0.7509468545223698,0.7532940659089707,0.002347211386600989,0.005436122601955251,-0.10322060403223376,-0.2613496954473322,0.04861241586523246,0.10946684763645509,0.15183301989746623
0.7850463742579276,0.6742887608326588,-0.1107576134252688,-0.250565733099557,0.7333174962669397,0.7544249494508973,0.02110745318395768,0.04836595399534582,0.796916494321152,0.6865619932789481,-0.1103545010422039,-0.25344051775003207,0.01187012006322441,0.029195684533207977,0.012273232446289306,0.026320899882732895,0.0004031123830648964
0.8307630083194706,0.6843996141388796,-0.14636339418059097,-0.3451349842903326,0.7532450917935734,0.7238106983020852,-0.02943439349148813,-0.06700575191136071,0.7987042940455625,0.7535438748437951,-0.04516041920176739,-0.10846323939977465,-0.03205871427390805,-0.08258607551834318,0.06914426070491553,0.1540856693722148,0.10120297497882358
0.8030277424396024,0.7079787002626015,-0.09504904217700094,-0.22209679580132802,0.7364859489683268,0.7121807306910024,-0.024305218277324347,-0.05440417731943281,0.7434104117406294,0.756355038170898,0.012944626430268613,0.029891886432167336,-0.059617330698973015,-0.14264567672433737,0.04837633790829654,0.10934300550915799,0.10799366860726956
0.8119646451574111,0.7209365868864754,-0.09102805827093563,-0.21607499190529733,0.7254381871104899,0.7640866286971498,0.03864844158665992,0.08870089560954009,0.7830266493465873,0.6771116222037886,-0.10591502714279866,-0.23962707266455285,-0.02893799581082379,-0.07205028126602864,-0.04382496468268682,-0.09560236202528416,-0.014886968871863027
0.822253350463863,0.6695391500066815,-0.15271420045718154,-0.3544409511583695,0.7566000398885043,0.751263142734789,-0.005336897153715325,-0.0123908359715581,0.7581107278743427,0.7400277689798336,-0.01808295889450917,-0.04171519192878703,-0.0641426225895203,-0.1579447205332749,0.07048861897315206,0.15478103869630755,0.13463124156267237
0.7889468849191946,0.7014386357814568,-0.0875082491377378,-0.20148714957390945,0.7304438901414239,0.7483717964247343,0.017927906283310424,0.040847362767544304,0.7836950115973504,0.7515893786265058,-0.03210563297084468,-0.07605962079909734,-0.00525187332184418,-0.01281270020424996,0.050150742845048946,0.11261482857056215,0.055402616166893126
0.7899450533106291,0.6916329452947715,-0.09831210801585766,-0.22526418284675498,0.7511441899915328,0.7556620902069916,0.004517900215458837,0.010481735592973607,0.7732063398876322,0.7553764908252633,-0.017829849062368952,-0.04201453766907326,-0.01673871342299693,-0.04051885728345672,0.06374354553049177,0.142730787894225,0.0804822589534887
0.8397516106633347,0.7064881932941622,-0.13326341736917247,-0.32136556913576797,0.7087885018196082,0.7559400076491696,0.0471515058295614,0.10659476422591974,0.7616497711898069,0.7079864868000634,-0.05366328438974355,-0.1217059180920661,-0.07810183947352778,-0.19636691602707312,0.0014982935059011382,0.003292735016628745,0.07960013297942892
0.7903842380021083,0.6689155588357686,-0.12146867916633974,-0.27506078875054674,0.7185430664628982,0.7049672962785586,-0.013575770184339642,-0.02997404286640215,0.7308994563211045,0.7318806784896146,0.000981222168510043,0.002213767206380002,-0.059484781681003795,-0.1396501153286347,0.06296511965384599,0.13762444062829204,0.12244990133484979
0.7933341273394637,0.7057532019452463,-0.08758092539421747,-0.20283225683990236,0.7093693695728315,0.717252914974522,0.007883545401690562,0.017433550059608116,0.7940901679914486,0.7476279865303184,-0.046462181461130236,-0.11067751457306985,0.0007560406519848684,0.001868430595232784,0.0418747845850721,0.0940231728620653,0.04111874393308723
0.8094430257936063,0.6394066685580148,-0.17003635723559152,-0.3847655110505208,0.7375816746658618,0.7232727093452639,-0.014308965320597888,-0.0322489642408903,0.7534139874859497,0.7251606602742949,-0.028253327211654744,-0.06437596956262226,-0.0560290383076566,-0.1358225843412444,0.08575399171628018,0.18456695714665416,0.14178303002393677
0.7984157615868347,0.6492480781203361,-0.14916768346649856,-0.33642978009437674,0.7501403633661378,0.7488167609772095,-0.0013236023889282578,-0.0030546103841477823,0.7813304493212584,0.7273384924480405,-0.053991956873217894,-0.12559152453024103,-0.017085312265576302,-0.04194533319946592,0.07809041432770436,0.1688929223646698,0.09517572659328066
0.8157556907561642,0.7527726901813216,-0.06298300057484252,-0.15348696201795553,0.7265606102670188,0.7462023115097415,0.019641701242722687,0.044586846212058884,0.8132048619247113,0.7436879807411549,-0.06951688118355637,-0.16785661906003035,-0.002550828831452856,-0.0065621823761499165,-0.009084709440166705,-0.02093183941822474,-0.006533880608713849
0.8248413317394346,0.7463486879927826,-0.07849264374665199,-0.19198016743590696,0.7062956894094686,0.7794743605118751,0.0731786711024065,0.16782039731919696,0.7588060569357366,0.7418945357652275,-0.016911521170509092,-0.039078735178249335,-0.06603527480369809,-0.16310918047980127,-0.004454152227555186,-0.010207748222143653,0.0615811225761429
0.809338455474741,0.6994661615878047,-0.10987229388693631,-0.25670529444880885,0.7204273441429964,0.7336523191345901,0.013224974991593696,0.029688926842422525,0.7756694650178241,0.7469359130876584,-0.02873355193016569,-0.0674313712049055,-0.03366899045691696,-0.08308922666125174,0.04746975149985366,0.10618469658265162,0.08113874195677062
0.8207304208367775,0.6985545032495577,-0.1221759175872198,-0.2880363074254122,0.7075801196013042,0.7459944670988938,0.03841434749758965,0.08625390234780905,0.801159369021296,0.7001202754916788,-0.10103909352961726,-0.23462336886661683,-0.019571051815481466,-0.049998291397818306,0.0015657722421210662,0.003414647160977058,0.021136824057602532
0.8294681582745668,0.698104761342801,-0.1313633969317658,-0.3120189741863455,0.7215842941633968,0.7326406080163567,0.01105631385295991,0.024822044665104848,0.7478454615931888,0.7547338831221629,0.006888421528974176,0.015935964402877367,-0.081622696681378,-0.20077359616230117,0.05662912177936197,0.1271813424269217,0.13825181846073997
0.8334904982331657,0.7263777427537556,-0.10711275547941013,-0.26029615564975606,0.7566849095077325,0.6955632622027658,-0.06112164730496672,-0.13725165091566405,0.7717654928522407,0.7476706990759712,-0.024094793776269552,-0.05641023450139837,-0.06172500538092496,-0.15551143172929782,0.021292956322215617,0.04837448941905986,0.08301796170314057
0.7761167335983217,0.7117504683535567,-0.06436626524476496,-0.14773442533797176,0.7179054353089214,0.7430821370674981,0.02517670175857678,0.05675598866797671,0.8052567399904427,0.7537511782929046,-0.05150556169753806,-0.12442512389635096,0.029140006392121,0.07166787374284223,0.0420007099393479,0.09497717518446303,0.012860703547226904
0.8297103973399899,0.7102442062859534,-0.11946619105403644,-0.2860644804302632,0.7395280863399792,0.7455855444473783,0.006057458107399105,0.013854522299267202,0.7797451622992734,0.7974984876002743,0.017753325301000933,0.04349114142800836,-0.04996523504071648,-0.12627730513656,0.08725428131432089,0.2032783167217116,0.13721951635503737
0.8238369081948081,0.725281511589118,-0.09855539660569013,-0.23713149164850345,0.7482477483213698,0.7478448699802769,-0.00040287834109287157,-0.0009280029278695423,0.7900051701000143,0.7265823016421358,-0.06342286845787848,-0.14842919263395737,-0.033831738094793895,-0.0857860117737661,0.001300790053017753,0.002916287240779969,0.03513252814781165
0.7892378287493566,0.7211005362585552,-0.06813729249080136,-0.158807456441171,0.7346528838883035,0.746453419658796,0.011800535770492449,0.026923057477080015,0.7665356983019894,0.7685552707557676,0.002019572453778151,0.004781226259046534,-0.02270213044736713,-0.054632072818646904,0.04745473449721238,0.10895660988157063,0.07015686494457951
0.8306690619949256,0.658583262021621,-0.17208579997330464,-0.39986106158190804,0.7636541655292589,0.6777907099883532,-0.08586345554090569,-0.1918934863388677,0.8150367397934867,0.748122135753288,-0.06691460404019867,-0.16238039679568983,-0.015632322201438953,-0.04095348441686397,0.08953887373166702,0.19652718036935424,0.10517119593310598
0.8314592458492313,0.6604219950582192,-0.17103725079101206,-0.398089735590065,0.7360007244568072,0.7113248571787727,-0.024675867278034502,-0.055192636293202924,0.7690503013844484,0.7641273936281303,-0.004922907756318096,-0.011638178662711773,-0.062408944464782845,-0.15652816448616713,0.10370539856991112,0.2299233924411861,0.16611434303469397
0.8273713546915844,0.7213348529890894,-0.10603650170249501,-0.25526837187407025,0.7367060237922338,0.7250598741282076,-0.011646149664026217,-0.026260952336846444,0.7701675718691118,0.7533098017245564,-0.016857770144555362,-0.039575900362058825,-0.057203782822472626,-0.14300682040106238,0.031974948735467024,0.07268565111094905,0.08917873155793965
0.8109460515488695,0.7310126185895692,-0.07993343295930022,-0.19087912290011833,0.7517884971532012,0.7293481407233684,-0.022440356429832775,-0.05120661077962296,0.7534869122905162,0.7921223985338477,0.03863548624333146,0.09227885926687707,-0.05745913925835322,-0.13948620395166644,0.061109779944278464,0.14367177821532895,0.11856891920263168
0.8299706103823921,0.6574943627867748,-0.1724762475956173,-0.4002957483753036,0.7474239688714671,0.7388036829114569,-0.008620285960010188,-0.019730460652750637,0.7761703182655664,0.7620308183561523,-0.0141394999094141,-0.033556477136895246,-0.05380029211682569,-0.13557108572900134,0.10453645556937752,0.231168185509407,0.1583367476862032
0.8125884486794845,0.7180814740442308,-0.0945069746352537,-0.2240279363473361,0.725373045226067,0.6727352276551413,-0.05263781757092578,-0.11486091524117747,0.7789032808175042,0.7465731349280627,-0.0323301458894415,-0.07603797056491057,-0.03368516786198039,-0.08361750696413406,0.028491660883831815,0.06437245881829146,0.06217682874581221
0.8569777157658133,0.6732419144389037,-0.1837358013269096,-0.44131099957158826,0.7332524887084088,0.7284768145987427,-0.0047756741096660615,-0.010767989837704217,0.8086791774756513,0.7085392472570592,-0.10013993021859213,-0.23515179832310595,-0.04829853829016195,-0.12975083322430558,0.0352973328181555,0.07640836802417672,0.08359587110831745
0.8080516148093458,0.7032073603737831,-0.10484425443556278,-0.24525917259990648,0.7385270066545884,0.7619154397063957,0.023388433051807378,0.05404238959600294,0.8026720424646192,0.7656281153203474,-0.03704392714427185,-0.09011542299834696,-0.005379572344726635,-0.013587749348697109,0.062420754946564294,0.1415560002528624,0.06780032729129093
0.8319412045781948,0.734142350384874,-0.0977988541933208,-0.2386499279111982,0.7328342097846566,0.7254428550102262,-0.007391354774430425,-0.01663238036817649,0.8093349328264526,0.7224327196520793,-0.0869022131743733,-0.20602452945139005,-0.022606271751742124,-0.05894985589400337,-0.01170963073279463,-0.026324457434195203,0.010896641018947495
0.814722296439076,0.7009198524939401,-0.11380244394513594,-0.26731322637737964,0.7519973713858484,0.7399874294045746,-0.012009941981273808,-0.027591628183229577,0.790389277401761,0.7233364487603221,-0.06705282864143891,-0.1566415663549785,-0.024333019037314996,-0.06115348857856162,0.02241659626638204,0.04951817144383952,0.046749615303697034
0.7909320922122304,0.6525354121239806,-0.1383966800882498,-0.311006181910118,0.7705039311318383,0.6840776089947367,-0.08642632213710166,-0.1946109324744303,0.7827741781732355,0.7794662940499871,-0.003307884123248339,-0.008000024213090207,-0.008157914038994907,-0.019920973710039203,0.12693088192600654,0.28308518398698856,0.13508879596500145
0.8545115499752498,0.6853151904468651,-0.16919635952838474,-0.4084242851714539,0.7280561305143872,0.708763503381208,-0.019292627133179252,-0.04289961130985409,0.7956689141841657,0.7549124736379241,-0.04075644054624161,-0.09773550366415318,-0.058842635791084064,-0.15539513517944004,0.06959728319105907,0.1552936463278607,0.12843991898214313
0.8523574768133999,0.7031708267026137,-0.14918665011078625,-0.36357461154093196,0.7466298226053137,0.7815125488499309,0.03488272624461719,0.0822086371427071,0.8298755515292519,0.7560587153889622,-0.07381683614028967,-0.1828392841449853,-0.022481925284148052,-0.0615337980530124,0.05288788868634853,0.11920152934293426,0.07536981397049658
0.8056571252671678,0.6695882826532857,-0.13606884261388208,-0.31167878058250653,0.7173545058181693,0.7419220767765967,0.02456757095842743,0.05532681395008554,0.7871212473101545,0.7295721528395962,-0.05754909447055834,-0.13464684580445052,-0.01853587795701328,-0.04604164157989832,0.05998387018631046,0.1309902931981577,0.07851974814332374
0.8100386425470144,0.7151357100956283,-0.09490293245138615,-0.22404777784601526,0.7063215819914128,0.7321784909197661,0.02585690892835324,0.057554539802478155,0.7890316831337695,0.7390231866846276,-0.05000849644914185,-0.117924217627293,-0.02100695941324493,-0.05248786873664546,0.023887476588999368,0.05363569148207681,0.0448944360022443
0.8068875111032069,0.7131916047366814,-0.09369590636652547,-0.22034288814046654,0.7306089176408292,0.7402098369189036,0.009600919278074382,0.021765914094638017,0.7615904873008673,0.7513124308238229,-0.010278056477044384,-0.023946894053040957,-0.045297023802339575,-0.11025414465129568,0.03812082608714151,0.0861418494361299,0.08341784988948109
0.8371993141730422,0.67405953774763,-0.1631397764254121,-0.38458600925019604,0.712781851735555,0.752952309671253,0.04017045793569807,0.0908456480435289,0.7894990213400245,0.7651070330190607,-0.024391988320963787,-0.058646231834070583,-0.04770029283301769,-0.12265068356341846,0.09104749527143063,0.203289093852707,0.13874778810444832
0.854824938968295,0.6802524464691837,-0.17457249249911133,-0.4201920161998476,0.7233508002994568,0.7613145103642731,0.03796371006481636,0.08685646081394083,0.8019538076146825,0.7297516313747353,-0.07220217623994718,-0.1709587876312484,-0.052871131353612544,-0.14060651654537049,0.04949918490555161,0.10862671202322871,0.10237031625916415
0.8015489462147306,0.6753872939871645,-0.12616165222756615,-0.2889810032054738,0.7097802986158328,0.7347167992056924,0.024936500589859634,0.05568799696913107,0.8074126939710234,0.7334119912306217,-0.07400070274040171,-0.17646854233196096,0.005863747756292836,0.01478542117094861,0.05802469724345727,0.12729788204446146,0.05216094948716443
0.8285787134949412,0.6901304504268914,-0.1384482630680498,-0.32696293534745857,0.7217531079636658,0.7243678251242889,0.0026147171606231145,0.0058431361914221824,0.7677964067324564,0.7392858580532523,-0.028510548679204106,-0.06618224767771963,-0.06078230676248475,-0.15183172687028446,0.04915540762636095,0.10894896079945449,0.1099377143888457
0.807884936783232,0.6581809212423413,-0.14970401554089074,-0.3414707957605141,0.735304730456449,0.7164655604509432,-0.018839170005505723,-0.04223948919580467,0.7865228657918832,0.6890232943486506,-0.09749957144323262,-0.22253213080204004,-0.02136207099134879,-0.05314516834962246,0.03084237310630933,0.06579349660885159,0.05220444409765812
0.8374842151622474,0.6579550890560667,-0.17952912610618066,-0.4195061091134913,0.7381932281630381,0.7642718104646677,0.026078582301629627,0.06034380544669915,0.8006343088767047,0.7600244845078484,-0.040609824368856295,-0.09817954447411692,-0.03684990628554263,-0.09583408935736681,0.10206939545178173,0.22549247528200755,0.13891930173732436
0.7878895915882699,0.6731309203114405,-0.11475867127682937,-0.2599733352877567,0.7461525046637275,0.7489725235031606,0.0028200188394330583,0.006491616181262483,0.7706998213126103,0.7228980758841471,-0.04780174542846316,-0.11003745779407659,-0.0171897702756596,-0.041455891966356795,0.04976715557270661,0.1084799855273233,0.06695692584836621
0.7974114699728032,0.7217881037191812,-0.07562336625362198,-0.17746036701852486,0.7336275093601037,0.7154961594240606,-0.01813134993604304,-0.04059128297840919,0.7623973887547587,0.7605375995273823,-0.001859789227376396,-0.004363801545977708,-0.0350140812180445,-0.08457136207565918,0.038749495808201084,0.08852520339688796,0.07376357702624559
0.8203222245056129,0.6698775405752427,-0.15044468393037014,-0.34868080008978763,0.7174150407124106,0.7323418541853558,0.014926813472945222,0.033427801262535084,0.7731523964459192,0.7268612685671627,-0.046291127878756444,-0.10700794599839059,-0.04716982805969372,-0.11739115016790347,0.056983727991919975,0.12428170392349358,0.1041535560516137
0.8347980224268134,0.6759654570158443,-0.15883256541096913,-0.3740315810341428,0.7447870045719588,0.7243215923354862,-0.02046541223647258,-0.046354564697231204,0.7971939830482949,0.7776136301060482,-0.019580352942246693,-0.04786817767297391,-0.03760403937851853,-0.09716040469818399,0.10164817309020391,0.2290029986629849,0.13925221246872244
0.8134573115996359,0.730691303976219,-0.0827660076234169,-0.19803366811145473,0.7450010183792571,0.7435099147617401,-0.0014911036175170311,-0.003417779477506766,0.7961233262995061,0.7710612938580735,-0.02506203244143257,-0.06088319786081442,-0.01733398530012975,-0.043742384144553004,0.040369989881854584,0.0934080861060873,0.057703975181984335
0.8267149662602914,0.7071786657711722,-0.11953630048911923,-0.2848701090123107,0.7494383844344057,0.721322672947657,-0.02811571148674874,-0.06375563136252893,0.7917236949799378,0.7308032430470134,-0.06092045193292439,-0.14316169664290745,-0.03499127128035362,-0.08913964193571156,0.02362457727584122,0.05256877043369168,0.05861584855619484
0.816969559548288,0.6777199053362951,-0.13924965421199287,-0.32325144446181686,0.7558712556812271,0.7434748499025104,-0.012396405778716701,-0.028617759056818404,0.7663051100253515,0.7124165258726086,-0.05388858415274289,-0.12290417523905672,-0.05066444952293647,-0.12495437177174118,0.034696620536313505,0.07539289745101896,0.08536107005924998
0.8207346451158736,0.7666989766352961,-0.0540356684805775,-0.13379935904152518,0.7533246827542671,0.7414824500178007,-0.011842232736466451,-0.02725642692210828,0.7418318113987384,0.7525557454701985,0.010723934071460106,0.024675464963619387,-0.07890283371713513,-0.19157631955003307,-0.014143231165097525,-0.033101495544888504,0.06475960255203761
0.826816206626059,0.659208481257821,-0.16760772536823798,-0.38831511094248805,0.7391229187679372,0.7333640109976174,-0.005758907770319843,-0.013068734581805241,0.7615973975164367,0.7346156225976942,-0.02698177491874254,-0.062175443326946134,-0.0652188091096223,-0.16177869424839741,0.07540714133987314,0.1643609733671445,0.14062595044949544
0.8161800342990141,0.6528143295726992,-0.16336570472631484,-0.3739973553925411,0.7282505411242156,0.7334463024706365,0.005195761346420857,0.011714980620786797,0.7909857969330517,0.6702757755259986,-0.12071002140705311,-0.2736476037366,-0.02519423736596238,-0.06344491194888446,0.017461445953299348,0.0369048397070566,0.04265568331926173
0.829882745740242,0.6627860727041549,-0.1670966730360871,-0.3888898735778832,0.7334718344640018,0.7585137908697331,0.02504195640573137,0.057543370396396565,0.7554760302705192,0.7678655744211409,0.012389544150621656,0.029081424328306404,-0.07440671546972277,-0.1842146757758587,0.10507950171698599,0.23375662213033088,0.17948621718670876
0.8029580620831996,0.7267242464594125,-0.07623381562378717,-0.18028627115077978,0.7440695299911897,0.7477987214645697,0.0037291914733800224,0.00856631176424516,0.7582570123681642,0.7294960471824293,-0.0287609651857349,-0.06591445367328452,-0.04470104971503541,-0.10814210191522289,0.0027718007230168595,0.006229715562272364,0.04747285043805227
0.775311543477948,0.6856782241334303,-0.08963331934451768,-0.20264097350758337,0.7171650235983994,0.7120765747088158,-0.005088448889583597,-0.01126782999998266,0.8168017953806056,0.7471357460472773,-0.06966604933332832,-0.16920563947986844,0.04149025190265765,0.10309175277567784,0.06145752191384701,0.13652708680339276,0.019967270011189364
0.8113988117840467,0.7384637535010317,-0.07293505828301505,-0.17515769459683073,0.74727635353094,0.756503571652512,0.009227218121572012,0.02136427521527784,0.7573536978213739,0.6888813007739037,-0.0684723970474701,-0.15328768107538004,-0.054045113962672864,-0.13164707736911474,-0.04958245272712791,-0.10977706384766406,0.004462661235544951
0.792495274786709,0.7116029575224662,-0.08089231726424284,-0.18788759070363925,0.7440753326061197,0.735343862759997,-0.00873146984612272,-0.019899457462767778,0.7963933633473346,0.7570971127598295,-0.03929625058750508,-0.09444678340059687,0.0038980885606255677,0.009646273992588217,0.04549415523736333,0.1030870812956306,0.041596066676737764
0.8121768110989976,0.7080605748705951,-0.10411623622840249,-0.24512835654016074,0.7404562710243437,0.7506415189101121,0.010185247885768356,0.023385717584817556,0.8010732545199554,0.7482789536411669,-0.05279430087878845,-0.1265582247447532,-0.011103556579042273,-0.028116827377292708,0.04021837877057177,0.09045330441811483,0.051321935349614045
0.7985873719915992,0.7219554259695807,-0.0766319460220185,-0.18001577252913403,0.7582680582919868,0.714430314663704,-0.043837743628282855,-0.09956949807303328,0.7688172509749537,0.7551089282325024,-0.013708322742451262,-0.03219105741558481,-0.029770121016645557,-0.07234505930018109,0.033153502262921686,0.07547965581336813,0.06292362327956724
0.8332110425658678,0.6588243190561623,-0.1743867235097054,-0.40615090409297117,0.7328830192494551,0.7466889447716988,0.01380592552224369,0.031468867465985095,0.7820907575095454,0.7836180063102612,0.0015272488007158636,0.003704199453051782,-0.05112028505632238,-0.1299579673855562,0.1247936872540989,0.27989713616046674,0.17591397231042127
0.8817394890948531,0.6812759066030631,-0.20046358249178997,-0.49767836361215445,0.7572899421175263,0.7402643701088354,-0.017025572008690926,-0.039260089541850896,0.7733693583168689,0.7029643088962186,-0.07040504942065029,-0.16046957694457986,-0.10837013077798419,-0.29021863001723824,0.021688402293155495,0.046990156650336345,0.13005853307113968
0.8015245871549883,0.6224873491829674,-0.17903723797202087,-0.3998244537005673,0.7560521116576489,0.7129724816634759,-0.04307962999417292,-0.09762676745446841,0.7761468301036004,0.7745878301932209,-0.0015589999103795549,-0.003735566430546289,-0.025377757051387895,-0.06220496303882728,0.15210048101025342,0.33388392423119373,0.1774782380616413
0.8314878097317503,0.7179968674280274,-0.11349094230372292,-0.2736443020212018,0.7267928534314491,0.7207005405113885,-0.006092312920060516,-0.013625142334303675,0.795801509029577,0.7443326202390294,-0.05146888879054767,-0.12248644818681553,-0.03568630070217327,-0.09174081140741563,0.026335752811001978,0.059417042426970657,0.062022053513175246
0.8324028816935661,0.6558213202970227,-0.17658156139654346,-0.4103124952873014,0.6839177478717803,0.7753604494437797,0.09144270157199941,0.20654741627979822,0.7955699141039497,0.7166912211021428,-0.07887869300180694,-0.18422866386825998,-0.036832967589616405,-0.09476248005104804,0.060869900805120114,0.1313213513679934,0.09770286839473652
0.8213756493642833,0.7358318654657326,-0.08554378389855066,-0.20690768309365248,0.7290208842033349,0.7164186410878424,-0.012602243115492517,-0.028153242738121254,0.7904781010231455,0.7548994242863029,-0.035578676736842674,-0.08495203137308316,-0.03089754834113778,-0.0781813128809925,0.019067558820570207,0.04377433883957682,0.04996510716170799
0.8293554729129532,0.7345150854586202,-0.09484038745433299,-0.23091185809455705,0.7356576621160044,0.7357118261033279,5.41639873234967e-05,0.00012282976977884275,0.7716391395044754,0.7787981243158183,0.007158984811342917,0.01715028923119677,-0.057716333408477816,-0.14476721700508,0.04428303885719809,0.10329493032067383,0.1019993722656759
0.7862861228013068,0.6560328414812738,-0.130253281320033,-0.2922733501482715,0.7259725232876052,0.7447359287776236,0.018763405490018426,0.042539423908671825,0.7811359751494416,0.7445746102486467,-0.03656136490079487,-0.08601657441180777,-0.005150147651865278,-0.012509253506997275,0.08854176876737285,0.19374752222946645,0.09369191641923813
0.8127358886963751,0.639099160364635,-0.17363672833174015,-0.3938181657657087,0.7569347762745019,0.7448230631308586,-0.012111713143643343,-0.028005536849190715,0.7712040226210712,0.7140482102650711,-0.05715581235600009,-0.13091542146799195,-0.0415318660753039,-0.10243524451071773,0.07494904990043616,0.16046749978699903,0.11648091597574006
0.797214115120685,0.6835381327505589,-0.1136759823701261,-0.2606905285128496,0.7481503770811865,0.7353212836845578,-0.012829093396628632,-0.029313592089331486,0.7818169346393938,0.7588549301219413,-0.02296200451745256,-0.054606465270938376,-0.015397180481291128,-0.03777597993278681,0.07531679737138242,0.1683080833091244,0.09071397785267354
0.8165467536135299,0.6964960187991368,-0.1200507348143931,-0.2816599284367869,0.7167153104377196,0.6926436601719702,-0.024071650265749422,-0.05277692751074747,0.8004249550953363,0.760882184791873,-0.039542770303463315,-0.09564606336786552,-0.01612179851819362,-0.04097918233205,0.06438616599273617,0.14503468273687137,0.08050796451092979
0.8272622124611836,0.655061744782356,-0.17220046767882757,-0.398230491995045,0.7466246692451836,0.7334101987507221,-0.01321447049446145,-0.030129218189324458,0.780705133700792,0.7398192503211449,-0.04088588337964705,-0.09584630496185342,-0.04655707876039161,-0.1174644254959718,0.08475750553878891,0.18491976153721978,0.13131458429918053
0.7920534326742167,0.6959177287534893,-0.09613570392072734,-0.22115353083003453,0.7513305140404286,0.7298439603738833,-0.021486553666545283,-0.04903044354946395,0.7860129761702456,0.7415029641818602,-0.044510011988385334,-0.10488929769690092,-0.0060404565039711144,-0.014805565755875882,0.045585235428370896,0.10145866737725773,0.05162569193234201
0.8178240357746313,0.7454515465606445,-0.07237248921398676,-0.17572168202040217,0.7477109868963515,0.7501436346387477,0.0024326477423961546,0.005609973207693741,0.7805442482762205,0.7538451789403385,-0.026699069335881953,-0.06319837686148455,-0.037279787498410766,-0.09314751198566418,0.008393632379694038,0.01937579317325344,0.045673419878104804
0.8368168545584841,0.6786569769068028,-0.15815987765168127,-0.3737240621215725,0.7352463044309095,0.7679929901182594,0.03274668568734984,0.07582627103752415,0.8071436584151632,0.7479662893697019,-0.05917736904546134,-0.14257401356142063,-0.029673196143320868,-0.07763199805468712,0.06930931246289906,0.15351805050546474,0.09898250860621993
0.7733397332927141,0.68364471911387,-0.08969501417884407,-0.20230042673822335,0.7427794705755372,0.7406454415528256,-0.0021340290227115366,-0.004875639959191158,0.7459550558931398,0.7481374556751526,0.002182399782012734,0.005020429869801557,-0.027384677399574286,-0.06411121786350016,0.06449273656128252,0.14320963874452475,0.0918774139608568
0.7954401471517065,0.6719490784745349,-0.12349106867717163,-0.28108443454566734,0.7177582240038017,0.7429626386251429,0.025204414621341154,0.056809612599657555,0.7913396856898026,0.6764690818786422,-0.11487060381116043,-0.2613121765686439,-0.004100461461903904,-0.010127877035243316,0.004520003404107298,0.009644380941780106,0.008620464866011202
0.826291620574323,0.6932702468190547,-0.13302137375526835,-0.31411113240782274,0.6857801501139208,0.7507700447676083,0.06498989465368754,0.14468895833512985,0.8208940185076052,0.7505079164468196,-0.07038610206078566,-0.1720554084239878,-0.005397602066717799,-0.014161130786863207,0.05723766962776489,0.12789459319697172,0.06263527169448269
0.7797049412799515,0.720251570674345,-0.059453370605606515,-0.13751465007965535,0.7448661036835188,0.715655670644491,-0.029210433039027817,-0.06583681939194541,0.7728407546073349,0.7467038802052639,-0.02613687440207102,-0.06119886960436194,-0.006864186672616568,-0.016471529315400968,0.026452309530918927,0.05984425115989245,0.033316496203535495
0.7732684911482002,0.6413196027915861,-0.1319488883566141,-0.29167897489464334,0.7381163169369317,0.7375000921097251,-0.0006162248272065796,-0.0014010639848396345,0.7929646700841028,0.7720031839118175,-0.020961486172285215,-0.05082193509480604,0.019696178935902586,0.04780304059514462,0.13068358112023148,0.2886600803949819,0.1109874021843289
0.8496438417586112,0.641677224304792,-0.20796661745381917,-0.48711042496586465,0.7325290239944411,0.7378649838918571,0.005335959897415976,0.01209355956653635,0.7973527671134457,0.7346055067408,-0.06274726037264566,-0.14850219904462536,-0.05229107464516547,-0.1375012185731621,0.09292828243600804,0.20110700734807718,0.1452193570811735
0.8408662394148387,0.6515338888343924,-0.18933235058044628,-0.44221790099937985,0.7640372859226341,0.7236726907227241,-0.04036459519990998,-0.09253665821422796,0.7963499827689452,0.7355731061688561,-0.060776876600089125,-0.1438171470644809,-0.04451625664589354,-0.11572113922287253,0.08403921733446362,0.18267961471202643,0.12855547398035716
0.8303133689990613,0.6952662342389145,-0.13504713476014674,-0.3204433883302735,0.7440313688639607,0.7608218593636664,0.016790490499705713,0.038907635959124054,0.7749233892101323,0.7584014468753891,-0.016521942334743134,-0.039068544933469784,-0.05538997978892901,-0.13947252357805429,0.06313521263647459,0.14190231981874946,0.1185251924254036
0.7942967815103157,0.8031878081438064,0.008891026633490728,0.022176654776586258,0.7651887618481137,0.7031512187587694,-0.06203754308934428,-0.14064204800404734,0.7503077743397761,0.7651071965219537,0.014799422182177557,0.03454371206389073,-0.04398900717053955,-0.10500832484365885,-0.03808061162185272,-0.09264126755635438,0.005908395548686829
0.7810395424007385,0.6800903408122821,-0.10094920158845633,-0.2284358463903171,0.7239642424913445,0.7363078286820182,0.012343586190673661,0.027809443325494065,0.7663698060468201,0.7540558277468169,-0.012313978300003248,-0.02884361175435579,-0.014669736353918328,-0.035062890698126736,0.07396548693453475,0.16452934393783458,0.08863522328845308
0.8187131472450383,0.6742773999046858,-0.14443574734035247,-0.33512460912631825,0.6989384993815629,0.7365658682526454,0.03762736887108242,0.08364055482600685,0.7655183352632067,0.7177342083201986,-0.04778412694300804,-0.10926496895652038,-0.053194811981831625,-0.13132984970838812,0.043456808415512804,0.09452979046140975,0.09665162039734443
0.8381692709871692,0.6877630861960548,-0.15040618479111445,-0.35781596955412653,0.7343812707918755,0.730226373573811,-0.004154897218064502,-0.009384182795561635,0.7896348044570609,0.7364892403864589,-0.053145564070602,-0.1251641350579611,-0.04853446653010829,-0.12494803257655018,0.04872615419040416,0.10770380191961526,0.09726062072051245
0.8337780959963871,0.6467431140207972,-0.18703498197558988,-0.43305008894186825,0.7209489036387159,0.7254425217104347,0.004493618071718775,0.010043498473053969,0.788896164449527,0.7601025764551013,-0.028793587994425773,-0.06893007534291096,-0.04488193154686004,-0.11490049486418341,0.11335946243430406,0.24921951873477388,0.1582413939811641
0.8274475635076858,0.6914126333330503,-0.13603493017463553,-0.3211912328903632,0.7212224088926825,0.7799090049295132,0.058686596036830685,0.13584313605729514,0.7729229637170126,0.7694089023762699,-0.0035140613407427246,-0.008365230838443427,-0.054524599790673145,-0.13664545888689483,0.07799626904321966,0.17618054316502496,0.1325208688338928
0.8209962120206441,0.739469466069226,-0.08152674595141807,-0.1976485123430871,0.7050626301188286,0.7248645607668197,0.019801930647991073,0.04387063627093357,0.7636829591460469,0.7299763081778948,-0.03370665096815206,-0.07755549826718466,-0.05731325287459721,-0.14159677846667895,-0.009493157891331205,-0.021503764390776503,0.047820094983266004
0.768161967655328,0.7676053731648489,-0.0005565944904790676,-0.0013183733309984902,0.7509126904064546,0.7160317965894195,-0.034880893817035075,-0.07892810810834527,0.784128300065159,0.7597757845662055,-0.024352515498953453,-0.05805952935966241,0.01596633240983103,0.03830998362865534,-0.007829588598643356,-0.018431172400008577,-0.023795921008474386
0.7915753123932667,0.686363267935585,-0.10521204445768173,-0.24065610097265844,0.7473398785615665,0.7115517310307434,-0.035788147530823045,-0.08059856688589484,0.7934170973592977,0.7260393637836747,-0.06737773357562293,-0.15804902433016998,0.0018417849660309349,0.004541802676215845,0.03967609584808973,0.0871488793187043,0.0378343108820588
0.8148736452734452,0.7161262286094864,-0.09874741666395881,-0.2342386956654119,0.7390241945699562,0.7604838957249016,0.021459701154945443,0.04955294866378113,0.7790099476370442,0.7827231999145932,0.0037132522775489285,0.008976668763513995,-0.03586369763640096,-0.0892301313574646,0.06659697130510678,0.15398523307146128,0.10246066894150774
0.8005674273435023,0.7362379207090163,-0.064329506634486,-0.15282259642144913,0.7706994143421347,0.7403687190247595,-0.0303306953173752,-0.07060446220260941,0.7839443383071059,0.7325942089547586,-0.051350129352347285,-0.12009105802644582,-0.01662308903639642,-0.04098192503634124,-0.0036437117542577058,-0.008250386641337926,0.012979377282138715
0.8295967731003543,0.7126638592440399,-0.11693291385631444,-0.2804218471263744,0.744259599927671,0.7268773936215892,-0.017382206306081782,-0.03941748678848711,0.802036457223672,0.7522090929395606,-0.049827364284111386,-0.11989401613591832,-0.027560315876682284,-0.071143774816957,0.039545233695520765,0.0893840561734991,0.06710554957220305
0.7712268683122513,0.7482504867928116,-0.022976381519439704,-0.053792043071954954,0.7467682883653093,0.7200820489113431,-0.0266862394539662,-0.06036998023330353,0.78381238013491,0.7536011562627559,-0.030211223872154025,-0.07168245937280382,0.012585511822658657,0.030262727035841763,0.005350669469944336,0.012372310734992897,-0.007234842352714321
0.7936996404327678,0.722184467592737,-0.07151517284003073,-0.16737182492937608,0.7131860856186365,0.7509355629426807,0.03774947732404421,0.08528240313879243,0.7990321409084059,0.6801996232739347,-0.11883251763447122,-0.2723877825970329,0.005332500475638158,0.013242123813234752,-0.04198484431880234,-0.09177383385442206,-0.0473173447944405
0.8229081780053257,0.6722890576502788,-0.15061912035504688,-0.35030269846757967,0.736676425838259,0.7013375132991189,-0.03533891253914012,-0.07865578074189172,0.7841775885218456,0.7357640522310213,-0.048413536290824344,-0.11348256128909462,-0.03873058948348007,-0.09758666346829203,0.06347499458074246,0.139233473710193,0.10220558406422253
0.8193070808828038,0.6966485131439327,-0.12265856773887107,-0.288481148600225,0.7509698654237376,0.7262928213520423,-0.024677044071695242,-0.05617721350542082,0.779184530626908,0.7090261538151372,-0.07015837681177073,-0.16111832235323176,-0.04012255025589584,-0.10027747587559066,0.012377640671204504,0.027085350371402583,0.05250019092710034
0.8207013872146983,0.6692117873591656,-0.15148959985553268,-0.3510841799206148,0.7222462877679644,0.721172364329135,-0.001073923438829394,-0.002396310089876952,0.7716071055450442,0.7162846031207516,-0.0553225024242926,-0.12692023996034507,-0.04909428166965413,-0.12206461405783431,0.04707281576158595,0.10209932590243542,0.09616709743124008
0.8224549073006379,0.6825624544110397,-0.13989245288959817,-0.32713830177287506,0.7340140425642607,0.7567579147182578,0.02274387215399709,0.05221905107398772,0.7935622424445166,0.7492329766928872,-0.04432926575162932,-0.1056737043060556,-0.028892664856121297,-0.07340325420141847,0.06667052228184756,0.148061343265401,0.09556318713796885
0.7895871430075158,0.6832428367521269,-0.10634430625538882,-0.24248636016116376,0.6960293062592697,0.7107639267823762,0.014734620523106479,0.032261221535341056,0.7506783630754915,0.8075963176222786,0.05691795454678705,0.13746418955051443,-0.03890877993202424,-0.09254933522113351,0.12435348087015163,0.2874012144905447,0.16326226080217587
0.8264091558118828,0.7096820805877484,-0.11672707522413439,-0.27855416862134463,0.7099529049678225,0.7525961492275997,0.04264324425977717,0.09626323997861652,0.7800743826139963,0.751565626039444,-0.02850875657455232,-0.0673471485030328,-0.04633477319788648,-0.1167335997317358,0.04188354545169559,0.09447342038657602,0.08821831864958207
0.794969898659768,0.6786865697728613,-0.11628332888690662,-0.2655305046607208,0.7487926441447822,0.7935412134962574,0.0447485693514752,0.1066373209836402,0.7760724827002748,0.7490923414392524,-0.02698014126102244,-0.0634308374927226,-0.018897415959493125,-0.04604954871105926,0.07040577166639106,0.15605011845693895,0.08930318762588418
0.8471113775778564,0.6772025084985698,-0.1699088690792866,-0.40506176362192625,0.7222066575247065,0.7033275167676377,-0.018879140757068757,-0.041729552353358734,0.8149722754152006,0.7660531543495789,-0.048919121065621685,-0.1203954528675899,-0.03213910216265581,-0.08585765799894052,0.0888506458510091,0.19880865275539583,0.12098974801366491
0.8123988406824466,0.6574047334270353,-0.1549941072554113,-0.3546164769603377,0.7006368732037528,0.7389086750568485,0.038271801853095755,0.08526135479880659,0.7736087300292237,0.7043435836548761,-0.06926514637434755,-0.15802100016533616,-0.03879011065322291,-0.09583623188331591,0.046938850227840834,0.10075924491168564,0.08572896088106374
0.8022124816071846,0.696833384749122,-0.10537909685806257,-0.24442680295463104,0.7541819859013801,0.7415044376742967,-0.012677548227083335,-0.029196121523808127,0.7878198161294642,0.7320234654062588,-0.055796350723205324,-0.13082778415460394,-0.014392665477720445,-0.03565769902087057,0.0351900806571368,0.07794131977915653,0.04958274613485725
0.8077128447425698,0.6531694816640471,-0.15454336307852268,-0.35158123406146835,0.7654254756492026,0.7060510922735596,-0.05937438337564305,-0.13484429327472203,0.7984786854534581,0.7998070911371636,0.0013284056837055136,0.0033157015372702325,-0.009234159289111643,-0.02322271192457004,0.14663760947311655,0.33167422367416854,0.1558717687622282
0.791919968436134,0.7736399906784972,-0.01827997775763679,-0.044339590101490245,0.7367201864743237,0.7406833320866283,0.003963145612304597,0.009020694942492025,0.761299355396497,0.7375248446024981,-0.023774510793998838,-0.0548756742039882,-0.030620613039637035,-0.07355426962857559,-0.03611514607599908,-0.08409035373107354,-0.005494533036362048
0.8424628281358926,0.6701140353819587,-0.1723487927539339,-0.4073422324866556,0.7255781058540706,0.7445966077549295,0.019018501900858964,0.04310401666881347,0.7545725553653823,0.7737191922515351,0.019146636886152812,0.045108899392682034,-0.08789027277051031,-0.22031043234407788,0.10360515686957639,0.23214069953525973,0.1914954296400867
0.8100264229999476,0.7306505962695521,-0.07937582673039556,-0.18934886243591587,0.7040706859390506,0.7273373978227436,0.023266711883693003,0.05158983678037221,0.7554282136953718,0.7674527078460406,0.012024494150668752,0.028215069026127804,-0.05459820930457582,-0.1326293305220818,0.036802111576488494,0.08493460093996186,0.09140032088106431
0.8173114904591187,0.716908220744925,-0.10040326971419367,-0.23879631782140986,0.7464911136659867,0.7436991375265105,-0.0027919761394762377,-0.006406461470325198,0.7912721609674341,0.7455716203384201,-0.045700540629014075,-0.10845380319345344,-0.026039329491684526,-0.06566506140671802,0.028663399593495065,0.06467745322123841,0.05470272908517959
0.8120141320376885,0.6376952934771479,-0.17431883856054053,-0.39489135783200835,0.7063413769482095,0.7522732712879941,0.04593189433978462,0.10345932172643946,0.790073026646573,0.7361676326878747,-0.05390539395869831,-0.12696965149695316,-0.02194110539111549,-0.05497934110317715,0.09847233921072673,0.21294236523187804,0.12041344460184222
0.8641440553930305,0.6082300061253741,-0.2559140492676564,-0.5976334530781773,0.7124810253667068,0.74651432751108,0.03403330214437328,0.0766475312507704,0.7868364515663595,0.7809231024080233,-0.00591334915833619,-0.01436713442245896,-0.07730760382667101,-0.20483749594983358,0.17269309628264917,0.37842882270588474,0.2500007001093202
0.8318338034226122,0.6202418158474942,-0.211591987575118,-0.4828471246949142,0.7568120505175632,0.7686266288837933,0.011814578366230122,0.02777375555458761,0.8084922103331816,0.7145099148369125,-0.09398229549626913,-0.22149766916102642,-0.023341593089430512,-0.06080613809836066,0.09426809898941835,0.2005433174355271,0.11760969207884886
0.7891667489921375,0.6573222971956473,-0.13184445179649018,-0.2966022184154271,0.7105230338023701,0.7423581827192862,0.03183514891691608,0.07144057407335236,0.7931597667467436,0.7458731688022664,-0.047286597944477204,-0.11241379056643597,0.003993017754606143,0.009823565964556025,0.08855087160661912,0.19401199381354717,0.08455785385201298
0.8185938536258216,0.6850207868631447,-0.13357306676267688,-0.3117899960719601,0.7464836363830522,0.7316831046826383,-0.014800531700413844,-0.03370688105962172,0.8134600639584445,0.7344474603399891,-0.07901260361845541,-0.18955447828213012,-0.005133789667377098,-0.013250072119100675,0.049426673476844374,0.10898544567072932,0.05456046314422147
0.7982881644936383,0.7279300781999464,-0.07035808629369189,-0.16588996591843141,0.7333112296643973,0.7135878371471275,-0.019723392517269844,-0.044101347007701186,0.7870872643148151,0.7365217820306998,-0.05056548228411528,-0.11885345706941974,-0.011200900178823137,-0.02763279232766669,0.008591703830753472,0.019403716521344982,0.01979260400957661
0.7837532400900811,0.709087883035327,-0.07466535705475408,-0.17203811649966028,0.7534198441888315,0.7133321290136934,-0.040087715175138094,-0.09071349189636724,0.7726173024983116,0.7179246669958633,-0.054692635502448295,-0.1256872076047939,-0.011135937591769451,-0.026805294776543143,0.008836783960536332,0.01954561411832323,0.019972721552305783
0.8145208748840869,0.7120053086375285,-0.10251556624655833,-0.2424507573307153,0.7009255203291102,0.7443426481301918,0.043417127801081645,0.09704483398216368,0.740887987927323,0.6718856695771257,-0.06900231835019732,-0.1517502068563148,-0.07363288695676384,-0.17763964150612654,-0.040119639060402834,-0.08693909103172603,0.03351324789636101
0.8034808706194291,0.6841745081970042,-0.11930636242242487,-0.2749994348148035,0.7384572695781254,0.674033865505165,-0.06442340407296043,-0.14163180156702349,0.78181876259005,0.6956710623995835,-0.08614770019046647,-0.19669329899576704,-0.021662108029379068,-0.053449098916599436,0.011496554202579334,0.024857036902437013,0.0331586622319584
0.8286738871475695,0.7210199008686843,-0.10765398627888523,-0.25942242707968344,0.7628969062161269,0.7255238263036974,-0.03737307991242955,-0.08570923724130797,0.7796099452960715,0.7572744659364056,-0.022335479359665955,-0.052962983102404326,-0.04906394185149798,-0.12384936930518231,0.03625456506772129,0.0826100746720968,0.08531850691921927
0.847417742467429,0.7306505962695516,-0.11676714619787731,-0.2887299217851029,0.7312894203393953,0.729490251433139,-0.0017991689062563099,-0.004054403648751759,0.7804216892860903,0.6976296542226782,-0.08279203506341215,-0.1890539883269695,-0.06699605318133861,-0.1727870000898588,-0.03302094204687345,-0.0731110666317254,0.033975111134465164
0.8423611759371198,0.7339434779799605,-0.10841769795715928,-0.2673242997639096,0.7162686156390118,0.7221694293667059,0.005900813727694132,0.013131152033031057,0.7908669756497003,0.7425832170542738,-0.04828375859542655,-0.11430536311016315,-0.05149420028741947,-0.13336380967575678,0.008639739074313257,0.019655126977989656,0.060133939361732724
0.8277228986273749,0.6860920226440476,-0.14163087598332735,-0.3334117321812946,0.7375639612275021,0.7357328777677486,-0.0018310834597534686,-0.004157292942184476,0.7976560467574543,0.7436129789828977,-0.054043067774556586,-0.12874367818947174,-0.03006685186992064,-0.07711872693738497,0.05752095633885013,0.1275493270544379,0.08758780820877077
0.7690565776737547,0.706359636011336,-0.06269694166241868,-0.1427594719455887,0.7313989408753141,0.7325958485441125,0.0011969076687984304,0.0027023190007189335,0.7593910557517863,0.7312662764523776,-0.02812477929940871,-0.0645761998892751,-0.009665521921968345,-0.022771170253608197,0.024906640441041628,0.055412101802705394,0.03457216236300997
0.8200159796764046,0.7094579598924508,-0.11055801978395385,-0.26228875700754717,0.6989594444761184,0.7422007338144421,0.04324128933832372,0.09643159062441486,0.7734308669450575,0.7273966320089418,-0.04603423493611569,-0.10647113697635158,-0.046585112731347134,-0.11592865433950061,0.017938672116491028,0.03988896569169498,0.06452378484783816
0.8376589537534377,0.7528128791863252,-0.08484607456711246,-0.2112885470043273,0.739683151370767,0.760711830908852,0.02102867953808496,0.048586022403454,0.8187051802611766,0.7455920514786744,-0.0731131287825022,-0.17768407448036427,-0.018953773492261128,-0.050262967155369154,-0.0072208277076508676,-0.016658494631406118,0.01173294578461026
0.7619536199770351,0.7143861577343005,-0.04756746224273467,-0.10829828879477876,0.745112560381327,0.7405423587568909,-0.00457020162443611,-0.010456417100426219,0.7877428429477614,0.7286506556521163,-0.05909218729564514,-0.138239667116959,0.025789222970726278,0.0617662230301681,0.01426449791781581,0.031824844707987854,-0.011524725052910467
0.7966011187743168,0.7157220710885323,-0.08087904768578458,-0.18893774763135962,0.7542436872063719,0.7692394037757682,0.014995716569396245,0.03520359938295892,0.7965378152636324,0.7201098283635771,-0.07642798690005537,-0.17903015814287837,-6.330351068439821e-05,-0.00015725624478246658,0.004387757275044812,0.009750333243698783,0.004451060785729211
0.8468684241152596,0.6808018592810278,-0.16606656483423188,-0.3966771588957587,0.7421601191595522,0.7322031369419663,-0.009956982217585897,-0.022621945272858657,0.7909971763147562,0.7343191486659197,-0.05667802764883645,-0.13343034554833766,-0.055871247800503454,-0.14548555418169995,0.053517289384891975,0.11776125916572111,0.10938853718539543
0.800809537171812,0.7027501251839557,-0.09805941198785628,-0.22800046415360753,0.73715819930328,0.7418240216198889,0.004665822316608947,0.010630515251293549,0.7595274649920012,0.7299891206251683,-0.02953834436683289,-0.0677742055462307,-0.041282072179810836,-0.09978159253594265,0.027238995441212555,0.06044466607143417,0.06852106762102339
0.7816667363702307,0.6181479588329393,-0.16351877753729138,-0.35986279819036726,0.7399633321183869,0.7432006155851895,0.0032372834668025208,0.007395058914257291,0.780983368651789,0.7340732751808642,-0.046910093470924785,-0.10956946527505451,-0.0006833677184416853,-0.0016532524964611994,0.11592531634792491,0.24864008041885155,0.1166086840663666
0.8112356315007757,0.6721256488625635,-0.13910998263821217,-0.3204551169487342,0.7065073183168226,0.7741785524368584,0.06767123412003584,0.1546366180513179,0.7932084610042497,0.7024079049858635,-0.09080055601838621,-0.20985083000234428,-0.018027170496526024,-0.04526812274441738,0.030282256123299933,0.06533616420197252,0.04830942661982596
0.8028877564308341,0.6627100662087387,-0.14017769022209536,-0.3192842038301531,0.7474442780653803,0.7251062195559119,-0.02233805850946835,-0.050703337268334536,0.7980937464973739,0.7830324548921618,-0.01506129160521208,-0.037019461244921725,-0.0047940099334602415,-0.011996271196514918,0.12032238868342304,0.27026847138871646,0.12511639861688328
0.847038744843958,0.734142350384874,-0.11289639445908406,-0.27978920029622456,0.7430599399606281,0.7068541289602456,-0.03620581100038256,-0.08112071039312663,0.7573315346492517,0.7516123329955904,-0.005719201653661354,-0.013288312720150852,-0.08970721019470629,-0.22652303458139222,0.017469982610716417,0.039977852994681484,0.1071771928054227
0.7992317664844194,0.6776359569971248,-0.12159580948729465,-0.2783769630428554,0.727449358394168,0.76080854349456,0.03335918510039193,0.0764867410960095,0.789736095056906,0.7264855632279374,-0.06325053182896856,-0.14798575394185765,-0.009495671427513397,-0.023500989467095224,0.04884960623081269,0.10689021963390255,0.05834527765832609
0.8042479856403743,0.634800884925148,-0.16944710071522628,-0.3811844456334099,0.733477021636777,0.7575848116949101,0.024107790058133127,0.05536246648361853,0.7560248713771319,0.7044722013139552,-0.051552670063176764,-0.11627239876041418,-0.04822311426324233,-0.11659449343518524,0.06967131638880719,0.1483175534378105,0.11789443065204952
0.7848764174277312,0.6861904078946693,-0.09868600953306184,-0.22463205137150344,0.7568439711783989,0.7548234155819808,-0.0020205555964180055,-0.004703440344543619,0.8100771276273945,0.7721930425826201,-0.03788408504477436,-0.09328224714450117,0.0252007101996633,0.06273425267526411,0.08600263468795077,0.19408405690226638,0.06080192448828747
0.7869511498448603,0.6795637506477216,-0.10738739919713869,-0.24393023916269163,0.7408883634019028,0.7362315781146899,-0.004656785287212917,-0.01059768774303338,0.7919159019358126,0.6970452398429116,-0.09487066209290107,-0.21836239151908132,0.0049647520909523735,0.012177325422925822,0.017481489195189992,0.03774517306653613,0.012516737104237619
0.8250055099442433,0.7277232233998622,-0.09728228654438109,-0.23472531075880543,0.7420059179337192,0.7199766338999939,-0.022029284033725283,-0.04968692979967049,0.7586888900764915,0.7214948108626831,-0.03719407921380846,-0.08485328408460768,-0.06631661986775172,-0.16381504606351927,-0.0062284125371790955,-0.01394301938932152,0.06008820733057263
0.8519818907545834,0.7937646513256086,-0.05821723942897483,-0.15296091500795939,0.7429002509543898,0.707367610546242,-0.03553264040814785,-0.0796269685228812,0.8045073609446726,0.7479694202943249,-0.05653794065034767,-0.13590211071768765,-0.04747452980991085,-0.1261453336076026,-0.04579523103128369,-0.10908652931733087,0.0016792987786271585
0.7734978909308389,0.7012040657037777,-0.07229382522706118,-0.16462547995300425,0.7318025722234549,0.7374652456751916,0.005662673451736655,0.012825337945021165,0.7922462599200256,0.736997038000942,-0.05524922191908366,-0.13043320834171013,0.018748368989186748,0.04548315429175842,0.03579297229716427,0.07967542590305254,0.017044603307977524
0.8092046364823333,0.681816702723022,-0.12738793375931134,-0.2945515326398096,0.733679082256968,0.7196187977933488,-0.014060284463619177,-0.03155029286878053,0.790161165191351,0.7636959868478601,-0.026465178343490936,-0.0635964305896044,-0.019043471290982272,-0.0475924609747973,0.08187928412483814,0.1833626410754079,0.10092275541582041
0.7985993066662945,0.6628456788734685,-0.13575362779282607,-0.30826109145890324,0.7516268910852827,0.7451473516452537,-0.006479539440028992,-0.01493215717558316,0.7647915271909874,0.7331141057203091,-0.03167742147067831,-0.07308651832267143,-0.03380777947530711,-0.08189499628211205,0.07026842684684065,0.15327957685411975,0.10407620632214776
0.8236744399543285,0.7146252569236579,-0.10904918303067068,-0.26043821338571105,0.7600837310276516,0.6914804025991784,-0.06860332842847316,-0.1540476890650424,0.7789672390709912,0.7235907835151569,-0.05537645555583426,-0.12828298575654395,-0.04470720088333735,-0.11220621506862871,0.008965526591499073,0.01994901256053838,0.053672727474836424
0.8121123294073597,0.6608431610027602,-0.15126916840459947,-0.3466287579016045,0.7433771879043231,0.7459529909698137,0.002575803065490656,0.005907153925727826,0.8083729753816704,0.6913094157073086,-0.11706355967436177,-0.27197291679708124,-0.0037393540256892566,-0.009536619816015612,0.030466254704548446,0.06511922128850767,0.0342056087302377
0.8082565948737789,0.7232352019901226,-0.08502139288365629,-0.2014895457669894,0.7256660093558015,0.7010283431296557,-0.024637666226145827,-0.054495498579251844,0.7716283042611659,0.7453248141207935,-0.026303490140372365,-0.061476046227239234,-0.03662829061261297,-0.08999523471638549,0.022089612130670955,0.05001826482336469,0.05871790274328392
0.8685245248595508,0.7247448953542365,-0.1437796295053143,-0.362499452824109,0.7431246953013968,0.7112178753453132,-0.031906819956083576,-0.07166145906627985,0.7723989955640537,0.7521807656265763,-0.02021822993747735,-0.04750579543833933,-0.09612552929549711,-0.25254535107458675,0.027435870272339846,0.06244830631118292,0.12356139956783696
0.8301184241839867,0.6811723082553519,-0.14894611592863483,-0.35035183947567794,0.731805206598192,0.7398815206531938,0.008076314055001754,0.01831896922103926,0.7952427477802927,0.7678257677628822,-0.02741698001741044,-0.06638115933516309,-0.034875676403694045,-0.08947379245141507,0.08665345950753034,0.19449688768909978,0.12152913591122438
0.7780750223747647,0.7868299311852937,0.008754908810528983,0.021220967416747172,0.7263634375752583,0.7745340131243493,0.04817057554909099,0.11142752062910644,0.8112435605799129,0.7403700832311815,-0.0708734773487314,-0.1704179793336018,0.0331685382051482,0.08217048504138047,-0.04645984795411218,-0.10946846170896851,-0.07962838615926038
0.7971524596060936,0.6458997867220108,-0.15125267288408284,-0.34029334731739946,0.73871540454321,0.7264536784197867,-0.012261726123423355,-0.027704791054172784,0.7814352056976088,0.7274066032410503,-0.054028602456558494,-0.1256920316321577,-0.015717253908484774,-0.03854660939468024,0.08150681651903957,0.17605470629056152,0.09722407042752435
0.8202938923841256,0.7248302464296409,-0.09546364595448475,-0.22887828044800207,0.7396496058760024,0.6875814421475867,-0.05206816372841572,-0.11528356972578879,0.791222234109434,0.7235144627196298,-0.06770777138980422,-0.15829151501490646,-0.029071658274691603,-0.0735308136177184,-0.0013157837100110648,-0.002944048184622794,0.027755874564680538
0.8028533612462486,0.7637332608529886,-0.03912010039325997,-0.09503801357134911,0.7214937966772741,0.7215844845149563,9.068783768217958e-05,0.00020231916372948078,0.7823362093599835,0.7606435801757229,-0.021692629184260626,-0.05167771978639202,-0.020517151886265128,-0.050617474908074556,-0.0030896806772657825,-0.007257181123117462,0.017427471208999346
0.8140929873118973,0.6981281382194462,-0.11596484909245108,-0.2717838163184252,0.7098052911356745,0.7403297941254348,0.030524502989760283,0.06839046947328242,0.7793331994737519,0.7268245819831908,-0.05250861749056113,-0.12192115707834406,-0.03475978783814537,-0.08644254589821276,0.028696443763744583,0.06342011334186837,0.06345623160188996
0.8097439009031175,0.751783775930634,-0.057960124972483595,-0.14036690669346585,0.7212667791346864,0.7289246274993584,0.007657848364671982,0.017152511403659698,0.7547294492176864,0.7378819941864182,-0.016847455031268166,-0.03872342923509464,-0.055014451685431176,-0.13353421133138355,-0.013901781744215747,-0.031890733873012334,0.04111266994121543
0.8209162263721684,0.6576729548241315,-0.16324327154803697,-0.3760643432254911,0.7415603418039504,0.7260211476507846,-0.015539194153165736,-0.03516186972268809,0.7956263883257791,0.7759321243161447,-0.019694264009634477,-0.04801325838543091,-0.02528983804638929,-0.06427414909028029,0.1182591694920132,0.2637769357497799,0.1435490075384025
0.7876356366369603,0.7757061056804444,-0.011929530956515944,-0.02887963556247586,0.7470718289978159,0.7115724223329006,-0.035499406664915245,-0.07993614104152424,0.7815902614454258,0.7706537548781588,-0.010936506567266968,-0.02623836549061309,-0.0060453751915345855,-0.014706023990045392,-0.00505235080228561,-0.012064753918182625,0.0009930243892489754
0.7828429068560695,0.6838067541811386,-0.09903615267493093,-0.22482315205100312,0.6998486486265615,0.7324693619993746,0.03262071337281314,0.07237880426659471,0.8022204298363644,0.7261457215015645,-0.0760747083347999,-0.17973088952088112,0.019377522980294937,0.04779912781075124,0.04233896732042597,0.09289139034087324,0.022961444340131032
0.7983924740558739,0.6870253814563219,-0.11136709259955202,-0.2561152961027464,0.7280836699888518,0.70568084595591,-0.022402824032941804,-0.04973604065143755,0.7947270531972729,0.7386757263933066,-0.056051326803966295,-0.13274478403282064,-0.0036654208586009984,-0.009105424159784548,0.05165034493698473,0.11426508791014123,0.055315765795585725
0.8093924198049414,0.6336251651941305,-0.17576725461081089,-0.3966564489503406,0.7449999629993167,0.7312888365271449,-0.013711126472171764,-0.031189229040345712,0.8040038315855882,0.7426244096474853,-0.06137942193810286,-0.14690100136164697,-0.005388588219353174,-0.013646174134906985,0.10899924445335485,0.23610927345378663,0.11438783267270802
0.8178347128513139,0.5869563789164458,-0.23087833393486812,-0.5140737925572691,0.7352083210818643,0.7440210413636499,0.008812720281785591,0.020082270048358275,0.7729948872751701,0.7467458246592312,-0.026249062615938845,-0.06147032625250226,-0.044839825576143855,-0.11130531662393217,0.15978944574278542,0.3412981496808347,0.20462927131892927
0.8253120243914394,0.7293382226005001,-0.09597380179093928,-0.23190076599223763,0.7337572872468971,0.7155718996594632,-0.018185387587433932,-0.040717001189717994,0.7902313010870006,0.7324074198696543,-0.057823881217346274,-0.13587120732491087,-0.03508072330443879,-0.08910923051185993,0.0030691972691542224,0.006920328155466837,0.03814992057359301
0.8645762056552737,0.7088799717447607,-0.15569623391051302,-0.3861041939682539,0.7204308855731877,0.7571148653977513,0.03668397982456362,0.08355073605139784,0.7968713534538326,0.7472533266169777,-0.0496180268368549,-0.1184350860689567,-0.06770485220144107,-0.18138038173481474,0.03837335487221705,0.08628872616448247,0.10607820707365812
0.7849059089071139,0.7510681704536372,-0.03383773845347671,-0.0802094710288519,0.7245706024408683,0.6986359332285709,-0.02593466921229748,-0.05726177094271789,0.7747166038985026,0.8100470317130721,0.03533042781456952,0.08717686554047965,-0.01018930500861126,-0.024591112130863735,0.05897886125943497,0.14279522443846782,0.06916816626804623
0.835051814537151,0.6128876711540073,-0.22216414338314372,-0.5066095345273964,0.7417777306768757,0.7350573305386957,-0.006720400138179983,-0.015291418772603205,0.817310496263718,0.716725415088424,-0.10058508117529397,-0.2391994886535147,-0.01774131827343306,-0.04683038808741191,0.10383774393441669,0.22057965778646982,0.12157906220784975
0.8564500973252183,0.6501062777604815,-0.2063438195647368,-0.4887097416004105,0.7382201527605529,0.7291698059076756,-0.009050346852877311,-0.020475368261008153,0.8082591352736689,0.7463500847368386,-0.06190905053683027,-0.14912289713445537,-0.04819096205154938,-0.1293123552298061,0.09624380697635715,0.210274489236149,0.14443476902790653
0.8477129028177105,0.6660285039254273,-0.18168439889228316,-0.4305287964098936,0.7450786658647689,0.7577105005530907,0.012631834688321852,0.02922861675920574,0.7609806698217341,0.7278864130052085,-0.03309425681652556,-0.0759084921206834,-0.08673223299597643,-0.21986351817366323,0.06185790907978117,0.13475678611554698,0.1485901420757576
0.7983881042758875,0.7565293985253544,-0.041858705750533076,-0.10073285579807756,0.7340482320917636,0.747891997938757,0.013843765846993428,0.03160191785134714,0.7855500543395527,0.733824603775257,-0.05172545056429567,-0.12121601307851959,-0.01283804993633475,-0.031632041385686094,-0.022704794750097346,-0.052115198666128126,-0.009866744813762596
0.7991196141550473,0.716214729025773,-0.0829048851292743,-0.19411650954062232,0.7532412106315882,0.7347418937100695,-0.018499316921518738,-0.04239431011416084,0.7960770622946022,0.6487315666089859,-0.14734549568561628,-0.3316950129506393,-0.0030425518604451085,-0.00757254003157648,-0.06748316241678709,-0.14515104344159346,-0.06444061055634198
0.8408662394148386,0.5904159051792123,-0.25045033423562635,-0.5682959542220667,0.7340906148137593,0.7470207335074351,0.012930118693675885,0.02950064738692193,0.7602066607826882,0.7656767888536639,0.005470128070975688,0.012862656694168084,-0.08065957863215045,-0.20279318234056865,0.17526088367445158,0.37836542857566613,0.25592046230660204
0.8215005314225242,0.6812531097621161,-0.14024742166040816,-0.32745475438346694,0.7220687067423041,0.7264264914625914,0.004357784720287361,0.009751369408315114,0.7986875306690605,0.7138083534478349,-0.08487917722122562,-0.1983693316876347,-0.022813000753463708,-0.058186419699878034,0.03255524368571883,0.0708990029959542,0.055368244439182535
0.7693177502102023,0.6068760646566389,-0.16244168555356342,-0.3534025031237349,0.7312583400427933,0.7118740759336046,-0.019384264109188698,-0.04325227262564724,0.7862830477568155,0.7525511630977073,-0.03373188465910815,-0.08013184823904229,0.016965297546613134,0.04081561146475865,0.1456750984410684,0.31408626634945125,0.12870980089445527
0.8352250278221748,0.704705746655169,-0.13051928116700573,-0.31300627862726094,0.7388849443731287,0.7328838764124456,-0.006001067960683115,-0.013612345340244136,0.8028576454783473,0.7153200316364837,-0.08753761384186354,-0.20546267687361874,-0.03236738234382752,-0.08415067576895074,0.01061428498131467,0.02339292598469145,0.04298166732514219
0.8409646094863076,0.7248912365845187,-0.11607337290178887,-0.2838752733084786,0.735044379004982,0.7224667719570409,-0.012577607047941086,-0.028291283808193235,0.792876605397585,0.7957401250675807,0.002863519669995762,0.007084343981052843,-0.0480880040887226,-0.1245879697001091,0.07084888848306203,0.16637164758942236,0.11893689257178464
0.8076553464111843,0.6823003100729509,-0.12535503633823342,-0.28957618058122603,0.7410381181494886,0.772221107279242,0.03118298912975337,0.07270103489454094,0.757275434069407,0.7420402070540638,-0.015235227015343189,-0.03517183867847562,-0.0503799123417773,-0.12229627031542867,0.05973989698111293,0.13210807158732174,0.11011980932289023
0.8053708907160969,0.7117170728155074,-0.09365381790058946,-0.21976431644563466,0.735686497830307,0.7441610407203751,0.008474542890068104,0.0193190281979696,0.7789645611704401,0.7737638497496033,-0.005200711420836779,-0.012481474257276748,-0.026406329545656804,-0.06510871435704368,0.06204677693409588,0.14217412783131422,0.08845310647975269
0.8288974006299195,0.7346467630733895,-0.09425063755652996,-0.22939665747831794,0.726448310722421,0.7788635821286763,0.05241527140625535,0.12163340359304353,0.7542142420180467,0.7244606510380969,-0.029753590979949784,-0.0678010076868385,-0.0746831586118728,-0.18452841583001378,-0.010186112035292627,-0.022932766038534336,0.06449704657658017
0.8039255806155733,0.7373223794188779,-0.06660320119669538,-0.15879122042997595,0.7426372023599653,0.7095615621537541,-0.03307564020621123,-0.07419766729927213,0.7668030138794162,0.7499100394082183,-0.016892974471197864,-0.039467614321089695,-0.0371225667361571,-0.09049295916530697,0.012587659989340416,0.028830646943579286,0.04971022672549752
0.7854967652832444,0.7158154705295637,-0.06968129475368068,-0.16141552611198362,0.7103748254508221,0.6900436884039367,-0.020331137046885384,-0.044380756674919475,0.7754333233143583,0.7687957751483031,-0.006637548166055218,-0.01582409094337045,-0.010063441968886089,-0.024313272037871148,0.05298030461873937,0.12127816313074202,0.06304374658762546
0.8405846806369338,0.7219421415600875,-0.1186425390768463,-0.2894298902859469,0.7330826170179735,0.7226766511746289,-0.010405965843344633,-0.023382436566004916,0.7395819128207702,0.7475251217618538,0.00794320894108358,0.0181908533875359,-0.10100276781616357,-0.24965685979292873,0.025582980201766303,0.05796388388055407,0.12658574801792988
0.824308668229427,0.7094593710478249,-0.1148492971816022,-0.2735121866769399,0.7166535662025977,0.7477720297923333,0.03111846358973558,0.07030203208745123,0.7906599887381183,0.7171037800342557,-0.07355620870386259,-0.17119159817450225,-0.033648679491308786,-0.08541640369592463,0.007644408986430817,0.016904184806513012,0.0412930884777396
0.8301154061464637,0.708079462181982,-0.1220359439644817,-0.2919090668059021,0.7242926323294249,0.7492536739086052,0.024961041579180332,0.05669429442058016,0.7580771669972423,0.7464790914871112,-0.011598075510131034,-0.026868349451219853,-0.07203823914922147,-0.1787711901180753,0.03839962930512919,0.08626952723660697,0.11043786845435066
0.8221897443669728,0.6495327443824989,-0.17265699998447392,-0.39649839695882094,0.7154762917212087,0.747572220828658,0.032095929107449295,0.07245292393120151,0.7944630378936107,0.7771012919397929,-0.017361745953817787,-0.042324722596772,-0.02772670647336206,-0.07048217804134804,0.12756854755729408,0.2836914963207009,0.15529525403065614
0.8043014073157618,0.6842806203018164,-0.12002078701394547,-0.2768377238764448,0.7570759119840201,0.7180974716252448,-0.03897844035877529,-0.08865267610535943,0.7864152599214451,0.7341456089347956,-0.052269650986649485,-0.12259909063985042,-0.01788614739431671,-0.04434362351324328,0.04986498863297928,0.10989500972335109,0.06775113602729599
0.8406143123530406,0.6192250794591344,-0.22138923289390622,-0.5086699507745844,0.7378517805878091,0.742126881285853,0.004275100698043932,0.009746334170849469,0.7777126853290727,0.7120803472930232,-0.06563233803604951,-0.15083953219442892,-0.06290162702396795,-0.16056520564087107,0.09285526783388875,0.19726521293928445,0.1557568948578567
0.8182955935877875,0.6906973164720549,-0.12759827711573257,-0.2987655274153729,0.7564955929706975,0.7001544325546186,-0.05634116041607884,-0.12681193722093997,0.796639624419308,0.7453804828372039,-0.051259141582104095,-0.1221634606210622,-0.02165596916847945,-0.05494365214717156,0.05468316636514903,0.12165841464713911,0.07633913553362848
0.8185503227654641,0.6683295322560924,-0.15022079050937176,-0.34736421897335323,0.7040218147062638,0.7077547164906502,0.0037329017843864554,0.008192649302097843,0.7859605955011731,0.7136427789764558,-0.07231781652471736,-0.1673576571939499,-0.03258972726429099,-0.08188482587980195,0.04531324672036341,0.09812173589960138,0.0779029739846544
0.8019295457384111,0.6904331570017694,-0.1114963887366417,-0.2576007036208663,0.711335137854471,0.7089585753843562,-0.0023765624701147514,-0.0052382588926844775,0.7667940312171243,0.7645565196925755,-0.002237511524548763,-0.0052824453468161,-0.035135514521286826,-0.08549634471700962,0.0741233626908061,0.16682191355704057,0.10925887721209293
0.8116250292213313,0.6479616137775581,-0.16366341544377316,-0.372469929601726,0.7463425041486623,0.724339935398651,-0.022002568750011275,-0.049884919454244336,0.7783951276213665,0.6725894792685653,-0.10580564835280126,-0.23808719469901551,-0.03322990159996475,-0.08237516858422378,0.02462786549100715,0.05200756631848669,0.0578577670909719
0.8017022595085167,0.6735904255512791,-0.12811183395723758,-0.29320029521689417,0.7368119625860127,0.7145198640401306,-0.0222920985458821,-0.04997152344791633,0.7621477660478421,0.6923294707976888,-0.06981829525015326,-0.15704930486165236,-0.03955449346067463,-0.0958759719675677,0.01873904524640968,0.04027501838767411,0.058293538707084314
0.8191831302347499,0.7203821495698092,-0.0988009806649407,-0.2359239506178228,0.745284389045545,0.7216884280857178,-0.02359596095982719,-0.053379767548000334,0.7624785708639537,0.7462271900080938,-0.016251380855859865,-0.03775721727842152,-0.056704559370796215,-0.13970915871755274,0.025845040438284617,0.05845757462184853,0.08254959980908083
0.8052593470083288,0.6383141744849089,-0.1669451725234199,-0.3764315783574954,0.7630758418772263,0.7239325390488475,-0.039143302828378856,-0.0896927246516479,0.800298089441137,0.7854840324324858,-0.014814057008651238,-0.0365619996956954,-0.00496125756719179,-0.012468800059976193,0.14716985794757687,0.3274007786018238,0.15213111551476866
0.8494978524312172,0.842307692307693,-0.007190160123524247,-0.019916263822498337,0.7485826599626555,0.6948587592824488,-0.053723900680206715,-0.12000381087134748,0.7449541360821345,0.7564211576273207,0.011467021545186196,0.026507857106079946,-0.10454371634908277,-0.26200763950560235,-0.08588653468037233,-0.21558351857702407,0.018657181668710443
0.8033342007671699,0.6805279137876793,-0.12280628697949059,-0.28246308127245845,0.729388009318645,0.7201388103598537,-0.009249198958791283,-0.020709354625150667,0.7892584139796455,0.7433154232895408,-0.04594299069010466,-0.10868017420817733,-0.014075786787524414,-0.034953759546313634,0.06278750950186152,0.1388291475179675,0.07686329628938593
0.8395287890988555,0.7354883672924871,-0.10404042180636841,-0.25608038920453957,0.7416422669491758,0.7241387557008578,-0.01750351124831795,-0.03956515304634456,0.7611707298102935,0.803647503408312,0.04247677359801849,0.10305692509738895,-0.07835805928856199,-0.19688359880646011,0.06815913611582491,0.1622537154954684,0.1465171954043869
0.8786516645360024,0.6912578094246796,-0.18739385511132278,-0.4666564565623492,0.731546512570265,0.7453097840505801,0.013763271480315087,0.03131882614100734,0.7548108179088792,0.7640063897534807,0.009195571844601513,0.021513871475186797,-0.12384084662712325,-0.32442892659637623,0.07274858032880105,0.16374140144115978,0.1965894269559243
0.832921785082679,0.7359474527963447,-0.09697433228633434,-0.23718509591971193,0.70010646232483,0.7303460576793642,0.030239595354534243,0.06702565872285571,0.8021507517157582,0.6851199075207197,-0.11703084419503851,-0.2696217313768414,-0.030771033366920775,-0.07973500126293143,-0.05082754527562494,-0.11217163672006092,-0.020056511908704167
0.8075687592803072,0.6787830446513672,-0.12878571462894006,-0.29690000187106924,0.7467163898956769,0.7213005324850293,-0.025415857410647558,-0.057534806902659774,0.7775194822463877,0.7685605986742076,-0.00895888357218011,-0.021389326434834377,-0.030049277033919575,-0.07415057002919445,0.08977755402284038,0.2013601054070404,0.11982683105675995
0.8065225587889961,0.7064329376031607,-0.10008962118583542,-0.23431079736364646,0.7541072205227333,0.7418090602693296,-0.01229816025340369,-0.028326563643271907,0.7866071504253203,0.7458697510044123,-0.04073739942090793,-0.09633686918399276,-0.01991540836367589,-0.04948597850404646,0.0394368134012516,0.08848794967560725,0.05935222176492749
0.8249896452850957,0.8028957668062263,-0.022093878478869344,-0.056796834733541246,0.7234880291638568,0.731958393466829,0.008470364302972211,0.019029411778239247,0.7680046982477982,0.7423080137346133,-0.025696684513184853,-0.0597788094060796,-0.056984947037297506,-0.14185422446351037,-0.060587753071613015,-0.14483619913604873,-0.003602806034315509
0.7735189087690864,0.6835047372124917,-0.09001417155659464,-0.20302943297918064,0.711414764443671,0.7425440768944626,0.031129312450791535,0.0698985404801622,0.7975304360973201,0.8093800784542822,0.011849642356962065,0.029822080067372525,0.02401152732823375,0.0585198497437851,0.12587534124179045,0.29137136279033826,0.1018638139135567
0.8123020873721875,0.7112255967757407,-0.10107649059644674,-0.2384765920927241,0.7316225736674662,0.7153094408620856,-0.016313132805380604,-0.03647507153826002,0.7716852255309227,0.7106772208014398,-0.06100800472948287,-0.1395084874372574,-0.040616861841264784,-0.10017779182577247,-0.0005483759743009076,-0.0012096871703057843,0.04006848586696388
0.8097778094635274,0.709971265621617,-0.09980654384191034,-0.23479445579955405,0.6989083990455999,0.7413806028005746,0.042472203754974736,0.0946689238354852,0.7946435624591831,0.7332561063167793,-0.06138745614240382,-0.14483270789560665,-0.015134247004344292,-0.03800024995195894,0.023284840695162234,0.051961497951988456,0.03841908769950653
0.7946840261317499,0.7116308726380055,-0.08305315349374442,-0.19323393664295896,0.7440924761292921,0.7515979486527721,0.007505472523479995,0.0172841991064705,0.7701698701420945,0.7305476456464605,-0.03962222449563402,-0.0916116722895648,-0.02451415598965545,-0.05943555849179427,0.018916773008454957,0.042186705861599894,0.04343092899811041
0.7679543836768535,0.7132863627052076,-0.054668020971645914,-0.12488372391916824,0.7458709135663497,0.754922456982691,0.00905154341634129,0.02091548200862059,0.7770419742015493,0.7945382420178128,0.017496267816263456,0.04265335953908522,0.009087590524695766,0.021678381948182057,0.08125187931260514,0.18921546540643552,0.07216428878790937
0.8177414589006765,0.7403909988571664,-0.0773504600435101,-0.18708747658371827,0.723824460873916,0.6975838508332629,-0.026240610040653145,-0.05788397346253937,0.7868191503616465,0.7094224735723996,-0.07739667678924689,-0.17876782000979174,-0.030922308539029997,-0.07769304461232096,-0.03096852528476679,-0.06937338803839443,-4.621674573679346e-05
0.819036972754799,0.7287169864170475,-0.09031998633775151,-0.21688679402378774,0.7372886976995764,0.7664937508071431,0.029205053107566714,0.06764361317007328,0.771797182211824,0.7045358363836884,-0.06726134582813559,-0.15327704185186786,-0.047239790542975,-0.11728068518293044,-0.024181150033359078,-0.05367093301101056,0.023058640509615924
0.7762382766260919,0.6889786359813076,-0.08725964064478431,-0.19774358197363795,0.7383479778088008,0.7111830942047378,-0.027164883604062995,-0.06083809093418058,0.8055319653003644,0.7406411553426193,-0.0648908099577451,-0.15528694586743264,0.02929368867427251,0.07207146152337529,0.05166251936131172,0.1145280976295806,0.02236883068703921
0.7905798012422623,0.7142088008057068,-0.07637100043655554,-0.1774121125606074,0.7113585631912898,0.7069587240610885,-0.004399839130201255,-0.009688126392105367,0.8044992261322439,0.7682850516078957,-0.036214174524348164,-0.08842998629806198,0.013919424889981546,0.03464435676870936,0.05407625080218892,0.12362648303125479,0.04015682591220737
0.8250409252314349,0.6615309153853013,-0.16351000984613362,-0.3787291253798972,0.7229905705454299,0.7694362801737323,0.04644570962830241,0.10682799224509631,0.7893533220806317,0.7506200895013198,-0.03873323257931194,-0.09211049561678264,-0.035687603150803215,-0.09055024943806833,0.08908917411601847,0.19606838032504625,0.12477677726682168
0.8116063796367733,0.6817714560455954,-0.12983492359117788,-0.30077590843057944,0.728346800884821,0.7280074131206854,-0.00033938776413555694,-0.000762842136583064,0.7759283066443067,0.7383346654358199,-0.03759364120848674,-0.08772691736228744,-0.035678072992466614,-0.08825520508396067,0.05656320939022452,0.12479378598433133,0.09224128238269114
0.8145689426963604,0.6506852147022212,-0.1638837279941392,-0.37431401015915755,0.7113137141967636,0.7054953368386015,-0.005818377358162041,-0.012801936471829256,0.7818088257741141,0.736713215058296,-0.045095610715818135,-0.10558210700634296,-0.03276011692224623,-0.08168476622389109,0.08602800035607483,0.1870471369289235,0.11878811727832106
0.7807508754168634,0.6194811656041441,-0.16126970981271926,-0.3549024610257059,0.7649574063734814,0.7575603936409229,-0.00739701273255855,-0.017351545619112674,0.7602425999019626,0.6808169148123037,-0.07942568508965897,-0.1773993549199666,-0.020508275514900753,-0.04878045507489004,0.06133574920815954,0.12872265103084923,0.0818440247230603
0.7917858257492378,0.6834182570508576,-0.10836756869838027,-0.24751385044416807,0.7341042591071129,0.728652854750805,-0.005451404356307865,-0.012299060033584386,0.8009314283878783,0.7391592183328384,-0.06177221005503997,-0.1470928206320279,0.009145602638640504,0.022711691304475146,0.055740961281980805,0.12313272111661533,0.0465953586433403
0.8594024521556175,0.6494162635395346,-0.20998618861608287,-0.4986127045394442,0.7157339704295708,0.7423087327072935,0.026574762277722708,0.05980645299221443,0.7884204573652599,0.74752636578161,-0.04089409158364987,-0.09696049600156798,-0.0709819947903576,-0.18722573261831554,0.09811010224207539,0.21442647591956066,0.169092097032433
0.835358962706655,0.7176888846599403,-0.1176700780467147,-0.28471843150815657,0.7552844712608019,0.753512512545603,-0.0017719587151988625,-0.004116596558807029,0.7822462904901988,0.7523304581385469,-0.02991583235165185,-0.07082924537988378,-0.053112672216456214,-0.1353578964597908,0.034641573478606635,0.078531289668482,0.08775424569506285
0.8290569796879281,0.7402324780934929,-0.08882450159443522,-0.2171262423894067,0.718292259452631,0.7274257727836554,0.009133513331024412,0.020406749313203854,0.7961395276212323,0.7662431215113689,-0.029896406109863438,-0.07234930006309837,-0.03291745206669583,-0.08442657678707866,0.026010643417875956,0.06035036553922968,0.058928095484571785
0.8253694781181226,0.7212948232277744,-0.10407465489034817,-0.2500727183852529,0.755295954763759,0.740105787116159,-0.01519016764759995,-0.03497715592160899,0.7834088816070354,0.748937467097991,-0.03447141450904434,-0.08149133208192127,-0.04196059651108719,-0.10591921030283258,0.027642643870216643,0.06266217600049906,0.06960324038130383
0.8409531504618618,0.7275790924659042,-0.11337405799595757,-0.2778158507723827,0.746147797232687,0.761949364480635,0.015801567247948012,0.036696584991859904,0.7724147924477988,0.7653129759750947,-0.007101816472704026,-0.01684698590903677,-0.06853835801406305,-0.17417983614804067,0.03773388350919049,0.08678902871530525,0.10627224152325354
0.8185737137857648,0.7517837759306233,-0.06678993785514153,-0.16306835280182375,0.7328025051194991,0.7113875302498452,-0.021414974869653824,-0.04781279318154841,0.8089068366426733,0.7441736544171015,-0.06473318222557178,-0.15576434832708097,-0.009666877143091557,-0.024832286890122734,-0.007610121513521806,-0.01752828241537996,0.002056755629569751
0.8143708728195028,0.6951941816933521,-0.1191766911261507,-0.2788806640791739,0.7532011245047018,0.7296138755968679,-0.023587248907833924,-0.05388170297157657,0.7634933054712046,0.7548418227635373,-0.008651482707667357,-0.020233909683206264,-0.05087756734829818,-0.1248830944418966,0.059647641070185164,0.13376365995407102,0.11052520841848334
0.8244633870450145,0.6964674578245256,-0.12799592922048897,-0.30235197156207394,0.7150673128123101,0.7319077361165541,0.016840423304244068,0.03765520331454386,0.7885051593418236,0.7616692535281072,-0.02683590581371642,-0.06429929758999942,-0.035958227703190904,-0.09110960930306522,0.06520179570358164,0.1469430646690093,0.10116002340677255
0.8832853553978509,0.723677071008717,-0.15960828438913388,-0.4096790021092911,0.7325269038849301,0.7387781132523553,0.006251209367425181,0.01417577591679997,0.7658161778208662,0.7269535911703541,-0.03886258665051212,-0.08938128796598477,-0.11746917757698472,-0.3129570741385952,0.003276520161637042,0.00734064000471113,0.12074569773862176
0.8095962447182785,0.6068308308122642,-0.20276541390601432,-0.4523922733528354,0.7582667582955237,0.71481782127799,-0.04344893701753372,-0.09870837399261934,0.7647953072620107,0.7380242978432601,-0.026771009418750658,-0.061961850188739565,-0.044800937456267786,-0.10959605235827974,0.13119346703099588,0.2808343708058161,0.17599440448726367
0.7880781155802105,0.6820831319177761,-0.10599498366243432,-0.24128063175369086,0.695914636652477,0.6903200845931236,-0.0055945520593534415,-0.012130531617339013,0.7681403191028938,0.781033107002722,0.012892787899828173,0.030857562523183724,-0.01993779647731664,-0.047993782044783106,0.09894997508494585,0.22414441223209147,0.11888777156226249
0.7762300794372093,0.7250385075048,-0.05119157193240931,-0.11846124092613763,0.7094091654284659,0.711986519421735,0.0025773539932690825,0.005684034437428487,0.7884985194523301,0.7356062796921968,-0.05289223976013324,-0.12438213065428672,0.01226844001512073,0.029734335725191574,0.010567772187396796,0.023813445997042493,-0.001700667827723934
0.821203463554295,0.6861244573742358,-0.1350790061800592,-0.3162039593001389,0.7255172010520035,0.7262424195462064,0.0007252184942029283,0.0016257961283736577,0.7755998920518355,0.7501245788192938,-0.025475313232541708,-0.059915000508047545,-0.04560357150245942,-0.11383335606379497,0.06400012144505807,0.14245560272829638,0.10960369294751748
0.8413748757705366,0.7455973999041099,-0.09577747586642671,-0.23805856806444092,0.7431263604683865,0.7166417388600781,-0.026484621608308445,-0.05966339667339415,0.8043172908284176,0.736272817745587,-0.06804447308283068,-0.16216156286227346,-0.03705758494211897,-0.09718087765411587,-0.009324582158522943,-0.021283872451948405,0.027733002783596028
0.8084685001510669,0.6690766084600717,-0.1393918916909952,-0.3198909868770039,0.705279885358833,0.7369327764797632,0.03165289112093017,0.07060744138270647,0.7804598791220659,0.7150870347305781,-0.06537284439148783,-0.15081078544969317,-0.028008621029000924,-0.06934842997755464,0.046010426270506444,0.09973177144975609,0.07401904729950737
0.811165124235052,0.6823241000685245,-0.12884102416652754,-0.2984612158280553,0.7147972920727605,0.7223726239090241,0.007575331836263577,0.016846035933271608,0.773402697130208,0.7402687171425999,-0.03313397998760814,-0.07727647595567877,-0.03776242710484401,-0.09317226336315665,0.05794461707407539,0.12801247650921987,0.0957070441789194
0.7939906732937708,0.730227772513441,-0.06376290078032987,-0.15005262319990909,0.7312066471490036,0.700511651518529,-0.03069499563047462,-0.06808140639888793,0.7770522562598673,0.7427685565522983,-0.03428369970756895,-0.08030939460459896,-0.01693841703390353,-0.04127408640659569,0.012540784038857389,0.028469142188714436,0.02947920107276092
0.826087978823448,0.7032674228288442,-0.12282055599460373,-0.2917931691121054,0.7067946255156808,0.7233171438024201,0.01652251828673923,0.03660725546981558,0.7862266110171486,0.7785826067929165,-0.00764400422423217,-0.018526582408547654,-0.03986136780629934,-0.10095660177981802,0.07531518396407222,0.17230998492373972,0.11517655177037156
0.8000099013723729,0.7005724188227943,-0.09943748254957863,-0.23075955511142032,0.7452442908186114,0.755328115984216,0.010083825165604576,0.02329754895816194,0.779788332476067,0.7359162105594925,-0.043872121916574525,-0.10250698336239639,-0.020221568896305886,-0.049650944484389115,0.035343791736698216,0.07860162726463482,0.0555653606330041
0.819967216361833,0.6894391010053651,-0.1305281153564679,-0.3058291104128692,0.7186763023360762,0.6935956690047765,-0.025080633331299618,-0.05506932254282515,0.7945732905200109,0.768400320633555,-0.0261729698864559,-0.06336175772216501,-0.025393925841822096,-0.06441068002293981,0.07896121962818992,0.17805667266776437,0.10435514547001201
0.8133006129762995,0.7740461884799847,-0.03925442449631478,-0.09710260918929992,0.7115881579728852,0.7022965390569347,-0.009291618915950539,-0.02041432742052174,0.7753024372893847,0.7485358683445981,-0.026766568944786684,-0.06286787266412652,-0.03799817568691477,-0.0940957637195372,-0.025510320135386677,-0.059861027194363814,0.012487855551528093
0.8264664170154693,0.696741927884781,-0.12972448913068835,-0.307032076913329,0.7478515611054938,0.7142511368256694,-0.03360042427982435,-0.07580972947137665,0.792717530637718,0.7445888445112195,-0.048128686126498454,-0.11426990467567233,-0.03374888637775131,-0.0860335736144866,0.047846916626438585,0.10672859862317008,0.08159580300418989
0.8910573529306157,0.7011361627383971,-0.18992119019221865,-0.48405478373876476,0.7345872970083809,0.73753613359563,0.002948836587249093,0.006690273983991357,0.7636355121798859,0.7363653468602601,-0.027270165319625783,-0.06299862667154787,-0.12742184075072982,-0.3426666364329809,0.035229184121863044,0.07838952063423599,0.16265102487259286
0.838616592058569,0.7288656801511767,-0.10975091190739228,-0.2685537746192095,0.7387817112617675,0.7523346529415119,0.013552941679744412,0.03111951306096916,0.7547626366724725,0.7362840414951015,-0.018478595177370938,-0.042430484952723724,-0.08385395538609652,-0.2093626666820798,0.0074183613439248175,0.01676062298440595,0.09127231673002134
0.768883146413431,0.6884488838614056,-0.08043426255202546,-0.18134066331421916,0.725053194086656,0.7386992586650108,0.013646064578354822,0.030807200459743722,0.7512903875397144,0.722410490936953,-0.028879896602761468,-0.06560700139621067,-0.017592758873716585,-0.041204076759908226,0.033961607075547406,0.07452958515810026,0.05155436594926399
0.8233299492471166,0.7101402281119692,-0.11318972113514736,-0.2694430260449714,0.7372146351204719,0.6857206272844416,-0.05149400783603031,-0.11375472603466963,0.7598703165922255,0.7477421237639046,-0.012128192828320894,-0.028155093983502244,-0.06345963265489107,-0.15665007303227885,0.03760189565193539,0.0846378590291903,0.10106152830682646
0.7875510479184303,0.6806316262621505,-0.10691942165627988,-0.24310665625838657,0.7503541259111947,0.7376328135310425,-0.012721312380152172,-0.029150877491889382,0.8053511164486725,0.7818890003785545,-0.023462116070118055,-0.057994146782505585,0.017800068530242186,0.04421816042133653,0.10125737411640401,0.2293306698972175,0.08345730558616182
0.8120424559393916,0.690419236405786,-0.12162321953360566,-0.2832568955116581,0.6918330264263087,0.742675540407428,0.050842513981119275,0.1130017734863733,0.8161119520441079,0.7252973008496038,-0.09081465119450416,-0.21698893219529047,0.004069496104716297,0.010460377811121635,0.0348780644438178,0.07672834112748927,0.030808568339101505
0.84400197553838,0.6527592685066571,-0.19124270703172286,-0.44825200784688213,0.7443314257556048,0.7026275313326592,-0.04170389442294564,-0.0932986844225665,0.7647826568375349,0.7612871065462504,-0.003495550291284455,-0.008220604881931326,-0.07921931870084509,-0.2006469206643393,0.10852783803959332,0.2393844823006115,0.1877471567404384
0.8211264389711287,0.6595179356401594,-0.16160850333096932,-0.3727218390479088,0.7419458322617012,0.7372968336582445,-0.004648998603456689,-0.01059389950760714,0.7776360772960141,0.7419606138965581,-0.03567546339945604,-0.08356014802060674,-0.04349036167511455,-0.10874369274561113,0.08244267825639873,0.18041799828169092,0.12593303993151328
0.8193287621219693,0.6948366379271752,-0.12449212419479405,-0.29247557309151984,0.7355801083879285,0.7407752565478843,0.005195148159955809,0.011817317476023437,0.7719727940905039,0.757590986713601,-0.014381807376902866,-0.03391208098049514,-0.047355968031465356,-0.11762033738803623,0.06275434878642583,0.14094315472298846,0.11011031681789119
0.8460407936798844,0.638984310091383,-0.20705648358850137,-0.48269014809012045,0.7501188768753212,0.7250605020496574,-0.025058374825663754,-0.05697248949443168,0.7911008613137489,0.7268332546339794,-0.0642676066797695,-0.1505587628691223,-0.05493993236613548,-0.1429348160794799,0.0878489445425964,0.18919656914151828,0.14278887690873188
0.7785114636235703,0.719942842096581,-0.05856862152698927,-0.1353254083345523,0.7102317274597795,0.7184251952066973,0.00819346774691787,0.018138244779878132,0.7854334014756493,0.7383185481646373,-0.04711485331101206,-0.11073586796360546,0.006921937852079063,0.016764417613456484,0.018375706068056274,0.04135395798440333,0.011453768215977211
0.8322808099616662,0.7582345319220213,-0.07404627803964492,-0.18418464748230567,0.7322505719024232,0.7254542376533292,-0.006796334249093983,-0.015288315901570648,0.7903504803565372,0.7446468997925297,-0.04570358056400747,-0.1083096174666287,-0.04193032960512899,-0.10731756005733617,-0.013587632129491545,-0.0314425300416592,0.028342697475637446
0.8406356035478205,0.7093153116546566,-0.13132029189316397,-0.3175608514313,0.7488012845942826,0.7107844769323077,-0.038016807661974905,-0.08565782421378909,0.7713102283335144,0.7620473847639729,-0.009262843569541435,-0.02190178646257568,-0.06932537521430615,-0.17594413225160688,0.05273207310931638,0.11971493271711742,0.12205744832362253
0.8435586177517198,0.6027482263505751,-0.24081039140114469,-0.5505428474937737,0.7465175950595099,0.73596305563838,-0.010554539421129827,-0.024100804990343505,0.7720475177878824,0.7112000359777876,-0.060847481810094806,-0.13921856399149268,-0.07151109996383742,-0.1822036621768932,0.10845180962721246,0.2291206213253878,0.17996290959104988
0.7828945355218061,0.70796726390859,-0.0749272716132161,-0.1724197123353981,0.765404849333503,0.7197277983649758,-0.045677050968527144,-0.1045631644109779,0.7866790066187295,0.7367259039725046,-0.04995310264622488,-0.11739308984475194,0.0037844710969233697,0.009208706245900089,0.028758640063914598,0.06423532873654625,0.024974168966991228
0.8107710449416093,0.7298135678880473,-0.08095747705356204,-0.19313436211644408,0.7306954491340134,0.713649175848244,-0.017046273285769353,-0.03805982894090221,0.775179996687076,0.7659705027367769,-0.00920949395029913,-0.02190420900900314,-0.0355910482545333,-0.08791433193258325,0.036156934848729616,0.0833158211748577,0.07174798310326291
0.7321609975505501,0.7485318435651371,0.016370846014587048,0.037342592454367995,0.7253374243225483,0.7388031754108089,0.013465751088260536,0.03040704907034808,0.8001036737281516,0.7599702888705386,-0.040133384857612975,-0.09697893369943866,0.06794267617760152,0.16089139158479826,0.011438445305401501,0.0265698654309916,-0.05650423087220002
0.8309121658475497,0.6524368091583092,-0.17847535668924053,-0.41344397622368567,0.7489191613268774,0.7244351185412218,-0.024484042785655635,-0.05560382891451976,0.8057229018789434,0.6801942013162777,-0.12552870056266563,-0.2892022176387641,-0.025189263968606324,-0.06536324339910538,0.027757392157968575,0.058878515185816216,0.0529466561265749
0.8213102808839529,0.6818167027230224,-0.13949357816093044,-0.3257482967980525,0.7276822279269027,0.7199534218365646,-0.007728806090338103,-0.017286593693424113,0.7936570483666445,0.7537186819480025,-0.03993836641864201,-0.09552806635584243,-0.027653232517308335,-0.07017738162899212,0.0719019792249801,0.16004284881321795,0.09955521174228843
0.792999771799324,0.7375573569714876,-0.055442414827836406,-0.13101864345653835,0.7583118448863204,0.7150097994419751,-0.04330204544434535,-0.0983884442570453,0.7995194895559044,0.7897901468614074,-0.00972934269449699,-0.024086807423701284,0.006519717756580334,0.01618733443873177,0.05223278988991975,0.12311917047156884,0.045713072133339416
0.8143882104425554,0.6570907286440462,-0.15729748179850922,-0.3603843188516618,0.7438191221483211,0.7448279742099948,0.0010088520616736707,0.0023126048326367332,0.8150496556181569,0.7708472941247465,-0.04420236149341039,-0.10922930955648091,0.0006614451756015161,0.0017024508511851444,0.11375656548070034,0.252857460146366,0.11309512030509883
0.7905533428578254,0.7171683647343148,-0.07338497812351064,-0.17078609187343963,0.7148348742149567,0.6844583986778171,-0.030376475537139624,-0.06628366928225637,0.7380383691706699,0.7747967178206615,0.03675834864999161,0.08568948601957027,-0.05251497368715552,-0.12389986224097793,0.05762835308634673,0.13257571565203197,0.11014332677350225
0.8316347642099138,0.7038373397076049,-0.1277974245023089,-0.3052730895597078,0.7156030374965393,0.7548775220452714,0.03927448454873206,0.08907095265661358,0.7777201968092408,0.7624963796632346,-0.01522381714600618,-0.03618586846182126,-0.05391456740067302,-0.1362866794709512,0.05865903995562971,0.13280054162693533,0.11257360735630273
0.809023539627089,0.7409141684986826,-0.06810937112840632,-0.16351605562255456,0.7324932333689591,0.6980751877421579,-0.034418045626801175,-0.0762989329125694,0.7848418933305711,0.7418633063909033,-0.04297858693966783,-0.10121340601319417,-0.024181646296517867,-0.06013503152777311,0.0009491378922206195,0.0021676180815872748,0.025130784188738486
0.8203628920897748,0.7048024372619639,-0.11556045482781085,-0.27342231466267264,0.757645343403257,0.6756608490766213,-0.08198449432663568,-0.18236438291175117,0.751902390235817,0.738835111339026,-0.013067278896790935,-0.02999683957015309,-0.0684605018539578,-0.16744545001269895,0.03403267407706212,0.0759800250798206,0.10249317593101992
0.8402153514014948,0.6765059033957729,-0.16370944800572196,-0.3875620041241412,0.7511765980906248,0.7123849610077794,-0.03879163708284539,-0.08761042534055852,0.7871691278176179,0.7103782771648864,-0.0767908506527315,-0.17751642338074802,-0.053046223583876895,-0.1365546629325065,0.03387237376911356,0.07349091781088668,0.08691859735299046
0.8130679727614548,0.6865368365138526,-0.12653113624760226,-0.2942678783984569,0.7420175685751075,0.7364671781867441,-0.005550390388363358,-0.012642037163825393,0.833266394076923,0.759659649057645,-0.073606745019278,-0.18349382960698035,0.02019842131546823,0.052960496770297016,0.07312281254379249,0.16373454556177358,0.05292439122832426
0.7708907452147026,0.7011917070711715,-0.06969903814353107,-0.1584363321155633,0.7566712144668865,0.7560549387330792,-0.0006162757338072922,-0.0014356164679627526,0.7642083985521232,0.7444885825066468,-0.019719816045476346,-0.045817872564002826,-0.006682346662579386,-0.015820514046977152,0.043296875435475335,0.09679794550458332,0.04997922209805472
0.7995381354726758,0.7130976837563163,-0.0864404517163595,-0.20206408516698238,0.7501726147967798,0.7316726786129214,-0.018499936183858368,-0.04223092842752685,0.7428802568331104,0.7809569038133318,0.038076646980221396,0.08946457689026355,-0.056657878639565395,-0.13511392779983655,0.0678592200570155,0.15641473425740937,0.1245170986965809
0.8246754232460448,0.6635836499106174,-0.16109177333542746,-0.3734261845107756,0.7512437087076308,0.7396236098078889,-0.011620098899741915,-0.026676569349367796,0.7990495385401747,0.7081621962158945,-0.0908873423242802,-0.21172811739501896,-0.025625884705870128,-0.0656034587192953,0.044578546305277134,0.09609460839646133,0.07020443101114726
0.757155194450455,0.7255871669650688,-0.03156802748538623,-0.07212256468278433,0.7156114061792884,0.7180820999134871,0.0024706937341987256,0.00548398050183474,0.764364907006757,0.7586121257867359,-0.005752781220021097,-0.013498905391536198,0.007209712556301984,0.01690005862968924,0.033024958821667116,0.07552371792093737,0.025815246265365133
0.8486504189173867,0.6752066282381491,-0.17344379067923754,-0.41361258001505186,0.7470436770065217,0.6955916708741866,-0.05145200613233514,-0.1148677448343769,0.7570238347442441,0.7321556108916022,-0.02486822385264187,-0.05704026594229594,-0.09162658417314262,-0.23172785138801233,0.05694898265345305,0.12484446268474358,0.14857556682659567
0.8092511090877269,0.6761654681012194,-0.13308564098650755,-0.3067745816408898,0.7343311828296079,0.7310232222320726,-0.003307960597535242,-0.007474597982415787,0.7855746178452372,0.7582732182986023,-0.027301399546634908,-0.06509253102397228,-0.023676491242489717,-0.05892993260299262,0.08210775019738292,0.18275211801392488,0.10578424143987264
0.8455051364832399,0.7335513091354932,-0.11195382734774673,-0.27687465243216014,0.746034531714674,0.7340920188447552,-0.011942512869918875,-0.027230332777226973,0.7856290933755615,0.7423049967455295,-0.043324096630032005,-0.1021207193071878,-0.059876043107678356,-0.1548477824358785,0.008753687610036365,0.01990615068909385,0.06862973071771472
0.7985274619621952,0.7402202230505095,-0.058307238911685655,-0.13866797682040932,0.7051824776813502,0.7151636936755295,0.009981215994179227,0.022001201163663442,0.8029099967839466,0.7638413434381853,-0.03906865334576126,-0.09492591838989561,0.004382534821751438,0.010971298258924289,0.02362112038767583,0.054713356689438,0.019238585565924393
0.7454595608286362,0.7392212139702306,-0.00623834685840563,-0.01426434626121953,0.7313162459585061,0.74441304215684,0.013096796198333926,0.029781327673255475,0.7699198927247751,0.7671117993417735,-0.0028080933830015864,-0.006657731501524822,0.024460331896138943,0.05710232674721727,0.027890585371542986,0.06470894150691198,0.0034302534754040437
0.8344954782795035,0.7069594454369345,-0.1275360328425691,-0.3060955250519546,0.7202350925996056,0.7320021065920995,0.011767013992493913,0.026387821617714025,0.7842765008416074,0.7196355503758153,-0.0646409504657921,-0.14995868814237046,-0.05021897743789616,-0.12810455542133692,0.012676104938880828,0.028032281488247213,0.06289508237677699
0.8066560346587552,0.7374830839076698,-0.06917295075108543,-0.1653215508647059,0.7142121439490025,0.7243796678457413,0.010167523896738806,0.022628351760700216,0.798578687901322,0.8010227429795657,0.0024440550782436343,0.006107882109409157,-0.008077346757433213,-0.020294593482216072,0.06353965907189585,0.151134839491899,0.07161700582932906
0.8392852100057802,0.6402635111214833,-0.19902169888429688,-0.46147150881137144,0.7444637643262865,0.7440173604252912,-0.0004464039009952625,-0.0010231881827897915,0.8017066071298414,0.698262523382806,-0.1034440837470354,-0.24004600379728158,-0.03757860287593873,-0.0980401557317574,0.05799901226132276,0.12338534928233247,0.09557761513726148
0.8239885567443377,0.6993677611735052,-0.1246207955708325,-0.2947879313687627,0.7271609405737919,0.7712371147122926,0.044076174138500734,0.10176872404685211,0.7704011946498429,0.7395760894641629,-0.030825105185680046,-0.07170220216273204,-0.05358736209449477,-0.13353479692352455,0.04020832829065768,0.0895509322825061,0.09379569038515245
0.8214999623138168,0.6764016873541037,-0.14509827495971317,-0.33784344593857774,0.7172409515026281,0.6860963007899173,-0.031144650712710775,-0.06809274218953565,0.7940266577943323,0.7872212793282215,-0.006805378466110845,-0.016726944881803263,-0.027473304519484487,-0.06975897543553033,0.11081959197411784,0.25135752562124414,0.13829289649360232
0.8666475541697068,0.7400324250206253,-0.12661512914908157,-0.3224271182113325,0.7706648433129208,0.7546291254137483,-0.016035717899172575,-0.03769505398312001,0.754789187871849,0.7946059840636336,0.039816796191784576,0.09538848051497162,-0.11185836629785784,-0.2884610546973234,0.05457355904300831,0.12935454402898072,0.16643192534086615
0.8217436400604141,0.6358623887244349,-0.18588125133597921,-0.42386061755193327,0.7128626353596781,0.7516329966386639,0.03877036127898581,0.08761087397081768,0.7838902710801551,0.727861687992994,-0.05602858308716108,-0.13062242387874345,-0.03785336898025904,-0.0952382658665174,0.0919992992685591,0.19799992780667242,0.12985266824881814
0.8258438696982843,0.6237046334326465,-0.2021392362656378,-0.45980197609444895,0.7079770475317897,0.7399739875114598,0.031996939979670125,0.07160369399292965,0.7842504187937044,0.7876221478852744,0.0033717290915700193,0.008220353207604614,-0.04159345090457989,-0.10512503373387627,0.16391751445262792,0.3628972955681773,0.2055109653572078
0.8131683714672903,0.6670488236093756,-0.1461195478579147,-0.3361974076308796,0.7651694606727246,0.7435504060622091,-0.021619054610515498,-0.050233253406470446,0.7603334436124047,0.6996529863487888,-0.06068045726361593,-0.1368721575840306,-0.05283492785488553,-0.12921322788125167,0.032604162739413245,0.07011202216559731,0.08543909059429877
0.8256465872955098,0.7597922742882436,-0.06585431300726619,-0.16292273032962834,0.7599854086722903,0.7119117638367555,-0.04807364483553478,-0.10915419616985433,0.7791794507403589,0.7245482617449595,-0.05463118899539943,-0.1266524012518171,-0.04646713655515089,-0.11688107219501864,-0.03524401254328413,-0.0806107431172074,0.011223124011866759
0.7811117419222618,0.6414984299763073,-0.1396133119459545,-0.310154746297556,0.7185040658237677,0.7598408249924814,0.04133675916871371,0.09420861826136484,0.7786071197088074,0.7266215031180395,-0.051985616590767836,-0.12062701575719359,-0.002504622213454488,-0.006044850820396963,0.08512307314173218,0.18348287971996546,0.08762769535518666
0.8433036153669864,0.6990019177132355,-0.1443016976537509,-0.34747219781837657,0.733823369986394,0.6988161603898292,-0.03500720959656478,-0.07769163569332993,0.7737306332618118,0.7378417441636297,-0.03588888909818211,-0.08358657132243463,-0.0695729821051746,-0.17748461240619662,0.03883982645039419,0.08640101408974532,0.10841280855556878
0.8040580644165858,0.7035955448371608,-0.10046251957942498,-0.23430881067573317,0.7685723786372488,0.7409279604438851,-0.027644418193363718,-0.06427690486945048,0.785305145242544,0.7189964067066575,-0.06630873853588648,-0.15388409939295355,-0.01875291917404176,-0.04643652635686957,0.01540086186949674,0.03398818492591005,0.0341537810435385
0.8037610860933001,0.7096914909399296,-0.09406959515337054,-0.22017181961049292,0.7321127454638426,0.7614569561346092,0.029344210670766535,0.0675059506095006,0.7799835575032809,0.7953178376179134,0.01533428011463256,0.03750026774289017,-0.023777528590019248,-0.05859124687127837,0.08562634667798386,0.19908084048210473,0.1094038752680031
0.8438946898064136,0.688964023818378,-0.15493066598803562,-0.3708819908671599,0.6702550656615477,0.7448009288752067,0.07454586321365897,0.1641736828552427,0.7954632758305199,0.706939533026118,-0.0885237428044019,-0.2054957811768905,-0.04843141397589368,-0.12623244144477486,0.017975509207740048,0.03915376824549455,0.06640692318363373
0.8293783601241795,0.6920575353554078,-0.13732082476877172,-0.3249158735284525,0.7453356041190661,0.7273414648761376,-0.017994139242928475,-0.04084371461176506,0.7555491945911895,0.7586546565096829,0.0031054619184933685,0.007241673978243934,-0.07382916553299002,-0.18270283551455613,0.06659712115427507,0.14945471199214033,0.1404262866872651
0.8051334175264596,0.7229453038413634,-0.08218811368509626,-0.19422836718238168,0.7188363027478409,0.7141094510843681,-0.004726851663472864,-0.010487649355935158,0.7470974458231426,0.7309592665886325,-0.01613817923451011,-0.036751366467459246,-0.05803597170331698,-0.13948889186700475,0.008013962747269177,0.017988108847917683,0.06604993445058616
0.8243796034345307,0.6323739695381598,-0.19200563389637082,-0.43801028557452604,0.7226678945549451,0.7124333870086587,-0.010234507546286409,-0.022734545754715008,0.779878768111605,0.747277926308641,-0.032600841802963965,-0.07676943104648704,-0.0445008353229257,-0.11185963825424272,0.11490395677048115,0.24938121627379628,0.15940479209340686
0.7975786869987007,0.6893507352846474,-0.1082279517140533,-0.24906860402041153,0.754878663137092,0.7339176419051648,-0.020961021231927113,-0.048062791246325176,0.7710265766757597,0.7633761504287859,-0.007650426246973763,-0.018103134431714185,-0.026552110322941025,-0.06458304985195884,0.07402541514413852,0.1663824197367385,0.10057752546707954
0.7987334840428829,0.6585733827567574,-0.14016010128612555,-0.3176191427337356,0.7442417511259984,0.756623640837581,0.012381889711582605,0.028613231934317085,0.7843572477441269,0.7889624815388979,0.004605233794771069,0.011241585018463063,-0.014376236298756062,-0.0353964119153134,0.13038909878214056,0.29346431583688526,0.14476533508089662
0.8389712667783265,0.7115903254902162,-0.12738094128811028,-0.3080072422685234,0.7279087914469867,0.7326751903463156,0.004766398899328839,0.010739868611786996,0.767906572664289,0.732320937819063,-0.03558563484522592,-0.08224037555635944,-0.07106469411403749,-0.17948966154022372,0.020730612328846876,0.04627720517194023,0.09179530644288436
0.8044009246494971,0.6474104284799836,-0.15699049616951344,-0.3552813817735734,0.744208573149594,0.7001132410589825,-0.04409533209061145,-0.09851092881172296,0.7832095709618914,0.763407051074621,-0.01980251988727033,-0.047306259384343186,-0.02119135368760572,-0.052395168123935854,0.11599662259463739,0.25557995426529434,0.1371879762822431
0.8055927494186138,0.6642463490962983,-0.1413464003223155,-0.3228502680893002,0.714777956929666,0.7323939345651231,0.017615977635457192,0.039394062944180686,0.8092944072237445,0.7208964349842361,-0.0883979722395084,-0.2093492060083686,0.0037016578051306537,0.009387839934609676,0.05665008588793774,0.12288890201554126,0.052948428082807086
0.8263088333596116,0.6779760736671706,-0.14833275969244097,-0.34710137998427837,0.7347740684281351,0.7334436519359212,-0.0013304164922138817,-0.003011312011421907,0.7808497035644034,0.7940650048947347,0.01321530133033133,0.03230631131178363,-0.045459129795208164,-0.1145957003798137,0.11608893122756414,0.2648119909162483,0.1615480610227723
0.8054725905946242,0.7294502901467709,-0.0760223004478533,-0.18049654862360143,0.7072192751209276,0.6923955170513558,-0.014823758069571813,-0.03234437670773027,0.7942938595971519,0.7409166570980817,-0.05337720249907019,-0.12656508381383524,-0.011178730997472242,-0.027943153195369774,0.011466366951310869,0.02598831161439641,0.02264509794878311
0.7973344656121119,0.6824076771299664,-0.11492678848214544,-0.2634193120194739,0.7586039640946547,0.7231069066942437,-0.03549705740041098,-0.08105529168053804,0.806574536379968,0.6726633276277837,-0.13391120875218432,-0.30745395655648267,0.009240070767856157,0.023186992995154476,-0.009744349502182725,-0.020847651541854306,-0.018984420270038882
0.7954622082303366,0.7118545903388501,-0.08360761789148652,-0.19466789858847955,0.7378341812398025,0.7491588364494985,0.011324655209696055,0.02593357588277634,0.7867370949635615,0.7189953022760432,-0.06774179268751823,-0.1573781666344929,-0.008725113266775164,-0.02146382193138896,0.007140711937193123,0.0158259100225977,0.015865825203968287
0.8131384428887216,0.7314892634958374,-0.08164917939288419,-0.1954157009694386,0.7400471631637792,0.7511429882585331,0.01109582509475393,0.02547817310267053,0.8100057779318258,0.7755848502466135,-0.03442092768521232,-0.0849919840439739,-0.003132664956895792,-0.008010897459497013,0.04409558675077607,0.1024128194659677,0.047228251707671864
0.8045257176590895,0.7241764667007198,-0.08034925095836976,-0.18994223198339988,0.7406753694242106,0.7363290465569717,-0.004346322867238905,-0.009890435316529889,0.7677091236595536,0.7513954643423858,-0.016313659317167772,-0.03817840694895569,-0.03681659399953596,-0.08986118704803747,0.02721899764166602,0.06190263798640672,0.06403559164120198
0.8028316527541994,0.6459262704240659,-0.1569053823301335,-0.3544360612825608,0.7344437869148231,0.7085783002251579,-0.025865486689665262,-0.057716454579169074,0.7655856540332909,0.7475179354126894,-0.018067718620601525,-0.042106310386643475,-0.0372459987209085,-0.09061676788764617,0.10159166498862349,0.22171298300827114,0.138837663709532
0.8216981770309842,0.6856497647249302,-0.13604841230605402,-0.3185184145227722,0.7613011901137043,0.7059077827445486,-0.05539340736915577,-0.12545495678197827,0.8083275852671945,0.7622600771571492,-0.04606750811004534,-0.11233533738732104,-0.013370591763789741,-0.034439870130038575,0.07661031243221894,0.17174320700541257,0.08998090419600868
0.8204009163225218,0.6685571391901398,-0.15184377713238195,-0.3516921981291865,0.7590745753248829,0.737137839114463,-0.021936736210419916,-0.050544419069603386,0.7796586273624858,0.7827963575747653,0.003137730212279477,0.007589845886045943,-0.040742288960035955,-0.10198031525549212,0.11423921838462547,0.25730172875974033,0.15498150734466143
0.7833652737328948,0.7100247784766583,-0.07334049525623643,-0.16903223814493407,0.7566067939092548,0.710830774644672,-0.045776019264582746,-0.10364796122654418,0.8002440089851323,0.7504080682486448,-0.04983594073648745,-0.11956984540144688,0.016878735252237487,0.04157910523817909,0.040383289771986464,0.09104149798166628,0.023504554519748977
0.8308745190260973,0.7277232233998614,-0.10315129562623593,-0.25027564366080357,0.7172987028203468,0.7091870268441625,-0.00811167597618434,-0.017936779329584596,0.7949872369893741,0.7487335131978327,-0.04625372379154147,-0.11035081538292557,-0.0358872820367232,-0.0921220446426525,0.02101028979797126,0.0478027836352255,0.05689757183469446
0.8081168539892354,0.6882753042873397,-0.11984154970189564,-0.2778814819054647,0.7540173019016544,0.7483277641627407,-0.005689537738913675,-0.013160254291127327,0.7691316886924068,0.7237340060372673,-0.04539768265513944,-0.1044430781839294,-0.038985165296828606,-0.09557634179878383,0.0354587017499276,0.07786206192275147,0.0744438670467562
0.8346142689552803,0.7364029875709859,-0.09821128138429447,-0.24069761926112054,0.7405110565540315,0.7254860551807983,-0.015025001373233149,-0.0339660003351665,0.7739290952819878,0.779391425960576,0.005462330678588145,0.013115555117658051,-0.060685173673292514,-0.15336821207845164,0.0429884383895901,0.10044496230032696,0.10367361206288261
0.8274570054060434,0.7719840420272585,-0.055472963378784934,-0.13890998442449298,0.7229492513296805,0.71264370274469,-0.010305548584990443,-0.022898413463028344,0.7506851543487184,0.7644244256012481,0.013739271252529717,0.03206185388778238,-0.07677185105732498,-0.18888703205594748,-0.007559616426010329,-0.01791519374367212,0.06921223463131465
0.8268636429578007,0.6893563294233035,-0.1375073135344972,-0.3240945832074962,0.7247893749579841,0.7168313172046795,-0.007958057753304604,-0.017740128245303133,0.7527211944908562,0.7185047341282865,-0.034216460362569645,-0.07762343085037449,-0.07414244846694451,-0.1826049474395135,0.029148404704983033,0.0638662049176082,0.10329085317192754
0.8448280693921175,0.7323034882710812,-0.11252458112103636,-0.2778233642458732,0.7430245750556431,0.737317250836924,-0.005707324218719112,-0.013014529631651062,0.7813917606523958,0.7076393824874007,-0.07375237816499514,-0.1695001521403432,-0.06343630873972173,-0.16326471693733602,-0.0246641057836805,-0.05494150483180604,0.038772202956041224
0.8338266729653433,0.6987187879546916,-0.13510788501065174,-0.32232949816585577,0.7503632057582043,0.7455301220936436,-0.0048330836645607,-0.011131333874991878,0.8049757804388115,0.7484477873212981,-0.05652799311751333,-0.1359816747110374,-0.028850892526531835,-0.07505274753134783,0.049728999366606574,0.11129507592347054,0.07857989189313841
0.7940777666956279,0.7146320356120589,-0.079445731083569,-0.1850985009472219,0.7526612769715529,0.7694743920043888,0.01681311503283589,0.03943292371632223,0.7870293069871455,0.7421273390256872,-0.04490196796145829,-0.1059428906190254,-0.007048459708482446,-0.017322309689457693,0.02749530341362827,0.06183330063873882,0.034543763122110716
0.8372599663074954,0.725890450324903,-0.11136951598259248,-0.2715536679369759,0.7113035644000533,0.7130400426521452,0.0017364782520918887,0.003835400622320684,0.8060006661079036,0.705883200132766,-0.1001174659751376,-0.23419714030365824,-0.03125930019959189,-0.08172552896512686,-0.020007250192137005,-0.04436900133180921,0.011252050007454883
0.8540028913462581,0.6236263156301655,-0.2303765757160926,-0.5368265333391209,0.7444363892506796,0.7498062905365149,0.005369901285835366,0.012354355126343197,0.7596999696862902,0.733280909080304,-0.0264190606059862,-0.06074901325967197,-0.0943029216599679,-0.24052176263633385,0.1096545934501385,0.23555575744311508,0.2039575151101064
0.8382199281389463,0.7321917683178482,-0.10602815982109814,-0.25997954125904466,0.7410422588852142,0.717759736535503,-0.023282522349711288,-0.0524171334239254,0.7842403079922137,0.7665456817276673,-0.01769462626454632,-0.04240761854113417,-0.05397962014673263,-0.1382601149795475,0.03435391340981919,0.079311807738363,0.08833353355655182
0.8191562700597288,0.6933307115261159,-0.12582555853361288,-0.29529543984914763,0.7134115619713911,0.7214163260040559,0.008004764032664813,0.017778617403167107,0.8030054150456495,0.7214754336409409,-0.08152998140470857,-0.192148627197803,-0.016150855014079313,-0.04126811938697683,0.028144722114824994,0.06187869326436779,0.04429557712890431
0.8624546872040656,0.6413996158345628,-0.22105507136950275,-0.5241916027336964,0.713028831889814,0.7532515458016532,0.04022271391183918,0.09099367251888202,0.8015956740160718,0.7647519281753142,-0.03684374584075756,-0.08948069444746531,-0.060859013187993805,-0.16340653336881195,0.12335231234075139,0.2713043749174191,0.1842113255287452
0.7744142291229986,0.7105865986299792,-0.06382763049301943,-0.14622366495759387,0.738351601461527,0.7159022178721823,-0.022449383589344674,-0.05040815724616632,0.8037038640525056,0.7073996787289246,-0.09630418532358098,-0.22507099711762302,0.02928963492950698,0.07183116424679747,-0.0031869199010545746,-0.0070161679132316745,-0.032476554830561555
0.8581875657044934,0.6485341234683795,-0.20965344223611393,-0.4969722030974968,0.7378184778320991,0.6980501824336152,-0.03976829539848392,-0.08842207240576183,0.7716055376444072,0.7956999996786811,0.0240944620342739,0.058536948801128474,-0.08658202806008619,-0.22433607791181842,0.14716587621030164,0.33117307398680684,0.23374790427038783
0.8521796648132217,0.6827046480776504,-0.1694750167355713,-0.40744772164646337,0.7533662042423693,0.7092139749239256,-0.04415222931844376,-0.09967652253085646,0.7915417496409111,0.7248903678416548,-0.06665138179925623,-0.1559992048455845,-0.06063791517231065,-0.1590011595700136,0.042185719764004426,0.09244735723086528,0.10282363493631508
0.8001973961663168,0.6693067730101677,-0.13089062315614908,-0.2985516846934815,0.7265135337911426,0.7372677200833357,0.010754186292193157,0.024278279127025293,0.8023718576050286,0.7792091463066774,-0.023162711298351235,-0.0569661418622025,0.0021744614387118055,0.005449341538091179,0.10990237329650965,0.24703488436937016,0.10772791185779784
0.8300690797412092,0.6558213202970234,-0.1742477594441858,-0.40408140200228937,0.7229802649482102,0.7256538025515238,0.0026735376033135694,0.005982987816638197,0.7812808657873548,0.7197765375952393,-0.06150432819211549,-0.14238003832504287,-0.048788213953854465,-0.12352159600720958,0.06395521729821585,0.13817976767003692,0.11274343125207031
0.8390318125919384,0.6542084849635464,-0.18482332762839193,-0.43159648332650935,0.7670307095878349,0.7346317475845998,-0.03239896200323511,-0.07494064219813668,0.7986927893402953,0.774417255696506,-0.024275533643789315,-0.05926771304135814,-0.04033902325164307,-0.1048878386833727,0.12020877073295955,0.2674409316017785,0.16054779398460262
0.8190087471620876,0.7041518609605945,-0.11485688620149315,-0.2713258429518577,0.7135837040340332,0.7345286252779922,0.02094492124395908,0.04686536162559696,0.7759324449180488,0.7611756098787418,-0.014756835039307026,-0.03499293136214421,-0.0430763022440388,-0.1073220565390689,0.05702374891814732,0.12901085505064458,0.10010005116218612
0.8193815087714941,0.7252222757054549,-0.09415923306603913,-0.2256262709321164,0.7431334163274291,0.7256744393704109,-0.017458976957018257,-0.03953599456496715,0.8193051350757924,0.7776676254046642,-0.041637509671128226,-0.10392492527831365,-7.63736957016814e-05,-0.00019851066281484364,0.05244534969920922,0.1215028349909879,0.0525217233949109
0.7936755522359348,0.6534060145538426,-0.14026953768209216,-0.31594030085659797,0.7399084858571752,0.7048059843915014,-0.03510250146567373,-0.07841742010765307,0.7862558860927269,0.7106156818361486,-0.07564020425657825,-0.17476352845934695,-0.007419666143207881,-0.018215885294962764,0.05720966728230603,0.12296088710228825,0.06462933342551391
0.8242430298390749,0.6310625497099561,-0.19318048012911881,-0.4403702859813099,0.6981270656910269,0.7518792554204671,0.05375218972944018,0.12051079904481066,0.7664162535791004,0.7305261075440922,-0.035890146035008175,-0.08276369760093605,-0.057826776259974566,-0.14364963518910256,0.09946355783413607,0.21395695319127128,0.15729033409411064
0.8310409128566384,0.7219890650707789,-0.10905184778585952,-0.2635597308915072,0.7353772651144418,0.7525799878053531,0.017202722690911276,0.039421517929051575,0.7710175677179016,0.7448656910160242,-0.026151876701877463,-0.061075344286234845,-0.06002334513873675,-0.15073625953213643,0.02287662594524531,0.05174812707313592,0.08289997108398206
0.8060686117950362,0.7022265007466815,-0.10384211104835472,-0.24237989722115394,0.7320965579563578,0.7031903624562713,-0.02890619550008644,-0.0642339623400423,0.7636314836487906,0.7650883817807684,0.0014568981319778018,0.0034328602361908267,-0.04243712814624556,-0.10338438083852752,0.06286188103408696,0.14242837661881724,0.10529900918033253
0.7887669118624526,0.6497702634673548,-0.13899664839509784,-0.31149350219528626,0.7571565212592916,0.7313005827934161,-0.025855938465875417,-0.059279498700814504,0.7528838925408311,0.744278120160572,-0.008605772380259058,-0.019837436378368434,-0.03588301932162152,-0.08543279013403238,0.09450785669321726,0.20622327568288545,0.13039087601483879
0.7900558489199229,0.683360529430094,-0.10669531948982891,-0.24338374172390553,0.7286556696560221,0.7500291087161951,0.021373439060172972,0.0486964828662515,0.8137526386552817,0.7412741856764749,-0.07247845297880684,-0.17478307372372237,0.023696789735358825,0.059479181298059736,0.057913656246380896,0.1280798492982429,0.03421686651102207
0.8097740800400031,0.6889786359813094,-0.12079544405869369,-0.2805780411251244,0.7340959665216361,0.7115753222051048,-0.022520644316531335,-0.050323664907930166,0.7898974684132284,0.7753418535693094,-0.014555614843918985,-0.03529387523811289,-0.019876611626774676,-0.04968996626492883,0.08636321758800003,0.1955941996220827,0.1062398292147747
0.8428284802575328,0.6432671545687675,-0.19956132568876528,-0.46489832334093895,0.75943956153086,0.7661593757680937,0.006719814237233668,0.015798066443001524,0.7868337304653871,0.7427122506280296,-0.04412147983735748,-0.1041277161393479,-0.05599474979214569,-0.14452946416690482,0.0994450960592621,0.21624114303468622,0.1554398458514078
0.8446015181513603,0.682338728904623,-0.16226278924673732,-0.38710217892259635,0.7156851539540431,0.729440651643959,0.013755497689915908,0.030724580338764795,0.7636640415486621,0.7680857184911037,0.004421676942441666,0.010442113188410485,-0.08093747660269823,-0.20493575891498805,0.08574698958648075,0.19260853319601878,0.16668446618917898
0.7911929270554324,0.7156162734139287,-0.07557665364150368,-0.17580213472579675,0.7499641255194064,0.7483398214359736,-0.001624304083432837,-0.0037469468578681386,0.7764136239530095,0.7520322058160378,-0.0243814181369717,-0.05745493753953035,-0.014779303102422925,-0.035907277173096386,0.03641593240210905,0.08243992001317002,0.05119523550453198
0.8350804534440154,0.6767562245422386,-0.15832422890177678,-0.373102202866717,0.7444823931274973,0.7282988993863379,-0.01618349374115946,-0.03673527191204906,0.7831924781610118,0.7404883580227826,-0.04270412013822922,-0.10034435773007377,-0.051887975283003596,-0.13231278867417595,0.06373213348054396,0.1404450564624673,0.11562010876354756
0.8651841142656588,0.842307692307657,-0.02287642195800177,-0.06478498129939636,0.7556751918155924,0.7310706579171248,-0.024604533898467618,-0.056347096228532845,0.769385379098905,0.6948328300436118,-0.07455254905529318,-0.16870877507349924,-0.09579873516675375,-0.24988358273386835,-0.14747486226404516,-0.3538073765079712,-0.05167612709729141
0.8416649305819518,0.636034701198897,-0.20563022938305475,-0.47677082042811314,0.70351543829993,0.7376397328731357,0.03412429457320565,0.07608051651505754,0.7633114679503367,0.7293679866304408,-0.033943481319895885,-0.07805096161709768,-0.07835346263161513,-0.19769062476618515,0.09333328543154373,0.2010292340448303,0.17168674806315887
0.8070244394857062,0.756529398525367,-0.05049504096033919,-0.1224357594487766,0.7280120489429672,0.7496384481039239,0.021626399160956655,0.04924141909304769,0.7714085057661029,0.6939476948468695,-0.0774608109192334,-0.17544056751815784,-0.035615933719603365,-0.08739266559638281,-0.06258170367849758,-0.14039747366576405,-0.026965769958894215
0.8417407720450599,0.701315265675285,-0.1404255063697749,-0.33813270435007947,0.7445755482266186,0.740350711619946,-0.004224836606672611,-0.00966175481471332,0.7854702163359462,0.696402861521099,-0.08906735481484718,-0.20397031738261684,-0.05627055570911377,-0.14487061560196546,-0.004912404154186034,-0.010708228634502825,0.05135815155492773
0.8117514410987967,0.6629254955529092,-0.14882594554588746,-0.34130344908281285,0.7378848220675683,0.7196559633823668,-0.01822885868520152,-0.04100626144754704,0.7438970876029746,0.760915034123511,0.017017946520536453,0.03943374515292719,-0.06785435349582214,-0.1636540300356275,0.09798953857060178,0.21708316420011253,0.16584389206642391
0.8509155705156001,0.7460115322632492,-0.10490403825235084,-0.26355280251407587,0.7083140439335591,0.7280292104214193,0.019715166487860203,0.04382816257802791,0.7981326671738492,0.8090793095766508,0.01094664240280152,0.027557070784186788,-0.05278290334175084,-0.13912393619501318,0.06306777731340152,0.15198593710324948,0.11585068065515236
0.7853969125253082,0.6434360463771717,-0.14196086614813652,-0.3165122316880804,0.7668435497276169,0.7304055294989696,-0.03643802022864728,-0.08404565683745835,0.8007111006018303,0.6961111048961558,-0.10459999570567446,-0.24223391037766584,0.015314188076522073,0.03780772709630842,0.05267505851898413,0.11208604840672298,0.03736087044246206
0.8341806792673534,0.6941727115960403,-0.14000796767131307,-0.3331682291291893,0.7358468083601455,0.7475993139409548,0.011752505580809314,0.02685293432039959,0.7876703250130562,0.7526291945667035,-0.03504113044635271,-0.08333921530270061,-0.04651035425429717,-0.11898306905248779,0.05845648297066319,0.1308459447740009,0.10496683722496036
0.8256958233686623,0.6925043127779459,-0.13319151059071643,-0.3141999783270535,0.7581558619843438,0.726218865826997,-0.0319369961573468,-0.07304165625566572,0.7670083115492798,0.7317908484266523,-0.035217463122627524,-0.08131096812724392,-0.058687511819382476,-0.14607293478629568,0.03928653564870643,0.08681607541351388,0.09797404746808891
0.8181907276832412,0.678609538786311,-0.13958118889693016,-0.32450927622072157,0.7333544708740147,0.7118087526988583,-0.02154571817515638,-0.04813078178364938,0.8050403861236101,0.7194525402371994,-0.08558784588641066,-0.2017827811281685,-0.013150341559631129,-0.03363557246956761,0.04084300145088837,0.08909092262298546,0.0539933430105195
0.8196469500127345,0.6089630216590022,-0.21068392835373229,-0.47389073122072256,0.7250802943335276,0.7340875169757353,0.009007222642207657,0.020279181119522427,0.7771153802590752,0.7051768892367479,-0.0719384910223273,-0.1645965434404646,-0.04253156975365924,-0.10614114643237338,0.09621386757774575,0.2031530413478846,0.13874543733140499
0.8277156072956765,0.674502456276027,-0.1532131510196495,-0.3582443941403852,0.7202641313223578,0.7657732766019297,0.04550914527957195,0.10423835216207644,0.779156977311442,0.6681865052971251,-0.11097047201431687,-0.24928930113851755,-0.04855862998423455,-0.12240131112175989,-0.006315950978901919,-0.013446218119892217,0.04224267900533263
0.8170863302831247,0.575264323419886,-0.24182200686323874,-0.5358350272006036,0.7341193970235581,0.6940097627386882,-0.04010963428486991,-0.08881472596364315,0.7842070072121015,0.7347768200640412,-0.049430187148060245,-0.11579173628592576,-0.03287932307102326,-0.08236113060750361,0.15951249664415523,0.33768216030717424,0.1923918197151785
0.8512206199280614,0.6571107669709279,-0.19410985295713357,-0.45918512585464843,0.7216770347155982,0.7718164945045274,0.0501394597889292,0.11542238810472893,0.8002701213375513,0.7486938323833184,-0.05157628895423283,-0.12359165503899439,-0.05095049859051015,-0.13464508593804414,0.09158306541239059,0.2009483848776099,0.14253356400290074
0.8225820078134166,0.7106203312042035,-0.11196167660921308,-0.2664250934880621,0.7353723842563995,0.7652841602814138,0.02991177602501427,0.06913615805791418,0.7569149338012449,0.7419606445755852,-0.014954289225659667,-0.034513037358892884,-0.06566707401217176,-0.16159480248071167,0.031340313371381656,0.07031725364845753,0.09700738738355341
0.8255342012086833,0.6368455728519319,-0.18868862835675138,-0.43176257287501385,0.7266435815947925,0.7287938599996907,0.0021502784048982315,0.004830641213228848,0.797505624414515,0.7748741996182479,-0.02263142479626712,-0.055216635760418686,-0.02802857679416826,-0.07171155326968526,0.138028626766316,0.3048343838449099,0.16605720356048426
0.7961392973296149,0.7130464965669715,-0.08309280076264336,-0.19371419008532254,0.7356102258761951,0.7269373526682529,-0.008672873207942189,-0.019565032013424855,0.7804317592130362,0.731025608028287,-0.049406151184749225,-0.11512172059292913,-0.015707538116578657,-0.038455443548847335,0.017979111461315478,0.04013702594354607,0.033686649577894134
0.8230983442724998,0.6837845603665746,-0.1393137839059252,-0.32619648540010915,0.7328447676097546,0.7142054698088199,-0.01863929780093465,-0.041680210261658246,0.7721777594701905,0.7229970744858284,-0.04918068498436212,-0.11333594579103234,-0.05092058480230932,-0.12696965610357402,0.03921251411925375,0.08589088350550278,0.09013309892156307
0.7964309121282432,0.711631777573639,-0.0847991345546042,-0.1975634961394772,0.7023711997235322,0.735560870152188,0.033189670428655726,0.07386495569081908,0.7916968166301436,0.7511141666401256,-0.04058264999001793,-0.09672707695504101,-0.004734095498099666,-0.011707102835404992,0.0394823890664866,0.0891293163490312,0.04421648456458627
0.818676670460423,0.717641984386861,-0.10103468607356203,-0.24070502583037445,0.7083446771766465,0.6796077137453889,-0.028736963431257645,-0.062373315750424485,0.7647338857607854,0.7811742793640523,0.01644039360326688,0.03925020322467976,-0.05394278469963765,-0.13308563797355522,0.06353229497719126,0.146869591081499,0.11747507967682891
0.7826234829762937,0.668117079686394,-0.1145064032898997,-0.25781722368500204,0.7322233368124381,0.7327493105568941,0.0005259737444559542,0.001188204949890359,0.7765951632628255,0.7219278006309088,-0.05466736263191674,-0.12629229560883015,-0.006028319713468178,-0.01454354263060953,0.05381072094451478,0.11698138544556236,0.059839040657982956
0.8063077978547913,0.7136231500348446,-0.09268464781994679,-0.21792074339938017,0.7292945913005054,0.7318694707400019,0.0025748794394964136,0.005803770501033423,0.7858361126677315,0.7227258213876672,-0.06311029128006429,-0.14686385862646167,-0.020471685187059885,-0.05082313575319697,0.009102671352822611,0.020233749019721525,0.029574356539882496
0.8108472232842683,0.6913939417244869,-0.11945328155978141,-0.27809203554541284,0.700903469313575,0.7498968391306021,0.04899336981702718,0.1098713242035878,0.7898078373589185,0.7512221052984831,-0.03858573206043536,-0.09183356922491903,-0.02103938592534982,-0.05264719384217331,0.05982816357399623,0.1336112724783205,0.08086754949934605
0.8036730449992137,0.7463661925575339,-0.05730685244167977,-0.13748870099275656,0.7101789497299461,0.6957689671496979,-0.01440998258024817,-0.03153735212942643,0.8203950923203118,0.7522407578546703,-0.06815433446564156,-0.16674572989548153,0.016722047321098166,0.042811398689328595,0.005874565297136369,0.013554369786603626,-0.010847482023961796
0.800739347306414,0.7297178938256069,-0.07102145348080713,-0.16799089032524606,0.7320466117407775,0.7486253893100631,0.016578777569285608,0.037816506992937704,0.7728779194636902,0.7367229971143062,-0.036154922349384,-0.08409193830859518,-0.02786142784272383,-0.06805989524496958,0.007005103288699299,0.015839056771681292,0.03486653113142313
0.7933756775308715,0.6883119972643202,-0.10506368026655122,-0.24089192428162542,0.7360921460592551,0.7374562393188248,0.0013640932595696542,0.00309751167047434,0.7802243211195337,0.6887134088577057,-0.09151091226182795,-0.207911394096713,-0.0131513564113378,-0.03211374040287662,0.00040141159338547006,0.0008667897820358039,0.01355276800472327
0.7787712225753727,0.679547014630006,-0.09922420794536668,-0.22412547099953062,0.750911796216613,0.7482262754721004,-0.0026855207445125595,-0.00619840667973337,0.7920354303939326,0.7206296033371111,-0.07140582705682152,-0.16673351246320767,0.01326420781855997,0.032312439670339366,0.04108258870710513,0.08970439820666232,0.027818380888545158
0.7968602996743605,0.5672973291940843,-0.22956297048027619,-0.500670360139361,0.7557999829388263,0.7595735476352626,0.0037735646964363045,0.008806864375495937,0.7719447881797303,0.7116970598881296,-0.060247728291600744,-0.13787673653486632,-0.024915511494630116,-0.0606094622430402,0.14439973069404533,0.30218416136145443,0.16931524218867544
0.8202972463671762,0.7573687548716451,-0.06292849149553104,-0.1545707608737814,0.7298536205756386,0.7516653958476915,0.021811775272052913,0.04978361857653768,0.7628588018530024,0.7267035790186185,-0.03615522283438388,-0.0829741714262422,-0.05743844451417379,-0.1417137376719424,-0.03066517585302664,-0.07011714822440318,0.026773268661147154
0.8056263881317819,0.6892971859346204,-0.11632920219716147,-0.2693653919968546,0.7211287280744302,0.7368169305450617,0.015688202470631518,0.03529812196416726,0.7944567563713227,0.7369221353693357,-0.05753462100198703,-0.13606269840115104,-0.011169631760459153,-0.02792869671290843,0.04762494943471529,0.10537399688279514,0.058794581195174445
0.8149620327037388,0.6754962192934868,-0.139465813410252,-0.3228246738997811,0.7544108896313908,0.7285545234806424,-0.025856366150748378,-0.05907354020704059,0.7934663730729157,0.6937379693627964,-0.09972840371011926,-0.229373116455587,-0.021495659630823116,-0.05419025853025161,0.018241750069309615,0.03926129891394248,0.03973740970013273
0.8282489502617004,0.6727777341151507,-0.15547121614654968,-0.36333599800423233,0.7187179724211189,0.7482976629305366,0.029579690509417667,0.06692647633164617,0.8096433315282184,0.7528480989597494,-0.05679523256846908,-0.13764509615667997,-0.018605618733481988,-0.04833279210956842,0.08007036484459862,0.17735810973798394,0.0986759835780806
0.8236905962634364,0.6783831135037467,-0.14530748275968974,-0.33933936662924946,0.745326910688271,0.7456067501786436,0.00027983949037269085,0.0006424253368089161,0.7822813684083624,0.6241217029092051,-0.15815966549915728,-0.3490369159080513,-0.04140922785507406,-0.10424000412292367,-0.05426141059454159,-0.11393755340172551,-0.012852182739467533
0.8594922344781701,0.716545731824434,-0.1429465026537361,-0.35442029459599445,0.7610952554522922,0.7209947252695247,-0.04010053018276749,-0.09160215209855282,0.7835164105170982,0.7148993551240105,-0.06861705539308771,-0.15862925765132108,-0.07597582396107194,-0.19944097974861474,-0.0016463767004235574,-0.003649942803941375,0.07432944726064838
0.8236418521964591,0.6389258678997697,-0.18471598429668945,-0.4224584319727216,0.7593660789759317,0.7144577945497291,-0.04490828442620254,-0.10207532217048687,0.7681226001837468,0.7381431533625445,-0.029979446821202238,-0.06955595891065292,-0.05551925201271235,-0.13803318985686364,0.09921728546277486,0.21486928320520504,0.1547365374754872
0.7623441919053445,0.7365715076110266,-0.025772684294317894,-0.05949403531213937,0.7598188812783633,0.745034286952771,-0.014784594325592315,-0.03425850283708387,0.7694787725634006,0.7734676277904807,0.003988855227080146,0.009499985980369718,0.007134580658056056,0.016850016207059504,0.036896120179454095,0.08584403749956859,0.02976153952139804
0.7768423514850181,0.6654507962388871,-0.11139155524613098,-0.2495237974891189,0.7121815301855134,0.7528495828366987,0.04066805265118523,0.0919338512682697,0.7753449237404825,0.7516759895147294,-0.023668934225753113,-0.05571681287149177,-0.001497427744535651,-0.003592163846322105,0.08622519327584222,0.19021482077130503,0.08772262102037787
0.8379034993822065,0.6677377964829292,-0.17016570289927735,-0.3999489802989755,0.721351583589219,0.7460311458805585,0.024679562291339496,0.05584597970019889,0.7728779306598792,0.738292942862142,-0.03458498779773722,-0.08052381048239132,-0.06502556872232734,-0.1647681220556385,0.07055514637921279,0.1546570477609457,0.13558071510154013
0.8238236960534259,0.7428885671114641,-0.08093512894196175,-0.19724068136097817,0.7384002694464048,0.7214770237774443,-0.01692324566896053,-0.03812033607659071,0.7880479738742784,0.7372141444295789,-0.050833829444699496,-0.11962985447983687,-0.035775722179147484,-0.09054839727843644,-0.005674422681885227,-0.01293757039729515,0.030101299497262257
0.8086505507335646,0.7322117944987959,-0.0764387562347687,-0.18232388754172169,0.749936075239667,0.7785910418078413,0.028654966568174345,0.06753728315310736,0.7942276805086422,0.7522568572978395,-0.0419708232108027,-0.10032842660629937,-0.01442287022492239,-0.036160446566487536,0.02004506279904361,0.04583501436893478,0.034467933023966
0.8412311588324749,0.720208334604234,-0.12102282422824095,-0.2950634239113241,0.7666419200440214,0.7318589206930048,-0.034782999351016586,-0.08029083366734335,0.7374794378576904,0.7701011014549702,0.032621663597279804,0.07576007006175933,-0.10375172097478447,-0.2562088487124474,0.04989276685073629,0.11461464526063603,0.15364448782552076
0.8198217330757784,0.730522671794675,-0.08929906128110343,-0.2148614907083508,0.7355656276630814,0.7347389198952335,-0.0008267077678478785,-0.0018735503082081273,0.7666805514024627,0.7207125897888131,-0.04596796161364958,-0.10538271778257524,-0.05314118167331572,-0.13146527197463875,-0.009810082005861864,-0.021986499048863184,0.043331099667453854
0.8198299264157091,0.7067478334798739,-0.11308209293583515,-0.26776567580587374,0.7228016871892161,0.7373403014459946,0.014538614256778493,0.03275297452666903,0.7514150818371125,0.7299443781491811,-0.02147070368793136,-0.048999945067190964,-0.06841484457859659,-0.16718580156570395,0.023196544669307206,0.05157992917297882,0.0916113892479038
0.7848036163762248,0.6558266064312139,-0.12897700994501082,-0.28909550633847125,0.7288225682431442,0.7566284700560085,0.027805901812864353,0.06363053147985953,0.7961015750024307,0.7487206721234195,-0.0473809028790112,-0.11314345046099517,0.011297958626205973,0.02776234737740113,0.0928940656922056,0.20371440325487722,0.08159610706599962
0.8113700468163882,0.7305319203233488,-0.08083812649303945,-0.19304618014292174,0.7360495771206349,0.7525895249591973,0.016539947838562385,0.037918938518862966,0.7651131952172285,0.7612371294766792,-0.003876065740549328,-0.00911735006148362,-0.04625685159915971,-0.11337232095643524,0.030705209153330415,0.07055650912500289,0.07696206075249012
0.8026552802001063,0.6664887514243186,-0.13616652877578772,-0.31069644662543383,0.7149745293233587,0.7591290751839012,0.04415454586054246,0.10037662041691497,0.785384038010605,0.7206334222468586,-0.06475061576374641,-0.15043105652743716,-0.01727124218950138,-0.04271500424850094,0.05414467082253993,0.11755038584949573,0.07141591301204131
0.8288095635882184,0.6379592761978129,-0.19085028739040555,-0.4381087845520151,0.7358952885125496,0.7573965933107741,0.02150130479822454,0.04944592162414718,0.8189642722996359,0.726481769683914,-0.09248250261572188,-0.22171873940962072,-0.00984529128858258,-0.025848614922975077,0.08852249348610108,0.19054143021941927,0.09836778477468366
0.7849458433512413,0.6839849422952572,-0.1009609010559841,-0.2295492621080173,0.7353764637267322,0.7452335536060984,0.009857089879366288,0.022481690995953763,0.7586672969505813,0.7285522129089975,-0.030115084041583806,-0.06899656375748453,-0.026278546400659963,-0.06264060917508196,0.04456727061374033,0.0979120891754508,0.07084581701440029
0.8003621073330166,0.7250331311762578,-0.07532897615675882,-0.17756714475060464,0.7258707826852465,0.721665792896747,-0.00420498978849948,-0.009404402440782444,0.7664453151020774,0.7424511000665174,-0.023994215035559985,-0.055761644646192376,-0.03391679223093924,-0.08239370235464305,0.017417968890259594,0.03941179774976922,0.051334761121198835
0.8274443296779997,0.7063011207903495,-0.12114320888765029,-0.28872631608421107,0.7007412463849892,0.7357203590177507,0.03497911263276143,0.07778877220911773,0.8160362217853754,0.7536791196612302,-0.062357102124145136,-0.15210835306404524,-0.011408107892624364,-0.02981054384860693,0.04737799887088079,0.10680741917155889,0.05878610676350515
0.8313898572180903,0.6522759726559036,-0.1791138845621867,-0.4150568516669113,0.7515937603925179,0.7089754460064316,-0.04261831438608632,-0.09609474857267752,0.7990197402792812,0.7539799732687328,-0.04503976701054846,-0.10823792607197147,-0.03237011693880909,-0.08347213976502665,0.10170400061282914,0.22334678582991319,0.13407411755163823
0.846792808504618,0.7082353467821413,-0.13855746172247674,-0.3368947757786924,0.7130063497359963,0.6880408547341738,-0.024965495001822546,-0.05451703406888342,0.7683652726397651,0.7348203060174975,-0.03354496662226758,-0.07767375953316602,-0.07842753586485296,-0.19989721987722708,0.026584959235356198,0.05932379636829932,0.10501249510020916
0.8494092461456275,0.697794483283555,-0.15161476286207254,-0.3670353538637605,0.7250850197482865,0.6925924242422953,-0.03249259550599126,-0.07154763762486827,0.7783509850690793,0.7598617826459969,-0.018489202423082385,-0.043883019616386854,-0.07105826107654822,-0.18333402230958162,0.06206729936244193,0.13981831193779204,0.13312556043899015
0.8319647409854442,0.7057076984849338,-0.1262570425005104,-0.302054911479255,0.7563172295818535,0.7154101055170617,-0.0409071240647918,-0.09284882070650413,0.7636562391133389,0.7806546165200169,0.016998377406677978,0.04053246821491241,-0.06830850187210524,-0.17062690427839033,0.07494691803508313,0.17196047541577708,0.14325541990718837
0.8123177957569571,0.7244945742077364,-0.08782322154922062,-0.2090310786807228,0.7090663092047755,0.7154538562496598,0.006387547044884312,0.014109795854726048,0.7922799431631585,0.7041728167259936,-0.0881071264371649,-0.20369653420641742,-0.020037852593798533,-0.05032729772538813,-0.020321757481742808,-0.04499275325108276,-0.00028390488794427515
0.808499447880668,0.6769617663085423,-0.13153768157212564,-0.30316060224041386,0.72392430625339,0.6932613324456102,-0.030662973807779825,-0.06749947404818579,0.7847007859475118,0.7430331552098535,-0.041667630737658334,-0.09819481146894748,-0.023798661933156162,-0.05914574471001366,0.06607138890131115,0.1458200460614527,0.08987005083446731
0.8041670428962093,0.6890050975129359,-0.1151619453832734,-0.26631385383438344,0.7114143844078095,0.7598375644660905,0.04842318005828106,0.1099060632290132,0.7695366569088099,0.7335662876739085,-0.03597036923490138,-0.08329149895901056,-0.034630385987399426,-0.08462344407490452,0.0445611901609726,0.09839891080046836,0.07919157614837202
0.8375543818161085,0.7384444321757774,-0.09910994964033115,-0.24400037504737204,0.7684094475274431,0.7252616886771591,-0.04314775885028399,-0.09931063805958162,0.7701931199307636,0.7300264199242744,-0.04016670000648914,-0.09284136753219263,-0.06736126188534497,-0.17021604801212709,-0.00841801225150296,-0.019057040496947675,0.05894324963384201
0.8482460910911799,0.636357707677647,-0.2118883834135329,-0.4942830114562562,0.7121629194218025,0.7425768741907435,0.030413954768940932,0.0683217409342709,0.7984774804981188,0.6713844322229169,-0.12709304827520196,-0.289837479995001,-0.049768610593061036,-0.13079709924349148,0.035026724545269894,0.07364843221776374,0.08479533513833093
0.8268967893404239,0.6379149656652856,-0.18898182367513827,-0.43313412163912046,0.7166745234693481,0.6838691772694542,-0.03280534619989395,-0.07162978579703916,0.773046515404725,0.790939668625675,0.017893153220949976,0.043344289202026154,-0.053850273935698856,-0.1348938216124318,0.1530247029603894,0.3415845892287148,0.20687497689608825
0.8200649341200963,0.7061720795874281,-0.11389285453266818,-0.26964163394562646,0.7192232623836151,0.7229534951759344,0.0037302327923193213,0.008317839713959163,0.7711511796771817,0.7824153997512672,0.011264220074085451,0.02705319974120357,-0.04891375444291457,-0.12149229497138014,0.07624332016383906,0.17520253871544988,0.12515707460675363
0.8507330751549347,0.7062829292891334,-0.1444501458658013,-0.35218356449735855,0.7397936629841251,0.7640508654161735,0.02425720243204843,0.05617923104854805,0.7976146420867942,0.7220293780101968,-0.07558526407659738,-0.17742746669100917,-0.05311843306814046,-0.1399016335354526,0.015746448721063455,0.03485446427089678,0.06886488178920391
0.8280413269937646,0.6663710679055186,-0.16167025908824606,-0.37640637793026155,0.7328007846904083,0.7427958101399096,0.00999502544950126,0.02272557434475253,0.7630400878147956,0.7455400292331688,-0.017500058581626843,-0.040655581181366696,-0.06500123917896905,-0.16163153744856373,0.07916896132765017,0.17411925930033112,0.14417020050661922
0.8363966857561221,0.6670488236093769,-0.16934786214674524,-0.39733032492828446,0.732953254419483,0.7428239876846682,0.009870733265185172,0.02244544353981892,0.7616668853470904,0.7178140204047844,-0.043852864942306,-0.10002267750805327,-0.07472980040903177,-0.18721946656509392,0.050765196795407475,0.11008818085513727,0.12549499720443924
0.829230729617592,0.6504727948694057,-0.17875793474818635,-0.41308861041351763,0.7186147738957057,0.7267723269607101,0.00815755306500443,0.018222724234549403,0.7897900625161576,0.7337016007304773,-0.05608846178568028,-0.1318622772063729,-0.03944066710143446,-0.10055930789732992,0.08322880586107162,0.18066702530981482,0.12266947296250608
0.8243862087811232,0.6524007989100097,-0.17198540987111355,-0.39624006289463476,0.7242678525284022,0.7714767318531631,0.04720887932476092,0.10882382872892116,0.8284419329145748,0.6908165876518196,-0.13762534526275516,-0.3251158738090225,0.004055724133451566,0.010708262152723247,0.03841578874180995,0.08183245123833549,0.03436006460835839
0.8069742026298693,0.6297090462289562,-0.17726515640091312,-0.3986334211156459,0.7507503917242019,0.7553570649506073,0.0046066732264054,0.010682610326087971,0.7816314967225413,0.7389021142505742,-0.042729382471967114,-0.10017607947722817,-0.02534270590732801,-0.06272350317065589,0.10919306802161799,0.23573383846776186,0.134535773928946
0.8134666412784886,0.5979597002877232,-0.2155069409907654,-0.4804156462469178,0.7291206835260763,0.7160177903226511,-0.01310289320342517,-0.02926692884966764,0.8020193195212523,0.7744865242141286,-0.027532795307123714,-0.06742392719703894,-0.011447321757236284,-0.029051556869632567,0.1765268239264054,0.3839401621802463,0.18797414568364168
0.8494232096989446,0.7202078960184405,-0.1292153136805041,-0.31772168958404645,0.7182688090249078,0.7336332951091803,0.015364486084272544,0.034449927539422553,0.7935689280330989,0.7100626514687923,-0.08350627656430654,-0.19393514170138149,-0.05585428166584572,-0.1462648993869835,-0.010145244549648158,-0.02247835150431854,0.04570903711619756
0.8307933644960238,0.6885102063740639,-0.1422831581219599,-0.33635560315563384,0.734121011440478,0.7205361014768922,-0.013584909963585856,-0.030507149158631286,0.7441205584249282,0.7394960615994451,-0.004624496825483049,-0.01056699202550293,-0.08667280607109562,-0.21285961577660872,0.05098585522538124,0.11292899535352219,0.13765866129647686
0.8272157149632777,0.6344874932573062,-0.19272822170597148,-0.4411017798770487,0.6919534263302833,0.6969984010808709,0.005044974750587516,0.010952443149248259,0.8002381750639375,0.7122939816850371,-0.08794419337890036,-0.20558993712138474,-0.026977539899340264,-0.06933373993619041,0.07780648842773086,0.16617810281947354,0.10478402832707112
0.8314555016759254,0.5962299371563392,-0.2352255645195862,-0.531031916035825,0.7185744343110775,0.7509741063172294,0.0323996720061519,0.07342369574525875,0.759386241489039,0.7551643100419679,-0.004221931447071059,-0.009847612043654586,-0.07206926018688642,-0.1792857029535755,0.15893437288562873,0.34189860103859493,0.23100363307251515
0.7994303093480221,0.6920575353554073,-0.1073727739926148,-0.24782846739781483,0.7575233308183749,0.7240244589651216,-0.03349887185325329,-0.07648033955219846,0.7598478180257339,0.7810574729594623,0.021209654933728395,0.05044611211030281,-0.039582491322288194,-0.09558298089581108,0.088999937604055,0.20269159861230657,0.1285824289263432
0.8455730267140918,0.740429670007679,-0.10514335670641284,-0.26143907530677746,0.7269406077657169,0.7291605524137225,0.0022199446480055673,0.004989052875487676,0.7923996742978986,0.7287210496062585,-0.0636786246916401,-0.14951611857084313,-0.053173352416193254,-0.13844093616830522,-0.01170862040142051,-0.026517979432370886,0.04146473201477274
0.8334705017268117,0.7128360940464015,-0.12063440768041023,-0.29039117246160595,0.7117491850872382,0.7306133768508821,0.018864191763643956,0.04207367398252604,0.7638958545480179,0.7315877966773733,-0.03230805787064461,-0.07442358348685074,-0.0695746471787938,-0.17409722395570482,0.01875170263097181,0.04187036501905039,0.08832634980976561
0.7849808157430932,0.733148984933195,-0.05183183080989817,-0.12135786414408889,0.708481536132023,0.7348578473026305,0.026376311170607458,0.05886719411956953,0.7646416293764823,0.7434706972277639,-0.021170932148718347,-0.0491710653296753,-0.020339186366610917,-0.048703586474011296,0.010321712294568908,0.023483212340402293,0.030660898661179825
0.7952504244595334,0.6933965403974486,-0.10185388406208484,-0.23452784872771915,0.7396608192803652,0.7148468677479145,-0.024813951532450695,-0.05572803366110213,0.7559720085277118,0.764783666760616,0.008811658232904196,0.020644090261003,-0.039278415931821575,-0.09423296707870099,0.07138712636316746,0.16093897191002116,0.11066554229498904
0.8012715028426601,0.7268203030759439,-0.07445119976671621,-0.17583742697560956,0.7474324316488966,0.6816652484131861,-0.06576718323571051,-0.14583910107072562,0.7610554789509347,0.7578168161430119,-0.003238662807922843,-0.007577171267751925,-0.040216023891725405,-0.09735948787113724,0.030996513067067966,0.07090076783672039,0.07121253695879337
0.8004907409525016,0.6811723082552876,-0.11931843269721398,-0.27394629554591954,0.7694424313736649,0.7038227776469891,-0.06561965372667578,-0.1492385841210151,0.8009827407019238,0.758023595596269,-0.042959145105654795,-0.1037304769286127,0.0004919997494221562,0.0012317043153173834,0.07685128734098134,0.17144752293262422,0.07635928759155919
0.7917725859754269,0.7466717370042005,-0.04510084897122635,-0.10715803412644798,0.7368192005089433,0.7522090330135133,0.015389832504569934,0.03529049612239055,0.7905671951079026,0.7527445233960651,-0.03782267171183751,-0.09017326408512139,-0.0012053908675242475,-0.0029654927548188326,0.006072786391864593,0.014019277286507759,0.0072781772593888405
0.8153296546157448,0.7195641281568435,-0.09576552645890135,-0.22777433816152248,0.7599541636719275,0.6940120084700379,-0.06594215520188962,-0.14825697172915864,0.784615804794467,0.7817132796042596,-0.0029025251902073945,-0.007043467386699476,-0.030713849821277783,-0.07683150593318189,0.06214915144741617,0.14389936484164112,0.09286300126869396
0.8186538580862428,0.7307756984188908,-0.08787815966735202,-0.2112562701917171,0.7380449502680361,0.7312872557206682,-0.006757694547367854,-0.015306116725481544,0.7755513111256228,0.7114723162631652,-0.0640789948624576,-0.1469926044818184,-0.04310254696061999,-0.10731443110109407,-0.01930338215572558,-0.043050765391195345,0.023799164804894413
0.8431546440725675,0.6522759726559041,-0.19087867141666337,-0.4469343596890587,0.7621737365068625,0.7037267266430843,-0.058447009863778154,-0.1322848054849064,0.7755121516606006,0.7203190104041998,-0.055193141256400846,-0.1272819127895639,-0.06764249241196685,-0.1728111502376466,0.06804303774829568,0.1468412966618482,0.13568553016026252
0.7420601154195886,0.6532435978551675,-0.0888165175644211,-0.19385701593511184,0.7484020586971815,0.6938294444943119,-0.05457261420286952,-0.12182187943343625,0.7741124560471441,0.7780653783294397,0.003952922282295601,0.009482623517402367,0.032052340627555465,0.07488284809875179,0.12482178047427217,0.278222487551266,0.0927694398467167
0.8116760858912259,0.6699388314512719,-0.141737254439954,-0.3262355890343902,0.7496703049548125,0.7672292364620636,0.017558931507251185,0.04102935974362687,0.7736175302010189,0.7729905383345681,-0.0006269918664507657,-0.001497493568409336,-0.038058555690207,-0.09396522171515054,0.10305170688329623,0.23077287375083033,0.14111026257350323
0.8226126872366563,0.7676053731648458,-0.055007314071810476,-0.13656102778227375,0.7289123222994317,0.7328594471669128,0.0039471248674810555,0.00890000884553599,0.7982662985059242,0.7386947932476718,-0.05957150525825239,-0.1414923522846805,-0.024346388730732027,-0.062144378800302214,-0.02891057991717394,-0.06707570330270896,-0.004564191186441913
0.7838971061680852,0.6400659805095382,-0.14383112565854694,-0.31989217548932025,0.752159745633067,0.7022284113439436,-0.04993133428912333,-0.11220888885936375,0.7872688784153467,0.7298862483941219,-0.05738263002122479,-0.13430028183945408,0.003371772247261484,0.008215529803516475,0.08982026788458364,0.19380742345338264,0.08644849563732215
0.8291319205431571,0.697727771464833,-0.1314041490783241,-0.3119463509674556,0.7380596243088875,0.7227182307145879,-0.015341393594299646,-0.034574665563504414,0.8157297649294192,0.7563003895221185,-0.059429375407300644,-0.1452229852338851,-0.01340215561373792,-0.03507607748517483,0.05857261805728553,0.13164728824839567,0.07197477367102345
0.8469340269171511,0.6424708737618164,-0.2044631531553347,-0.47790112762758996,0.7326043320538912,0.7425739342532746,0.009969602199383365,0.02266194035103819,0.8062284641494131,0.7235369616632411,-0.08269150248617196,-0.19567345902044586,-0.04070556276773807,-0.1076818675922877,0.08106608790142467,0.1745458010148564,0.12177165066916273
0.8278435722030094,0.6983840219086113,-0.12945955029439815,-0.3070991519851485,0.7330528043244716,0.7137217201741387,-0.01933108415033291,-0.043220899287710335,0.7920933757543827,0.7198154037740436,-0.07227797198033903,-0.16869010231122505,-0.03575019644862676,-0.09121465825424524,0.021431381865432364,0.04719439141967818,0.05718157831405912
0.8427429658077661,0.7275651312001087,-0.1151778346076574,-0.2827523980296558,0.7481981874617075,0.7154859802606491,-0.032712207201058385,-0.07387301668774393,0.789664802520896,0.7318289709628191,-0.05783583155807692,-0.1357866777455845,-0.053078163286870095,-0.1373649253320819,0.004263839762710386,0.0096007949519894,0.05734200304958048
0.8093758969590584,0.6951318366667416,-0.11424406029231682,-0.2662348649352637,0.7366102549874638,0.7061312373420828,-0.030479017645380968,-0.06800695209292251,0.776555271395348,0.702352375022039,-0.07420289637330901,-0.16943735688315442,-0.03282062556371046,-0.08105953094593277,0.007220538355297346,0.015737977106176526,0.040041163919007805
0.8441808913142191,0.8067252573287305,-0.03745563398548868,-0.09880572889251438,0.757630468036437,0.7252064458086651,-0.032424022227771854,-0.07408434292436761,0.785803050061471,0.784676725784362,-0.0011263242771090143,-0.0027427472678223097,-0.05837784125274814,-0.15076623847363146,-0.022048531544368477,-0.0547032568489394,0.036329309708379665
0.8135012293009541,0.7098927925282572,-0.10360843677269693,-0.24449030603965216,0.7175588339749589,0.7349897912655318,0.017430957290572868,0.039098686014876094,0.7710046170294426,0.7633255265812474,-0.007679090448195147,-0.01816997975725343,-0.04249661227151158,-0.10487321931467708,0.053432734052990205,0.12144710696772165,0.09592934632450179
0.8286493752829064,0.6142729144346066,-0.21437646084829975,-0.4866451001861998,0.7111344441881956,0.7309858174832525,0.01985137329505693,0.04427013465694163,0.7688905959276058,0.7187778995394701,-0.05011269638813565,-0.11492447056981847,-0.059758779355300606,-0.14942569660877147,0.1045049851048635,0.22229493300760983,0.1642637644601641
0.82479946521337,0.6292742136109228,-0.19552525160244716,-0.44553755289409214,0.688563513497188,0.7507147191954405,0.0621512056982525,0.13855782843703968,0.7925990400388625,0.7211190078962301,-0.07148003214263243,-0.16703188283654935,-0.032200425174507497,-0.08193247593174391,0.09184479428530723,0.19657319412579888,0.12404521945981473
0.7721208674145449,0.6878606525866662,-0.08426021482787871,-0.1903100166065015,0.7281692439769913,0.711431785164204,-0.01673745881278732,-0.03727288324689404,0.7996461920025334,0.7448543708901129,-0.054791821112420536,-0.1308612156568536,0.02752532458798851,0.06713188205189224,0.05699371830344668,0.12658068300154013,0.029468393715458174
0.8293327641216889,0.7024548948199419,-0.12687786930174694,-0.3021636769750773,0.7149089275756461,0.7150327756272699,0.0001238480516237983,0.000274347100772232,0.7942978213434886,0.7134609030421877,-0.08083691830130091,-0.18823455779651344,-0.035034942778200295,-0.08972325223839084,0.011006008222245733,0.024205866940173015,0.04604095100044603
0.8376918867723487,0.6778952312315942,-0.1597966555407545,-0.3777252344015607,0.7583379630834556,0.7511180408910656,-0.0072199221923899826,-0.016781228693471206,0.7719756904949145,0.7084781235636289,-0.06349756693128561,-0.14504493369163907,-0.06571619627743419,-0.16634603503612588,0.030582892332034706,0.06633426567379574,0.0962990886094689
0.8147972171058185,0.7021245584126442,-0.11267265869317433,-0.264873357110754,0.7216913530511974,0.6761998075091191,-0.04549154554207824,-0.09923513478019585,0.7451309471644433,0.7281863339920004,-0.01694461317244289,-0.038475916795678966,-0.06966626994137526,-0.16864087483112566,0.026061775579356183,0.05775656548394936,0.09572804552073144
0.7976473918597141,0.6885274075180736,-0.1091199843416405,-0.2510181294940832,0.6872177673707934,0.7268201017379359,0.039602334367142444,0.08705784112008685,0.7803171410597437,0.7006164233104698,-0.0797007177492739,-0.1822891965025497,-0.017330250799970415,-0.042480886065348056,0.012089015792396185,0.02624804692618543,0.0294192665923666
0.7982777889443403,0.6935033800230418,-0.10477440892129852,-0.24181931811606772,0.7122598480219874,0.7052876279502902,-0.006972220071697177,-0.01534648685686113,0.8151422634462245,0.7695187533908108,-0.04562351005541376,-0.11262567360608378,0.01686447450188422,0.04271714623923328,0.07601537336776898,0.17191079074921722,0.05915089886588476
0.8174017900132505,0.6613337321775321,-0.15606805783571842,-0.359207943393401,0.7649173270835355,0.7373444378087609,-0.027572889274774637,-0.06379508408680534,0.7675642974984771,0.7772465182931764,0.00968222079469927,0.023093684756078314,-0.04983749251477343,-0.12309432070564297,0.11591278611564426,0.25920730744383635,0.1657502786304177
0.8087596307897629,0.689797919799311,-0.11896171099045183,-0.27622545866970727,0.7416499685076333,0.677626957973002,-0.06402301053463133,-0.1412345167559088,0.7964797192166735,0.7439012220914819,-0.05257849712519158,-0.12515855077135463,-0.012279911573089386,-0.030855708410329807,0.05410330229217086,0.12021119948802284,0.06638321386526025
0.7977882302433378,0.6929393478637614,-0.10484888237957635,-0.24182297702968936,0.7562305949836948,0.7626479329243834,0.00641733794068855,0.015014283187053667,0.7961730923617667,0.7645219472291238,-0.03165114513264289,-0.07649430069536844,-0.0016151378815710826,-0.004015297939886864,0.07158259936536238,0.16131337839443405,0.07319773724693346
0.8267793977370977,0.7305373440763646,-0.09624205366073313,-0.23307097844649238,0.7399678643030252,0.7414929758961777,0.001525111593152495,0.0034801356126230587,0.7746292506273621,0.7296630155532196,-0.044966235074142547,-0.10424034544676086,-0.052150147109735645,-0.13080025210405433,-0.0008743285231450626,-0.001969619104322806,0.05127581858659058
0.844779004387732,0.6857629040083356,-0.1590161003793964,-0.3802266618344978,0.738531899995002,0.7496751597840677,0.011143259789065718,0.025537966229245423,0.7621464493960451,0.7981216739030835,0.035975224507038384,0.08692899709766166,-0.08263255499168687,-0.20899406509690488,0.11235876989474791,0.2581615938352546,0.19499132488643478
0.8404804892860774,0.6771153746413172,-0.16336511464476022,-0.38698272455256055,0.710159334450143,0.697887092553077,-0.012272241897065994,-0.026885772068939495,0.7541646651395237,0.7008215343983885,-0.05334313074113528,-0.11993337680099936,-0.0863158241465537,-0.2158304138008682,0.023706159757071243,0.05121893395069299,0.11002198390362494
0.8025218723235724,0.7182428347760403,-0.08427903754753208,-0.19813191815834053,0.738463537350789,0.7325867745767413,-0.005876762774047695,-0.013324569030590538,0.7840158335052309,0.7480785681925601,-0.03593726531267072,-0.08494516510965777,-0.018506038818341564,-0.04570856951512825,0.029835733416519794,0.0674781835335545,0.04834177223486136
0.8206549016313517,0.7141280439957572,-0.10652685763559444,-0.2536420643052506,0.7644780696936895,0.7127299873886562,-0.05174808230503325,-0.11789996994831453,0.7872723135592401,0.7222714923013339,-0.06500082125790618,-0.15138367435103506,-0.033382588072111585,-0.08415644853691973,0.008143448305576673,0.01810194141729582,0.04152603637768826
0.8317276285863172,0.6710626483269762,-0.16066498025934106,-0.376249600625681,0.7613189850026524,0.7031217023997339,-0.058197282602918454,-0.13160305213490786,0.7719216017829517,0.7564700075135252,-0.015451594269426439,-0.03640382879717485,-0.05980602680336555,-0.150417330130304,0.08540735918654907,0.18942844169820217,0.14521338598991462
0.8511562971101624,0.6769337952375912,-0.17422250187257116,-0.41693789866923514,0.7387157324182597,0.726818091243358,-0.011897641174901663,-0.026887892890358867,0.7996668063431933,0.7252455931541572,-0.07442121318903616,-0.17535294620215236,-0.05148949076696907,-0.1359725531183007,0.048311797916565924,0.10561239934878208,0.099801288683535
0.8228703554185118,0.6698348344983086,-0.15303552092020323,-0.355427302538307,0.7522159021271951,0.7326687005686056,-0.019547201558589578,-0.04470802722927392,0.7731617697687118,0.7215063386718401,-0.05165543109687165,-0.11901218297786631,-0.049708585649800074,-0.12402445785807847,0.0516715041735315,0.11239066170236223,0.10138008982333158
0.8171645593030302,0.6942069383618957,-0.1229576209411345,-0.28823069008937163,0.7144766545895859,0.7057098523283306,-0.008766802261255258,-0.019322595351788374,0.7515360809213455,0.7669667787339319,0.015430697812586436,0.036096117501143166,-0.06562847838168473,-0.1599905382163085,0.0727598403720362,0.1643362693742063,0.13838831875372093
0.7619828850772755,0.731077580195266,-0.030905304882009488,-0.07107646970987291,0.7038698788338044,0.7352951416606199,0.03142526282681557,0.06998231249099729,0.7563657300789272,0.7349611019266199,-0.02140462815230726,-0.04916062065692506,-0.0056171549983483615,-0.013137139553440313,0.0038835217313538672,0.008778709499507542,0.009500676729702229
0.8099842425424791,0.7271871817049052,-0.08279706083757399,-0.19703277146015363,0.754683501399182,0.7482220223469419,-0.006461479052240149,-0.014951500550985486,0.7836739197715924,0.7989906922184717,0.015316772446879345,0.037698631963563045,-0.02631032277088674,-0.06542094929142905,0.07180351051356659,0.16931045413228762,0.09811383328445333
0.8285532486205754,0.5636941284558017,-0.26485912016477375,-0.5892384057494582,0.7547138079828657,0.6833828807037214,-0.07133092727914425,-0.1589893702113332,0.8132232758049698,0.7266101384515057,-0.0866131373534641,-0.20661133287754518,-0.015329972815605664,-0.03998776126812498,0.162916009995704,0.342639311603788,0.17824598281130966
0.7712896046913555,0.6586841896601877,-0.11260541503116783,-0.2505514380967757,0.7379899457263782,0.7094199397688589,-0.02857000595751935,-0.06391053585267503,0.800668123938248,0.7649273049947486,-0.03574081894349945,-0.08674334338994605,0.0293785192468925,0.0716679211608966,0.10624311533456088,0.23547601586772626,0.07686459608766838
0.8328669972623132,0.660772874636444,-0.1720941226258692,-0.4011155669208961,0.7579681536583793,0.7208017405905139,-0.03716641306786539,-0.08471523196907915,0.7989536240186128,0.7477778004551595,-0.05117582356345329,-0.12241334345827903,-0.03391337324370036,-0.08758931734500663,0.08700492581871555,0.19111290611761045,0.12091829906241591
0.8208984599039008,0.6798125555929494,-0.14108590431095136,-0.3289730536464053,0.7081205448001798,0.743636268320365,0.03551572352018517,0.07965634302626956,0.7813481565759233,0.7210937971458412,-0.06025435943008206,-0.1396076625991478,-0.03955030332797749,-0.09919527368920633,0.04128124155289181,0.09017011735805114,0.0808315448808693
0.8053334628612027,0.7641725318584139,-0.041160931002788725,-0.10025234357674861,0.7415206724878934,0.7267186304748771,-0.014802042013016381,-0.03350676681316633,0.7754678910518616,0.7280566156208846,-0.04741127543097701,-0.10986238268379012,-0.02986557180934102,-0.07341738722662017,-0.0361159162375293,-0.08302742633366167,-0.006250344428188281
0.8617857015176366,0.7100247784766575,-0.1517609230409791,-0.3754625333243351,0.7366164341722948,0.7103894334823893,-0.026227000689905577,-0.05865325749270678,0.7655674719844417,0.7179095328961576,-0.047657939088284196,-0.10899139213352615,-0.09621822953319481,-0.24902295381935424,0.007884754419500095,0.017448187371454704,0.1041029839526949
0.8099212621897373,0.5979597002877239,-0.21196156190201332,-0.47134707822125743,0.7465632246046363,0.6882890615889439,-0.05827416301569244,-0.1295801877813587,0.8166179358333396,0.7422316445511202,-0.07438629128221941,-0.1799774845791129,0.00669667364360238,0.01718502055281723,0.1442719442633963,0.3085546141949618,0.1375752706197939
0.7846690981038309,0.7251936663406952,-0.059475431763135744,-0.13850150197009503,0.7356621308830529,0.717951558076841,-0.01771057280621191,-0.03975017258535152,0.7833575070543465,0.7505831971188365,-0.032774309935510004,-0.07756717629817089,-0.0013115910494844174,-0.0031873053604769552,0.025389530778141323,0.057747020311447184,0.02670112182762574
0.8169335222921231,0.7362147312134887,-0.08071879107863444,-0.19449760220861467,0.7404131996954031,0.7314263619362597,-0.00898683775914344,-0.02038626709019198,0.7932060983711503,0.7477048502681848,-0.04550124810296552,-0.1083159698698477,-0.023727423920972823,-0.05992043153017068,0.011490119054696102,0.026261200808596286,0.035217542975668925
0.7778731245744326,0.6473045644210006,-0.130568560153432,-0.2902138620055712,0.735907708582193,0.7005493623241992,-0.03535834625799383,-0.0786326820279355,0.7174680838322881,0.7303956186744909,0.01292753484220277,0.028919131772472628,-0.06040504074214448,-0.13929294324900976,0.08309105425349028,0.17984005052903407,0.14349609499563476
0.8401702125122131,0.6885470906830831,-0.15162312182913007,-0.36157018296398147,0.7265967616369267,0.7657113715745533,0.03911460993762661,0.08993458047259173,0.8206009739291186,0.7264977891304515,-0.09410318479866708,-0.22594097051767248,-0.01956923858309456,-0.0521634680565457,0.037950698447368425,0.08346574438976329,0.057519937030462986
0.793141003855781,0.6245305790886654,-0.16861042476711563,-0.3747509250244192,0.6985821498517168,0.7006359038352062,0.0020537539834893925,0.004479998281824216,0.7777867969416895,0.7473767494232781,-0.030410047518411365,-0.07150150572582215,-0.015354206914091506,-0.03740900506661449,0.12284617033461276,0.26584041423198257,0.13820037724870426
0.8054772802683704,0.7068597968767053,-0.0986174833916651,-0.23072985504939036,0.7272007059744418,0.7321131874482275,0.004912481473785757,0.011060835852503725,0.7314645174450326,0.7190034781160012,-0.01246103932903142,-0.027916345616425975,-0.0740127628233378,-0.17596900090983159,0.012143681239295878,0.026844508523132804,0.08615644406263367
0.8160356923299737,0.6334711288396863,-0.1825645634902875,-0.4140046186383073,0.7433564240811198,0.7195754650985204,-0.023780958982599354,-0.05366948436343133,0.7657706635437908,0.7037661322306725,-0.06200453131311823,-0.140669102143252,-0.050265028786183,-0.12380416354051116,0.07029500339098627,0.14953135295454412,0.12056003217716926
0.8192560312583574,0.6266703817355052,-0.1925856495228523,-0.4364312243843851,0.738599923343383,0.7332903480456873,-0.005309575297695712,-0.012044668728089292,0.7820947467355769,0.7609647774940912,-0.02112996924148569,-0.0503397593110364,-0.03716128452278056,-0.09311209065655124,0.13429439575858604,0.29297937441679744,0.1714556802813666
0.8555155594150667,0.725164343511378,-0.1303512159036887,-0.32383009826199327,0.7226902836064125,0.767572750254554,0.04488246664814144,0.10308070806556824,0.757217624580154,0.7289457990370366,-0.028271825543117357,-0.06472682821023934,-0.09829793483491278,-0.25061459032266065,0.0037814555256585614,0.008488679729093285,0.10207939036057134
0.827148996890311,0.7831898040554913,-0.04395919283481964,-0.11114767767935252,0.7359214842018512,0.7464461176890244,0.01052463348717314,0.02403080122488488,0.763441171289304,0.7351856567375717,-0.028255514551732253,-0.06521678070292891,-0.06370782560100696,-0.15832568006160486,-0.04800414731791958,-0.11239478308518125,0.015703678283087386
0.7884793785183614,0.7144774222362864,-0.07400195628207495,-0.17166483696872303,0.7099167498620704,0.6930951475652107,-0.016821602296859695,-0.03676398088387267,0.7824176154929473,0.6799559690749776,-0.10246164641796973,-0.2320600645798292,-0.0060617630254140575,-0.014766718194608508,-0.034521453161308835,-0.07516194580571467,-0.028459690135894777
0.7958619189017629,0.6999850547578058,-0.09587686414395713,-0.2217113168760083,0.7013923787259358,0.730365286257637,0.02897290753170112,0.06426087847691342,0.820733624860694,0.7065027576121947,-0.11423086724849929,-0.2706576126332181,0.024871705958931067,0.06321378704944136,0.006517702854388907,0.014267491292231593,-0.01835400310454216
0.8360647516927222,0.7392871201025324,-0.09677763159018982,-0.23805086158680977,0.7620899678042431,0.6944155423745565,-0.0676744254296866,-0.15238936919004042,0.7513676574371125,0.728870268092317,-0.022497389344795504,-0.05130793818375734,-0.08469709425560967,-0.2103209334810714,-0.01041685201021536,-0.023578010078018963,0.07428024224539431
0.8049131432933642,0.6383936893880322,-0.16651945390533196,-0.37539213129138904,0.7122774443229728,0.7478042245137441,0.03552678019077127,0.08006501751263118,0.7889372134537415,0.7244502730348398,-0.06448694041890168,-0.15058724561251768,-0.015975929839622705,-0.0397195714499321,0.08605658364680757,0.18508531422893926,0.10203251348643028
0.8357131352651544,0.7048994216589279,-0.1308137136062265,-0.3138981924859474,0.7432613434340732,0.7157422395907087,-0.027519103843364534,-0.061967515327625566,0.791170930511265,0.7376803635856142,-0.053490566925650795,-0.12623244380543097,-0.04454220475388948,-0.11452527499386322,0.032780941926686236,0.07314047368665322,0.07732314668057572
0.8031049546702226,0.570433711933526,-0.2326712427366966,-0.5099487817170556,0.7155982363956978,0.7376041433962462,0.022005907000548497,0.0493822956882064,0.7781986602493941,0.6976479729746085,-0.08055068727478565,-0.18365366759521895,-0.02490629442082848,-0.06124261929876251,0.12721426104108247,0.26505249482307414,0.15212055546191094
0.794726765304782,0.7062364645254254,-0.0884903007793566,-0.20521517411247236,0.7390562263251956,0.7176501894971876,-0.021406036828008013,-0.04813245844823477,0.8144709155749488,0.7569733539398243,-0.05749756163512443,-0.14041205951694913,0.019744150270166738,0.049809204082583936,0.05073688941439891,0.11461231867810717,0.030992739144232173
0.8162072912669655,0.7484689179516623,-0.06773837331530319,-0.16459985103154962,0.7291219371748676,0.7403393651785964,0.011217428003728824,0.025410152442894685,0.821666363412629,0.7543592492065931,-0.06730711420603586,-0.16514788218784693,0.005459072145663546,0.014177174754206767,0.005890331254930881,0.013629143597909454,0.00043125910926733457
0.8693030501525737,0.6499172352487469,-0.2193858149038268,-0.5264811933897513,0.7333653707583071,0.6892019323594497,-0.04416343839885739,-0.09751924108491372,0.7644472460539747,0.7296523421541269,-0.03479490389984785,-0.08008515451261067,-0.10485580409859896,-0.2737029030106273,0.07973510690538,0.17269313586651336,0.18459091100397895
0.8310809585784473,0.7369504442397683,-0.09413051433867903,-0.22998467023121005,0.7126736461373945,0.7574904128552477,0.044816766717853174,0.10163969404738804,0.7993381490274363,0.7471059861508725,-0.05223216287656374,-0.12491937331344749,-0.03174280955101105,-0.08185260584299847,0.010155541911104238,0.02321269107476409,0.04189835146211529
0.8229360288966366,0.7017324807855724,-0.12120354811106426,-0.2868644355567851,0.737458574651685,0.7137344368090712,-0.023724137842613735,-0.05317879203634046,0.7844568643880142,0.7728239226592373,-0.011632941728776935,-0.02802239924367811,-0.03847916450862243,-0.09698060653955798,0.0710914418736649,0.161861429773549,0.10957060638228733
0.8141171407448505,0.6723130941220391,-0.14180404662281143,-0.32744108576032604,0.732025515926842,0.6958815156868895,-0.036144000239952456,-0.08001599504639323,0.7815678129946301,0.7274541639470337,-0.05411364904759641,-0.12590612749456565,-0.03254932775022046,-0.08110623708230547,0.05514106982499456,0.12042872118345493,0.08769039757521502
0.8403278144034526,0.7271751232016331,-0.11315269120181948,-0.27701450024412466,0.7287861379603778,0.7594428828311889,0.030656744870811048,0.07028404212839856,0.7862531091482148,0.748397776044916,-0.037855333103298805,-0.08965680648830565,-0.05407470525523783,-0.13909785307439648,0.02122265284328284,0.04825984068142253,0.07529735809852067
0.8011850498947704,0.6774684943340293,-0.12371655556074102,-0.28362036995271644,0.7383906777145249,0.7280583028202567,-0.010332374894268193,-0.02336290337785263,0.7345135901179699,0.7903194206221661,0.055805830504196186,0.1313241696505898,-0.06667145977680045,-0.15827807315479214,0.11285092628813675,0.2566664664485141,0.1795223860649372
0.8302293533774764,0.6777616621471713,-0.15246769123030512,-0.3579555914479178,0.7483892610705878,0.7333105688861551,-0.015078692184432696,-0.03441626579860824,0.7628359559655942,0.7195733590667065,-0.04326259689888767,-0.0988560769310336,-0.06739339741188222,-0.16792473703202182,0.041811696919535235,0.09117477748486236,0.10920509433141745
0.8059024424590854,0.682022083099878,-0.12388035935920738,-0.28573399061018745,0.743142423413622,0.7118542008288727,-0.03128822258474928,-0.0702974923068993,0.8096476057166734,0.6896111027072419,-0.12003650300943147,-0.27888917592002516,0.0037451632575880023,0.009504412183664712,0.007589019607363912,0.016349226873827005,0.0038438563497759093
0.8167045121673394,0.6642864842473052,-0.15241802792003423,-0.35115851843556345,0.7471867006599949,0.7404769420114876,-0.0067097586485073135,-0.015371463205237745,0.7704346129618932,0.7582345449373179,-0.012200068024575295,-0.028747820728835638,-0.04626989920544622,-0.11448057814730372,0.09394806069001271,0.2079301195594241,0.14021795989545893
