IFDIFF__L1,IFH__L1,CELL__chatbot__L1,CELL__dashboard__L1,IFDIFF__L2,IFH__L2,CELL__chatbot__L2,CELL__dashboard__L2,IFDIFF__L3,IFH__L3,CELL__chatbot__L3,CELL__dashboard__L3,IFDIFF__L4,IFH__L4,CELL__chatbot__L4,CELL__dashboard__L4,IFDIFF__L5,IFH__L5,CELL__chatbot__L5,CELL__dashboard__L5,DLGRAD__chatbot,DLH__chatbot,DLGRAD__dashboard,DLH__dashboard,DID__HIGH_LOW
-0.010048983337370254,-0.02295187251312969,0.7464579895526388,0.7364090062152685,0.046004136039414334,0.10631805065061029,0.7268278077172186,0.7728319437566329,-0.029777051981626168,-0.06571438732137658,0.7259635326645467,0.6961864806829205,-0.1068658666445702,-0.23554400465462932,0.7598480921965671,0.6529822255519969,-0.06313890354311336,-0.14256902969367946,0.7623637708291015,0.6992248672859881,0.015905781276462694,0.03695703309495002,-0.03718413892928041,-0.08266012408559975,-0.0530899202057431
0.026272224042027448,0.06052558897878191,0.7347974906278191,0.7610697146698465,0.03385386063482432,0.0766875556690989,0.717474220991662,0.7513280816264863,0.01776194210671156,0.03896257457992203,0.69639576991238,0.7141577120190915,0.046181835982104236,0.10611323110269666,0.7223517261567863,0.7685335621388906,-0.02818588925174126,-0.06391220054812097,0.7494390321089703,0.7212531428572291,0.014641541481151266,0.03347178369594905,-0.03981657181261744,-0.09096600583095382,-0.054458113293768706
-0.050100313007806485,-0.12311648828728883,0.8146646555850814,0.7645643425772749,0.05180267780638281,0.11554771136055186,0.6945985714320653,0.7464012492384481,-0.0074687105500543804,-0.016840451967780723,0.7346042254861868,0.7271355149361324,-0.07724785015224733,-0.17426733309921616,0.7679933649628489,0.6907455148106015,-0.026414944024800158,-0.06151853882418701,0.7691587342542006,0.7427437902294004,-0.04550592133088083,-0.11225054923291244,-0.0218205523478745,-0.050652599769810625,0.023685368983006327
-0.03681541669902577,-0.0860831785490439,0.7769790589758016,0.7401636422767758,-0.021258751359957362,-0.04795354000287233,0.7417120959721525,0.7204533446121951,0.048451886535152644,0.1119139659170636,0.7251196950210034,0.773571581556156,-0.06523868661384269,-0.14239818195623788,0.7314888299917728,0.6662501433779301,-0.09038705547965808,-0.20691339469701409,0.7857530634699105,0.6953660079902524,0.008774004494108922,0.02122908546561142,-0.04479763428652339,-0.09960113068235876,-0.053571638780632314
-0.027149155367708122,-0.06483179345551848,0.7865174101145261,0.759368254746818,0.19578259361275974,0.4413214918355093,0.6202251258554506,0.8160077194682104,-0.0644741530238615,-0.1417086195454058,0.738235809125895,0.6737616561020335,-0.14414280484776454,-0.33425481681451896,0.8181817248398326,0.6740389199920681,-0.013818220961167693,-0.031307452332807184,0.7417743083536076,0.7279560873924399,-0.04474310176091856,-0.10549991521882074,-0.03141216735437813,-0.07197557409610944,0.013330934406540429
-0.029804088199500423,-0.0695087949835651,0.7717922430995934,0.741988154900093,0.07978636019910024,0.18894126039310466,0.7256515263907151,0.8054378865898153,-0.07645449028108853,-0.1666224214852785,0.7349508617887661,0.6584963715076776,-0.12093448971778509,-0.27429998849170567,0.7915106654968308,0.6705761757790457,-0.0286380719084518,-0.06484749211973284,0.7485071029036475,0.7198690309951957,-0.023285140195945853,-0.05454726529315135,-0.02211912390489723,-0.049885962429319086,0.0011660162910486216
-0.056307277286833934,-0.13794469697003775,0.8157711977686773,0.7594639204818434,0.08149592913459347,0.21132156258857204,0.7748466114960518,0.8563425406306453,-0.009664851614332504,-0.02193148244190457,0.7410170815696623,0.7313522299553298,-0.09739657016536785,-0.23011873924274573,0.8116576615278125,0.7142610913624446,-0.022765524409945948,-0.05453109498192532,0.7863605944622712,0.7635950700523253,-0.029410603306406102,-0.07371936033593762,0.004131149570481885,0.009694241652174806,0.03354175287688799
-0.0484567852828407,-0.11192285092044596,0.7735576186644705,0.7251008333816298,-0.05004776548387113,-0.1143410015090045,0.7658856290061652,0.7158378635222941,0.028011528947760045,0.06551849836247303,0.7449833727156728,0.7729949016634329,-0.1144193810594536,-0.2675234158512674,0.8117790396987528,0.6973596586392992,-0.07019657389967382,-0.174690785169219,0.8308146649463929,0.7606180910467191,0.05725704628192241,0.1440755864998784,0.035517257665089286,0.08130765225110537,-0.021739788616833122
-0.088399513269113,-0.21109663576937354,0.8146873062173331,0.7262877929482201,0.045669729949593396,0.11137758373968554,0.7625364271823338,0.8082061571319272,-0.09112646915404654,-0.19418487281570562,0.7153059221358041,0.6241794529817576,-0.08100428785755209,-0.1839943836593485,0.775361844533435,0.694357556675883,-0.050732643292770496,-0.11790172274021993,0.7791503808498969,0.7284177375571264,-0.035536925367436245,-0.08841196181364319,0.0021299446089062535,0.004782951215510423,0.0376668699763425
-0.06737748480732741,-0.15531378181012157,0.7807836347667007,0.7134061499593732,0.07349917468849676,0.1848998553383141,0.7645082667300133,0.83800744141851,-0.05887585899130943,-0.128300560682149,0.7268460056342633,0.6679701466429538,-0.128374470134754,-0.28080430410952184,0.7612751545891875,0.6329006844544335,-0.011822672822659586,-0.027332517054873495,0.7566648795498027,0.7448422067271431,-0.02411875521689799,-0.05721844386490815,0.03143605676776984,0.07076282089033992,0.05555481198466783
-0.04173629754661201,-0.09368912838540422,0.7473473150002107,0.7056110174535987,0.03340207263919137,0.07888030688496883,0.7487893012757811,0.7821913739149725,-0.007132557553231722,-0.015802458902366645,0.718669333564638,0.7115367760114063,0.0021861860465564042,0.005128345672009704,0.7601961532547524,0.7623823393013088,-0.05000270640836035,-0.1141513489165864,0.7652619720888731,0.7152592656805128,0.017914657088662467,0.041735125540046436,0.009648248226914125,0.02127290500886425,-0.008266408861748342
-0.04498728762704063,-0.1083565308716059,0.8003983573404772,0.7554110697134365,-0.02951962999458313,-0.06355929525799375,0.6996546488543558,0.6701350188597727,-0.022256425348245568,-0.04885055415217043,0.7169435881955516,0.694687162847306,-0.11429749077464291,-0.2529249305163921,0.76686461132942,0.6525671205547771,0.058052294628026524,0.1353262358756364,0.7266972585385196,0.7847495531665462,-0.07370109880195752,-0.17392724955994376,0.02933848345310963,0.06975551718729855,0.10303958225506715
-0.09020663313180632,-0.2121896043717899,0.8055295440257715,0.7153229108939652,0.0015692745738746794,0.0036666973475765197,0.7577349033204702,0.7593041778943449,0.026331051811676054,0.05808800859207186,0.6976130535247034,0.7239441053363794,-0.10658877860566673,-0.24020267519219907,0.7799929350607687,0.673404156455102,-0.031764646966820465,-0.07101532689216472,0.7390015673965339,0.7072369204297134,-0.0665279766292376,-0.15901793885884796,-0.008085990464251736,-0.017843661379222775,0.05844198616498586
-0.06882654155248658,-0.15747325508005994,0.7756886505427124,0.7068621089902258,0.04700155362268099,0.11036411020018067,0.7377198818626374,0.7847214354853184,-0.0033005053368097004,-0.007406451225913102,0.7284014015528665,0.7251008962160568,-0.05399215034529714,-0.12095791719229165,0.7513283634667598,0.6973362131214627,-0.017059307461065876,-0.039354072861031764,0.7576170218231341,0.7405577143620682,-0.018071628719578348,-0.04273356479451129,0.03369560537184235,0.07538561742451688,0.0517672340914207
-0.08787768462701062,-0.20933019977869538,0.8128653054031717,0.7249876207761611,0.04530567014651887,0.107275313247011,0.744293090860544,0.7895987610070628,0.044297931008519864,0.09996997722241074,0.7088365634583101,0.75313449446683,-0.11569132835106699,-0.2675347482649195,0.8043818715478622,0.6886905431967952,-0.07783120763776097,-0.18307344924808744,0.8000263396734119,0.7221951320356509,-0.012838965729759844,-0.032500855277782126,-0.0027924887405101906,-0.006244104747174184,0.010046476989249653
-0.05355526983578984,-0.12458620076887517,0.7811885511793664,0.7276332813435765,0.07967840226097145,0.18682204119278545,0.718976055945844,0.7986544582068155,-0.03042299819235006,-0.0693212766588367,0.7544760614152733,0.7240530632229233,-0.039402850811332435,-0.08850918713407796,0.7468156142261612,0.7074127634148287,0.040316170034936594,0.09172576211555006,0.7176638188583518,0.7579799888932884,-0.06352473232101452,-0.14685560450255553,0.030346707549711915,0.0694563583818697,0.09387143987072644
-0.050238982412354916,-0.11756623564750246,0.7838685126993052,0.7336295302869503,0.06423752625306933,0.15502646668294462,0.7462514768253867,0.8104890030784561,-0.06243571601244613,-0.13679465168522875,0.7341048134168324,0.6716690974043863,-0.07786963273888214,-0.1752384522691144,0.7661708886205579,0.6883012558816758,0.005067807870107632,0.011397868208042894,0.7261632185438945,0.7312310264140022,-0.0577052941554107,-0.1343821134075669,-0.0023985038729481545,-0.005418009552021541,0.05530679028246255
-0.14001280601009625,-0.3327705639082674,0.8333906601562936,0.6933778541461973,0.004991292201820596,0.01194834811223977,0.772257466449552,0.7772487586513726,-0.04932058898091651,-0.1072368132047139,0.7200031886400126,0.670682599659096,0.0057164188656883,0.013072342961732986,0.7395696859119414,0.7452861047776297,-0.09607654447529113,-0.21849415272584283,0.7830060633098205,0.6869295188345294,-0.05038459684647312,-0.12822103630788195,-0.0064483353116679965,-0.013944625125457355,0.04393626153480512
-0.1003294787816299,-0.24307497010542578,0.8287988370763277,0.7284693582946978,-0.0032892256882935955,-0.007554936787377287,0.7475051663712651,0.7442159406829715,-0.13662169183631656,-0.285332231876827,0.705371573789687,0.5687498819533704,-0.13250502574768508,-0.29445472457779753,0.7784758476828985,0.6459708219352134,-0.022906809477692525,-0.05142633901461746,0.7384219833331337,0.7155151738554412,-0.09037685374319404,-0.22056485917413005,-0.012954184439256666,-0.028916228083321727,0.07742266930393737
-0.012707366515621099,-0.03113618458809375,0.79514883304169,0.7824414665260689,0.18310206330859258,0.4233516939132067,0.6481693989626417,0.8312714622712343,0.05012774070072812,0.11389929094813356,0.7114009080708978,0.761528648771626,-0.13956238229337692,-0.3148869297046737,0.7948439145236962,0.6552815322303193,-0.08436974244385276,-0.19760028556429532,0.7999597571305749,0.7155900146867221,0.004810924088884838,0.011972944051929169,-0.06685145183934682,-0.1544911569242724,-0.07166237592823166
-0.04190727879296463,-0.10262732293060717,0.8088596861173017,0.7669524073243371,0.026844292530816105,0.06478064907661674,0.7661147592849987,0.7929590518158148,-0.014131357461723004,-0.03210071566827155,0.7440799665206427,0.7299486090589197,-0.09833746314634362,-0.2189196646424385,0.7656192926528201,0.6672818295064765,-0.011373953028918748,-0.026399664543828916,0.7593746962725945,0.7480007432436757,-0.04948498984470728,-0.12045182142020083,-0.0189516640806614,-0.04422416303342258,0.030533325764045882
-0.05613748845502453,-0.1323894100151377,0.7919382624711068,0.7358007740160822,0.10751365896986909,0.26879028722676956,0.7419490350837649,0.849462694053634,-0.002239135452668517,-0.005151012498793683,0.7481756771831481,0.7459365417304796,-0.037959814683453,-0.08277571316955679,0.7177527785350155,0.6797929638515625,-0.0021120030580080718,-0.004916140413123493,0.7568644858264394,0.7547524827684313,-0.035073776644667376,-0.08396998549049606,0.018951708752349083,0.04350328411151816,0.05402548539701646
-0.032372792204234946,-0.07917974890315449,0.8036287610990175,0.7712559688947825,-0.00048503865888960274,-0.001204233448647507,0.7965023470721975,0.7960173084133079,-0.03435141619226845,-0.07533092903938265,0.7218704385281797,0.6875190223359112,-0.17808650876138743,-0.3949520459536333,0.7947739487550424,0.6166874399936549,-0.06041928030295196,-0.13937139707758384,0.778126436345044,0.717707156042092,-0.025502324753973515,-0.06273436027535251,-0.05354881285269053,-0.12292600844978185,-0.028046488098717015
-0.0878459398435123,-0.20533937279087144,0.8001233139865328,0.7122773741430205,0.04524458690474409,0.11702937911749034,0.7936366005430241,0.8388811874477682,-0.017997558706078887,-0.03997953178047586,0.7264882746355686,0.7084907159294898,-0.024334556063897672,-0.057413019167989354,0.7772016117371624,0.7528670556732647,-0.0003514449988024637,-0.0008263105935419901,0.7630527664654755,0.762701321466673,-0.03707054752105732,-0.08979485255368846,0.05042394732365252,0.11471820964364099,0.08749449484470984
-0.04404243863771584,-0.10439282156426177,0.7896969737330412,0.7456545350953253,0.001228376314691526,0.002937662449513212,0.773525101812048,0.7747534781267396,0.007526261465260697,0.017187928364348792,0.7375903490377337,0.7451166105029944,-0.10184001283632871,-0.23748617901806157,0.8045472714559585,0.7027072586196298,-0.052704505889500486,-0.12279533839275336,0.7818981233132205,0.72919361742372,-0.0077988504198206465,-0.019009867838936767,-0.01646091767160529,-0.037412384667428356,-0.008662067251784644
-0.07393829806085972,-0.1808591581628627,0.8228716690633396,0.7489333710024799,0.048271856109411204,0.11155274592310382,0.7255816417245464,0.7738534978339576,-0.03622165270689581,-0.08126898877715139,0.744289676041271,0.7080680233343752,-0.028890313532649814,-0.06736525236465774,0.7712213548701685,0.7423310413375187,-0.003909729247894567,-0.009191408271235879,0.7647465882687378,0.7608368590208432,-0.05812508079460188,-0.14399340018139073,0.011903488018363273,0.02767434971023608,0.07002856881296515
-0.009794658804263223,-0.023423958222443364,0.7790045175520962,0.769209858747833,0.1855221376644819,0.4465869910398419,0.6734583889652028,0.8589805266296847,-0.04388072941313359,-0.09498159144541196,0.7125207343797433,0.6686400049666097,-0.09896057638469347,-0.22244545685135364,0.77450451601285,0.6755439396281565,-0.01627318102741382,-0.03948726738309283,0.7911742277986219,0.7749010467712081,0.012169710246525689,0.029629927756386287,0.005691188023375093,0.013566618595736823,-0.006478522223150596
-0.06738561934029552,-0.15759711516346364,0.7913384098897375,0.723952790549442,0.09066575497437845,0.23048626810225814,0.7601582657421315,0.85082402071651,0.00419295530676822,0.009302831750719331,0.7143536368751912,0.7185465921819594,-0.10004020666829005,-0.2184762260204951,0.7475611090574268,0.6475209023891367,-0.04688521420514069,-0.10974854530642819,0.7824974862572319,0.7356122720520912,-0.008840923632505548,-0.021591377014757995,0.011659481502649283,0.026257192842277455,0.02050040513515483
-0.03317327770007461,-0.0775606020369537,0.7751859352546626,0.742012657554588,0.07204322333312962,0.17639545793035794,0.75054210824446,0.8225853315775896,0.03228024928238338,0.07441511572563853,0.7321686516218264,0.7644489009042098,-0.13955156964344972,-0.30852978097339023,0.7765364015726849,0.6369848319292352,-0.027793129518378645,-0.06523736990457474,0.7753551240540345,0.7475619945356559,0.0001691887993718888,0.0004053358003806018,0.005549336981067854,0.01272856793275956,0.005380148181695965
-0.016690041920775167,-0.039990020543190674,0.783592450773631,0.7669024088528559,0.0893620382627125,0.2083261192831114,0.7095362652145581,0.7988983034772706,0.012611997981495149,0.029335991244799242,0.7489299121847707,0.7615419101662658,-0.09461553179395288,-0.20684361358401304,0.7462748077178739,0.651659275923921,-0.015318366917117854,-0.03492702176124629,0.7476771079803651,0.7323587410632473,-0.035915342793265914,-0.08484119319147343,-0.0345436677896086,-0.07977819440952905,0.0013716750036573133
-0.058599049318256324,-0.13409692068165668,0.7711452716466792,0.7125462223284229,-0.14197158778052743,-0.3063873207751031,0.7521366255474865,0.6101650377669591,0.012007938565079534,0.02768314745713374,0.7426431192570262,0.7546510578221057,-0.139313802321139,-0.32339951405914524,0.8169937801232053,0.6776799778020663,0.0015493773046322268,0.003802051994745259,0.7889397100190495,0.7904890873236817,0.01779443837237027,0.042966996351207154,0.07794286499525882,0.1808659690276091,0.06014842662288855
-0.028124748515586884,-0.06658691162258457,0.7813690833211312,0.7532443348055443,0.043992370035425776,0.1044857567554418,0.7470179382295883,0.7910103082650141,-0.0771832343225558,-0.1661283257359658,0.721397524613724,0.6442142902911682,0.04168513999433421,0.10301399325293925,0.7722122160050552,0.8138973559993894,-0.029495876553848,-0.06758011870098857,0.7583955412642668,0.7288996647104188,-0.022973542056864416,-0.05459605929687328,-0.02434467009512553,-0.05558926637527728,-0.0013711280382611157
-0.07526469230534871,-0.1787569326441223,0.80535003829555,0.7300853459902013,0.06218177079860754,0.1436629848919302,0.7179348842334464,0.780116655032054,0.026605671914879725,0.05998325587909825,0.717251053857976,0.7438567257728558,-0.13455877491668466,-0.29326026620306767,0.7600038804807104,0.6254451055640258,-0.003330670087783094,-0.007888565527735203,0.7694946057897281,0.766163935701945,-0.035855432505821905,-0.08770774666159742,0.036078589711743714,0.08316062045478967,0.07193402221756562
-0.02714143506664446,-0.063629340500162,0.7741860403909496,0.7470446053243052,0.0982285022520657,0.23098630307048396,0.710583178303373,0.8088116805554387,-0.004380074052555805,-0.009932552819738039,0.7378426831846182,0.7334626091320624,-0.13045554026088568,-0.2851179751379882,0.7612706803890453,0.6308151401281596,-0.06322350491405604,-0.1479339023769044,0.7897777796374568,0.7265542747234007,0.015591739246507141,0.037766947164161735,-0.02049033060090444,-0.046537614712580666,-0.03608206984741158
-0.08945540936136853,-0.21356071047090763,0.8149786525292377,0.7255232431678692,0.08573313268267135,0.20499674926813416,0.7286126345670665,0.8143457672497378,-0.013533180043089121,-0.030478293282274915,0.7365766026566397,0.7230434226135506,0.01676077421380917,0.035631776657339076,0.6610369508007098,0.677797725014519,-0.01153588971193198,-0.027696577727991833,0.7823434597855292,0.7708075700735972,-0.03263519274370852,-0.08144438246025842,0.045284326905728034,0.10441975028265738,0.07791951964943655
-0.07597567707630581,-0.17904700190676603,0.8004834020769204,0.7245077250006146,0.0995284559553693,0.22904530104040166,0.6942903316004991,0.7938187875558684,0.002466548339526753,0.005635523549824661,0.7405030043230764,0.7429695526626031,-0.16957107067968447,-0.36496795693684736,0.7599208331833202,0.5903497625036357,-0.0364032164760677,-0.07976886358895685,0.7220644743349681,0.6856612578589004,-0.07841892774195225,-0.18450833193202776,-0.038846467141714136,-0.08523019361421857,0.03957246060023811
0.019218918011338237,0.04369285106112386,0.728007471966874,0.7472263899782122,0.030845251080255376,0.07442244131494213,0.763923119104788,0.7947683701850434,-0.0019869850361832198,-0.004643338269616937,0.7596097341857089,0.7576227491495257,-0.05497174723342202,-0.1229066773392431,0.7500062605857263,0.6950345133523043,-0.06860140603344977,-0.15886187479351976,0.7847647947869946,0.7161633887535448,0.05675732282012058,0.13242114236302482,-0.03106300122466743,-0.0701335834916188,-0.08782032404478801
-0.04515732945725082,-0.10581632656021833,0.7824311804914442,0.7372738510341934,0.06180405802235078,0.15482228135343234,0.7687404420329047,0.8305445000552555,-0.015235270457455763,-0.0347684090994842,0.7483459271484408,0.7331106566909851,-0.038334856384627414,-0.08768644438929973,0.7613188574033485,0.7229840010187211,-0.03615833051679729,-0.08618365537130357,0.7896154190997136,0.7534570885829163,0.007184238608269333,0.017518360243221398,0.016183237548722862,0.03715103143213616,0.008998998940453529
-0.025604809014886154,-0.06106623642171227,0.7849556634680659,0.7593508544531797,0.04516588253619025,0.11548567161016399,0.7881450010992236,0.8333108836354138,0.01891784179313749,0.042529010953402224,0.7187514244976634,0.7376692662908009,-0.07722415410640238,-0.17292999561751277,0.7615698993146774,0.6843457452082751,-0.100059081719017,-0.24386962414175883,0.8322059461984942,0.7321468644794772,0.047250282730428306,0.12030869819699808,-0.027203989973702547,-0.062494689523048486,-0.07445427270413085
-0.07449114767785758,-0.1768036952507832,0.8045728910199758,0.7300817433421182,0.05323336821912206,0.13290627074385197,0.7716162773122791,0.8248496455314012,0.02292460981911837,0.05183083395412469,0.7215469160081307,0.7444715258272491,-0.06762496403299845,-0.14607469933395034,0.7211887124516515,0.6535637484186531,-0.06400458586363322,-0.14126371827752515,0.7421225738866819,0.6781179880230487,-0.06245031713329385,-0.14948281945471065,-0.05196375531906949,-0.11394284248145259,0.01048656181422436
-0.07829081217974221,-0.18367107969182817,0.798422131802425,0.7201313196226828,-0.05225688758440117,-0.12172236983323881,0.7815128494055245,0.7292559618211233,-0.1003881813231694,-0.21520126271566742,0.7267897281866884,0.626401546863519,-0.08882369513612798,-0.2041848591953055,0.7882927843154346,0.6994690891793066,-0.07920961627412648,-0.19158481003859906,0.8185701130429189,0.7393604967687925,0.020147981240493884,0.05121991500729628,0.01922917714610961,0.04330618466052538,-0.0009188040943842735
-0.06571786425825199,-0.15349224088244018,0.7896398823198184,0.7239220180615664,0.09102282676751072,0.2144057655345848,0.7158061725485968,0.8068289993161075,-0.04087911335982364,-0.08978331539982798,0.7265198464390643,0.6856407330792407,-0.057466684539832835,-0.133192144980681,0.780304181336471,0.7228374967966381,-0.005552288763296609,-0.012966438246457379,0.7609145440983704,0.7553622553350738,-0.02872533822144796,-0.06885110573355391,0.03144023727350742,0.07167469690242889,0.06016557549495538
-0.05034177995900857,-0.11976262134639493,0.7950519946177046,0.744710214658696,0.08418649396270483,0.1940797777190557,0.7042289439916373,0.7884154379543421,-0.1691991848089116,-0.3581484738951981,0.7383419553047906,0.569142770495879,-0.12865656881297438,-0.2953670761216465,0.8043449358660575,0.6756883670530831,-0.024928316904956116,-0.058007833717880875,0.7678391669284211,0.742910850023465,-0.02721282768928346,-0.06587678754191684,-0.0017993646352310044,-0.004121999913402785,0.025413463054052454
-0.07335873173375229,-0.17322242230151064,0.800645304948307,0.7272865732145547,0.06894109836750872,0.1672055129154022,0.7466803733281079,0.8156214716956166,-0.004252173545215898,-0.00937003623958077,0.7120263881912091,0.7077742146459932,-0.09895326219452505,-0.22328333665138067,0.7777836831220591,0.6788304209275341,0.00643952011055704,0.015359074700762587,0.7691938141297424,0.7756333342402995,-0.031451490818564576,-0.07659275792450826,0.048346761025744756,0.11198873907776496,0.07979825184430933
-0.04296642373262005,-0.09966622438164974,0.7741437712596012,0.7311773475269812,0.01634317017755882,0.04083725379932224,0.7914586461011431,0.807801816278702,-0.06941011892320592,-0.1503835224426977,0.7253870119750699,0.655976893051864,-0.12740950805629192,-0.27437174343494375,0.7436688193877328,0.6162593113314409,0.0026016814171299085,0.00617923754441474,0.7683794034151722,0.7709810848323021,-0.005764367844429019,-0.01372426066179333,0.03980373730532094,0.09212120126427115,0.04556810514974996
-0.14029710224853376,-0.3238717689680659,0.8132988363160921,0.6730017340675584,0.007994187138991249,0.01852490615478386,0.7485198396220255,0.7565140267610168,-0.06062326098984139,-0.138032318181732,0.7680721670932388,0.7074489061033974,-0.15180903385881317,-0.3335157634313213,0.7752921389314856,0.6234831050726725,-0.03876160755795022,-0.09106509763346304,0.7812144141351326,0.7424528065771824,-0.032084422180959526,-0.0798595350108724,0.06945107250962401,0.15294713632373047,0.10153549469058354
-0.04197497939306405,-0.0969158603485547,0.7702362606156318,0.7282612812225677,-0.02650339191837503,-0.058866752384037824,0.7304988719656214,0.7039954800472463,-0.03679472980237197,-0.0815730352189985,0.7336888907352535,0.6968941609328815,-0.10699297234885508,-0.2497217059724155,0.8073846308568546,0.7003916585079996,-0.014713421900652168,-0.03576236794115362,0.7914133283628049,0.7766999064621527,0.021177067747173095,0.05120429492814038,0.048438625239584976,0.11235778733554147,0.02726155749241188
-0.025512516421062115,-0.060220491498284456,0.778088277973425,0.7525757615523628,0.03139931667978513,0.07157429300417917,0.7238636053124509,0.755262921992236,0.0011365389045188135,0.0025711412412330326,0.7331052601173088,0.7342417990218276,-0.08065857368619411,-0.1887265022484388,0.7976370005756931,0.716978426889499,-0.08174893104887926,-0.19265969407903416,0.8030852961028313,0.721336365053952,0.024997018129406356,0.06145884808533442,-0.031239396498410787,-0.07098035449541529,-0.056236414627817144
-0.05767230107104693,-0.13347084061721004,0.7793054062106043,0.7216331051395574,0.013446602495646442,0.03008909879875654,0.7174649080900218,0.7309115105856683,0.04335790188758304,0.101218429382123,0.7355784667647325,0.7789363686523155,-0.08050221084857245,-0.1816670050515874,0.7697232302605558,0.6892210194119833,-0.009771640323802067,-0.023222389702981072,0.774926442963887,0.765154802640085,-0.004378963246717271,-0.010521884830129391,0.04352169750052759,0.09972656608409958,0.04790066074724486
-0.04016924740613437,-0.09093104827495457,0.7537616418555565,0.7135923944494221,-0.07928574746561212,-0.17649235595103163,0.7571217387082422,0.67783599124263,0.0076309003881442905,0.017157203917246733,0.7246065627073008,0.7322374630954451,-0.06777487546237704,-0.1489926267291386,0.7399400959022157,0.6721652204398386,0.023287558032309752,0.05535409991644613,0.7583730567985797,0.7816606148308894,0.0046114149430231954,0.010737997667344068,0.06806822038146731,0.15702314585874477,0.06345680543844412
-0.08551168971280743,-0.20113231431022704,0.8034162849887382,0.7179045952759308,0.054167061835603825,0.12247233885359798,0.7051684104280885,0.7593354722636924,-0.014907264090351258,-0.034108378186428645,0.750242781210444,0.7353355171200927,-0.07308390409255694,-0.17197813589520594,0.7981794830055772,0.7250955789130202,-0.014072393570106256,-0.03160063443863059,0.7343261478250688,0.7202537542549625,-0.06909013716366941,-0.16430491538168912,0.0023491589790317624,0.005226764489907332,0.07143929614270117
-0.06377167894552249,-0.14657687533036778,0.776933390947199,0.7131617120016766,0.03160448649381775,0.0772352324571024,0.7711663479327769,0.8027708344265947,-0.03169624225339218,-0.07092395001207552,0.7397440984921984,0.7080478562388062,-0.04603096274253993,-0.10640451168785248,0.7730161061193823,0.7269851433768424,-0.05523183411321342,-0.13254064293029222,0.8028603030661349,0.7476284689529215,0.02592691211893583,0.06366990845938592,0.0344667569512449,0.07770614085946148,0.008539844832309074
-0.08012153934099375,-0.19062066490407803,0.8086431571673453,0.7285216178263515,0.14873517929501778,0.34613480355456994,0.6738613458456083,0.8225965251406261,-0.055904750680000226,-0.1204066431522044,0.7124560606990848,0.6565513100190846,-0.05938525301712261,-0.1301534989437041,0.7330325888618616,0.673647335844739,0.023799846231511768,0.05579474413672214,0.7487642955137975,0.7725641417453093,-0.05987886165354772,-0.1445413495564556,0.0440425239189578,0.10187405948434458,0.10392138557250552
-0.06541314664801179,-0.1547870427217477,0.798463472811226,0.7330503261632142,0.019655228448711926,0.046517628898826935,0.7573710341233301,0.777026262572042,-0.060979052610194984,-0.13426137770007163,0.7383682383902229,0.6773891857800279,-0.12440865212371854,-0.28687052664648216,0.8059086176819772,0.6814999655582586,-0.007203135574597508,-0.017695272893433867,0.7939233462414036,0.7867202106668061,-0.004540126569822389,-0.011270821882078952,0.05366988450359189,0.12582094794623488,0.05821001107341428
-0.08631615973898887,-0.21030418098021686,0.8260530391736509,0.739736879434662,-0.01127104692361569,-0.02528267996575284,0.7320037839788961,0.7207327370552804,-0.07742547452813209,-0.16678616235326094,0.7224615494116158,0.6450360748834837,-0.07220561936444347,-0.1647800135871076,0.7751867813177928,0.7029811619533494,-0.06960572327100045,-0.17199004507039062,0.8266490693790763,0.7570433461080759,0.0005960302054254241,0.001573439489378714,0.017306466673413845,0.039887575399204955,0.01671043646798842
-0.06818942552979523,-0.16271906915657208,0.8052220917758285,0.7370326662460333,-0.0001611128002868556,-0.00039258692299259934,0.7857062249957947,0.7855451121955078,0.08382379348345048,0.19119353361069802,0.6961570983878994,0.7799808918713499,-0.16927952546963432,-0.39125237372702193,0.8257129499239251,0.6564334244542908,-0.06718264425750864,-0.16062708603407838,0.8060022202135544,0.7388195759560457,0.0007801284377259021,0.0019713727482324472,0.0017869097100124964,0.004063355870726149,0.0010067812722865943
-0.05958236284976126,-0.13769806258564188,0.7791430322898659,0.7195606694401047,0.01958323190466671,0.04461813367458456,0.7295820437285446,0.7491652756332113,-0.03464371254594112,-0.07684026061259397,0.733104469086049,0.6984607565401079,-0.01161036158414741,-0.025310288129799963,0.7046957079366637,0.6930853463525163,-0.04537208325613251,-0.10182318607380525,0.7488255831717487,0.7034534999156162,-0.03031744911811718,-0.07142981035982476,-0.01610716952448843,-0.035554933847988135,0.01421027959362875
0.006111769724049365,0.014732285429342351,0.7760275615982967,0.782139331322346,0.03953742819099282,0.09234168248294727,0.7379192787840859,0.7774567069750787,-0.026177209587451733,-0.060163492961292864,0.759208413636074,0.7330312040486223,-0.08815080174636769,-0.1868252519517457,0.7068328973363628,0.6186820955899951,0.027698538452674115,0.06627756528634166,0.7603743148652761,0.7880728533179502,-0.015653246733020598,-0.03709934786454605,0.005933521995604152,0.014445931992453254,0.02158676872862475
-0.049883389668417544,-0.1195824365095608,0.7997338487814032,0.7498504591129856,0.03777628057715088,0.08532414026961499,0.712986168245508,0.7507624488226589,-0.028738665941834052,-0.06299790475407807,0.718784110656853,0.6900454447150189,-0.034032135368348815,-0.07817754636477403,0.7625949378343492,0.7285628024660004,-0.05876047772501947,-0.1378671811981067,0.789636824435823,0.7308763467108035,-0.010097024345580241,-0.024998571207193176,-0.018974112402182164,-0.04328331589573908,-0.008877088056601923
-0.07118098582295129,-0.1740532486462083,0.8214332905844097,0.7502523047614584,0.11281721996718619,0.26439050090309824,0.6999025023001887,0.8127197222673749,-0.03877779531886516,-0.08743066357863372,0.7497311953640851,0.7109534000452199,-0.16148845739116857,-0.3745403194709531,0.8252085954780526,0.663720138086884,-0.018884306065960588,-0.04310159535654812,0.7502352094529009,0.7313509033869403,-0.07119808113150883,-0.17409274141407405,-0.018901401374518123,-0.04314108812441386,0.052296679756990705
-0.06862924657744973,-0.1607395016495694,0.792923942071393,0.7242946954939433,0.04468365686499742,0.09962154885908281,0.6979537199678615,0.7426373768328589,0.028607161252376168,0.06414064003877185,0.7114336163009775,0.7400407775533536,0.06570459051749045,0.15346327667999393,0.7239386486814711,0.7896432391989615,-0.012275382545501312,-0.029610285551441073,0.7856127955269127,0.7733374129814113,-0.007311146544480396,-0.017927629566220737,0.049042717487468024,0.1132015865319076,0.05635386403194842
-0.03513410144231299,-0.08408172263524438,0.7917202457051681,0.7565861442628551,-0.055565438880792684,-0.12340388555679627,0.7441574693787185,0.6885920304979258,-0.02977859945016248,-0.06778854010484414,0.7534012218099103,0.7236226223597478,-0.09659596611177967,-0.2106710116832904,0.7446474357540048,0.6480514696422252,-0.013012992248066402,-0.029970324740138388,0.7543895423646511,0.7413765501165847,-0.037330703340517024,-0.08919251644283666,-0.015209594146270433,-0.03508111854773066,0.02212110919424659
-0.032578739739116847,-0.0792845715894761,0.8007854755194087,0.7682067357802919,0.03543186022307376,0.07786937656418691,0.6891422276362679,0.7245740878593416,0.06810011326573862,0.15284080746590245,0.6913151484358787,0.7594152617016173,-0.07833427860237141,-0.18071761140351383,0.7863444943611914,0.70801021575882,-0.06659988105177139,-0.15907080884332148,0.8050849737421629,0.7384850926903915,0.004299498222754217,0.010808833070453439,-0.02972164308990033,-0.06897740418339193,-0.034021141312654546
-0.022404424142169477,-0.05281092930277431,0.7756472202070747,0.7532427960649052,-0.007390045596944006,-0.01765493593695089,0.7771513982209881,0.7697613526240441,-0.023155991162609246,-0.053436601602161904,0.7608389873968333,0.7376829962342241,-0.022371487393024192,-0.04745608300778836,0.6776520017178238,0.6552805143247996,0.049342750738914365,0.10877162093111314,0.6848067559638448,0.7341495067027591,-0.09084046424322989,-0.20532190926796678,-0.01909328936214605,-0.04373935903407933,0.07174717488108384
-0.04706784835129474,-0.11066875817700028,0.7856809524917953,0.7386131041405005,0.01756647184437432,0.042122874749623396,0.7669469464664482,0.7845134183108226,0.00469452138023474,0.010814115438431582,0.7457342020654777,0.7504287234457124,-0.10702461663116747,-0.23864242754682552,0.7708507992563826,0.6638261826252151,0.01075917279014793,0.025690391213444297,0.7677200305633615,0.7784792033535094,-0.017960921928433793,-0.04313563855651292,0.039866099213008876,0.09322351083393166,0.05782702114144267
-0.07479461567798606,-0.17765134580824293,0.8051793222854471,0.730384706607461,0.031036747640880047,0.07119218759767687,0.7289917458698896,0.7600284935107696,0.03223643171656665,0.07327167980451543,0.7211055117080027,0.7533419434245694,-0.14712774336146883,-0.34331983519181297,0.8238680776986466,0.6767403343371777,-0.04036688769760444,-0.10014730661181925,0.8154386571038366,0.7750717694062321,0.010259334818389476,0.026170148612967736,0.044687062798771104,0.10367418780939142,0.03442772798038163
-0.047643617848918685,-0.11164028664907555,0.7835829885271673,0.7359393706782487,0.014343397733215357,0.03107954127726109,0.6851458664178757,0.699489264151091,0.017463457199086818,0.038009699154399446,0.6884195696730858,0.7058830268721726,-0.027728823536333325,-0.06406139714897074,0.7638937412757211,0.7361649177393877,0.0025103950650692264,0.005804677966260385,0.749666685512805,0.7521770805778742,-0.033916303014362326,-0.08023156818211685,0.016237709899625585,0.03721339643321908,0.05015401291398791
-0.08754975522363073,-0.208104163502425,0.8113366726401896,0.7237869174165589,-0.16365767855650182,-0.36390874645912574,0.7916229130023531,0.6279652344458513,-0.02802879254702606,-0.06294393044120739,0.7411559148894571,0.713127122342431,-0.12301564665374187,-0.2779825035792214,0.7892920956557501,0.6662764490020082,-0.0351236174012165,-0.082459611524345,0.778996312318692,0.7438726949174755,-0.03234036032149756,-0.08018971935789931,0.02008577750091667,0.045454832620180685,0.05242613782241423
-0.06301893305446604,-0.14973398908681057,0.800078138638431,0.737059205583965,0.08783199463165137,0.22236739078566936,0.7597162007043798,0.8475481953360312,-0.004267396199342355,-0.009552706527653498,0.726716715107504,0.7224493189081617,-0.1523225011582915,-0.3349314965148191,0.7763586281029689,0.6240361269446774,-0.09751429346727036,-0.22861456988796203,0.8064200948220167,0.7089058013547463,0.006341956183585684,0.015953368946246993,-0.028153404229218637,-0.06292721185490446,-0.03449536041280432
-0.02716333011951555,-0.06388766752630914,0.7764421139954717,0.7492787838759561,-0.0401964378716545,-0.09559706641921739,0.7900925999602966,0.7498961620886421,-0.013981360440464163,-0.031335205053308446,0.7325752461591116,0.7185938857186475,-0.14838676605010603,-0.3330161881954852,0.7938449676898253,0.6454582016397192,-0.013445041590497642,-0.031971781089188855,0.7771335410018819,0.7636884994113843,0.0006914270064102279,0.001660490180620755,0.014409715535428136,0.033576376617741044,0.013718288529017908
-0.03028129309491323,-0.07148221690385803,0.7804324188828833,0.75015112578797,-0.11839144751078678,-0.27594367548459964,0.8112385572108124,0.6928471097000256,0.01910846639695729,0.044024107012743396,0.7385268555812892,0.7576353219782465,-0.07658429761760555,-0.1668429243625731,0.7346118104727246,0.6580275128551191,-0.03349248731914478,-0.07757605781809174,0.7685671873660328,0.735074700046888,-0.011865231516850483,-0.028393934302331836,-0.015076425741082033,-0.03448777521656554,-0.0032111942242315505
-0.013324204325271483,-0.03128980297935069,0.768645643320986,0.7553214389957145,-0.020284110995857252,-0.04515773806421475,0.7296308277964978,0.7093467168006405,-0.017922896303018798,-0.03984383060636043,0.7271552141313221,0.7092323178283033,-0.11488409953439904,-0.2647525116498666,0.8014607762875757,0.6865766767531767,-0.010810875230073402,-0.024966758308272663,0.7553698262622562,0.7445589510321828,-0.01327581705872971,-0.031177243586517633,-0.01076248796353163,-0.024854198915439607,0.0025133290951980802
-0.02786924088159015,-0.06519297497289367,0.7730051906320092,0.7451359497504191,-0.00460670674104624,-0.010600428708793963,0.7495663668916702,0.744959660150624,-0.0023502018053034313,-0.005197003500854613,0.7144684721670685,0.7121182703617651,-0.005690563985149111,-0.012497614383891742,0.7094085607445705,0.7037179967594214,-0.012854608755428099,-0.030252639453451913,0.7699096866217929,0.7570550778663648,-0.003095504010216299,-0.00737214819608889,0.011919128115945754,0.027568187323352866,0.015014632126162053
-0.06750687126053245,-0.16087674690337428,0.8040591738068211,0.7365523025462887,-0.04600841722256732,-0.11237140662619849,0.8092383445587444,0.7632299273361771,0.029882253161040984,0.0641525214173766,0.6665028316803968,0.6963850848414378,-0.02835332945346447,-0.06471603738204923,0.7548507007242868,0.7264973712708224,0.02384456325668427,0.05535305831906312,0.7417281579905128,0.7655727212471971,-0.06233101581630829,-0.14908929547240923,0.029020418700908435,0.06714050975002817,0.09135143451721672
-0.03398072078858583,-0.07892653378674996,0.7708445769172133,0.7368638561286275,0.031147886071383857,0.06581489249671324,0.6453958660176643,0.6765437520890482,0.009221017982851243,0.021240593610218017,0.7434291964969715,0.7526502144798227,-0.12416295535663191,-0.28239221189860486,0.7950887433169683,0.6709257879603364,-0.07497263534255638,-0.17452100450481378,0.7914331400106717,0.7164605046681153,0.020588563093458356,0.04980635629733943,-0.020403351460512198,-0.04578811442072439,-0.040991914553970554
-0.042914807725476956,-0.10028711588801942,0.7794569083151122,0.7365421005896352,-0.0398342170000312,-0.09838835365548126,0.8127351755754496,0.7729009585754184,0.004023066697787514,0.009222724326110487,0.7423572962651188,0.7463803629629063,-0.06956991402297075,-0.15406630113690722,0.7479063025375754,0.6783363885146046,-0.14131365461889178,-0.36024729279858114,0.8730126786537703,0.7316990240348785,0.09355577033865814,0.24899793780649926,-0.004843076554756687,-0.010962239104062466,-0.09839884689341483
-0.05531092668028492,-0.1303599113706313,0.7911391907449046,0.7358282640646197,-5.2661912110951725e-05,-0.00011245704063878037,0.6752674067630776,0.6752147448509667,-0.012576160222999344,-0.02783994820868574,0.7205712237308698,0.7079950635078704,-0.050980537573711904,-0.10685821749217972,0.6741819018840935,0.6232013643103816,0.012293890951244557,0.028205785708705022,0.738797759162356,0.7510916501136006,-0.05234143158254856,-0.12361247301790179,0.01526338604898092,0.03495322406143453,0.06760481763152948
-0.036778838460292396,-0.08603593610826143,0.777275400578151,0.7404965621178586,0.0905887194609325,0.22052727011213458,0.7368344421523888,0.8274231616133213,0.03204064026700615,0.07475595657609224,0.7411202640705677,0.7731609043375739,-0.06316602577091046,-0.14257683677084487,0.7620594964651128,0.6988934706942024,-0.05786154971768265,-0.13499372842462565,0.7852547707099081,0.7273932209922255,0.00797937013175709,0.019303073075298105,-0.013103341125633161,-0.029654719241066108,-0.021082711257390252
-0.027548030043280547,-0.06686669509623888,0.7968217910940941,0.7692737610508136,-0.021473126663289155,-0.04880741442825132,0.7481528507456203,0.7266797240823312,0.01287608852044142,0.028927995155095143,0.7212766967967604,0.7341527853172019,-0.06690745579507096,-0.14721685775885884,0.7404306156504172,0.6735231598553463,-0.014718748450119445,-0.033026715308525745,0.7339722972766829,0.7192535488265634,-0.06284949381741123,-0.14861545263987885,-0.05002021222425013,-0.11477547285216572,0.012829281593161102
-0.05914553161983871,-0.14372389651416828,0.8123158276315466,0.7531702960117079,0.054907446781383484,0.13222932708192037,0.7500051027097837,0.8049125494911672,-0.010477240200971516,-0.023411394271261265,0.7281809334721078,0.7177036932711363,-0.0198104910153849,-0.04472266913348566,0.7416899175785531,0.7218794265631682,-0.01098670265060242,-0.02555109964882485,0.7606176551450984,0.749630952494496,-0.05169817248644826,-0.1263619570941552,-0.003539343517211968,-0.008189160228811776,0.04815882896923629
-0.04231401314089833,-0.10129259423773096,0.7952930037946501,0.7529789906537517,0.14416516238484156,0.3399621551775116,0.6857368942555002,0.8299020566403418,0.09401817081640518,0.21781118495647878,0.7023831109136031,0.7964012817300082,0.08504173334393805,0.18934077716051334,0.6748217680684302,0.7598635014123682,0.03341184008095954,0.07623078349511614,0.7235385662724086,0.7569504063533682,-0.07175443752224142,-0.16828978177194864,0.003971415699616454,0.009233595960898455,0.07572585322185788
-0.012180170207944152,-0.028870180483849595,0.7743766325759851,0.762196462368041,0.06711523446814627,0.1621397257224242,0.745313235152793,0.8124284696209393,0.026844502785691393,0.05934875046768262,0.6994357401055815,0.7262802428912729,-0.07743717985104603,-0.18350938592581745,0.8048635413855952,0.7274263615345492,-0.038209010694684076,-0.0921839170459382,0.7982340021269057,0.7600249914322216,0.02385736955092055,0.05822121622298271,-0.002171470935819375,-0.005092520339105899,-0.026028840486739924
-0.04102234151590567,-0.09878549272864268,0.7984039962237993,0.7573816547078936,-0.009707997261211632,-0.023492656055897232,0.7863104147059309,0.7766024174447193,0.06768216510677227,0.15950804824965248,0.7290852680384572,0.7967674331452295,-0.07948802595415705,-0.1966078462188916,0.831613109973569,0.7521250840194119,-0.03920223617708207,-0.08792321442564432,0.7453755004756554,0.7061732642985733,-0.053028495748143945,-0.1265655655101483,-0.05120839040932035,-0.11570328720714995,0.0018201053388235966
-0.0771859359468644,-0.179453686455477,0.791545288096866,0.7143593521500016,0.000681323396880984,0.0016680988491097892,0.7880586637105033,0.7887399871073842,-0.01184246111980225,-0.02726677565330471,0.753599401811475,0.7417569406916728,-0.04050383444448846,-0.0903979714641141,0.7416204669142803,0.7011166324697918,-0.02559187670259766,-0.062345472206069896,0.7980474309176239,0.7724555542150262,0.006502142820757895,0.016100828709348924,0.05809620206502464,0.13320904295875602,0.05159405924426674
-0.06685697863788376,-0.15852557599789652,0.8004685215503864,0.7336115429125026,-0.004541935395653729,-0.010597055291787782,0.7597499502298161,0.7552080148341623,-0.09038694881576204,-0.19943528357680806,0.7537103380047446,0.6633233891889826,-0.12546984774841552,-0.2936522393158829,0.8171057565152852,0.6916359087668696,0.03680338781324366,0.08701591658823471,0.7478050088992481,0.7846083967124917,-0.05266351265113833,-0.1261358925085707,0.050996853799989084,0.11940560007756051,0.10366036645112742
-0.04756856727815795,-0.1074950684671494,0.755803254755973,0.708234687477815,0.10892017161034373,0.26110967310572564,0.7170694741449054,0.8259896457552491,-0.051353166144601614,-0.11564897632369076,0.7546522115595834,0.7032990454149818,-0.040086293503522,-0.09032377577279416,0.7498122860577673,0.7097259925542453,-0.02944185661175469,-0.07038262603754042,0.7883091677148522,0.7588673111030975,0.03250591295887917,0.07753007821869806,0.050632623625282425,0.11464252064830704,0.018126710666403256
-0.06487772983654483,-0.15229010928270625,0.7927586756204351,0.7278809457838903,0.07377433079655382,0.18453827236289788,0.7613770917246225,0.8351514225211764,-0.006632269650727052,-0.014528095995934853,0.7072516851083602,0.7006194154576332,-0.07349260621084441,-0.17029723568488375,0.7874487458928767,0.7139561396820323,-0.06313515419881943,-0.14715358108595167,0.7869799651473387,0.7238448109485193,-0.005778710473096416,-0.01418462148551125,-0.004036134835371019,-0.009048093288756665,0.0017425756377253965
-0.044906687482391794,-0.10229693776863469,0.761149510720666,0.7162428232382742,-0.07960575399037106,-0.1850644534760142,0.7925685824742423,0.7129628284838713,-0.09616499714800342,-0.21305263752788828,0.7601693420524492,0.6640043449044458,-0.10047974554295624,-0.22299080438193886,0.7636524567706667,0.6631727112277105,-0.05334217244947326,-0.12543374309725586,0.7886719070270148,0.7353297345775416,0.027522396306348895,0.06592710152219716,0.01908691133926743,0.042790296193575994,-0.008435484967081464
-0.039925292067903406,-0.08996913902727943,0.7498133115223582,0.7098880194544548,0.017857128787067023,0.040285875800706084,0.7223116635757401,0.7401687923628071,-0.01922588688831306,-0.04300805120778817,0.7334661111860402,0.7142402242977272,-0.09359263013301855,-0.2080642610233545,0.7622478331261199,0.6686552029931013,-0.1010126362107161,-0.2356567917104666,0.8044916469752167,0.7034790107645006,0.054678335452858495,0.1316104634923061,-0.006409008689954199,-0.014077189190881079,-0.061087344142812694
-0.038244765360493815,-0.09010953669123456,0.7829400645715747,0.7446952992110809,0.13201326329081509,0.31698015925647116,0.7045875602763517,0.8366008235671668,0.018001519318313397,0.039870205663858904,0.7057075707090071,0.7237090900273205,-0.08000615682491263,-0.1904648821742807,0.8089962018251023,0.7289900450001897,-0.06830711396207612,-0.16277388421834793,0.8043823129377349,0.7360751989756588,0.021442248366160155,0.053002149743240246,-0.008620100235422146,-0.019662197783873125,-0.0300623486015823
-0.06417791930191963,-0.1531695404212332,0.8034968972909765,0.7393189779890569,0.02333521225796853,0.05307727026182585,0.7262947134104593,0.7496299256684278,-0.14556000508544176,-0.3098167884745531,0.7365936808489032,0.5910336757634614,-0.003054067987930731,-0.0069539155336162395,0.7405112954098857,0.737457227421955,-0.0587608381904029,-0.12805977926011303,0.7268747148973396,0.6681138767069367,-0.07662218239363694,-0.18130395701421076,-0.07120510128212021,-0.15619419585309058,0.0054170811115167306
-0.08255026544563082,-0.19548353860221201,0.8066562267607128,0.724105961315082,-0.002456220405226861,-0.005624541564398733,0.744733268151955,0.7422770477467281,-0.05114385176554859,-0.11159937519338547,0.7246621591442844,0.6735183073787359,0.023613388842158467,0.053216876811744473,0.718472676943144,0.7420860657853025,0.0037228500463909464,0.008676097037286556,0.7548038159749452,0.7585266660213361,-0.05185241078576763,-0.12551892061672465,0.034420704706254135,0.07864071502277392,0.08627311549202177
-0.04734097466267173,-0.11568145706458877,0.8101388834301436,0.7627979087674719,0.08859720218804634,0.20386313055851568,0.7003409387894862,0.7889381409775326,-0.00326545586815441,-0.007159084248886671,0.706440424635555,0.7031749687674006,-0.02204130093708534,-0.05136522802703647,0.767499197643299,0.7454578967062137,0.00647133327324767,0.015130215257344481,0.7557188764048561,0.7621902096781038,-0.05442000702528749,-0.13223968871771197,-0.0006076990893680856,-0.0014280163957787195,0.0538123079359194
-0.03263167923909771,-0.07743961641194375,0.7850905247551077,0.7524588455160099,0.14675286633012963,0.3429791540310674,0.6780589513497048,0.8248118176798345,-0.012519461476728888,-0.02774193611195841,0.721484649115645,0.7089651876389161,-0.10895547967857999,-0.25919604824346587,0.8211194212883842,0.7121639416098042,-0.02544588779661683,-0.06360868136549813,0.8124306899503261,0.7869848021537093,0.027340165195218424,0.06822774752923699,0.03452595663769931,0.0820586825756826,0.007185791442480882
-0.026600694063152464,-0.06267312179559337,0.777359172550367,0.7507584784872146,0.0016827980194003,0.003872157435521828,0.7464068838005674,0.7480896818199677,-0.002474234846261969,-0.00541297781556227,0.7038823266896893,0.7014080918434273,-0.03760820781052787,-0.08679974930588319,0.7678771941338794,0.7302689863233516,-0.08741028529480499,-0.20177263992109773,0.7908160226154682,0.7034057373206632,0.013456850065101222,0.03270915930007812,-0.047352741166551304,-0.10639035882542625,-0.06080959123165253
-0.034971932166675046,-0.08340797657094479,0.78945497190395,0.7544830397372749,-0.05893658740486751,-0.13691583518019046,0.7826763526269848,0.7237397652221172,0.0019503239772049596,0.004433341279078906,0.7366550462605191,0.7386053702377241,-0.07018881509032782,-0.16045312358270292,0.7756356206369502,0.7054468055466224,-0.0014555672873949321,-0.003294300752456625,0.7347651379712811,0.7333095706838861,-0.05468983393266891,-0.12863251664693065,-0.021173469053388794,-0.04851884082844249,0.033516364879280114
-0.059140918044736646,-0.13860153088784166,0.7890183920610051,0.7298774740162685,0.052195148010747205,0.12429865059672007,0.7443816082113798,0.796576756222127,-0.016578477082872634,-0.03961023867993596,0.7817336786931501,0.7651552016102775,-0.11330732277083022,-0.2520479156512889,0.7713500322476147,0.6580427094767844,-0.08858794779268575,-0.20550142061219856,0.7949826470649045,0.7063946992722188,0.00596425500389941,0.014695092389927389,-0.023482774744049695,-0.05220479733442951,-0.029447029747949105
-0.03338932943425088,-0.07950274974593752,0.787637888062836,0.7542485586285851,-0.029958010603469254,-0.0663725302346756,0.729797650670319,0.6998396400668497,-0.009582971297773302,-0.020985655382638635,0.7084189388966012,0.6988359675988279,-0.12059217883569862,-0.2748511231026476,0.7952892965421966,0.674697117706498,-0.035988579445859425,-0.08600874152865767,0.7912536282533695,0.7552650488075101,0.0036157401905335673,0.008868652671241595,0.0010164901789250225,0.0023626608885214395,-0.002599250011608545
-0.07334109803253674,-0.17637627168153847,0.8124399643540418,0.739098866321505,0.0394241675473086,0.10091579784869342,0.7917436443480003,0.8311678118953089,-0.051007505365266326,-0.11015608513492148,0.7132877538627681,0.6622802484975018,-0.06168712904445617,-0.13783691289265798,0.7525616760799264,0.6908745470354702,0.014316050070531272,0.032492075956429556,0.7291441052559362,0.7434601553264675,-0.08329585909810555,-0.19890943584758203,0.004361289004962465,0.009958911790385994,0.08765714810306802
-0.08524010639153523,-0.19869020972071816,0.7969836942379316,0.7117435878463964,-0.02908300435955069,-0.06501944280698568,0.7377055342020945,0.7086225298425438,0.009553622103269155,0.02207806677030666,0.7456989529679725,0.7552525750712417,-0.027627757614753556,-0.06135392032962561,0.7308867629494262,0.7032590053346727,-0.06673318065464195,-0.15607675494953455,0.7910666244233342,0.7243334437686922,-0.005917069814597387,-0.014631622626693819,0.01258985592229589,0.027981832144489793,0.018506925736893276
-0.07996414934091434,-0.18944919814673167,0.8058210498124252,0.7258569004715109,0.025056414345736133,0.058009460592097106,0.7391165135793486,0.7641729279250847,-0.08972332960876706,-0.20232422808236938,0.7731839974748071,0.6834606678660401,-0.13578643662479983,-0.2865970289286739,0.721165351177051,0.5853789145522512,0.021380617002475844,0.04938857496109206,0.7393417750931164,0.7607223920955922,-0.06647927471930881,-0.15897985203597287,0.03486549162408137,0.07985792107185086,0.10134476634339018
-0.023109265093303244,-0.055179564208611254,0.7845094701651437,0.7614002050718405,-0.01850574403616423,-0.041960773423040276,0.744718630438382,0.7262128864022178,0.03837724206510951,0.08657398330048682,0.7116201172147076,0.7499973592798171,-0.013756222979123489,-0.031249366854019467,0.7439168835046863,0.7301606605255628,-0.05087877400225682,-0.11862499196207033,0.7815524359449596,0.7306736619427028,-0.002957034220184118,-0.0071741465429893125,-0.030726543129137696,-0.07061957429644838,-0.027769508908953577
-0.06997948364298678,-0.16754586268246996,0.8081453802405786,0.7381658965975918,0.05846325535925723,0.1330863075044082,0.7084443005491147,0.7669075559083719,-0.00242125374776736,-0.005324723755940619,0.709128204004896,0.7067069502571286,-0.1126908638966242,-0.25085989782039,0.7717601693481214,0.6590693054514972,-0.041265989196578534,-0.09202459521090467,0.7412485583741945,0.6999825691776159,-0.06689682186638413,-0.16052053502305963,-0.03818332741997588,-0.08499926755149434,0.02871349444640825
-0.038129934685252054,-0.09018616703073201,0.7854888901976196,0.7473589555123675,0.03624888075745636,0.0889870323062123,0.7713409615551604,0.8075898423126168,-0.023306476705235557,-0.05249484709925145,0.7414427746617943,0.7181362979565588,-0.04806682558748543,-0.11146132054751856,0.7763019964496571,0.7282351708621717,-0.05881556994096926,-0.13591307748615655,0.7787191471882774,0.7199035772473081,-0.006769743009342188,-0.016399363731015804,-0.027455378265059394,-0.062126274186440344,-0.020685635255717205
-0.06315954680103186,-0.14743582099557662,0.7880816125368191,0.7249220657357872,0.0708252887553491,0.1704393504127526,0.7408955871406819,0.811720875896031,0.02628571132087365,0.05964286573168609,0.7227811378710473,0.7490668491919209,-0.10091586894651938,-0.22873989134170492,0.7824016201053237,0.6814857511588043,-0.00279485465910545,-0.006553178868796472,0.762369220927796,0.7595743662686906,-0.025712391609023055,-0.06161880321285462,0.03465230053290336,0.07926383891392552,0.06036469214192641
-0.05540029815484582,-0.13581928187732073,0.8157627317763466,0.7603624336215008,0.04438508657721185,0.09937195345753835,0.7018832108676261,0.7462682974448379,0.04906872975970045,0.10992164063958754,0.699911968046706,0.7489806978064064,-0.02882736380143658,-0.06563198333942788,0.7530528963466926,0.724225532545256,-0.040483071023461936,-0.10007951347638278,0.8135332291523754,0.7730501581289134,-0.002229502623971258,-0.0057375449567453884,0.012687724507412623,0.030002223444192566,0.014917227131383881
-0.013292943321886463,-0.03327145308974622,0.807206043391617,0.7939131000697305,-0.05450189295717067,-0.12449769946153699,0.7678357944687516,0.7133339015115809,0.05168641960247711,0.11951872515722028,0.7242295701027704,0.7759159897052476,-0.0615848179799211,-0.14277606170426527,0.7824011463565307,0.7208163283766096,-0.01617403781172566,-0.037017419015059616,0.7510885430971935,0.7349145052854679,-0.05611750029442342,-0.13552611123963665,-0.058998594784262615,-0.13927207716495005,-0.0028810944898391977
-0.07016002903488638,-0.1641894338434131,0.7930405763872175,0.7228805473523311,0.044626743808824365,0.1048998050956631,0.7397178463853634,0.7843445901941878,-0.06558066048052724,-0.14013217867632255,0.7073616738385806,0.6417810133580534,-0.013232495537680578,-0.029080132058115993,0.7137850905113047,0.7005525949736241,-0.07405605913287705,-0.1666942922462209,0.7646491706856399,0.6905931115527628,-0.02839140570157761,-0.06844040647955874,-0.032287435799568276,-0.07094526488236652,-0.003896030097990666
-0.06526069459473882,-0.15003306913096814,0.7777866096318243,0.7125259150370855,0.059971890097795466,0.1354642409849236,0.7012249735785304,0.7611968636763259,0.036107078858683916,0.07941865667503145,0.6896088128897011,0.725715891748385,-0.021422987112709513,-0.04917518570603896,0.7559413671705131,0.7345183800578036,-0.02104936938393509,-0.051384305670814534,0.797054097580646,0.776004728196711,0.019267487948821715,0.047104301190208364,0.06347881315962545,0.14575306465036197,0.04421132521080373
-0.07379244951639041,-0.17445866122636877,0.8016559780526645,0.7278635285362741,0.04055423348231757,0.0922970964459604,0.7177989640462,0.7583531975285176,-0.02755117643296312,-0.06036997099800945,0.7177932376467764,0.6902420612138133,-0.011252072450027795,-0.026571265548246625,0.7714306486938703,0.7601785762438426,-0.0807215972412264,-0.1865570043131315,0.7887442712537358,0.7080226740125094,-0.012911706798928724,-0.03199844469863544,-0.019840854523764717,-0.04409678778539816,-0.006929147724835993
-0.11264021467802521,-0.261812246085777,0.8068217164894459,0.6941815018114207,0.02020521554062038,0.04780766206139253,0.7569263124180677,0.7771315279586881,0.01562611919419188,0.03449022967598858,0.7036192639100998,0.7192453831042916,-0.20908115906236147,-0.45503892905541043,0.787315503227442,0.5782343441650806,-0.023552400983950394,-0.05385314208679848,0.7539344215718432,0.7303820205878928,-0.05288729491760269,-0.1279577194468846,0.036200518776472124,0.08000138455209393,0.08908781369407481
-0.04831789814438536,-0.11442680119671778,0.7911191404888771,0.7428012423444917,0.0848939270258059,0.20738161206507533,0.7420617047765093,0.8269556318023152,0.03342001705511455,0.07670192396012965,0.7281836005032316,0.7616036175583462,-0.11743975710427723,-0.24726317896713934,0.710073067683239,0.5926333105789617,-0.06220371072775355,-0.14261733488914885,0.7742922311871677,0.7120885204594142,-0.01682690930170938,-0.04080877554494089,-0.030712721885077565,-0.06899930923737196,-0.013885812583368184
-0.010975591709730392,-0.025273402904810727,0.7532495946808418,0.7422740029711115,-0.009173607500527758,-0.020674335025684165,0.7350216885832492,0.7258480810827215,-0.018952670304722696,-0.042260039283564144,0.7304205157970242,0.7114678454923015,-0.04310600342083748,-0.10205972678115183,0.7885187621049025,0.745412758684065,-0.021259826789176373,-0.047778642562405604,0.7385307009522716,0.7172708741630952,-0.01471889372857027,-0.03381173625175515,-0.02500312880801625,-0.05631697590935003,-0.01028423507944598
-0.03979541948114251,-0.09469159330828525,0.7902354580363188,0.7504400385551763,0.07193494497797559,0.16297241725071543,0.6972222069786825,0.7691571519566581,0.05647424918437005,0.12784082030437305,0.7049243975959616,0.7613986467803316,-0.13058894880066407,-0.28307849772768656,0.7525058299601063,0.6219168811594422,-0.017615912744124218,-0.04207877056875642,0.7820852910388679,0.7644693782947437,-0.008150166997450858,-0.019878538020910774,0.014029339739567437,0.032734284718618056,0.022179506737018295
-0.07130017843370362,-0.1661627368390004,0.7906001430743874,0.7192999646406838,0.10808356416115927,0.2484311196145801,0.6884974708432874,0.7965810350044467,0.04367900895934196,0.09582883244111051,0.6830716800314945,0.7267506889908365,-0.0956751580232259,-0.21340739241996332,0.7662315616732878,0.6705564036500619,-0.08319940425278793,-0.19164369679326687,0.7873439399335226,0.7041445356807347,-0.003256203140864833,-0.007980196249254057,-0.015155428959949147,-0.033461156203520526,-0.011899225819084314
0.02614625576494678,0.06134874593857065,0.7481554822387153,0.7743017380036621,0.03813828141029063,0.09774376245578953,0.7930211343621725,0.8311594157724631,0.0052477617039781155,0.011666874894902257,0.715724319387201,0.7209720810911792,-0.06948224112941914,-0.1609737216989524,0.7854948352167318,0.7160125940873127,-0.027354834462167577,-0.06757477194676742,0.8068831154199678,0.7795282809578002,0.058727633181252514,0.1414780123737227,0.005226542954138158,0.012554494488384638,-0.053501090227114356
-0.05643220267104132,-0.13022599316232597,0.7765869634534637,0.7201547607824224,0.06727695053882166,0.1561688800626757,0.7186458713420513,0.7859228218808729,-0.03767664606135479,-0.08152556106409303,0.7092147909327657,0.671538144871411,-0.11485536832934118,-0.24327975684563796,0.7175041461466254,0.6026487778172842,-0.09187746372789052,-0.21294877556563252,0.7957983143717691,0.7039208506438785,0.019211350918305392,0.04686838372464974,-0.016233910138543806,-0.03585439867865681,-0.0354452610568492
-0.06804631213119938,-0.1584714825223874,0.7886363002970458,0.7205899881658464,0.001328208690829502,0.0030858589001341308,0.7537768331345988,0.7551050418254283,0.002513878313675777,0.005699922747711916,0.7342959371895909,0.7368098155032666,-0.15653428856366747,-0.3536307051553689,0.8027622025326089,0.6462279139689414,-0.02224502517634075,-0.053715921638961106,0.7911294853012162,0.7688844601248754,0.002493185004170395,0.00611989756178799,0.04829447195902903,0.11087545844521429,0.04580128695485863
-0.015855043758872145,-0.038174447717131965,0.7862272177815622,0.7703721740226901,-0.009895638216980696,-0.022862639178576227,0.7552311876906019,0.7453355494736212,0.02578481267879207,0.0580479885281191,0.7164287879721788,0.7422136006509709,-0.032868758818583865,-0.07507869829570035,0.7576130836042175,0.7247443247856337,-0.04713627524673969,-0.10713170632833924,0.760353529980044,0.7132172547333043,-0.02587368780151822,-0.061817246545434745,-0.057154919289385764,-0.13077450515664202,-0.031281231487867545
-0.08729226062097184,-0.20552315054343406,0.8048752658954704,0.7175830052744986,0.027939904241733315,0.061253586729438814,0.6905698659979915,0.7185097702397248,0.011084560535831067,0.02419263103765079,0.694596951907806,0.7056815124436371,-0.09885225623420435,-0.24211081515751287,0.8345172809007511,0.7356650246665467,0.012504298083991117,0.029645080466262463,0.762179977677537,0.7746842757615281,-0.04269528821793345,-0.10378253467379661,0.05710127048702951,0.13138569633589992,0.09979655870496296
-0.04332182932502149,-0.10349133871596594,0.7944521817437732,0.7511303524187517,0.002271597682905413,0.0051296695956866145,0.7310199698700877,0.7332915675529931,-0.0390416306238166,-0.08706454665522756,0.7401982296068267,0.7011565989830101,-0.09158356407123458,-0.20498063581099446,0.7675058027423199,0.6759222386710854,-0.013812722937470934,-0.03261513678592687,0.772627174748802,0.7588144518113311,-0.02182500699497114,-0.05301001800225036,0.007684099392579413,0.017866183927788715,0.029509106387550554
-0.048325647032709695,-0.11797831157004612,0.8100578986180714,0.7617322515853617,0.0575115917546728,0.12942427096418108,0.6993790166990901,0.7568906084537629,0.03510607699073387,0.08183191028256864,0.7388531054572934,0.7739591824480273,-0.045393732218879546,-0.10672768584527992,0.7848656828813966,0.739471950662517,-0.04676107667372176,-0.1071830178768769,0.7669225477454473,0.7201614710717256,-0.0431353508726241,-0.10574895144606433,-0.04157078051363616,-0.0949536577528951,0.0015645703589879378
-0.009465529811322648,-0.0222978371264424,0.7688915801327042,0.7594260503213816,0.002435934224659264,0.005908882396213677,0.7817115279064013,0.7841474621310606,-0.01979686718195761,-0.04322150060318464,0.7102842737965132,0.6904874066145555,-0.09619665812147704,-0.21783552389422067,0.7795585979662173,0.6833619398447403,-0.06760788743400059,-0.16952871394361058,0.8336849790985678,0.7660770916645672,0.06479339896586356,0.16286616557542954,0.006651041343185615,0.015635288758261368,-0.05814235762267794
-0.04140767351405106,-0.09481719892341767,0.7636196696476936,0.7222119961336425,0.07361313868874486,0.17093412460933743,0.7154225922855502,0.789035730974295,0.021783607641863822,0.04911526062306182,0.7197989469352833,0.7415825545771472,-0.029968908158701013,-0.06306090965864652,0.6700668399369493,0.6400979317782483,-0.021571353952859917,-0.05047865027152776,0.770212178708357,0.7486408247554971,0.006592509060663443,0.015593019302492017,0.026428828621854583,0.059931567954381926,0.01983631956119114
-0.06229215167126334,-0.14397069013524222,0.780440470661079,0.7181483189898157,0.16113228540878033,0.385314340116067,0.684515562648309,0.8456478480570894,-0.0021280274473007843,-0.004812105006509526,0.734382256713376,0.7322542292660752,-0.08416894760017302,-0.18567445922420633,0.7507398441748695,0.6665708965746965,0.035010899523905015,0.08291622239065166,0.7498605733458894,0.7848714728697944,-0.03057989731518962,-0.07217267532866378,0.06672315387997874,0.1547142371972301,0.09730305119516836
-0.03640797151033892,-0.08606981412611203,0.7843333550592243,0.7479253835488854,0.04754656820746539,0.11580436860522703,0.7607724041267224,0.8083189723341878,0.06026195295557235,0.13854677915021885,0.7152650275371092,0.7755269804926815,-0.016651997342615577,-0.03633454144877102,0.7081457247040822,0.6914937273614666,-0.03547123568822619,-0.08639250335501636,0.802631423574686,0.7671601878864598,0.018298068515461674,0.04521196705478614,0.019234804337574407,0.04488927782588181,0.0009367358221127331
-0.08780625587233137,-0.20979872551287926,0.8147878444406813,0.7269815885683499,0.002225022517060027,0.005267428550534525,0.7664086956213683,0.7686337181384283,0.07449555315879897,0.164455835272445,0.6726211145504769,0.7471166677092759,-0.17701484447747973,-0.40721438655111264,0.8251878279118672,0.6481729834343875,-0.02249893484519372,-0.05201116763997948,0.7618303980646006,0.7393314632194069,-0.052957446376080686,-0.1298645771460123,0.012349874651056969,0.02792298072688748,0.06530732102713765
-0.03798709379263088,-0.09074490091241483,0.7919191569092688,0.753932063116638,0.06705304770172249,0.1680464342620196,0.7660982875868477,0.8331513352885702,-0.06058125426677341,-0.13126518613533067,0.7214375146424742,0.6608562603757008,0.019017824539338757,0.041134372099799865,0.680758486134573,0.6997763106739118,-0.09555641271161908,-0.21564586653538553,0.7764087583984104,0.6808523456867913,-0.015510398510858447,-0.037706836586186565,-0.07307971742984665,-0.16260780220915727,-0.0575693189189882
-0.095838917838035,-0.2226076683727367,0.7990964881918922,0.7032575703538572,-0.020881814414623445,-0.04449490067511297,0.6827746608074138,0.6618928463927903,0.12067471908897343,0.2740839156131041,0.6718410773001685,0.7925157963891419,-0.2105361500930597,-0.4523647354653282,0.773100697205471,0.5625645471124113,-0.011108232252995953,-0.025974457323529432,0.7645627299797434,0.7534544977267474,-0.03453375821214877,-0.08367464017704807,0.050196927372890277,0.11295857087215921,0.08473068558503905
-0.06581521273897883,-0.15852957899655662,0.8100282298227682,0.7442130170837894,0.016675776366361972,0.040840164915300736,0.7801382585738793,0.7968140349402413,-0.01214885694523582,-0.027660169177135874,0.744954999352032,0.7328061424067962,-0.1031373379447249,-0.23326463437209366,0.7815487000362181,0.6784113620914932,-0.08193213926199494,-0.1852984076411912,0.7722012498096085,0.6902691105476135,-0.03782698001315976,-0.09313802201062371,-0.05394390653617587,-0.1199068506552583,-0.016116926523016106
-0.011663899026189473,-0.02711376670240684,0.7606235505662634,0.7489596515400739,-0.09389757937753451,-0.20817275902836885,0.7598280768315954,0.6659304974540609,-0.009145891510209725,-0.020710346631364285,0.7390253748328622,0.7298794833226525,-0.1297767658407163,-0.29316336709501134,0.79183458251372,0.6620578166730037,-0.01094973276250688,-0.02617671299276836,0.7793394865807186,0.7683897538182117,0.018715936014455203,0.04448054104092458,0.019430102278137795,0.04541759475056306,0.0007141662636825918
0.0034566700683140716,0.00830958751346289,0.7756766473038311,0.7791333173721452,0.07960966898278166,0.18521503263669103,0.7135125644565069,0.7931222334392886,0.010202729574382619,0.02336053815298822,0.7382751693940262,0.7484778989684088,-0.1258924787982565,-0.2909040661346969,0.8080998585078558,0.6822073797095993,-0.10859365721087233,-0.2688273732846138,0.8446313240442195,0.7360376668333471,0.06895467674038835,0.17648533998812388,-0.04309565053879805,-0.10065162080995282,-0.1120503272791864
0.04463083077259844,0.1115159183882124,0.7766493052645947,0.8212801360371932,0.002413832034225627,0.005669429901803635,0.7609477094872426,0.7633615415214682,-0.03023300606088053,-0.0660671487129374,0.7162941709532421,0.6860611648923616,-0.09107502744041807,-0.198880550933487,0.743551668087119,0.652476640646701,-0.02226893496470428,-0.05626428556169394,0.8164765777459805,0.7942076427812762,0.039827272481385734,0.0990427495771935,-0.027072493255916985,-0.06873745437271284,-0.06689976573730272
0.024927647366902228,0.0604485351895061,0.7700598304675167,0.7949874778344189,0.044456319967856706,0.10165338496693632,0.7194832148327951,0.7639395348006518,-0.0024998243182415836,-0.005533969987091769,0.7155977664732563,0.7130979421550148,-0.08661997293569712,-0.19560322065704416,0.7730113147233787,0.6863913417876816,-0.03620753404963961,-0.08340111792462768,0.7657099139681945,0.7295023799185549,-0.004349916499322148,-0.010303514414460313,-0.06548509791586399,-0.1541531675285941,-0.06113518141654184
-0.040028081203280386,-0.09482102816738136,0.7874094852687546,0.7473814040654743,-0.026931476115605202,-0.06343200973361496,0.77729867248681,0.7503671963712047,-0.031027326900223473,-0.06961766096882371,0.7418438209286723,0.7108164940284488,-0.05378004002272496,-0.11873094150927277,0.7376780268744656,0.6838979868517406,0.0068113547136055,0.016227580000082842,0.7682744826553369,0.7750858373689424,-0.019135002613417718,-0.04604066959375741,0.027704433303468168,0.06500793857370679,0.046839435916885885
-0.03441711187081886,-0.08204975345552423,0.788915813466518,0.7544987015956991,0.01609810418612656,0.04075915000792074,0.7984611179231605,0.8145592221092871,-0.0361623537638569,-0.08210605150745076,0.7543312438444189,0.718168890080562,0.09279686785963859,0.21002062621451079,0.6848128697306152,0.7776097375902538,-0.12710838298864902,-0.289123401336967,0.7964084712172274,0.6693000882285783,0.007492657750709397,0.01848282625468034,-0.08519861336712076,-0.18859082162676244,-0.09269127111783015
-0.05096708300717767,-0.1237713707725443,0.8081677975027374,0.7572007144955597,-0.017247349135535717,-0.039181210503304253,0.7456522343941336,0.7284048852585979,-0.05477332189595163,-0.11829797445071377,0.7151273588796365,0.6603540369836849,-0.10491030290760672,-0.24512207270762643,0.8072449723763779,0.7023346694687712,-0.06673666525761923,-0.1487717960691668,0.7527616030942577,0.6860249378366384,-0.055406194408479714,-0.13409261861131228,-0.07117577665892127,-0.15909304390793477,-0.01576958225044156
-0.08251083608346921,-0.1951794313374604,0.8059214982967463,0.7234106622132771,0.12204574975507254,0.2818066954553631,0.683897182020735,0.8059429317758076,0.022353793486429963,0.05081754049920617,0.7263614942522784,0.7487152877387083,-0.02555066504061243,-0.06006583652375985,0.7753343080178752,0.7497836429772627,0.008320661739143587,0.02046558052749159,0.7868506016923481,0.7951712634314917,-0.019070896604398202,-0.047370957261489544,0.07176060121821459,0.16827405460346245,0.0908314978226128
-0.01444658167221835,-0.034659549070340745,0.7833136501039046,0.7688670684316863,0.07978667583156518,0.17655149684876648,0.6719741079735116,0.7517607838050768,-0.028192564575106993,-0.06388555193656487,0.7489016423514876,0.7207090777763806,-0.07420155446487564,-0.1630852391912072,0.7426387424116635,0.6684371879467879,-0.04494368990652908,-0.10385390143561368,0.7722375120947803,0.7272938221882512,-0.011076138009124326,-0.02664375119087481,-0.04157324624343506,-0.09583810355614775,-0.030497108234310732
0.022046347783091336,0.05372976550697217,0.7745269427987447,0.796573290581836,0.06288552520015978,0.1476001176089805,0.72889958172766,0.7917851069278198,-0.008020430398649192,-0.018637850527670974,0.7585782987968658,0.7505578683982166,-0.13249840847940697,-0.2862318341769945,0.7494223404893464,0.6169239320099394,0.025100092245094352,0.05881755646470044,0.7477913202495081,0.7728914124946025,-0.02673562254923656,-0.0627262973562277,-0.023681878087233543,-0.057638506398499434,0.0030537444620030163
-0.060636360241809406,-0.14759589776484283,0.8139987781896935,0.753362417947884,-0.008632048138225268,-0.019983311071181564,0.7561007564961709,0.7474687083579457,-0.05665233869374031,-0.12862999078785964,0.7639627118055224,0.7073103731117821,-0.004631501889308609,-0.010258333218522875,0.7171568099261357,0.7125253080368271,-0.020807741800247026,-0.04798924037737473,0.7592540004467737,0.7384462586465267,-0.05474477774291975,-0.13387226275743958,-0.014916159301357368,-0.034265605369971475,0.03982861844156238
-0.015865577174991707,-0.03711050144095651,0.7671244817701837,0.751258904595192,-0.12172674476113354,-0.2874104964544757,0.8215549291815152,0.6998281844203816,-0.07877972000536371,-0.17344590688995365,0.7464100548908705,0.6676303348855068,-0.1281042106947199,-0.2833774167386418,0.7723403003697169,0.644236089674997,-0.0028242618008990084,-0.006941665418360277,0.7920426418493637,0.7892183800484647,0.02491816007918002,0.06013363436891295,0.03795947545327272,0.09030247039150918,0.013041315374092699
-0.05906339590135179,-0.13927053552052415,0.793193514583419,0.7341301186820672,-0.02618652201281335,-0.058150815357236985,0.730151239817641,0.7039647178048276,-0.05973405450055136,-0.1332408680958339,0.7500918754462523,0.690357820945701,-0.08823939130273795,-0.19153781135808856,0.7358906399250665,0.6476512486223286,-0.04172293413240025,-0.09835412912235908,0.7849272125841082,0.743204278451708,-0.008266301999310777,-0.020262623585730388,0.009074159769640766,0.020653782812434685,0.017340461768951543
-0.026523088437870546,-0.06439102662162766,0.7964419520933994,0.7699188636555289,0.03592721993520276,0.08681725589444333,0.7622015502138287,0.7981287701490315,0.07060904342906793,0.160889801011451,0.7026298928932923,0.7732389363223602,-0.09765107718903387,-0.2166132319402858,0.7619875023320777,0.6643364251430438,-0.035189774616483316,-0.08422858574394443,0.7918494770679286,0.7566597024514453,-0.004592475025470777,-0.011358547283612186,-0.013259161204083547,-0.03119610640592896,-0.00866668617861277
-0.024837165485526058,-0.057867365866319354,0.7686872605581172,0.7438500950725911,0.08987973398051252,0.19628529756819413,0.6532246194785257,0.7431043534590382,0.034071948179389855,0.07772824883706253,0.7231054571816947,0.7571774053610846,0.022611288055091494,0.050128644837930336,0.7042595533589339,0.7268708414140254,0.007824899994664847,0.01801975821285451,0.7439292820681745,0.7517541820628394,-0.024757978489942656,-0.057685945489170276,0.007904086990248249,0.018201178590003586,0.032662065480190905
-0.04771818065300526,-0.11297365196556353,0.7906453587838413,0.7429271781308361,-0.0763273263331472,-0.17256678837173034,0.7694190660548719,0.6930917397217247,-0.07375054445617568,-0.1662455508006757,0.7657423044439676,0.6919917599877919,-0.10066532882849566,-0.24383878540712978,0.8288204894281858,0.7281551605996901,0.03141199268532213,0.07224712430323077,0.7308706176301656,0.7622826103154877,-0.05977474115367576,-0.1403568076970454,0.019355432184651633,0.0448639685717489,0.07913017333832739
-0.05757432589122968,-0.1359125085293753,0.7932703832057196,0.73569605731449,0.06785423901881382,0.16365766575793783,0.743911796544459,0.8117660355632729,-0.040824020713766784,-0.0921470848792274,0.7516497019632347,0.7108256812494679,-0.03625040484600639,-0.08562147255297736,0.7836634883378729,0.7474130834918665,-0.021387465355072854,-0.04940774636508749,0.7607765202730586,0.7393890549179858,-0.03249386293266099,-0.07811096585165833,0.00369299760349584,0.008393796312629487,0.03618686053615683
-0.014184601954555176,-0.03443016928668019,0.7903421459034297,0.7761575439488745,-0.037516326242110876,-0.09326182115231951,0.815188724703217,0.7776723984611061,-0.05527199846749875,-0.12111595040858791,0.730939772846792,0.6756677743792933,-0.05973741805046617,-0.13231797274844537,0.7435925723091105,0.6838551542586443,-0.03326558879567376,-0.0755806804041601,0.7535084127319501,0.7202428239362764,-0.03683373317147953,-0.08784872188071846,-0.05591472001259812,-0.12899923299819838,-0.019080986841118586
-0.11146575977470752,-0.26251195295346474,0.8155200515181024,0.7040542917433948,0.05383690881947356,0.12479937826598553,0.7249057306345379,0.7787426394540115,-0.38711424730997235,-0.8027749126517989,0.7557359849946771,0.36862173768470474,0.01154203579708879,0.026569125664980042,0.7417393789234511,0.7532814147205399,-0.05637123041773784,-0.1290492532823624,0.7704225014428618,0.714051271025124,-0.04509755007524052,-0.11145185323573958,0.009996979281729157,0.022010846435362774,0.05509452935696968
-0.06019103882460408,-0.14160988561563626,0.7921761149821358,0.7319850761575317,0.0469915105082086,0.12161106558095192,0.7929429061508156,0.8399344166590242,0.0035494886074352028,0.008024331686642405,0.7313191599963967,0.7348686486038319,-0.04660961079800363,-0.11914310467945999,0.8338413167255073,0.7872317059275037,-0.04928784886646276,-0.11430677400834277,0.7769629022180636,0.7276750533516009,-0.01521321276407217,-0.03700940151953391,-0.0043100228059308465,-0.009706289912240429,0.010903189958141324
-0.052808165449350186,-0.12571416992986428,0.796632241098202,0.7438240756488518,0.13136482239100267,0.3159497891157579,0.7059987832243958,0.8373636056153985,-0.09778150133064978,-0.21890665577324864,0.770440761851246,0.6726592605205962,-0.01944217368025991,-0.04562681028731497,0.7711798399457824,0.7517376662655225,0.02097661159214559,0.05025764187135451,0.7646628467552947,0.7856394583474403,-0.03196939434290724,-0.07730244146527987,0.04181538269858853,0.09866937033593892,0.07378477704149577
-0.027672445666809597,-0.0646752710766405,0.7722848416504914,0.7446123959836818,0.06573442202728386,0.15121205065231713,0.7127232922005939,0.7784577142278778,-0.056729491552629296,-0.12863835963086845,0.7629335169340726,0.7062040253814433,-0.05113910298705493,-0.11213721054328185,0.7297208381406614,0.6785817351536064,0.03364567830502052,0.07823768558799671,0.7378692965650585,0.771514974870079,-0.034415545085432875,-0.08007241698671841,0.026902578886397244,0.0628405396779188,0.06131812397183012
-0.07477926042285965,-0.17299665203710957,0.7868252237392469,0.7120459633163873,0.14796510751675573,0.3855891630736261,0.7377910622303773,0.885756169747133,0.0005220826077944052,0.0011744044515795693,0.7285935353577555,0.7291156179655499,-0.07577810916685501,-0.17074579233498777,0.7663061048720022,0.6905279957051472,-0.008243603106947162,-0.019623584503875247,0.7752575314489508,0.7670139283420037,-0.011567692290296083,-0.027974508580729918,0.054967965025616405,0.1253985589525044,0.06653565731591249
-0.07302974358376524,-0.17085750701617375,0.7941408704675509,0.7211111268837856,0.11884903224933774,0.2756322909323008,0.6889888905092413,0.807837922758579,0.018956660613847598,0.04158889631172524,0.6959200189922509,0.7148766796060985,-0.049839067612338694,-0.11402472793644813,0.7668998412944487,0.71706077368211,0.024048290411710083,0.05829769740574209,0.7703246412995582,0.7943729317112683,-0.023816229167992642,-0.057723634488047626,0.07326180482748268,0.1714315699338682,0.09707803399547532
-0.061863511271963434,-0.15167660228790902,0.8187665549422792,0.7569030436703158,0.07036974759837944,0.16509204053795257,0.7245070384863156,0.794876786084695,9.944210122769803e-05,0.00022106782077058185,0.7182536785427035,0.7183531206439312,-0.1314076461023449,-0.29828318130843434,0.796507970167793,0.6651003240654481,0.013243390803016508,0.032534391776752436,0.7836655872837689,0.7969089780867854,-0.03510096765851034,-0.08803066152540051,0.0400059344164696,0.09618033253926095,0.07510690207497994
-0.017852008944561182,-0.04524691040458162,0.8159410851236979,0.7980890761791367,-0.025946103164616652,-0.06052301822988371,0.7700746959220951,0.7441285927574784,0.03089184973706205,0.07118760305691874,0.7326064119765973,0.7634982617136593,-0.168987957622885,-0.3976751994606942,0.838289820713784,0.669301863090899,0.0273532388391845,0.06588289149673754,0.7646744541279329,0.7920276929671174,-0.051266630995765006,-0.12614626919865124,-0.006061383212019322,-0.015016467297332081,0.04520524778374568
-0.05867701746665599,-0.1409697538031427,0.8051631092930055,0.7464860918263495,0.07920480332162239,0.19675527307746332,0.7546463790247787,0.8338511823464011,0.016343578882912713,0.035714981503434995,0.6932151698890561,0.7095587487719688,-0.07357961088122078,-0.16452961762053975,0.7586346313720882,0.6850550204908674,-0.020357880860260136,-0.04867522891658371,0.7840349741746322,0.7636770933143721,-0.021128135118373303,-0.05231358585679802,0.01719100148802255,0.039980939029760965,0.038319136606395854
-0.03304373939886107,-0.07860309165569923,0.7868374989559976,0.7537937595571366,-0.07272627212843619,-0.1664834638690651,0.7778695204836845,0.7051432483552483,0.014986410576909304,0.034108441017149715,0.7310732786606134,0.7460596892375227,-0.10820440658123376,-0.25057423095147957,0.8022374208757407,0.6940330142945069,-0.08802086242440832,-0.2053587289341925,0.7988599570407823,0.710839094616374,0.012022458084784637,0.029668472511759525,-0.04295466494076261,-0.09708716476673374,-0.05497712302554725
-0.1098736677524863,-0.2506410068963405,0.79144100648011,0.6815673387276237,-0.17216500818939928,-0.3746667235349068,0.773425230608488,0.6012602224190887,0.020391886002160686,0.046056986325698546,0.7219811408345892,0.7423730268367499,-0.04928298970261347,-0.10649969066612286,0.7132062512941942,0.6639232615915808,-0.05296497480990425,-0.12627084603498195,0.7976455769780465,0.7446806021681422,0.006204570497936546,0.015356910382340772,0.0631132634405186,0.13972707124369932,0.05690869294258205
-0.06084154318328694,-0.14256614037724447,0.7896971997858183,0.7288556566025314,0.001626475076113798,0.003903729815925683,0.7756017477844663,0.7772282228605801,0.08831582504843183,0.2059380768014787,0.7102982500938154,0.7986140751422472,-0.18244330433536238,-0.41204951250548993,0.8126173422781112,0.6301740379427488,-0.02796313770038772,-0.0641612863023533,0.7587856996915473,0.7308225619911596,-0.030911500094271016,-0.07397530716913003,0.001966905388628204,0.004429546905761139,0.03287840548289922
-0.03121621023909893,-0.07597189086218092,0.8001602716713981,0.7689440614322992,-0.08004765689506577,-0.18596677566408237,0.792278893975998,0.7122312370809323,0.009712760281796129,0.02122362367735864,0.6965238940933901,0.7062366543751862,-0.014134630643176216,-0.03298802677509993,0.7646954072653539,0.7505607766221777,-0.08088388775860589,-0.19959078151246423,0.8309265631988749,0.750042675440269,0.030766291527476786,0.07938626641816793,-0.018901385992030173,-0.04423262423211538,-0.04966767751950696
-0.10857008345979069,-0.2576499567735935,0.8193682053153083,0.7107981218555176,-0.02842708843480457,-0.0662049613980269,0.7701307440849384,0.7417036556501339,-0.020767303226518208,-0.04525511125546555,0.7087774728063572,0.688010169579839,-0.021113423475087933,-0.04764286958695818,0.7419470600004819,0.720833636525394,-0.08652082445920817,-0.19371638988048856,0.7655759303413209,0.6790551058821127,-0.05379227497398742,-0.13289542085082529,-0.0317430159734049,-0.06896185395772036,0.022049259000582522
-0.0470139285664406,-0.1113687085070656,0.7906887007660869,0.7436747721996463,-0.08837128160507413,-0.197952802097755,0.7668131705711133,0.6784418889660392,-0.02661702100183383,-0.05966902454094303,0.7389416143635241,0.7123245933616903,-0.049192924247545955,-0.11100518772957346,0.7553433926460112,0.7061504683984653,-0.03959144746734067,-0.08946162505111488,0.7519783744270567,0.7123869269597161,-0.038710326339030154,-0.09224687590830127,-0.03128784523993022,-0.07033979245235056,0.007422481099099931
-0.02469446337907799,-0.06042285775865652,0.8001712656764693,0.7754768022973914,-0.014559768040110277,-0.03436838215457794,0.7727831411091602,0.75822337306905,0.01008047882663854,0.02244551431922215,0.7147021149062726,0.7247825937329111,-0.006642151393836171,-0.015082999936690822,0.7401003750167424,0.7334582236229062,-0.07979997764089564,-0.19473087237297326,0.824091567141119,0.7442915895002233,0.02392030146464963,0.06126671251036164,-0.031185212797168016,-0.0730413021039551,-0.055105514261817645
-0.03544698363752763,-0.08452170406254966,0.7895338496993428,0.7540868660618152,-0.010169038909508599,-0.02320018859045847,0.7456291792147792,0.7354601403052706,0.014904609183016948,0.03293871288418426,0.7051913450730102,0.7200959542560271,-0.16439745168206488,-0.3565796205843319,0.7667772269404091,0.6023797752583442,-0.029488822067281872,-0.06789490392262199,0.7621590538878507,0.7326702318205688,-0.02737479581149216,-0.06567056696819273,-0.0214166342412464,-0.049043766828265056,0.005958161570245757
-0.006650466359205298,-0.016185985634230793,0.7882291087574175,0.7815786423982122,0.06506936338694169,0.14863317746175575,0.7076141204287381,0.7726834838156798,-0.048029540014087435,-0.10643115161786443,0.7385594991267452,0.6905299591126578,-0.11686291202531063,-0.2687811715212842,0.8008011472255872,0.6839382352002765,0.06407039488907174,0.14747110859888757,0.7140764888085923,0.778146883697664,-0.07415261994882516,-0.1719396398451951,-0.0034317587005481265,-0.008282545612076753,0.07072086124827703
-0.08113093771688751,-0.18506537269317413,0.7788409865618942,0.6977100488450066,0.021186580823171042,0.04757903187783885,0.7166687530115126,0.7378553338346836,-0.018374248283697048,-0.039923244242621614,0.7044725484426829,0.6860983001589859,-0.1682843643010522,-0.3829515127700507,0.8133591046452299,0.6450747403441777,-0.06180548897827198,-0.14757192821984466,0.8026946062855004,0.7408891173072284,0.023853619723606223,0.058664228113473715,0.04317906846222175,0.09615767258680319,0.019325448738615525
-0.07212760650003025,-0.17662920218307043,0.8227115081627421,0.7505839016627118,0.0771008278891141,0.18187133190192473,0.7245296635163266,0.8016304914054407,-0.024754975453684214,-0.055046116980070225,0.7307136251496872,0.705958649696003,-0.09119508524495823,-0.21597133481785713,0.8105142214466229,0.7193191362016647,0.008212720433068532,0.019782443183196108,0.774525327823442,0.7827380482565105,-0.04818618033930011,-0.12034901906553008,0.03215414659379867,0.07606262630073646,0.08034032693309878
-0.06913761267069451,-0.15429037589732664,0.7548348607987361,0.6856972481280416,0.15389223430230126,0.35604205676023737,0.6665119598091623,0.8204041941114636,0.004152593510552194,0.009191286776115248,0.7121135468212016,0.7162661403317538,-0.09152116256817211,-0.20814253051202725,0.7810406315001162,0.689519468931944,-0.010283336050952663,-0.02548685894996794,0.800411274251933,0.7901279382009804,0.04557641345319696,0.10972882417431062,0.10443069007293881,0.23853234112166932,0.05885427661974185
-0.05065229441566754,-0.12001634910407866,0.7925458088309808,0.7418935144153133,-0.0009406481478294593,-0.0022083326388826485,0.7623157405987251,0.7613750924508956,0.024074352700033885,0.0530005642102791,0.6967636257248734,0.7208379784249073,-0.03447410860966982,-0.08026711689795629,0.7728382097244869,0.7383641011148171,-0.06261406330001618,-0.14848607524404533,0.7986288888234604,0.7360148255234442,0.00608307999247959,0.01508469252593958,-0.005878688891869044,-0.013385033614027098,-0.011961768884348634
0.0010488566624954343,0.002508955675687208,0.7737711644850118,0.7748200211475073,0.09584287301348071,0.22570276648336263,0.7129191907809603,0.808762063794441,-0.04746130786839797,-0.10914674350182052,0.7697919513620652,0.7223306434936673,-0.20251882502184537,-0.44336098659777257,0.7911735589720624,0.5886547339502171,0.0025987778901293,0.005890535271519948,0.7339885876959195,0.7365873655860488,-0.03978257678909236,-0.09242388903236831,-0.038232655561458495,-0.08904230943653557,0.0015499212276338659
-0.04701283960116587,-0.11119735043224654,0.7896775190747521,0.7426646794735863,0.058506545610834904,0.13090211400160512,0.6937659574282925,0.7522725030391274,-0.03013695434978736,-0.06519105368998801,0.7052706834463783,0.675133729096591,-0.13634058962376316,-0.30978063715630655,0.7993310434908878,0.6629904538671246,-0.0026091670856487337,-0.0057590098861952654,0.7128164296775671,0.7102072625919184,-0.07686108939718506,-0.17827603361687938,-0.03245741688166792,-0.0728376930708281,0.044403672515517134
-0.06725399095582141,-0.1567646300603709,0.7889088579508697,0.7216548669950483,0.08130038298359199,0.1935542535835042,0.7282986335728503,0.8095990165564423,-0.003977787796699772,-0.008880049894687492,0.7241185603536099,0.7201407725569101,0.007062342277259548,0.015399285683880493,0.6956316787616273,0.7026940210388869,-0.06638416622157939,-0.15411590677753084,0.7856083619932664,0.7192241957716871,-0.003300495957603289,-0.008064870831476778,-0.0024306712233612693,-0.005416147548636729,0.0008698247342420196
-0.04547147204867441,-0.10799629504693531,0.7916893261608339,0.7462178541121595,-0.05339368147655499,-0.11836272398077208,0.7414227772929648,0.6880290958164098,0.02209689025708672,0.04887622677031578,0.702349417508552,0.7244463077656387,-0.12490999350364984,-0.26966271984905665,0.7455298580514578,0.6206198645478079,0.004988101076147333,0.011943627631900267,0.7724142053564932,0.7774023064326405,-0.019275120804340684,-0.04669790774195848,0.03118445232048106,0.0732420149368771,0.050459573124821744
-0.005562478008656946,-0.013137917579779224,0.7687404555021361,0.7631779774934792,-0.03768501379006195,-0.0877868202529668,0.7747234950529224,0.7370384812628604,-0.02153706937033051,-0.047257351730448205,0.716289161279572,0.6947520919092415,-0.01266373260956355,-0.02717719613219649,0.6875869373329571,0.6749232047233935,-0.060309220171974265,-0.13929244253461004,0.7790192663618024,0.7187100461898281,0.01027881085966631,0.02457318558660493,-0.04446793130365101,-0.10158133936822589,-0.05474674216331732
-0.0951480533743162,-0.23710004890057368,0.8424784343022661,0.7473303809279499,-0.007668225162178244,-0.01757269071736811,0.7479042423402592,0.740236017178081,0.021283259985326097,0.04644618589346572,0.6892621746853301,0.7105454346706562,-0.18915413778811507,-0.4066966562772878,0.7661158247612491,0.576961686973134,-0.06409180665577519,-0.14339570475867935,0.7548242508396678,0.6907324441838926,-0.08765418346259835,-0.2197682945916628,-0.05659793674405733,-0.12606395044976848,0.031056246718541014
-0.05412755555104909,-0.12954506134304866,0.8006701396394106,0.7465425840883615,0.048791873633556415,0.10939340757537752,0.7008012784278911,0.7495931520614475,0.007992341827147142,0.01824091145271245,0.7368570505574201,0.7448493923845673,-0.027548216645415513,-0.062324879667178035,0.7472499834652696,0.7197017668198541,-0.04371736972933615,-0.09992159551769131,0.7632589020324435,0.7195415323031074,-0.037411237606967074,-0.09067807722740628,-0.027001051785254138,-0.06105461140204893,0.010410185821712936
-0.013113547416980786,-0.031869519576907646,0.7905507158904247,0.7774371684734439,0.012027012406832793,0.027687657817329292,0.7415520806309801,0.7535790930378129,0.05595651474012309,0.1269610924923399,0.7071089750877074,0.7630654898278305,-0.03308383663450898,-0.07687913730301865,0.7707551589482781,0.7376713223137691,-0.0458920947128183,-0.10408525035456595,0.7580501098174509,0.7121580151046326,-0.03250060607297378,-0.07778976524471082,-0.0652791533688113,-0.15000549602236912,-0.03277854729583751
-0.005513127416867825,-0.013072785090998629,0.7713490980421769,0.7658359706253091,0.07338240071448021,0.1685156314966465,0.7072304685586479,0.7806128692731281,0.03025301180304174,0.06952111380981485,0.7308080209738952,0.7610610327769369,-0.14226698409721306,-0.3117510085581179,0.7688358756960434,0.6265688915988303,-0.03645424438200939,-0.08391726516559217,0.7653549484700425,0.7289007040880331,-0.0059941495721344,-0.014208272822676005,-0.03693526653727597,-0.08505275289726955,-0.03094111696514157
-0.035804958595202274,-0.08206772745746438,0.7617218668801288,0.7259169082849265,-0.022046373154140153,-0.050418660721536224,0.7533462785143775,0.7312999053602374,-0.01595966156409867,-0.0371507873763246,0.7637284635077569,0.7477688019436582,-0.06906506714764948,-0.15078911494743563,0.7335047985888461,0.6644397314411966,-0.010091674747696122,-0.023711079945935243,0.7674155998727544,0.7573239251250583,0.005693732992625655,0.013420349370546258,0.03140701684013181,0.0717769968820754,0.025713283847506152
-0.03427588398640524,-0.08074914953446255,0.7809761747187155,0.7467002907323103,-0.005912097059688315,-0.014029543535918343,0.7720521570053155,0.7661400599456272,0.03402890839349881,0.0782367532111441,0.7292190875985249,0.7632479959920238,-0.05877091707672766,-0.1399489870628483,0.7995691662147065,0.7407982491379789,0.025310932437602407,0.05925866102036759,0.7470568380015541,0.7723677704391565,-0.03391933671716141,-0.07992912342888925,0.02566747970684624,0.06007868712594089,0.05958681642400765
-0.03105071626646594,-0.0770191075009401,0.8109154962787922,0.7798647800123263,0.062046129131662076,0.15431847801175724,0.7647795249363761,0.8268256540680382,-0.013581185014930885,-0.030457453486361086,0.7329319423494899,0.719350757334559,-0.1420155122589296,-0.3125455534565629,0.773079836543901,0.6310643242849714,0.01025120518545175,0.022869528332571942,0.7163674033400981,0.7266186085255498,-0.09454809293869415,-0.22355439667997912,-0.05324617148677646,-0.12366576084646708,0.04130192145191769
-0.05715033974693473,-0.13357444021884257,0.7862022573444359,0.7290519175975012,0.0018510308328073544,0.004372552391600504,0.7651410742709661,0.7669921051037735,-0.07033808625613358,-0.15493038207244814,0.7430456027488573,0.6727075164927238,-0.04382812779039558,-0.09712041507031755,0.7365785559839898,0.6927504281935942,-0.001623194544569273,-0.004043840002889265,0.7989357650699205,0.7973125705253512,0.012733507725484539,0.03140786619194902,0.06826065292785,0.16093846640790233,0.05552714520236546
-0.10612101973803645,-0.24785259640687518,0.8074847442002985,0.701363724462262,0.08742848358636124,0.1953375709392995,0.6766738155440682,0.7641022991304295,-0.023287165243792596,-0.051872435431043584,0.731604571645327,0.7083174064015344,-0.033185892359512525,-0.07511644061892842,0.750366935607533,0.7171810432480205,-0.026598923244662065,-0.06091559196457874,0.7566530565125352,0.7300541332678732,-0.05083168768776325,-0.12331454542158671,0.028690408805611134,0.06362245902070973,0.07952209649337438
-0.02719020687517193,-0.06375283553736466,0.7743096321573372,0.7471194252821652,0.04659201720864792,0.11626332071029344,0.7748998205412292,0.8214918377498771,-0.08738221466234908,-0.19422604689428735,0.7593562475665897,0.6719740329042406,-0.05463904710678169,-0.12816193915759877,0.7875433801823698,0.7329043330755881,-0.03513762291261613,-0.0812985186213453,0.7685503878304815,0.7334127649178653,-0.005759244326855706,-0.013715615603737241,-0.013706660364299905,-0.031261298687717876,-0.0079474160374442
-0.009994348805039577,-0.023841169831317455,0.7774818493793928,0.7674875005743532,-0.005666590397272353,-0.014914427652232831,0.8278516107695862,0.8221850203723139,0.10174216793995217,0.24079668174001245,0.7129289889078866,0.8146711568478388,-0.18102151351924423,-0.41452156287376885,0.8232009030945203,0.6421793895752761,-0.0400626887768496,-0.091670673470726,0.7624127854566698,0.7223500966798202,-0.015069063922723003,-0.035809146505139555,-0.045137403894533024,-0.1036386501445481,-0.03006833997181002
-0.0632129186091901,-0.14489279721911696,0.7745489427413781,0.711336024132188,0.060740294398237804,0.1501836225315314,0.7622655086882285,0.8230058030864663,-0.045544711627151346,-0.10023678591841256,0.7307747154676982,0.6852300038405469,-0.09116087293914665,-0.2079594610547404,0.7833446871238315,0.6921838141846849,-0.0069165054443077745,-0.016322341891903847,0.7688481044162773,0.7619315989719695,-0.005700838325100821,-0.0135821356750081,0.0505955748397815,0.11498831965220502,0.05629641316488232
-0.05295678366484802,-0.12928743887881655,0.8122189900253373,0.7592622063604892,-0.045673187371856105,-0.10644657242432798,0.778839985862365,0.7331667984905089,-0.024091329997729227,-0.05174140831588758,0.6940801007171925,0.6699887707194633,-0.06423468369349972,-0.14595538557010812,0.7680663395303579,0.7038316558368581,-0.016549449832889973,-0.03877909084992215,0.7687084015181682,0.7521589516852782,-0.043510588507169046,-0.10704080901483781,-0.0071032546752110015,-0.01653246098594341,0.036407333831958044
-0.03829431508856862,-0.0901906050313861,0.7826940138907145,0.7443996988021458,0.14366320484101625,0.3335553137922862,0.6752228130208385,0.8188860178618548,-0.008388330690354273,-0.019089921746987315,0.7427450114542123,0.7343566807638581,-0.12822853217241081,-0.2894995539838927,0.7907075662792206,0.6624790341068097,-0.0769848391461716,-0.17774527363202974,0.7863343311581632,0.7093494920119916,0.003640317267448734,0.008853865886855772,-0.03505020679015425,-0.07870080271378788,-0.03869052405760298
-0.023236672197383124,-0.05527478451581791,0.7821285999018729,0.7588919277044898,-0.03140825099429245,-0.07096473950833371,0.7480062544034842,0.7165980034091918,0.003961636615259834,0.008765796426700945,0.7119016765233749,0.7158633131386347,-0.08336887034043095,-0.19148271750262302,0.7852247057840206,0.7018558354435896,0.017716750880419685,0.04025361528933624,0.7282876318640227,0.7460043827444424,-0.05384096803785021,-0.12539126841306114,-0.012887544960047403,-0.02986286860790699,0.04095342307780281
-0.06801127288522879,-0.16150515041835867,0.8019812368410553,0.7339699639558265,-0.08413161413193804,-0.1852468229956339,0.7488969660246849,0.6647653518927469,-0.04622968194249599,-0.10443610499816414,0.7549061242588223,0.7086764423163263,-0.030951693522644597,-0.07260160277857652,0.7763963690827765,0.7454446755601319,0.0195820915513788,0.04404138039734784,0.7187858890970599,0.7383679806484387,-0.0831953477439954,-0.1955670364103459,0.004398016692612194,0.009979494405360612,0.08759336443660759
-0.07203822432339146,-0.16800843619127104,0.7914681222583275,0.7194298979349361,0.10851830512129512,0.26234748093713867,0.7224743464923774,0.8309926516136725,-0.024273926325151685,-0.05214869844896852,0.6945132153491799,0.6702392890240282,-0.08399842588873407,-0.184967480737384,0.7489119355238998,0.6649135096351657,0.057901206295550955,0.13362334829083888,0.7194059924540319,0.7773071987495829,-0.0720621298042956,-0.16806164418771852,0.057877300814646815,0.1335701402943914,0.12993943061894242
-0.09459093535989282,-0.22498126425304887,0.81482124705521,0.7202303116953171,0.05427039390204247,0.12258024384823929,0.7042512778409158,0.7585216717429583,0.03740489345376419,0.08375280014558562,0.7056497585808295,0.7430546520345936,-0.18156221574549536,-0.4006192997574556,0.7912322623781209,0.6096700466326256,-0.0006378165038178896,-0.0014602630014008966,0.7436735324527622,0.7430357159489444,-0.07114771460244773,-0.17204392567130267,0.022805404253627204,0.05147707558034531,0.09395311885607494
-0.04561145115885501,-0.111035184275595,0.8071181686783858,0.7615067175195308,0.1029259136457874,0.25191388615780586,0.7329369150540425,0.8358628286998299,0.043606283749597186,0.09713834551005918,0.6977605573608217,0.7413668411104188,0.019686779046755087,0.044476888789209745,0.7225790282802126,0.7422658073269677,-0.0930577521047159,-0.2128641335630288,0.7863267622224099,0.693269010117694,-0.02079140645597588,-0.051678850011247945,-0.06823770740183677,-0.15350779929868175,-0.047446300945860886
-0.08979259966560804,-0.22351710156146165,0.8395977121392285,0.7498051124736205,0.04435866576213843,0.10008387397541307,0.708608185126994,0.7529668508891324,-0.011414977412231297,-0.025242546296373902,0.7189828468885814,0.7075678694763501,-0.06382811440106739,-0.13786645991502677,0.7193996837436751,0.6555715693426077,-0.002759277163291829,-0.006233876514324166,0.7339325881209456,0.7311733109576538,-0.10566512401828287,-0.25979213874110085,-0.01863180151596666,-0.04250891369396337,0.08703332250231621
-0.06261343702087874,-0.14205625934226607,0.7660834240427201,0.7034699870218414,-0.09568908695227185,-0.2069893429534233,0.7353124580733131,0.6396233711210413,0.024923710631658436,0.05327694413296635,0.663822134785263,0.6887458454169214,-0.04448227890470524,-0.09536972855127113,0.7017257911177822,0.657243512213077,-0.021357932031329296,-0.05002198799920432,0.7707088458125101,0.7493509137811808,0.0046254217697899724,0.010964546411567966,0.04588092675933941,0.10299881775462971,0.04125550498954944
-0.03225350522907622,-0.07912176416369032,0.8052785051442927,0.7730249999152164,0.01522121001786747,0.035788799695261275,0.755206687539769,0.7704278975576365,0.06672600075335011,0.15526120487044492,0.7206825028560951,0.7874085036094453,-0.02695459445572712,-0.06005482790349159,0.7335786086418467,0.7066240141861195,-0.04658067210568473,-0.11276052099929057,0.8042194768546661,0.7576388047489814,-0.0010590282896265624,-0.002671659185301767,-0.015386195166235073,-0.036310416020902014,-0.01432716687660851
-0.02723246657023959,-0.06459482627171997,0.7821783951267856,0.754945928556546,0.06722928345125279,0.15062322946578166,0.690254812877711,0.7574840963289637,0.008071091857011936,0.01802425113743711,0.7183920843810077,0.7264631762380196,-0.005390616917299806,-0.012917156851116385,0.7780796896443811,0.7726890727270813,0.011244442789805631,0.02571718755606156,0.7368766280534388,0.7481210708432444,-0.045301767073346766,-0.10610610390786546,-0.0068248577133015464,-0.015794090080083922,0.03847690936004522
-0.05411509566232264,-0.12886753126986994,0.7974494530427835,0.7433343573804608,0.0587342303194377,0.13354073403753053,0.7073138456683634,0.7660480759878011,-0.01087677489763339,-0.02405981875463592,0.7190133774450117,0.7081366025473783,-0.08864176465639773,-0.1986253340211741,0.7672292501098967,0.678587485453499,-0.028543625451048715,-0.06908664407098053,0.7955882482568636,0.7670446228058149,-0.00186120478591989,-0.004623118831540651,0.023710265425354038,0.05515776836734876,0.025571470211273928
-0.0005226461817509076,-0.001250836012966161,0.7748733741010502,0.7743507279192993,0.25125914551940287,0.6258334381622501,0.649217680833318,0.9004768263527209,-0.05008281521275071,-0.11195950470110039,0.7475979461949316,0.6975151309821809,-0.05567302417537512,-0.12589985668824988,0.7601841291095153,0.7045111049341402,-0.15351591978637558,-0.3713246382715907,0.8496547447729927,0.6961388249866172,0.07478137067194257,0.1923700138235569,-0.0782119029326821,-0.17770378843506762,-0.15299327360462467
-0.015188578412473563,-0.03598191989077826,0.7755025105171279,0.7603139321046544,0.06161574388996527,0.14387179183821486,0.7259549093578982,0.7875706532478635,0.014752922203043362,0.033217512719409203,0.7222212399501728,0.7369741621532162,-0.18558423529322687,-0.42017272215379475,0.8158524058247781,0.6302681705315513,-0.036863262478350145,-0.08958990461921301,0.8020163285231351,0.765153066044785,0.02651381800600716,0.06498342045172878,0.00483913394013058,0.011375435723294025,-0.02167468406587658
-0.0361272543510468,-0.08377652744735542,0.7706832328200042,0.7345559784689574,0.0296701884442665,0.06852884243052504,0.7349642074410349,0.7646343958853014,0.008607689981168343,0.019325857746028685,0.7228745329341857,0.731482222915354,-0.04760228743614514,-0.10687674718450357,0.7502703284924133,0.7026680410562681,-0.05704762604379032,-0.1322483022420422,0.7802631558057604,0.7232155297619701,0.009579922985756273,0.022959717321944684,-0.01134044870698725,-0.0255120574727421,-0.020920371692743522
-0.04601122835483795,-0.10428054546920107,0.7575132427088164,0.7115020143539784,0.0029746529596561544,0.007380452716778674,0.7944061909657881,0.7973808439254443,-0.03465343846641422,-0.07643918224965307,0.7278309383429552,0.693177499876541,0.07132363184384527,0.15151162415110075,0.6311095592365622,0.7024331910804075,-0.1197693062141838,-0.2788076227607075,0.8109282088732538,0.69115890265907,0.053414966164437416,0.1300724375326756,-0.020343111694908433,-0.044454639758830794,-0.07375807785934585
-0.09763276312257774,-0.2276070879546479,0.8025130937408745,0.7048803306182968,0.06004546435644598,0.1471393508267882,0.7575810999184593,0.8176265642749053,0.049992824720127005,0.11231503219287853,0.7019478322693894,0.7519406569895164,-0.1462604498231348,-0.3298524666612854,0.7971903209842616,0.6509298711611268,-0.04066392749736181,-0.0949703176742287,0.7779718431418585,0.7373079156444967,-0.024541250599016018,-0.06030091896318712,0.03242758502619991,0.07233585131723208,0.05696883562521593
-0.04593812194753377,-0.1101185609952009,0.7978580865349197,0.751919964587386,0.05617044019783923,0.13717575097555024,0.7577105344087484,0.8138809746065876,-0.0026956849937578298,-0.0060952957195561375,0.7346029711768122,0.7319072861830543,-0.10991873747307934,-0.24115488938973662,0.7565497541641744,0.646631016691095,0.0020619039456790667,0.004887398180625002,0.7673252122363733,0.7693871161820524,-0.030532874298546453,-0.07406297941718387,0.017467151594666386,0.04094297975864203,0.04800002589321284
-0.04918298812828592,-0.11638681907069914,0.7910154377967102,0.7418324496684243,0.0019627169221640983,0.004713312890811672,0.7757744620220081,0.7777371789441722,-0.10344728547956217,-0.23143096468015978,0.7722880545308888,0.6688407690513266,-0.07599664120100236,-0.17141494809788194,0.7672833207524524,0.6912866795514501,0.017422490248313327,0.041493565943427235,0.7626562282069363,0.7800787184552497,-0.028359209589773893,-0.06814168048669922,0.038246268786825355,0.08973870452742716,0.06660547837659925
-0.101855348749194,-0.24131370169548516,0.8154032531911741,0.7135479044419801,0.04886027889937827,0.10655349661841185,0.6741126802446362,0.7229729591440145,0.044675851901831765,0.10283422915332574,0.7245010175576457,0.7691768694594775,-0.007168345355800465,-0.01616265207757861,0.7344272119595928,0.7272588666037924,0.035330848730586895,0.08605855005350671,0.7672885636842927,0.8026194124148796,-0.04811468950688147,-0.11858486767360077,0.08907150797289942,0.2087873840753911,0.1371861974797809
-0.08664541178281648,-0.19676261623336333,0.7776846712405039,0.6910392594576874,0.18099395854555123,0.4510263235871257,0.6956765976783288,0.87667055622388,-0.07861562475155559,-0.17637088213503582,0.7638198250148682,0.6852042002633126,-0.06950299218721456,-0.1483129445177367,0.7074478193324624,0.6379448271452478,-0.02757607317010713,-0.0637306405885556,0.7640799658164669,0.7365038926463597,-0.013604705424037022,-0.03237489797586779,0.04546463318867233,0.10065707766893994,0.059069338612709354
-0.057528197979770934,-0.14083337268035478,0.8159129152146095,0.7583847172348386,0.0018737909290645893,0.004483880838696219,0.7735866594699387,0.7754604503990032,0.0153070950109786,0.034807970410705824,0.7302034312535665,0.7455105262645451,-0.034370137783534815,-0.07740630087076505,0.7466771045905086,0.7123069668069738,-0.010429123576761179,-0.024306061919198818,0.7618774683002658,0.7514483447235046,-0.0540354469143437,-0.1326536427370968,-0.006936372511333944,-0.016126331975940822,0.047099074403009755
-0.059235957639783066,-0.1413373860450018,0.8010670929183007,0.7418311352785176,0.06335805343045786,0.15689554725422727,0.761681051583713,0.8250391050141709,0.0014098735587730893,0.0032307017831292306,0.743336019877043,0.7447458934358161,-0.05261567970129888,-0.11771574435569798,0.749493685202877,0.6968780055015781,-0.030317479836922123,-0.07191852724100611,0.7837160103902142,0.7533985305532921,-0.01735108252808648,-0.04278770060895276,0.011567395274774461,0.026631158195042914,0.028918477802860942
-0.07440338388365242,-0.17230984179007391,0.7874409105667134,0.713037526683061,0.030396366407377418,0.07729249360015134,0.7932237386595066,0.823620105066884,-0.06429485038643612,-0.1466223698815483,0.7710187168736775,0.7067238664872414,-0.042627236509278466,-0.09388095405372687,0.7300843765542848,0.6874571400450064,-0.05033389431625068,-0.11763628625979816,0.7830026308811897,0.732668736564939,-0.004438279685523683,-0.01080758211854116,0.019631209881878053,0.04386597341173459,0.024069489567401736
-0.08980369601850224,-0.21156405405124268,0.8063905995833839,0.7165869035648816,0.11616208903847192,0.29388815286353376,0.7430079489145895,0.8591700379530615,0.006477160954633909,0.014090554361677388,0.6934538372926973,0.6999309982473312,-0.07100627199652598,-0.1518799141645053,0.7110872478888544,0.6400809758923284,-0.07685236296334841,-0.18579509616077283,0.8172340683485042,0.7403817053851558,0.010843468765120323,0.027745040450661396,0.02379480182027416,0.05351399834113124,0.012951333055153835
-0.046564659822047605,-0.1113287178955713,0.7964922792475462,0.7499276194254986,0.01520347226719021,0.03447266049046149,0.7278912140195747,0.7430946862867649,-0.02028402325651557,-0.045154734344798,0.729573639202593,0.7092896159460774,-0.051073443544760844,-0.10997745124707037,0.7099623052466367,0.6588888617018759,0.001470681847204558,0.00331080359633118,0.7287856674126106,0.7302563492598152,-0.06770661183493554,-0.15949844851447148,-0.019671270165683374,-0.044858927022568995,0.04803534166925216
0.0029328930397121145,0.006978664071846552,0.7694120196306345,0.7723449126703467,0.0395241277534476,0.09991986652453422,0.785476341116586,0.8250004688700336,-0.014811554035914387,-0.03368619860524236,0.7453901038483943,0.7305785498124799,-0.07364637732801393,-0.16178790099840357,0.7419109433756131,0.6682645660475992,0.004607761810778821,0.011052515231293025,0.7737263564314284,0.7783341182422072,0.00431433680079385,0.010276697566700133,0.005989205571860556,0.014350548726146606,0.0016748687710667065
-0.029460900916247312,-0.0693040161274392,0.7776704799689164,0.748209579052669,0.0363980179480442,0.08998395846892793,0.7752276672078778,0.811625685155922,-0.04124294049323185,-0.09051329126957475,0.725924157001074,0.6846812165078422,-0.13717645656041133,-0.30756553274128273,0.7884529503707259,0.6512764938103146,-0.0788743800049807,-0.18568868102204705,0.8010864405083434,0.7222120605033627,0.023415960539427072,0.05744708196970283,-0.02599751854930632,-0.05893758292490503,-0.04941347908873339
-0.03603186357797716,-0.0830515762651145,0.7661294715887191,0.730097608010742,0.0824871081826446,0.19864737308629188,0.7348854223807302,0.8173725305633748,-0.0015811238666576521,-0.0036538545972790715,0.7512828257305023,0.7497017018638447,-0.1501164572034599,-0.3365518860901857,0.793641317598459,0.6435248603949991,-0.0712327841735867,-0.17256309992854746,0.8159568044337652,0.7447240202601785,0.049827332845046035,0.12275313761060902,0.014626412249436505,0.03324161394717606,-0.03520092059560953
-0.004679770758005852,-0.010704877727336193,0.7450031608249468,0.7403233900669409,0.06476645934101699,0.16011579913901564,0.7599888752903592,0.8247553346313762,-0.08135223571315287,-0.18570511166160264,0.7795184647195383,0.6981662290063855,-0.030691388361937633,-0.07374200514127738,0.7921040802929404,0.7614126919310028,-0.009583321036834569,-0.023344426195576418,0.7901961651157149,0.7806128440788803,0.04519300429076811,0.10711338186368691,0.040289454011939396,0.09447383339544668,-0.004903550278828717
-0.05923668783551017,-0.13741405618912905,0.7817587736929891,0.7225220858574789,0.12742270290641677,0.2987325034841344,0.691677798510793,0.8191005014172098,-0.11318176052496998,-0.2552473925739649,0.7834398970972879,0.6702581365723179,-0.2041949101777214,-0.45241289778868965,0.8036520431300439,0.5994571329523225,-0.04917021058286353,-0.10923646951645538,0.7414815696794811,0.6923113590966176,-0.04027720401350798,-0.09460210832079019,-0.03021072676086134,-0.06642452164811652,0.010066477252646644
-0.09409994581515457,-0.2279998586904548,0.8261587299027796,0.732058784087625,0.06315464720454589,0.14245843074799258,0.6983480694179125,0.7615027166224584,-0.0877254799543038,-0.19151167138765457,0.7417751565709141,0.6540496766166103,-0.08689206132336591,-0.1884265622717336,0.7342066212344481,0.6473145599110822,-0.03399365126077625,-0.0790633187702996,0.7718320143112255,0.7378383630504493,-0.05432671559155411,-0.1358414527375822,0.005779578962824217,0.013095087182573018,0.060106294554378326
-0.022574761348568506,-0.05226588628194273,0.7629975962022489,0.7404228348536804,-0.004396060388680345,-0.010719834590290134,0.7882487762109315,0.7838527158222511,-0.05399415760103177,-0.12189157152996555,0.7579450143145238,0.703950856713492,-0.010813380782041304,-0.023039536113387493,0.6777612023822281,0.6669478216001868,-0.03249676399835855,-0.07413059439044378,0.7563792278061632,0.7238824638078046,-0.006618368396085761,-0.01549012719021059,-0.0165403710458758,-0.03735483529871164,-0.00992200264979004
-0.07156583714371023,-0.16773749041081487,0.7947523679305147,0.7231865307868045,0.09600589719637542,0.2299099888646836,0.7237904594802642,0.8197963566766396,-0.06697039982494213,-0.14638104030421495,0.7337283491566118,0.6667579493316697,-0.08698100922579877,-0.20140427982526887,0.7929278141871227,0.7059468049613239,-0.025901272648850338,-0.06058292847522573,0.7719815307357308,0.7460802580868805,-0.0227708371947839,-0.055292716589033564,0.022893727300075994,0.05186184534655558,0.045664564494859894
-0.07282433344749817,-0.16159325861086682,0.7512526132632922,0.678428279815794,0.005244369794973114,0.012217152178205737,0.7537537980407016,0.7589981678356748,-0.060072638355514574,-0.1327174474376236,0.7412778118509227,0.6812051734954081,-0.0333080067949143,-0.07387138845695818,0.7323865102111213,0.699078503416207,-0.04239125590182935,-0.09497751541121024,0.7459758430510263,0.7035845871491969,-0.005276770212265913,-0.012163935616187782,0.025156307333402905,0.05445180758346879,0.03043307754566882
-0.09197955205665631,-0.22176860289632483,0.8222607573202283,0.730281205263572,0.07338173871635956,0.16767987425513997,0.7033584704460649,0.7767402091624245,-0.007639873095015237,-0.017495139493628464,0.7473284672362804,0.7396885941412652,-0.06417737175959759,-0.14670945889791165,0.7728890741983996,0.708711702438802,-0.028808550032685787,-0.06450010279599194,0.7388769634909172,0.7100684134582315,-0.08338379382931105,-0.20230111085697322,-0.020212791805340524,-0.045032610756640334,0.06317100202397052
-0.013703472206308298,-0.031741301733992255,0.7590083938898716,0.7453049216835633,0.0004988961925064261,0.001190676359047682,0.772581971625505,0.7730808678180114,0.011616206667555695,0.02599058062388515,0.7183028388754962,0.7299190455430519,0.01815650594695095,0.040191022214703054,0.7050973207706019,0.7232538267175529,-0.09780220995362954,-0.23551265449455627,0.8240176467015127,0.7262154367478831,0.06500925281164105,0.160471145390638,-0.01908948493568019,-0.043300207369926014,-0.08409873774732124
-0.052264301167079585,-0.12437911886280784,0.7961693396042947,0.7439050384372151,-0.067694910186886,-0.15462654016766253,0.773860882399522,0.706165972212636,0.03128871739117245,0.07203515014687678,0.7316935278819295,0.762982245273102,-0.13752451278685385,-0.3093013854776969,0.7912876124713447,0.6537630996844909,0.022163142264879587,0.052076661842593186,0.7511935478852462,0.7733566901501258,-0.04497579171904853,-0.10760110439595971,0.029451651712910643,0.06885467630944131,0.07442744343195917
-0.034216974759567975,-0.08064483244729237,0.781239065387425,0.7470220906278571,0.0854854233472403,0.23122887853682306,0.79074054732112,0.8762259706683603,-0.0943522485545143,-0.2056716588617442,0.7431210697452876,0.6487688211907733,-0.13355564685047105,-0.3138680569188341,0.8232843061896377,0.6897286593391666,-0.012586883578876829,-0.030453482489499528,0.7876101481796697,0.7750232646007928,0.006371082792244631,0.015493467634214664,0.028001173972935778,0.0656848175920075,0.021630091180691147
-0.059198170533203864,-0.14032987216313453,0.7968022200280352,0.7376040494948314,0.09410262706543249,0.22855285861983266,0.7334834590472153,0.8275860861126478,0.02975893401766483,0.07006542419398087,0.7486442477410638,0.7784031817587286,-0.002595276681096381,-0.005731246504301346,0.7132991506355816,0.7107038739544852,-0.04913522515896096,-0.1179495045558272,0.8002415354873501,0.7511063103283891,0.0034393154593148623,0.008574685424309614,0.013502260833557767,0.03095505303161694,0.010062945374242904
-0.05730278050474791,-0.13713026476348977,0.8020691376094135,0.7447663571046655,0.07092587583468801,0.18072972157142742,0.772419106106515,0.843344981941203,-0.019578838234642126,-0.04487451678947041,0.7538768533809351,0.734298015146293,-0.0692478954433039,-0.15592553487499838,0.7627679059514062,0.6935200105081023,0.039621286527635746,0.08628781937851548,0.6775571123447771,0.7171783988724129,-0.12451202526463634,-0.285647796556628,-0.027587958232252685,-0.06222971241462272,0.09692406703238365
-0.08983508195722822,-0.21491531559095156,0.8164722148579812,0.7266371329007529,0.06858828118596316,0.16718153255851043,0.7498282991729347,0.8184165803588979,-0.030346388951473013,-0.07014317101246048,0.765519088193698,0.735172699242225,-0.1934000660042402,-0.4235587214505043,0.7881926396371183,0.5947925736328781,-0.07102077745172564,-0.1672769411072852,0.7978757394011105,0.7268549619493848,-0.01859647545687071,-0.047149563183935594,0.00021782904863187902,0.0004888112997307736,0.018814304505502588
-0.06793091903380111,-0.15710710092215407,0.783507909672381,0.7155769906385799,0.015851984465172553,0.037882338258072856,0.7656597239999532,0.7815117084651257,-0.015063904186653265,-0.03453438617499138,0.7518528942409062,0.7367889900542529,-0.11346177295306181,-0.2562767089353821,0.7848721501536119,0.6714103772005501,-0.06351176242693835,-0.14757663572307367,0.7849346909807519,0.7214229285538135,0.001426781308370817,0.003468441211691875,0.005845937915233579,0.012998906410772282,0.004419156606862762
-0.06992906805805221,-0.16780109067716387,0.8095338168728992,0.739604748814847,0.06899557359473074,0.1786664788454595,0.7812171981850528,0.8502127717797835,-0.06535998540984522,-0.14343817695699546,0.7371203842841908,0.6717603988743456,-0.13709390630385598,-0.2988584297714405,0.7613051956926723,0.6242112893888163,-0.08190204122478484,-0.19056008492075627,0.7941886649409945,0.7122866237162097,-0.015345151931904666,-0.0385043562436147,-0.02731812509863729,-0.0612633504872071,-0.011972973166732626
-0.023681795332353928,-0.055094417836487164,0.7670686514517207,0.7433868561193667,0.09090542883186536,0.22494762549144065,0.7459486588999527,0.836854087731818,-0.03473310097663007,-0.08089881746150551,0.7732168036669834,0.7384837026903533,-0.08979080665684158,-0.1984211613003002,0.7549184368712244,0.6651276302143828,-0.05911482238735366,-0.1413285874025405,0.8022812282054596,0.7431664058181059,0.0352125767537389,0.08572950505600563,-0.00022045030126083276,-0.0005046645100477143,-0.03543302705499973
-0.0421425952299701,-0.10083645969739452,0.794924114651779,0.7527815194218089,0.08470138790696191,0.22032430070643327,0.7744754139126941,0.859176801819656,-0.05033194638498095,-0.1124611312533661,0.7472733953198804,0.6969414489348994,-0.03846519662819814,-0.08609299523860381,0.7432087563859063,0.7047435597577082,0.0205458035671493,0.04813460726371632,0.7499821489347144,0.7705279525018637,-0.04494196571706466,-0.10731332901567692,0.017746433080054747,0.041657737945433926,0.0626883987971194
-0.0480172355697871,-0.11906314325266143,0.8187196537202205,0.7707024181504334,0.009182120885613543,0.020862443711937573,0.7326329636841082,0.7418150845697218,-0.031201041504647975,-0.06887759587989062,0.7269380279387955,0.6957369864341475,-0.13196534430964446,-0.28608359472899814,0.7531578923055434,0.621192547995899,0.01162039391031211,0.02682437275919014,0.7438152292033401,0.7554356231136522,-0.0749044245168804,-0.1817966701971856,-0.015266795036781189,-0.035909154185334025,0.05963762948009921
-0.0942262386707945,-0.21842059524815927,0.7969205514011106,0.7026943127303161,0.09982750109028149,0.24049872902660274,0.7253408097380012,0.8251683108282827,0.015484673149470551,0.034763033540745614,0.7193084660783661,0.7347931392278366,-0.13936236050426365,-0.3102271526363727,0.7828886987125312,0.6435263382082675,-0.06904389504848962,-0.1671011267066822,0.8143967858138156,0.745352890765326,0.01747623441270496,0.04417619365430214,0.04265857803500983,0.09549566219577921,0.02518234362230487
-0.042308553592244724,-0.09928829625664459,0.7821253138823895,0.7398167602901448,0.09096761982900048,0.21694257203761014,0.7239993409629881,0.8149669607919886,0.041360838819723855,0.09231343005444459,0.7006923489971095,0.7420531878168334,-0.053321962345157736,-0.1198116136239793,0.7536181443463438,0.700296182001186,-0.03864622595614353,-0.09556548020732647,0.8128243668220737,0.7741781408659302,0.030699052939684224,0.07643754805648761,0.034361380575785416,0.08016036410580574,0.0036623276361011925
-0.0306354045501811,-0.07354320276710702,0.7915304314367839,0.7608950268866028,-0.03575256419906603,-0.0842236275451298,0.7816438886662156,0.7458913244671496,-0.0020064259968877174,-0.004496984371966661,0.7266809752317442,0.7246745492348565,-0.08838642271988217,-0.1961361542180009,0.758271331727019,0.6698849090071368,0.00867754122354214,0.020550914257914332,0.7634194689191038,0.772097010142646,-0.028110962517680083,-0.06761395621567878,0.011201983256043158,0.026480160809342568,0.03931294577372324
-0.1176007513908579,-0.27417393376671706,0.8110957520313926,0.6934950006405347,0.10740157289146646,0.26378951401345274,0.7323501805351077,0.8397517534265742,0.025517024238420727,0.058134887691553505,0.7264895570080565,0.7520065812464772,-0.10629450301385768,-0.24139477209610805,0.7863024456060028,0.6800079425921451,-0.027371584382905878,-0.06803572253652801,0.8103012898308825,0.7829297054479766,-0.0007944622005101598,-0.002027994438941416,0.08943470480744187,0.20411021679124763,0.09022916700795203
-0.07164837725869377,-0.17285011316283727,0.8136233892651973,0.7419750120065035,-0.046520706865432526,-0.10745879814410886,0.7727051694585314,0.7261844625930989,0.017474329696479773,0.03994278321277367,0.7332523271341702,0.75072665683065,-0.024442215926296917,-0.05283320368155775,0.7016908603716215,0.6772486444453246,-0.05889992505426778,-0.1368002809105371,0.7824978913655324,0.7235979663112646,-0.0311254978996649,-0.07758489849062888,-0.018377045695238903,-0.0415350662383287,0.012748452204425997
-0.017810919039555118,-0.04319807662254993,0.7916389865046729,0.7738280674651178,0.04724014202581617,0.11300818102346444,0.7499312970493287,0.7971714390751449,0.0022537404979943165,0.005222486164877083,0.7513956192202557,0.75364935971825,-0.09179668524872042,-0.2106560819576011,0.7882780344802137,0.6964813492314933,-0.021653068920093443,-0.0534572109747522,0.8037952245950765,0.782142155674983,0.01215623809040356,0.03026488719830267,0.008314088209865234,0.0200057528461004,-0.003842149880538326
-0.09461504281882116,-0.22936053192200312,0.8266756108226861,0.732060568003865,0.008989265613870479,0.021735944396046314,0.7764794193881723,0.7854686850020428,-0.07772226141353411,-0.1740491853450532,0.7618129496551177,0.6840906882415836,-0.07552190259494496,-0.16454944417423123,0.7342694337269164,0.6587475311319715,-0.02225492554540809,-0.053118072032039,0.7838354313808802,0.7615805058354721,-0.04284017944180596,-0.10832877582252376,0.029519937831607113,0.06791368406744036,0.07236011727341307
-0.05879112280895238,-0.14433506400506557,0.8181224525907226,0.7593313297817702,0.03791592347297634,0.09229604964817018,0.7655496698490113,0.8034655933219876,0.0034674840655122274,0.0075882328864993465,0.7012198459704372,0.7046873300359494,-0.13470450565196046,-0.2954388194884692,0.7666360827031798,0.6319315770512194,0.020959538094252328,0.04758738025611908,0.7260397676545257,0.746999305748778,-0.09208268493619687,-0.22052575044198264,-0.012332024032992162,-0.028603306180797983,0.0797506609032047
-0.03635946305548721,-0.08802422565277812,0.799455609043501,0.7630961459880138,0.1007690985223828,0.22887537843515426,0.6832488440098433,0.7840179425322261,-0.0036420589494957634,-0.00793801807378025,0.700541198212215,0.6968991392627193,-0.11621720983538164,-0.26520615495810573,0.7944238113931452,0.6782066015577636,-0.005421770584492891,-0.012475073848089213,0.749916876158825,0.7444951055743321,-0.04953873288467603,-0.11873400492644359,-0.018601040413681713,-0.043184853121754685,0.030937692470994316
-0.04698978802643139,-0.10937228344121541,0.7785197849899695,0.7315299969635382,-0.04401810992145028,-0.0949917085472256,0.7091720385793931,0.6651539286579429,-0.04344112905336439,-0.09654313622767452,0.7391210284212564,0.695679899367892,-0.022707355672142437,-0.048951629849866896,0.6977879210972131,0.6750805654250707,-0.02363275112646579,-0.05356422847832709,0.7468756080203046,0.7232428568938388,-0.03164417696966493,-0.0744186181547084,-0.008287140069699328,-0.018610563191820084,0.0233570368999656
-0.06337750681346677,-0.15434876736355063,0.8155558879440691,0.7521783811306023,0.06997150171257882,0.17858341283079815,0.7737359521158985,0.8437074538284773,0.010966597911806764,0.025959964322303186,0.7619490768689808,0.7729156747807876,-0.15856851634815272,-0.3451208420769727,0.7682441330034536,0.6096756166553009,-0.03599335749176846,-0.08720626964811018,0.7997555514296275,0.763762193937859,-0.01580033651444157,-0.04009551996718619,0.011583812807256733,0.027046977748254264,0.027384149321698303
-0.039702607957252556,-0.09389166002981764,0.7861317637975093,0.7464291558402567,0.04288076316729139,0.09799189119962248,0.7198422701648032,0.7627230333320946,-0.009026491964083783,-0.020563018192734095,0.7438767533843677,0.7348502614202839,-0.09107726754547019,-0.20663644068105103,0.7788874365040446,0.6878101689585744,0.030656078017678223,0.06925786136502543,0.7168994519381173,0.7475555299557956,-0.06923231185939194,-0.1605585775923437,0.0011263741155388418,0.002590943802499357,0.07035868597493078
-0.035286615589031345,-0.07935503587926585,0.7458643018048989,0.7105776862158676,0.09726690800586513,0.22132832047907947,0.686723339748481,0.7839902477543461,0.06391976420594625,0.14721817260431314,0.71464258184827,0.7785623460542163,-0.004232559217574261,-0.009193069389072717,0.6971099339535839,0.6928773747360096,0.03172162957627522,0.07511066993787896,0.7514424670136913,0.7831640965899666,0.005578165208792396,0.012859390886334587,0.07258641037409896,0.1673250967034794,0.06700824516530657
-0.036148742172046555,-0.08574897023966299,0.7864801206163096,0.750331378444263,0.15075880008597897,0.36483075272533494,0.6980978958105372,0.8488566958965161,0.00986368380308622,0.02165051925453687,0.7010484515587754,0.7109121353618616,-0.19598962961186672,-0.44649167978390647,0.824786631028477,0.6287970014166103,-0.03521148732647428,-0.07969102994316168,0.7512259829081508,0.7160144955816765,-0.03525413770815877,-0.08368081728368182,-0.034316882862586495,-0.07762287698718051,0.0009372548455722773
-0.0811174707833755,-0.18429742984755348,0.7756158691959202,0.6944983984125447,0.05227937587232667,0.1341338378603023,0.7859873786706858,0.8382667545430125,-0.04482988268620591,-0.10215836308274451,0.7613997276062325,0.7165698449200266,0.06550228888428122,0.14404725150656628,0.6737500519780079,0.7392523408622891,-0.013866868764025764,-0.03251902401045825,0.7679490464169042,0.7540821776528784,-0.00766682277901598,-0.0182686770740772,0.059583779240333756,0.13350972876301803,0.06725060201934974
0.006327354787787787,0.014345460106536034,0.7323164701727044,0.7386438249604922,0.12200327497024244,0.3093295098145794,0.7406293338657322,0.8626326088359746,-0.04592810406152925,-0.09998318944434303,0.719730907559172,0.6738028034976428,-0.029056692910626736,-0.06662732751364908,0.7588097321694208,0.7297530392587941,-0.005304374648485544,-0.012279050088002563,0.7544131429420814,0.7491087682935959,0.02209667276937699,0.05060078899999132,0.01046494333310366,0.023976278805452722,-0.01163172943627333
0.0035329052501796854,0.008315221903529402,0.7618270086913118,0.7653599139414915,0.09967775664685474,0.22658245204711536,0.6845341613448839,0.7842119179917386,-0.07023004801825916,-0.15582644123489087,0.7500147188674449,0.6797846708491857,-0.052221119599357824,-0.1153606096511921,0.7375505326087318,0.685329413009374,-0.01958098873620251,-0.04568659424848187,0.7671635030688684,0.7475825143326659,0.0053364943775565665,0.012576941122624419,-0.017777399608825628,-0.041424875029386854,-0.023113893986382195
-0.05256350150718181,-0.13011106479401402,0.8198736913635858,0.767310189856404,0.0439005683128737,0.11071611589461794,0.7819112827639713,0.825811851076845,-0.029408518591162225,-0.06447722271254319,0.7192787116786069,0.6898701930874447,-0.13283811314686267,-0.2843447784547719,0.7386555875767745,0.6058174744299119,-0.023551798736682672,-0.05462860391058255,0.7648303263087893,0.7412785275721067,-0.055043365054796456,-0.135969101924295,-0.02603166228429732,-0.06048664104086354,0.029011702770499137
-0.03522658256026867,-0.08280281415060209,0.7798919044130398,0.7446653218527711,-0.008185849903613485,-0.018837119329564445,0.7513721149151579,0.7431862650115444,-0.20666732330646842,-0.43543283899191576,0.7452899689814215,0.5386226456749531,-0.1142502852374766,-0.26186058381874,0.7970233127263341,0.6827730274888575,0.0007629951889858155,0.0017915010449498503,0.7615564992479972,0.762319494436983,-0.018335405165042618,-0.04362537922115006,0.01765417258421187,0.04096893597440188,0.03598957774925449
-0.03433841235267565,-0.08126654506263398,0.7840838290785711,0.7497454167258955,0.03701595987554207,0.08529442814583188,0.7293557768369494,0.7663717367124915,-0.01194039023710769,-0.026535643552196397,0.7239192238019085,0.7119788335648009,-0.09012067072469376,-0.21393932925252868,0.8116232423756613,0.7215025716509675,-0.0639357581809038,-0.14339172328837746,0.7568845356248524,0.6929487774439486,-0.027199293453718743,-0.06470522207590657,-0.05679663928194689,-0.12683040030165005,-0.02959734582822815
-0.014435185386559968,-0.034164689910143764,0.7745013312712049,0.7600661458846449,0.07817211728908235,0.17808579941496938,0.698310149553221,0.7764822668423034,-0.026687662906398457,-0.058816999807580705,0.7231579812711111,0.6964703183647126,0.016833957149605894,0.03911049371325781,0.745925028212468,0.7627589853620739,0.01961769031890681,0.044829234141470664,0.7319278839931934,0.7515455743121002,-0.04257344727801149,-0.098827940702924,-0.00852057157254471,-0.01983401665130957,0.03405287570546678
-0.06774278139594125,-0.16774476977842312,0.8269916846601345,0.7592489032641933,0.015534946864714683,0.0384019225569765,0.7859993856794022,0.8015343325441169,-0.057478394775917985,-0.13092748513092944,0.7669645219316568,0.7094861271557388,-0.1372541809800255,-0.3060128571797138,0.7834554203410473,0.6462012393610218,0.016743511616085893,0.038307494597627834,0.7343512356374692,0.7510947472535551,-0.09264044902266533,-0.22501665159502826,-0.00815415601063818,-0.018964387218977308,0.08448629301202715
-0.026132102596360673,-0.06330714558143091,0.7949769171902199,0.7688448145938592,0.14665315073215845,0.3825845597552542,0.7390806740789243,0.8857338248110828,-0.00547198644256186,-0.01211599296835253,0.7172660298628498,0.711794043420288,-0.11467901772678957,-0.2661949345694996,0.8067176385199434,0.6920386207931538,-0.05729246073211436,-0.13315541329946123,0.7822406019442377,0.7249481412121234,-0.012736315245982177,-0.031197049718477476,-0.04389667338173586,-0.1010453174365078,-0.031160358135753685
-0.04665542467252093,-0.1122288619603733,0.8003761284584483,0.7537207037859274,0.04623137978546121,0.11324310740714072,0.7647875219619517,0.8110189017474129,-0.04392351685725471,-0.10262708559522205,0.7798126329781526,0.7358891161208979,-0.013002697310819156,-0.028313423120857273,0.7041762696325345,0.6911735723217154,0.014139281250026059,0.03307114813476675,0.7521087080962329,0.7662479893462589,-0.04826742036221543,-0.1159662487895825,0.012527285560331558,0.029333761305557537,0.06079470592254699
-0.08659726600284579,-0.19289954424942057,0.761007944182751,0.6744106781799052,-0.008720842321223499,-0.021724448163149557,0.8024161911147921,0.7936953487935686,-0.03007118980276846,-0.06818799174365342,0.7503556226890978,0.7202844328863294,-0.09778959804079324,-0.21486467627161576,0.7528108674848557,0.6550212694440625,-0.04626483077781329,-0.11310161603016544,0.8098929936343519,0.7636281628565386,0.04888504945160088,0.11925725023338041,0.08921748467663337,0.19905517845263554,0.04033243522503249
-0.04983348829096568,-0.11637764385409799,0.7822272747686169,0.7323937864776512,0.05418738264003253,0.14753690654653706,0.8108950601995321,0.8650824428395646,-0.08016078148992922,-0.1739925568117935,0.7322406668442304,0.6520798853543012,-0.025146067502999525,-0.053690315172881364,0.6874155323583659,0.6622694648553664,0.033387748535072426,0.07709978605809376,0.7328770492484576,0.7662647977835301,-0.04935022552015922,-0.11528573223776029,0.033871011305878884,0.07819169767443146,0.0832212368260381
-0.036285538442327736,-0.0876405118460526,0.7980021845462265,0.7617166461038988,0.056894017367397076,0.1316893143973754,0.7221625741532213,0.7790565915206183,0.08450123132461973,0.19844360597429933,0.7173898327685961,0.8018910640932159,-0.13949531743997967,-0.3196052381126895,0.8072477982724141,0.6677524808324344,-0.003666563604398654,-0.008261486825552389,0.7321094172698127,0.7284428536654141,-0.0658927672764138,-0.15576341682717487,-0.03327379243848472,-0.07638439180667467,0.03261897483792908
-0.04643989848272412,-0.10975139855778693,0.7888553632991201,0.742415464816396,-0.015514982427912716,-0.034797311098936134,0.7339583233255164,0.7184433408976036,0.03905908466201058,0.09287832735450552,0.7503987129377224,0.789457797599733,-0.028903292464184216,-0.0687766470866924,0.785070888072863,0.7561675956086787,-0.08887669020119748,-0.21679450688589164,0.8278518501976979,0.7389751599965004,0.03899648689857782,0.09919302862708879,-0.0034403048198955455,-0.007850079701015922,-0.042436791718473366
-0.04737480916260717,-0.11046863418669517,0.78000183887745,0.7326270297148428,0.048132482671499055,0.11512130805421972,0.7493365308656973,0.7974690135371963,-0.03873196771252441,-0.08863468937138652,0.7618613742794226,0.7231294065668982,-0.02489679331469996,-0.05516915949538026,0.7275264825383373,0.7026296892236373,-0.03213001528526094,-0.07227069961911514,0.7445283413338104,0.7123983260485495,-0.0354734975436396,-0.08338228784752744,-0.02022870366629337,-0.04518435327994741,0.01524479387734623
-0.034458322096264316,-0.08201850768873342,0.7879127492024658,0.7534544271062015,0.004956375912802846,0.012173211950508911,0.7877289572211476,0.7926853331339504,0.006646897075844316,0.015975518010657552,0.7739473210146167,0.780594218090461,-0.011663325897503074,-0.026066127214398715,0.7289178050309273,0.7172544791334242,0.008805294703761013,0.021196567242817377,0.7738387028570286,0.7826439975607896,-0.014074046345437186,-0.0340277091378427,0.029189570454588143,0.0691873657937081,0.04326361680002533
0.0018637749741897691,0.004425031145852021,0.7685102776463024,0.7703740526204922,0.08992486616514028,0.210404882202889,0.7118013790518187,0.801726245216959,-0.006316374533237301,-0.014546245802146807,0.7510295785851536,0.7447132040519163,-0.11216345856837473,-0.24552065272419688,0.7551870148463702,0.6430235562779955,0.00665151521791818,0.01534758819612092,0.7460021518149939,0.752653667032912,-0.022508125831308567,-0.052510683711676,-0.017720385587580156,-0.0415881266614071,0.004787740243728411
-0.05279057316055502,-0.1255584938502068,0.7960346619372648,0.7432440887767098,0.0017825493060784625,0.003913370853020348,0.7053058510387911,0.7070884003448695,0.032128880321184106,0.07256216905362445,0.71586520670902,0.7479940870302041,-0.09722055107794791,-0.2130138036329423,0.7497142999843313,0.6524937489063833,-0.06581749454482022,-0.15441041613394146,0.7928029425391395,0.7269854479943193,-0.0032317193981252768,-0.007996872866040672,-0.016258640782390477,-0.03684879514977535,-0.0130269213842652
-0.0577586648724705,-0.1359884930667805,0.7915663243367613,0.7338076594642908,0.04182181252641126,0.09567275017490173,0.7212329796375964,0.7630547921640076,0.008380864044177927,0.01887626051911573,0.7257283367744759,0.7341092008186538,-0.18651982447506577,-0.4314279536942023,0.8328572844662516,0.6463374599911859,-0.055793388614455486,-0.13571404083261873,0.8113712658667315,0.755577877252276,0.019804941529970144,0.04966346565732005,0.021770217787985158,0.04993791789148183,0.001965276258015014
0.017694020765387508,0.04176440009516913,0.7565829192839421,0.7742769400493296,0.06844007402114638,0.1591049133153133,0.7190908776169032,0.7875309516380495,-0.03294540342380625,-0.07154625557341965,0.7109515912216052,0.678006187797799,-0.05801847021175244,-0.1278083363126996,0.7375075003855733,0.6794890301738209,0.008224827932642342,0.01988111568814732,0.7766694408380851,0.7848942687707274,0.020086521554143033,0.0474981132947212,0.010617328721397867,0.025614828887699392,-0.009469192832745166
-0.06610812487192719,-0.1561774152205384,0.7976921215643529,0.7315839966924257,0.11803506603467495,0.30061327934778026,0.745184819147174,0.863219885181849,-0.03451085282467081,-0.0790584047277414,0.7606794443003587,0.7261685914756879,-0.07560715882856217,-0.1668165255153471,0.7470749854404676,0.6714678266119054,-0.08066756377833784,-0.18851317982888727,0.7967671403055835,0.7160995765272457,-0.0009249812587693862,-0.0023005899831640697,-0.015484420165180035,-0.03463635459151293,-0.014559438906410649
-0.02658064149674011,-0.06222762927093983,0.7729384990708853,0.7463578575741452,0.06952984122806427,0.1600101470673505,0.710976145566606,0.7805059867946703,-0.021918386842943005,-0.047527316476452475,0.7039798805556031,0.6820614937126601,-0.237579147116729,-0.5258973951433359,0.8146571789695548,0.5770780318528258,-0.036776413232487926,-0.08752371439982731,0.7889227915611237,0.7521463783286357,0.01598429249023836,0.038651008417163624,0.005788520754490545,0.013354923288276144,-0.010195771735747816
-0.016725885125466355,-0.038318289583986864,0.7521327460435131,0.7354068609180467,0.0026119223789942136,0.006079390218340919,0.7544519132404245,0.7570638356194187,0.06913947152304656,0.1574439472549305,0.7029355760756771,0.7720750475987237,-0.04450823650277047,-0.10587221188846074,0.7922495123301881,0.7477412758274177,-0.007590752299392101,-0.0190008467080256,0.80444534541097,0.7968545931115779,0.05231259936745691,0.12613022596235268,0.06144773219353117,0.14544766883831395,0.009135132826074255
-0.05376715902821505,-0.12480772101681259,0.7797090972330802,0.7259419382048652,0.04508404377358921,0.11083709498974903,0.767489581378987,0.8125736251525763,0.0002669504065161421,0.0005909676838049549,0.7142291815962634,0.7144961320027795,-0.0949500014070973,-0.20109538204504163,0.7088542403782964,0.6139042389711991,-0.01674275857903984,-0.03948222278164293,0.7731807134757523,0.7564379548967125,-0.0065283837573278936,-0.015669977756729736,0.030496016691847316,0.06965552047843993,0.03702440044917521
-0.07156764581808917,-0.1669840045687816,0.791567198529287,0.7199995527111979,0.030924751440013942,0.07401803836314658,0.7588733641378362,0.7897981155778502,-0.009239070063397081,-0.021002819552952356,0.7422696786414577,0.7330306085780606,-0.012936432172137358,-0.029239841457911364,0.7393517078103256,0.7264152756381882,-0.09910773040743714,-0.22528862770050329,0.7839710816410376,0.6848633512336004,-0.00759611688824946,-0.01857819073795408,-0.03513620147759744,-0.07688281386967577,-0.02754008458934798
-0.04160483214195421,-0.0999107094147238,0.7969533142973756,0.7553484821554214,0.09373434700362748,0.22827078340454543,0.735275672439729,0.8290100194433565,0.02164172952342369,0.04783178986244274,0.7018281888017669,0.7234699183251906,-0.08835325587759957,-0.20747384890289577,0.803538537857951,0.7151852819803515,-0.015980034386842146,-0.03582576707820184,0.733828383559799,0.7178483491729568,-0.06312493073757663,-0.14926802600323752,-0.037500132982464573,-0.08518308366671556,0.02562479775511206
-0.045216857675581146,-0.10656173012918391,0.7863877050100618,0.7411708473344807,0.023258463714597388,0.054904557940322896,0.7537969420648137,0.7770554057794111,-0.007360763738481824,-0.017084451914476606,0.7573784617037062,0.7500176979652243,-0.15398572524587018,-0.34475303775922495,0.7939817257836274,0.6399960005377572,-0.009528256568618332,-0.022556777295341668,0.7722549055283459,0.7627266489597275,-0.014132799481715974,-0.03408312104392275,0.02155580162524684,0.04992183178991949,0.035688601106962814
-0.07879976808402045,-0.18218472533921615,0.7881686996937609,0.7093689316097405,0.05529516438609494,0.12973584322490073,0.7327386036447696,0.7880337680308646,-0.02444601690358006,-0.05642390056432944,0.7616013276632471,0.737155310759667,-0.06878772689203616,-0.15356753534219658,0.7550169460532213,0.6862292191611852,0.006077957433086922,0.01361187595321578,0.721940151867717,0.7280181093008039,-0.06622854782604393,-0.15431541224509848,0.018649177691063445,0.041481189047333444,0.08487772551710737
-0.09065236681701117,-0.21540983178323403,0.8124883358275313,0.7218359690105202,0.03030438085884124,0.07508162037355204,0.7796230550936355,0.8099274359524767,-0.026220450909915094,-0.05693815010148784,0.7076475178423541,0.681427066932439,-0.09857605298239791,-0.2126729461573278,0.7335701308434861,0.6349940778610882,-0.028701199934300092,-0.06556658132850046,0.755703559454644,0.7270023595203439,-0.05678477637288737,-0.13828021096947696,0.005166390509823704,0.01156303948525661,0.06195116688271107
-0.09154313122108948,-0.20669993972718403,0.7751016411351704,0.683558509914081,-0.04758156416275661,-0.10693055011716646,0.7510776831954784,0.7034961190327218,0.010110626201789374,0.023473780457277105,0.7488401392477003,0.7589507654494897,-0.15477415984128995,-0.34812566932884637,0.7983380491376614,0.6435638892963714,-0.06525856505348848,-0.15886391088663965,0.8161654594628737,0.7509068944093852,0.04106381832770323,0.10195067752924647,0.06734838449530423,0.14978670636979086,0.026284566167600998
-0.128837345940905,-0.29560501558934194,0.8039592210468499,0.6751218751059449,0.1816332807893547,0.40629713082045105,0.6223729196428383,0.804006200432193,-0.051312626226392766,-0.11613461361464483,0.7588435961083418,0.7075309698819491,-0.09651670956360303,-0.21803929503001784,0.777704601552866,0.681187891989263,-0.05758208003152654,-0.13156128429780667,0.7694279811034018,0.7118459010718753,-0.03453123994344809,-0.08435789469811006,0.036724025965930385,0.07968583659342521,0.07125526590937847
-0.05538758461110482,-0.13142016583241345,0.7956667549248427,0.7402791703137379,0.12240112165547556,0.2895699055097656,0.7007393875399023,0.8231405091953778,-0.005776298842959937,-0.012693455685706567,0.710047071461069,0.7042707726181091,-0.04178995296362065,-0.09580982487890877,0.7647559075058795,0.7229659545422589,-0.1213993637438322,-0.2900218161106587,0.8290571697841841,0.7076578060403519,0.033390414859341355,0.08560009841215255,-0.03262136427338602,-0.0730015518660927,-0.06601177913272738
0.00610083117163196,0.014437931586940067,0.7642318394833199,0.7703326706549518,0.041145842469045846,0.0977038536930066,0.7483825211460223,0.7895283636150682,0.03402267880442156,0.07471677561336931,0.6891335354737899,0.7231562142782114,-0.07287942812797243,-0.16208716394565448,0.7534146266821522,0.6805351985541798,0.007327000098126479,0.01765767694439857,0.7752781550225616,0.7826051551206881,0.011046315539241736,0.02624060776972348,0.012272484465736255,0.029460353127181982,0.0012261689264945197
-0.028636234748200318,-0.06637213645257356,0.7667317320720201,0.7380954973238197,-0.002710598621351923,-0.006044774365209449,0.7225301415798748,0.7198195429585229,-0.009103773580663499,-0.02037128819281886,0.7287729219742308,0.7196691483935673,-0.13945318981905663,-0.307543118749662,0.7740748868171554,0.6346216969980988,-0.022328393295516058,-0.05336991323470208,0.7847903919238423,0.7624619986283262,0.0180586598518222,0.0433056414213584,0.02436650130450646,0.056307864639229877,0.00630784145268426
-0.044960494884424995,-0.10864631902757305,0.802389465348953,0.757428970464528,0.0466293172346508,0.10497558989647549,0.7055251095611307,0.7521544267957815,-0.002690972528146096,-0.00596767792156383,0.7173686891900376,0.7146777166618915,-0.05809900638747989,-0.133627888776938,0.7748391301572349,0.716740123769755,-0.013046548357260823,-0.029657897293566382,0.7441368696593441,0.7310903213020833,-0.05825259568960883,-0.13937768460719546,-0.02633864916244466,-0.0603892628731888,0.03191394652716417
-0.027937530688791012,-0.06740735466460945,0.79337992359448,0.7654423929056889,-0.07581474204512872,-0.18397008537128912,0.8190094944329593,0.7431947523878306,0.01732308037964081,0.039716262897624866,0.735687259955618,0.7530103403352588,-0.040380460302938403,-0.09146959334533511,0.7544110393491965,0.7140305790462581,0.002052141468140256,0.0049245892926919055,0.7752876590826494,0.7773398005507897,-0.018092264511830547,-0.04399838081758212,0.011897407645100722,0.028333563139719242,0.02998967215693127
-0.08595940241200262,-0.19743034479504118,0.7863655644118047,0.7004061619998021,-0.13407456777959215,-0.2982291827230301,0.7800147442391321,0.6459401764595399,-0.03498151644163183,-0.07603667951518722,0.7129045635276526,0.6779230470860208,-0.1302237504134509,-0.291147986212005,0.7830640807327681,0.6528403303193172,-0.012364386387799242,-0.028655389310657586,0.7587576927598353,0.746393306372036,-0.02760787165196943,-0.06588898137729693,0.045987144372233946,0.10288597410708666,0.07359501602420337
-0.018773636186470766,-0.04420881668715104,0.7732087787533924,0.7544351425669217,0.05168658718354635,0.13102462721311348,0.7803579539035442,0.8320445410870906,-0.0310483205405645,-0.06762318113091159,0.713180297522891,0.6821319769823265,-0.12972534690081938,-0.28949936438301704,0.7811992747474772,0.6514739278466578,0.009517277401216662,0.02306282059820619,0.7775308531777855,0.7870481305790021,0.00432207442439303,0.010356385669500145,0.03261298801208046,0.07762802295485738,0.028290913587687427
-0.09336492383961581,-0.23235835698911655,0.8410238393556805,0.7476589155160647,0.04566092074015049,0.10587964954300988,0.7294951283473533,0.7751560490875038,0.04114339794840571,0.09167455360868981,0.6992853497265936,0.7404287476749993,-0.020354249710486938,-0.04504164458322957,0.7240229909091574,0.7036687411986705,-0.026655838539125676,-0.061515330452440065,0.7625578045703074,0.7359019660311817,-0.07846603478537306,-0.19770806182066103,-0.011756949484882928,-0.02686503528398454,0.06670908530049013
-0.07231091849588511,-0.1724011566450585,0.8065123601303776,0.7342014416344925,-0.001016680288869587,-0.002566603847276916,0.8056141886764898,0.8045975083876202,-0.011662280951094117,-0.02619491869608792,0.733353534567596,0.7216912536165019,-0.045340402145058634,-0.1028452380903544,0.7578809010149046,0.7125404988698459,-0.026591387127251065,-0.060264629991012786,0.7482317142619151,0.7216403271346641,-0.05828064586846249,-0.14036349562918016,-0.01256111449982844,-0.028226968975134437,0.04571953136863405
-0.06625622587927471,-0.16109805109449038,0.8159042168008673,0.7496479909215926,0.03139266274345498,0.07587533632190002,0.7647029957161152,0.7960956584595702,0.06310884155159446,0.14767166044502344,0.7266452860982112,0.7897541276498057,-0.08315786588887863,-0.1891814443226172,0.7775925377024051,0.6944346718135265,-0.00227632961041202,-0.005341334812412057,0.7626264906689805,0.7603501610585685,-0.05327772613188686,-0.13087170712407525,0.01070217013697583,0.02488500915800307,0.06397989626886269
-0.10127987934427363,-0.2387097275357517,0.8116930253295234,0.7104131459852497,-0.008574107729379277,-0.020423312058158505,0.7758338176915002,0.7672597099621209,-0.0031731104616060657,-0.007146109529641453,0.7314407083465128,0.7282675978849067,0.026268944887680168,0.05672950940443333,0.6752613096708169,0.701530254558497,-0.04370341196710548,-0.10086516978932414,0.7707425132289756,0.7270391012618701,-0.04095051210054779,-0.10086322859241026,0.016625955276620363,0.036981329154017306,0.05757646737716815
-0.08478799219721,-0.1950539135862983,0.7870800265967411,0.7022920343995311,0.004986095465665752,0.011062890980809925,0.7139830238701331,0.7189691193357989,0.0181688054902156,0.04131464772306792,0.7287256386027773,0.7468944440929929,-0.07760278316954361,-0.17064439382663044,0.7446602787738877,0.6670574956043441,-0.06793250786690574,-0.16153043708438375,0.8028054715768701,0.7348729637099644,0.015725444980128955,0.038955509817208966,0.032580929310433215,0.07247898631912353,0.01685548433030426
-0.030118521727330427,-0.07117996732648724,0.7811305922575612,0.7510120705302308,0.054528249128399486,0.128350944829712,0.7353773416623035,0.789905590790703,0.013418083246357848,0.030742568540162996,0.7371524951463343,0.7505705783926921,-0.019843706466681765,-0.044690255743938145,0.7396615345167911,0.7198178280501093,-0.00252081121524661,-0.005794182360869815,0.7476800123548756,0.745159201139629,-0.03345057990268563,-0.07886837165546501,-0.0058528693906018114,-0.013482586689847587,0.027597710512083817
-0.10676372236790266,-0.25326160193709946,0.8183356802361134,0.7115719578682107,0.022665085788910577,0.04917405187612367,0.6822943059529866,0.7049593917418971,-0.036063477036298086,-0.07952875627336375,0.7282494250677645,0.6921859480314664,-0.0942355061244824,-0.21196012472020964,0.7729938874202847,0.6787583812958023,-0.0365065857902771,-0.0864359498490952,0.7854093499060503,0.7489027641157732,-0.03292633033006309,-0.08267137256141766,0.037330806247562465,0.0841542795265866,0.07025713657762556
-0.0838807959453497,-0.1998269922651561,0.8111609309015808,0.7272801349562311,-0.04180824875386069,-0.0960397566781781,0.7662807866469795,0.7244725378931188,0.08097724446496757,0.18298008385194886,0.6900705984603467,0.7710478429253143,0.008550490284375045,0.01918427729158223,0.722303666779764,0.730854157064139,-0.06174257762998059,-0.14386383508487643,0.786123367918496,0.7243807902885154,-0.025037562983084793,-0.06246256821220708,-0.0028993446677156864,-0.006499411031927416,0.022138218315369107
-0.0619423148381717,-0.1457544073728827,0.7930932758571935,0.7311509610190218,0.10381088596669041,0.25170818537844086,0.7269484301693709,0.8307593161360614,-0.03730983991221659,-0.08524053409110888,0.7598938635199967,0.7225840236077801,-0.12403985195238121,-0.2737721183855901,0.7684792638050938,0.6444394118527126,-0.04725245576956938,-0.10818944243617334,0.7662881889226284,0.719035733153059,-0.02680508693456507,-0.06470219341190742,-0.012115227865962752,-0.02713722847519806,0.014689859068602318
-0.018701615695086216,-0.04464110850364644,0.7821680242867953,0.7634664085917091,0.04181406915428865,0.09222349800737706,0.6893052905191479,0.7311193596734366,0.0232258710337917,0.05316323951159729,0.7313902739259991,0.7546161449597908,-0.03636997198615455,-0.08267161397532075,0.7553609806045881,0.7189910086184336,-0.05103840766889478,-0.1241588474156079,0.8092274432735757,0.7581890356046809,0.027059418986780326,0.06714616136488294,-0.005277372987028239,-0.012371577547078516,-0.032336791973808565
-0.055429041550895564,-0.13160106725396536,0.7960986400549034,0.7406695985040078,0.05231955167607438,0.1221960075163051,0.7311381472023522,0.7834576988784265,-0.04417237866515411,-0.09587683710090777,0.7157046331294491,0.671532254464295,-0.09029425394120394,-0.2232735819591447,0.8361905202695036,0.7458962663282996,-0.05278930917919866,-0.1260031075086716,0.7983360723774323,0.7455467631982337,0.0022374323225289316,0.0055647751850296245,0.004877164694225833,0.011162734930323381,0.0026397323716969012
-0.036549235144502035,-0.0844750675891941,0.7684337731755951,0.7318845380310931,-0.06453661332742311,-0.14216211931718914,0.7404717430235781,0.675935129696155,-0.1017095763466932,-0.2242221328738805,0.7578092503437635,0.6560996739970703,-0.14777667195015654,-0.3315405398370901,0.7933183529319402,0.6455416809817837,-0.031165757492533253,-0.07043440907662868,0.7480998258181591,0.7169340683256259,-0.02033394735743599,-0.047503757038983796,-0.014950469705467206,-0.03346309852641838,0.005383477651968782
-0.11070612933384694,-0.25922044314636694,0.811226785822374,0.700520656488527,-0.03202377955045044,-0.07525099544907832,0.7781496692842452,0.7461258897337948,0.003965192376152338,0.008752863663302524,0.7096156291604362,0.7135808215365885,-0.08436962210039134,-0.1837896077453789,0.7380118521289277,0.6536422300285364,-0.1438681918321001,-0.35752536255302436,0.8610855809286603,0.7172173890965602,0.049858795106286324,0.1350622735380269,0.01669673260803317,0.03675735413136949,-0.03316206249825315
-0.046645292159558926,-0.11122789604105199,0.7948397436471621,0.7481944514876032,0.08857186497349756,0.22945027770765636,0.7703886056140057,0.8589604705875032,0.019801609540867293,0.04638506610309845,0.7502731990797836,0.7700748086206509,-0.01633968032214561,-0.03747164579802087,0.7527372310926093,0.7363975507704636,-0.021513606305629485,-0.049838881275774405,0.7629251687071124,0.7414115624014829,-0.03191457494004979,-0.07694740829396007,-0.006782889086120347,-0.01555839352868249,0.025131685853929442
