IFDIFF__low,IFH__low,CELL__chatbot__low,CELL__dashboard__low,IFDIFF__medium,IFH__medium,CELL__chatbot__medium,CELL__dashboard__medium,IFDIFF__high,IFH__high,CELL__chatbot__high,CELL__dashboard__high,DLGRAD__chatbot,DLH__chatbot,DLGRAD__dashboard,DLH__dashboard,DID__HIGH_LOW
-0.039627424925586796,-0.08949908564758324,0.7515828729696724,0.7119554480440856,-0.009336188548770719,-0.02070257617511162,0.7205756565330811,0.7112394679843104,-0.0796855869229568,-0.18249352215307746,0.7813370464003796,0.7016514594774228,0.029754173430707187,0.070358856659968,-0.010303988566662814,-0.02263557984552622,-0.04005816199737
-0.0633491398026329,-0.1478187610349102,0.7878816062148853,0.7245324664122524,0.03916360903065352,0.0869698439047002,0.697217149026777,0.7363807580574305,0.0006973916832989646,0.0016347872915409845,0.7604516673806914,0.7611490590639903,-0.02742993883419398,-0.06562844705282123,0.03661659265173789,0.08382510127362996,0.06404653148593187
-0.08880483688698226,-0.21631579131013368,0.8270012526738849,0.7381964157869026,0.007054883724712968,0.015783974620142693,0.7205596868193362,0.7276145705440492,-0.01597755333722306,-0.03810321824589069,0.7802388291054473,0.7642612757682242,-0.04676242356843763,-0.11790083779576355,0.026064859981321575,0.06031173526847944,0.0728272835497592
-0.09386294632620529,-0.216209717749426,0.792060448518236,0.6981975021920307,-0.008663485440035146,-0.01957015114088545,0.7367435701039992,0.728080084663964,-0.07098272980041598,-0.16365021956541215,0.7825398598817374,0.7115571300813214,-0.009520588636498628,-0.023266675235473766,0.013359627889290682,0.029292822948540076,0.02288021652578931
-0.10528430283150358,-0.2509401987764437,0.8207828535993217,0.7154985507678181,0.049417292163379645,0.10840010221864183,0.679858840583489,0.7292761327468686,-0.037660684180219284,-0.08691209472021555,0.7678262378113575,0.7301655536311382,-0.05295661578796418,-0.13125745387146592,0.014667002863320122,0.03277065018476222,0.0676236186512843
-0.0745180905221543,-0.17119032476353868,0.7814248448350968,0.7069067543129425,-0.021678576861847598,-0.04884992356986917,0.7410333061102343,0.7193547292483867,-0.029406096390154235,-0.0675784205793053,0.7606942581740679,0.7312881617839136,-0.020730586661028894,-0.04935208494104337,0.024381407470971173,0.05425981924319001,0.045111994132000066
-0.08665696851186566,-0.21445262333787207,0.8350518513969473,0.7483948828850816,0.004430741195870169,0.010521089131556138,0.7673143728771677,0.7717451140730379,-0.025999970103438907,-0.0631817349198216,0.7967640668680667,0.7707640967646278,-0.0382877845288806,-0.09891290630820526,0.022369213879546157,0.052357982109845214,0.060656998408426754
-0.09309599549817016,-0.22107600650162373,0.8131410775298553,0.7200450820316852,-0.012267079953799498,-0.027880333164294058,0.7435886236259414,0.7313215436721419,-0.06894284190020927,-0.16936043533496514,0.8230732739212661,0.7541304320210568,0.009932196391410741,0.025749505499568226,0.03408534998937163,0.07746507666622682,0.024153153597960886
-0.15888091729127618,-0.37520505430146467,0.8367062736443085,0.6778253563530323,-0.023915676698477606,-0.05348518172869765,0.7355135707814243,0.7115978940829467,-0.0370953478156385,-0.08658588146853985,0.7758706350614526,0.7387752872458141,-0.0608356385828559,-0.15436464756852208,0.06094993089278178,0.13425452526440274,0.12178556947563768
-0.26071913118351875,-0.5955489006028849,0.8495771371892094,0.5888580060056906,-0.012259702187050081,-0.02752029632223474,0.733124482977404,0.7208647807903539,-0.0415642997244432,-0.09636531523669767,0.7731130286904196,0.7315487289659764,-0.0764641084987897,-0.1963618044902029,0.14269072296028584,0.3028217808759843,0.21915483145907555
-0.21262733366046405,-0.45425946802963124,0.7667047102522773,0.5540773765918132,0.022610775994561627,0.05162070574712807,0.7296495987347248,0.7522603747292864,-0.010975373403291244,-0.025719919672018143,0.7660316527504856,0.7550562793471943,-0.0006730575017916962,-0.0015906240408489758,0.2009789027553811,0.4269489243167641,0.2016519602571728
-0.13312317753097114,-0.3298947588706649,0.8552947346750894,0.7221715571441183,-0.028702306440068104,-0.0627806918692475,0.7165246785536762,0.6878223721136081,0.013475928338247622,0.03111260739772348,0.7429912941890744,0.756467222527322,-0.11230344048601504,-0.28284853736808957,0.03429566538320372,0.0781588289002988,0.14659910586921876
-0.21972103641489826,-0.5115255515499411,0.8496264034320147,0.6299053670171164,0.008688123781350199,0.01943406552493343,0.7195521916785285,0.7282403154598787,-0.061404314131593196,-0.14096119957713693,0.7748966156575787,0.7134923015259855,-0.07472978777443595,-0.19223507301576825,0.08358693450886912,0.17832927895703587,0.15831672228330507
-0.13423702881647448,-0.310262360683617,0.8117325856861554,0.6774955568696809,0.02291666756623445,0.0517444118363275,0.7204376978327168,0.7433543653989513,-0.10294358557966221,-0.2327952712049941,0.7813530598076981,0.6784094742280359,-0.03037952587845727,-0.07551118594364725,0.0009139173583549987,0.001955903534975656,0.03129344323681227
-0.1388212749734521,-0.3260228101775293,0.8249710871188741,0.686149812145422,0.016834835308438767,0.03832446380975174,0.7303213761705072,0.747156211478946,-0.07855183302161883,-0.18488775521111078,0.8007891547151474,0.7222373216935286,-0.02418193240372668,-0.0620328874499676,0.03608750954810658,0.07910216751645094,0.06026944195183326
-0.14005568801155932,-0.33443119571947855,0.8363951649509181,0.6963394769393588,0.00983411600536499,0.022117029095373386,0.7237329135570695,0.7335670295624345,0.030927809857360433,0.07219221310814383,0.7420226936638512,0.7729505035212116,-0.09437247128706694,-0.232702011102206,0.07661102658185281,0.17392139772541637,0.17098349786891975
-0.08392114049695776,-0.19334424416448215,0.7878139127105331,0.7038927722135754,-0.0029432748958411192,-0.006679355706292522,0.7377427016620991,0.734799426766258,-0.02264748525532534,-0.05157249558825816,0.7502303630136192,0.7275828777582939,-0.03758354969691391,-0.08924086604408688,0.02369010554471851,0.05253088253213711,0.06127365524163242
-0.23285016422733584,-0.548536698047563,0.8622587975005667,0.6294086332732308,0.010488452461624553,0.023937953499373776,0.7355995061029358,0.7460879585645603,-0.08184961404871727,-0.189830111192824,0.7918430312341161,0.7099934171853989,-0.07041576626645052,-0.18707332043409242,0.08058478391216806,0.17163326642064658,0.15100055017861858
-0.2068008250561887,-0.484485461742562,0.8493722042347106,0.6425713791785219,-0.03356517824855443,-0.07447740591623897,0.7329593245683367,0.6993941463197823,-0.04768172332504539,-0.10870930135258439,0.7631236566841534,0.715441933359108,-0.08624854755055722,-0.21945952454485385,0.07287055418058608,0.15631663584512379,0.1591191017311433
-0.08678136242286416,-0.21274022786635483,0.8298092673900902,0.743027904967226,0.06949571821338496,0.1538430285007184,0.6780124352941947,0.7475081535075797,-0.0713104226277228,-0.16761159714484686,0.7965903306126126,0.7252799079848898,-0.03321893677747756,-0.08530720177712636,-0.0177479969823362,-0.040178571055618395,0.015470939795141359
-0.14341839229551434,-0.3506381771608491,0.8519118905771094,0.708493498281595,-0.004524053077654466,-0.010442470378733582,0.7518682139410798,0.7473441608634254,-0.049692885718723545,-0.11575486368925425,0.7803487809518659,0.7306558952331423,-0.07156310962524348,-0.18553800708224966,0.022162396951547314,0.0493453063893452,0.0937255065767908
-0.1457458081911781,-0.3264943075812512,0.7911797005162587,0.6454338923250806,0.037219549049635314,0.08643616990723668,0.7350563077634016,0.7722758568130369,-0.006977862024403092,-0.016427412764489002,0.767235434997014,0.7602575729726109,-0.02394426551924478,-0.05774644860155176,0.11482368064753024,0.25232044621521044,0.138767946166775
-0.09456821861710019,-0.219827590801837,0.799107198196061,0.7045389795789608,-0.02766041260966512,-0.06278838248137886,0.7500738230553369,0.7224134104456718,-0.08948338301468084,-0.20995527898318844,0.8034690832168566,0.7139857002021758,0.004361885020795597,0.010931350585525301,0.009446720623214944,0.02080366240417386,0.005084835602419346
-0.14064732321311457,-0.32667449580192587,0.8179330813467471,0.6772857581336326,-0.0031147299563515363,-0.00724434978772015,0.7567803084655328,0.7536655785091813,0.008769336301233444,0.020851562450304506,0.7660128187566526,0.7747821550578861,-0.051920262590094524,-0.12813918246887068,0.09749639692425349,0.2193868757833597,0.14941665951434802
-0.07316037345824622,-0.17152028130252983,0.7956560200813557,0.7224956466231095,-0.019468594514783222,-0.045187957562076164,0.7633402750505135,0.7438716805357303,-0.07025026074930885,-0.1629044375004569,0.7865262378382605,0.7162759770889516,-0.009129782243095241,-0.022459076254240706,-0.006219669534157868,-0.013843232452167786,0.0029101127089373735
-0.13777725284607545,-0.3346645101466508,0.8458961976577412,0.7081189448116657,0.004859646390018679,0.01101926999943803,0.7331619319662525,0.7380215783562711,0.01027025908716761,0.024977158991780435,0.7793022644663837,0.7895725235535513,-0.06659393319135742,-0.17126591380340805,0.08145357874188563,0.18837575533502315,0.14804751193324306
-0.06764330905560945,-0.16417344171010706,0.8154561373009774,0.747812828245368,0.0579322899212843,0.13009103964101176,0.6972902711990758,0.7552225611203601,-0.027631824347427947,-0.06662852454925705,0.792852919768101,0.7652210954206731,-0.02260321753287642,-0.056977854953421225,0.01740826717530508,0.04056706220742878,0.0400114847081815
-0.1545797106230239,-0.35901138617814143,0.8234792324102433,0.6688995217872195,0.009645764853490224,0.021967423789626572,0.734304221107173,0.7439499859606632,-0.04251978547973545,-0.10036935763456212,0.7862261495074749,0.7437063640277395,-0.03725308290276841,-0.0940953089348997,0.07480684224052003,0.16454671960867961,0.11205992514328844
-0.114511176948498,-0.2619542682102205,0.7956343126937897,0.6811231357452917,0.021641912523820306,0.049923088199943955,0.7381683253705055,0.7598102378943258,-0.03743200309382089,-0.0884577071628061,0.7845694796390635,0.7471374765452427,-0.011064833054726164,-0.027172697962677184,0.06601434079995094,0.14632386308473722,0.07707917385467711
-0.03357668615184228,-0.08524169883617239,0.8243220344472514,0.7907453482954091,-0.014909141251676417,-0.03320273969571064,0.7273115658931064,0.71240242464143,-0.01903261310889215,-0.0438803266084653,0.7581333723694125,0.7391007592605203,-0.06618866207783891,-0.16331542723063075,-0.05164458903488878,-0.12195405500292367,0.014544073042950134
-0.14970419485095476,-0.3431183426815938,0.811655881218934,0.6619516863679792,-0.04734091006952745,-0.10565809455696829,0.7448508117345032,0.6975099016649757,-0.011529297271354766,-0.028496829382444577,0.799507743022894,0.7879784457515392,-0.012148138196039993,-0.03069969202694045,0.12602675938356,0.2839218212722088,0.1381748975796
-0.12316032327967563,-0.29437223100048904,0.8300970986266519,0.7069367753469763,0.029761151352355242,0.06821969344780232,0.7291251985188255,0.7588863498711808,-0.024700233396462656,-0.057298179839494257,0.765459886610742,0.7407596532142794,-0.06463721201590988,-0.16139170900740485,0.03382287786730309,0.07568234215358993,0.09846008988321298
-0.1154029922270855,-0.2663722258443837,0.8028762922987399,0.6874733000716544,-0.014524525437008218,-0.032382487776097424,0.7281473869452876,0.7136228615082794,-0.013686378107104602,-0.031927754316508405,0.7641601595416955,0.7504737814345909,-0.03871613275704444,-0.09409037022993827,0.06300048136293646,0.14035410129793702,0.1017166141199809
-0.08486725771782166,-0.2013050461714827,0.8087807606664826,0.723913502948661,0.023937798685973455,0.05476871847949738,0.730677602837825,0.7546154015237985,-0.1061332604105788,-0.24500157586456894,0.7990025191875972,0.6928692587770184,-0.009778241478885397,-0.0246288547313136,-0.031044244171642532,-0.06832538442439984,-0.021266002692757136
-0.1545983086749131,-0.3537341978723594,0.8122926638735839,0.6576943551986708,0.03273231976559132,0.07391122292031804,0.7153930740136462,0.7481253937792375,-0.024180803435887577,-0.058464034675177246,0.7928354875943674,0.7686546841584798,-0.019457176279216504,-0.04889282630229719,0.11096032895980901,0.24637733689488495,0.1304175052390255
-0.12316771504432722,-0.28902526393334327,0.8179736238156599,0.6948059087713326,0.01196103734796261,0.026827709123655286,0.7202933365455685,0.7322543738935311,-0.11078803995039233,-0.2424085954924582,0.7541687952162364,0.643380755265844,-0.06380482859942349,-0.15598207755190074,-0.0514251535054886,-0.10936540911101567,0.012379675093934894
-0.0010267665294350081,-0.0022860918797680263,0.7202326550615616,0.7192058885321266,0.0037829626100093217,0.00877517011954243,0.7513903028701527,0.7551732654801621,-0.07112222324037798,-0.16652740029218727,0.793838511678933,0.7227162884385551,0.0736058566173714,0.17206785567828708,0.0035103999064284297,0.007826547265867845,-0.07009545671094297
-0.09560774634398639,-0.22225617020887767,0.7996002628957809,0.7039925165517945,-0.011471968181943515,-0.026419200807564547,0.7535746021874231,0.7421026340054796,-0.015843544545525723,-0.0383610369021663,0.7896512137971182,0.7738076692515925,-0.009949049098662677,-0.024629508671439204,0.06981515269979799,0.15926562463527216,0.07976420179846067
-0.10938596051987981,-0.2509227001624563,0.7956023052662267,0.6862163447463469,-0.002479212909528572,-0.005744248161414056,0.753669978909043,0.7511907659995144,-0.08826344948857301,-0.21195059860721255,0.8181434368307262,0.7298799873421532,0.02254113156449955,0.05712388056245299,0.04366364259580635,0.09609598211769677,0.0211225110313068
-0.14974902590735129,-0.3552724086246859,0.8361278051476776,0.6863787792403263,-0.003773353657405165,-0.008433456564030717,0.7250621103782365,0.7212887567208314,-0.06485959632522231,-0.14484717019454996,0.7535299078969064,0.6886703115716841,-0.08259789725077116,-0.20548128250341557,0.002291532331357815,0.004943955926720367,0.08488942958212897
-0.15907914939129275,-0.38180715617939875,0.8471322968624845,0.6880531474711917,-0.07724139596331925,-0.17340712500477862,0.7638043442765996,0.6865629483132804,-0.07035708558752363,-0.1679144969546602,0.8062888913896766,0.735931805802153,-0.04084340547280785,-0.10807979362256859,0.04787865833096128,0.10581286560216996,0.08872206380376912
-0.13527711202030634,-0.30486882615412814,0.7921138051393903,0.656836693119084,0.012638137675310412,0.0285622914807675,0.7264691186826785,0.7391072563579889,-0.024183984278171367,-0.0585398684667231,0.7935441211493788,0.7693601368712074,0.0014303160099884416,0.0035292165314277923,0.11252344375212342,0.24985817421883283,0.11109312774213498
-0.1760726719566481,-0.3986058410811424,0.8121545792338246,0.6360819072771765,-0.00945970466600321,-0.021159860391398055,0.7286165189711403,0.7191568143051371,-0.05901805543083993,-0.13692896410783373,0.7817761635780566,0.7227581081472166,-0.030378415655768043,-0.07556711687948958,0.08667620087004013,0.18610976009381908,0.11705461652580817
-0.13733102621755489,-0.32232321637865,0.8239407726170876,0.6866097463995328,-0.0049867514482020425,-0.011214938117808604,0.7311423308646047,0.7261555794164026,-0.0036826547227909456,-0.0087403599248006,0.7710455478516738,0.7673628931288828,-0.05289522476541386,-0.13187649663904955,0.08075314672935008,0.18170635981479988,0.13364837149476394
-0.12937775857353384,-0.29325084416531655,0.7944790982661137,0.6651013396925799,-0.04347833732177886,-0.0967307693276469,0.7401431778936979,0.696664840571919,-0.01955104035861588,-0.0459218610327059,0.7718297571007549,0.752278716742139,-0.022649341165358883,-0.054977983633157645,0.08717737704955908,0.192350999499453,0.10982671821491796
-0.18035281957190408,-0.412984403289097,0.8229350106626748,0.6425821910907707,-0.048456004680687115,-0.10926013954993574,0.7543597794926242,0.7059037748119371,-0.08396036760826608,-0.1943130987394408,0.7912215635689795,0.7072611959607135,-0.03171344709369528,-0.08043131286170802,0.06467900486994271,0.1382399916879482,0.09639245196363799
-0.11823764194798958,-0.26956138522381257,0.7945242134016648,0.6762865714536752,-0.006974507092927129,-0.015702287177002727,0.7330617572300983,0.7260872501371711,-0.05996809348473264,-0.14175010658431741,0.7952571097783799,0.7352890162936473,0.000732896376715142,0.001815082273152413,0.05900244483997208,0.12962636091264756,0.05826954846325694
-0.10621523305939118,-0.24346602396304506,0.7936602295497869,0.6874449964903957,0.011683365825843839,0.02653794875586879,0.7311341579040272,0.7428175237298711,-0.06477829647588196,-0.1538888401288414,0.8007722437337912,0.7359939472579092,0.007112014184004312,0.017688984519253825,0.04854895076751353,0.10726616835345748,0.04143693658350922
-0.16907386652329626,-0.37572612235081415,0.793186198323916,0.6241123318006198,0.01640456948545932,0.03688277940018825,0.7201270466123736,0.7365316160978329,-0.01863351967357063,-0.04520082972896633,0.7921411897375886,0.773507670064018,-0.0010450085863273895,-0.0025777334388950024,0.14939533826339824,0.3279475591829528,0.15044034684972563
-0.0975892345297108,-0.21405854325994866,0.7510023889493217,0.6534131544196109,-0.026666122956697125,-0.060035573567091216,0.742689783682129,0.7160236607254319,-0.03111539426090204,-0.07187545707605958,0.7654177764866029,0.7343023822257009,0.014415387537281221,0.03367094890073252,0.08088922780608998,0.1758540350846216,0.06647384026880876
-0.14411819354091038,-0.3373061740501946,0.8247544819995006,0.6806362884585903,0.0018809243942282672,0.0042761362101253475,0.7367944123689968,0.738675336763225,-0.012871210129380084,-0.029803480423302275,0.7583501778567632,0.7454789677273831,-0.06640430414273746,-0.1639459863949444,0.06484267926879284,0.1435567072319479,0.1312469834115303
-0.11296044302583397,-0.26130720273753405,0.8034725034491684,0.6905120604233345,-0.0014407862117139514,-0.003323068520915129,0.7497501613833862,0.7483093751716723,-0.05334415340551679,-0.12647125444430873,0.794197711894174,0.7408535584886572,-0.009274791554994444,-0.023137974204368916,0.05034149806532273,0.1116979740888564,0.059616289620317175
-0.19181209556855738,-0.47579833681154926,0.8782057625065153,0.6863936669379579,0.018487939132197928,0.04002017162252414,0.6819228211892973,0.7004107603214952,0.00860666109841779,0.02031276469351395,0.7611376524270446,0.7697443135254624,-0.11706811007947071,-0.3082925234725655,0.08335064658750446,0.18781857803249769,0.20041875666697517
-0.17835635240888037,-0.4074904357784501,0.820409490504149,0.6420531380952686,-0.030620007588278098,-0.06902202741937513,0.7456446470878896,0.7150246394996115,0.010610840266445876,0.0268030450197152,0.8000654887412201,0.810676329007666,-0.020344001762928943,-0.05189975988475348,0.1686231909123973,0.38239372091341184,0.18896719267532625
-0.14593808046128076,-0.3482393056334461,0.838322760159178,0.6923846796978972,-0.007940896225025362,-0.017783786315856087,0.7289295953783843,0.720988699153359,-0.08501925943262167,-0.2066212847028024,0.8239947745558568,0.7389755151232351,-0.014327985603321158,-0.03825537613623675,0.04659083542533793,0.10336264479440693,0.06091882102865909
-0.1232438394990949,-0.28976876275934127,0.8193419469852493,0.6960981074861544,0.012634698683592904,0.02886721420236915,0.7353597534107856,0.7479944520943785,-0.07037283229719815,-0.16902817198930897,0.8103339238161462,0.7399610915189481,-0.009008023169103097,-0.02319245846031137,0.04386298403279365,0.09754813230972093,0.05287100720189675
-0.1394153628054451,-0.3115338518439479,0.7863801958985303,0.6469648330930852,0.017768723538205244,0.03980087992329695,0.7161590387911625,0.7339277623293677,-0.08048963735255077,-0.18182844557925693,0.7705994039204823,0.6901097665679315,-0.015780791978047937,-0.038007288574647635,0.04314493347484638,0.09169811769004332,0.05892572545289432
-0.06124902714739333,-0.15026923947842308,0.8188646153503366,0.7576155882029433,-0.02016819390505753,-0.04517419970107017,0.7350713311516838,0.7149031372466262,0.013669091011701662,0.03251187892313956,0.7637214521519414,0.7773905431636431,-0.055143163198395184,-0.13595865592293865,0.01977495496069981,0.04682246247862398,0.07491811815909499
-0.10335999676889795,-0.2623282722102225,0.8554185278777946,0.7520585311088966,0.003878594709509686,0.008573196135488459,0.7109541696783467,0.7148327643878564,-0.03185864674723293,-0.07670627401225572,0.7939582385033099,0.762099591756077,-0.06146028937448467,-0.16220683894585175,0.010041060647180355,0.023415159252115014,0.07150135002166502
-0.15096292801637679,-0.3630636677372967,0.8451948482418484,0.6942319202254716,-0.014694253573597216,-0.03339830323702797,0.7448184318365684,0.7301241782629712,-0.031280955789595666,-0.07310274254360216,0.7739569076426495,0.7426759518530538,-0.07123794059919897,-0.1821592333405655,0.04844403162758215,0.10780169185312904,0.11968197222678112
-0.12450285471601563,-0.283702623077805,0.7967557674651994,0.6722529127491838,0.03953225855727127,0.08894321795286686,0.7087422128303419,0.7482744713876132,0.0036528655597540816,0.00893597440466909,0.7860876224807397,0.7897404880404938,-0.010668144984459671,-0.026259237203326347,0.11748757529131004,0.26637936027914777,0.1281557202757697
-0.10050021182692359,-0.2325817354577635,0.798441370686389,0.6979411588594654,-0.005337949771389905,-0.01200787411755444,0.7315405337588334,0.7262025839874435,-0.05902067548999035,-0.13750827214939054,0.7848032493756308,0.7257825738856405,-0.013638121310758144,-0.03358318713214192,0.027841415026175098,0.06149027617623104,0.04147953633693324
-0.13189823525483646,-0.31111771137442656,0.825098113298159,0.6931998780433225,0.057958341946276026,0.1300175040458329,0.6963886917302217,0.7543470336764977,-0.06721930911128116,-0.16234767186151355,0.8123125205331947,0.7450932114219135,-0.012785592764964271,-0.03319138710252956,0.05189333337859103,0.11557865241038345,0.0646789261435553
-0.08445152324647309,-0.19731422871575166,0.7982992134504084,0.7138476902039353,-0.006549809358306735,-0.015031557420120745,0.7484811144123036,0.7419313050539968,-0.02889244319086437,-0.06555718537738864,0.7503177989032866,0.7214253557124223,-0.04798141454712179,-0.11492303151741545,0.0075776655084869304,0.01683401182094757,0.05555908005560872
-0.13094467220828754,-0.30850389204351036,0.8239122694581756,0.6929675972498881,-0.007823431954994464,-0.01795150112106425,0.7489836947725891,0.7411602628175946,-0.022592696523458522,-0.053978750759326566,0.784647039406698,0.7620543428832395,-0.03926523005147764,-0.09907827769829902,0.06908674563335138,0.15544686358588478,0.10835197568482902
-0.16597314839512534,-0.3977692421035661,0.8488963687283118,0.6829232203331864,0.015403564967172656,0.03479357411823658,0.7246108418859681,0.7400144068531408,-0.04724565355304544,-0.11702833443132699,0.8177896760819251,0.7705440225288797,-0.031106692646386658,-0.08355266363262448,0.08762080219569324,0.19718824403961466,0.1187274948420799
-0.08841014241374012,-0.20668893430737256,0.800476576241009,0.7120664338272689,0.022864601406077045,0.05019007740093895,0.6944672584839982,0.7173318598900752,-0.013158519619477782,-0.031216477640311435,0.7754375818552472,0.7622790622357695,-0.025038994385761737,-0.06128058897879374,0.050212628408500604,0.11419186768826739,0.07525162279426234
-0.12850424253073056,-0.30918675096973813,0.8364251969037722,0.7079209543730416,-0.06293485410409838,-0.1419587764408743,0.7613787609849667,0.6984439068808683,-0.03686790425808684,-0.08677404563034541,0.781568057493408,0.7447001532353211,-0.054857139410364186,-0.13987911494238237,0.03677919886227954,0.08253359039701036,0.09163633827264372
-0.1388687897598193,-0.3322860765003395,0.8372234159979731,0.6983546262381538,-0.004918724272961139,-0.011242578850751528,0.7444973942344691,0.739578669961508,-0.09446341085703125,-0.222116483992302,0.8071257634761176,0.7126623526190864,-0.030097652521855478,-0.0787781102652958,0.014307726380932584,0.031391482242741686,0.04440537890278806
-0.06649669564589544,-0.15634472119719645,0.794617686125882,0.7281209904799866,-0.03953766277314108,-0.08924061803461347,0.7510125844553498,0.7114749216822087,-0.03110167928889418,-0.07372092068646419,0.7835723701727448,0.7524706908838507,-0.01104531595313718,-0.027077174232699175,0.024349700403864083,0.055546626278033084,0.03539501635700126
-0.09368686661254644,-0.2167319002644128,0.7951956149189442,0.7015087483063978,-0.021912021068289378,-0.04950936607368517,0.7434357501470227,0.7215237290787333,-0.04228305977857649,-0.09806221540551041,0.7736805562254356,0.7313974964468591,-0.02151505869350856,-0.05233568787454468,0.029888748140461385,0.06633399698435771,0.051403806833969945
-0.2336038288409088,-0.5148490506113419,0.809043352093109,0.5754395232522002,0.0006846767283077426,0.0015272783629280973,0.7210810376343479,0.7217657143626557,-0.03520567546292874,-0.08219818737428453,0.7751714757779405,0.7399658003150118,-0.033871876315168414,-0.08353155645961907,0.16452627706281164,0.3491193067774383,0.19839815337798006
-0.0848578853917269,-0.19974522501747094,0.8036425415252006,0.7187846561334738,-0.0008900419947212024,-0.001986474345479383,0.7223686714106231,0.7214786294159019,-0.021326793361151952,-0.05182860117402477,0.794540896064345,0.773214102703193,-0.009101645460855678,-0.022716824897722088,0.054429446569719264,0.12519979894572408,0.06353109203057494
-0.08874318152899274,-0.21356613589186368,0.8197002409873266,0.7309570594583339,-0.036967390163326064,-0.08400540353359354,0.7554107172045351,0.7184433270412091,0.015782906798155416,0.03736833477922996,0.7596265810779249,0.7754094878760803,-0.06007365990940172,-0.14774144136997114,0.04445242841774644,0.10319302930112251,0.10452608832714816
-0.11980711672767042,-0.2762628816686583,0.8039888415309298,0.6841817248032593,0.009112911002422952,0.020126715007416474,0.7075322777328803,0.7166451887353033,-0.0767858888899392,-0.17897321768474184,0.793174587797318,0.7163886989073788,-0.010814253733611778,-0.026966368795096507,0.032206974104119435,0.07032329518881997,0.04302122783773121
-0.13786453395921727,-0.3189588438109048,0.8139417131570048,0.6760771791977875,-0.02578902315077436,-0.05962685279368252,0.7635466680109593,0.7377576448601849,-0.10403523528552494,-0.25209920551933207,0.8304930847655907,0.7264578494800658,0.016551371608585885,0.043301435302869784,0.05038067028227822,0.1101610735944425,0.03382929867369233
-0.08632115133568996,-0.2040625923649424,0.807181272750355,0.720860121414665,-0.02619819725737149,-0.05707975095846929,0.7112214260900961,0.6850232288327246,-0.026949571185010956,-0.060636146174319006,0.7422932963135255,0.7153437251285145,-0.06488797643682953,-0.15568730790080876,-0.005516396286150527,-0.012260861710185367,0.059371580150679004
-0.15738567660615965,-0.36791891938029675,0.8292114288775685,0.6718257522714088,0.053962495929062104,0.12618592363401326,0.731113591087137,0.7850760870161991,-0.06173740949759687,-0.14328604504308196,0.7832701254839908,0.7215327159863939,-0.045941303393577715,-0.11642016330444571,0.049706963714985064,0.10821271103276908,0.09564826710856278
-0.07905927934786927,-0.1861828833973953,0.8013844088357281,0.7223251294878589,-0.011487253107037465,-0.02576411578969351,0.7319893733331854,0.7205021202261479,-0.04764714871824616,-0.10972697896175854,0.7709422412788726,0.7232950925606264,-0.03044216755685558,-0.07428892621213379,0.0009699630727675324,0.00216697822350298,0.031412130629623114
-0.14081383662640767,-0.33360536403210417,0.8316311466716257,0.6908173100452181,0.012479784879973366,0.028388204759468127,0.7319138597784239,0.7443936446583973,0.014852377763021063,0.035550492127191635,0.7671925737597812,0.7820449515228023,-0.06443857291184452,-0.16138933484120832,0.09122764147758422,0.20776652131808748,0.15566621438942874
-0.11671110623202141,-0.2687259564489912,0.8015680610073961,0.6848569547753747,0.10003652096121707,0.2268418223098163,0.6823289701577143,0.7823654911189314,0.021616946242769774,0.05083606622271386,0.7520547633417878,0.7736717095845576,-0.0495132976656083,-0.11907646693719443,0.08881475480918288,0.20048555573451066,0.13832805247479119
-0.06475695402890025,-0.14922848332801752,0.7793623200745986,0.7146053660456984,0.037353963146111724,0.08546587012707896,0.7237116784189627,0.7610656415650744,-0.035565287547556834,-0.08623827992462152,0.8000352791101966,0.7644699915626397,0.02067295903559796,0.05074208390782875,0.049864625516941374,0.11373228731122476,0.029191666481343415
-0.20806091039333607,-0.4959073394692888,0.8611004987088764,0.6530395883155403,0.02752968847101933,0.06524936421580607,0.7542799222250344,0.7818096106960537,-0.08374897413267934,-0.19441787873552752,0.7933739127910618,0.7096249386583825,-0.06772658591781455,-0.17994234694882572,0.05658535034284218,0.12154711378493555,0.12431193626065673
-0.14561097436047554,-0.342642635532479,0.8290519095819251,0.6834409352214496,-0.028651242415386302,-0.06552431732588548,0.7565469860010294,0.7278957435856431,-0.02144466051979388,-0.05204092262485016,0.7937474754490106,0.7723028149292167,-0.03530443413291451,-0.090337823108388,0.08886187970776716,0.2002638897992408,0.12416631384068166
-0.12450497193073706,-0.29114735239956824,0.816113232040434,0.6916082601096969,-0.061582126642769186,-0.1385141411112767,0.7583289032873287,0.6967467766445595,0.025464940209972475,0.0625802073444941,0.7775812641234886,0.8030462043334611,-0.03853196791694535,-0.09586515276833252,0.11143794422376418,0.2578624069757298,0.14996991214070954
-0.14216428302850537,-0.32383241311754296,0.8037544779143602,0.6615901948858548,0.040956990603608245,0.09348213810263228,0.7198941538494267,0.7608511444530349,-0.0455145245365296,-0.10841168446188254,0.7935961775599637,0.7480816530234341,-0.010158300354396466,-0.025334851558848737,0.0864914581375793,0.19008587709681168,0.09664975849197577
-0.12101137303521936,-0.2807756392104759,0.8090793922254722,0.6880680191902528,-0.009634549361546174,-0.02197198714935178,0.7450457379503295,0.7354111885887833,-0.04756927240855824,-0.11199905564073198,0.7868415434647092,0.739272271056151,-0.022237848760762957,-0.05540274453400906,0.051204251865898165,0.11337383903573484,0.07344210062666112
-0.13000109344809252,-0.28895315818915934,0.7776394842188875,0.647638390770795,-0.05986553783138815,-0.13516077800360304,0.7607531497884045,0.7008876119570163,-0.06561674447271715,-0.15466691658159482,0.795944791404627,0.7303280469319099,0.018305307185739528,0.04470280597037357,0.0826896561611149,0.1789890475779381,0.06438434897537537
-0.12704083837056557,-0.28643465956669445,0.7890805851545003,0.6620397467839347,-0.00397944234386749,-0.008789461946070887,0.7141544284868734,0.7101749861430059,-0.10667844673680005,-0.2510176229933061,0.8128867714854491,0.706208324748649,0.023806186330948775,0.05964964977382747,0.044168577964714295,0.09506668634721582,0.02036239163376552
-0.13444448194582403,-0.31132072763794283,0.813190322364589,0.678745840418765,0.03202933979081646,0.07257301434870023,0.7186368725712233,0.7506662123620398,-0.06507705985325574,-0.1559554105210168,0.8065199733349112,0.7414429134816555,-0.00667034902967778,-0.016998774374754166,0.06269707306289052,0.13836654274217186,0.0693674220925683
-0.1036210395074928,-0.24540001687260027,0.8159009988408695,0.7122799593333767,-0.01922745245024393,-0.043383156290143,0.7409511255970993,0.7217236731468554,-0.06654326167019553,-0.14689917290863597,0.7434978020021065,0.6769545403319109,-0.07240319683876306,-0.175229211258348,-0.035325419001465796,-0.0767283672943837,0.037077777837297266
-0.15543592149072538,-0.35773894160654063,0.8171211660064599,0.6616852445157345,-0.007903127347648642,-0.017882062989659442,0.7377532470886906,0.729850119741042,-0.0002900612368690325,-0.0006766189960298874,0.7574834173526407,0.7571933561157717,-0.05963774865381921,-0.14605917134692747,0.09550811160003714,0.21100315126358327,0.15514586025385635
-0.13097736616230005,-0.31694198440893384,0.8408932537576632,0.7099158875953632,0.05397142932732191,0.1228338024591844,0.7106770549335649,0.7646484842608868,-0.02504511338228821,-0.05882970709083324,0.7745318715059434,0.7494867581236552,-0.06636138225171984,-0.16895833931084248,0.039570870528292,0.08915393800725813,0.10593225278001184
-0.19607299990375482,-0.44346539008245855,0.8189397623730107,0.6228667624692559,0.04912483854556604,0.11213416009182442,0.7156339581691987,0.7647587967147648,-0.045046560930863566,-0.11159015379307569,0.8168091753665032,0.7717626144356396,-0.0021305870065074783,-0.0055204210925188235,0.14889585196638377,0.32635481519686405,0.15102643897289125
-0.09477840865684528,-0.22833229291539991,0.8229818475225182,0.728203438865673,0.014385897443037199,0.03237752024321061,0.7220470477870852,0.7364329452301224,-0.08473268916049137,-0.19745233345509527,0.7965595892900884,0.711826900129597,-0.02642225823242983,-0.06735749343311248,-0.01637653873607592,-0.03647753397280784,0.010045719496353911
-0.11125988004308873,-0.2658735952978204,0.8249828907126006,0.7137230106695118,-0.00859561672475384,-0.01955229051022922,0.7424593787858712,0.7338637620611174,-0.020892478412893656,-0.04910651811869515,0.7729580411441547,0.752065562731261,-0.052024849568445886,-0.1300572976012706,0.03834255206174919,0.08670977957785464,0.09036740163019508
-0.16664126681708902,-0.38237420177797565,0.8192365760107676,0.6525953091936786,0.010371394889255425,0.024004534922031695,0.7464216013072292,0.7567929961964847,-0.11292186328402498,-0.2598248288748368,0.7994468911380724,0.6865250278540475,-0.019789684872695168,-0.05039374031259314,0.03392971866036887,0.07215563259054569,0.053719403533064036
-0.11076865846031558,-0.2659213842656376,0.8276646429401663,0.7168959844798507,-0.009948090686979882,-0.022000952313013133,0.7183559064936574,0.7084078158066776,-0.03417807747562007,-0.08202126241381036,0.7930190845554015,0.7588410070797814,-0.034645558384764796,-0.08845777315274272,0.041945022599930715,0.09544234869908452,0.07659058098469551
-0.19066742445803841,-0.4447010730946772,0.8403666121923955,0.6496991877343571,0.0032844416760843265,0.007435457887348118,0.7326134059147265,0.7358978475908108,-0.03575892210389453,-0.08233670793951386,0.7652095517823326,0.7294506296784381,-0.07515706041006287,-0.18966824673109128,0.07975144194408101,0.17269611842407206,0.15490850235414388
-0.1744112295273158,-0.39591408297103836,0.813734960644959,0.6393237311176432,-0.006657993745760038,-0.015094969933992175,0.7388012188112468,0.7321432250654868,-0.04758535759793414,-0.11339058361264165,0.7948296250309923,0.7472442674330582,-0.01890533561396668,-0.047662713660087785,0.10792053631541498,0.23486078569830893,0.12682587192938166
-0.14346016657841187,-0.34360149159799214,0.8396689751934089,0.696208808614997,-0.038629651787361774,-0.0861337178357302,0.7398749387941593,0.7012452870067976,0.002495899486634312,0.0059102097710934665,0.766444050586125,0.7689399500727593,-0.07322492460728391,-0.1848500744295749,0.07273114145776227,0.1646616269395107,0.14595606606504619
-0.0825766586883292,-0.19607472752715305,0.808447156449791,0.7258704977614618,0.01646047650580751,0.03701147296736185,0.7201685942576318,0.7366290707634393,-0.03197173568519085,-0.07544298513300918,0.7809756651817135,0.7490039294965226,-0.027471491268077575,-0.06804760914377272,0.023133431735060772,0.052584133250371146,0.05060492300313835
-0.19545577530178293,-0.48413012679263434,0.8787440412057618,0.6832882659039788,0.005475875753972903,0.012229427571921914,0.7197584353949309,0.7252343111489038,-0.06946064187379664,-0.1579373592473201,0.7710034161535146,0.701542774279718,-0.10774062505224713,-0.2866335560144675,0.018254508375739165,0.03955921153084674,0.1259951334279863
-0.08014890550261233,-0.187981387916051,0.7990715790915353,0.7189226735889229,-0.0034024011044268,-0.007950594545809597,0.7602795958136053,0.7568771947091785,-0.038676732386304535,-0.09046860048919436,0.7781211751652197,0.7394444427789152,-0.02095040392631553,-0.05132488149448333,0.020521769189992267,0.04618790593237332,0.0414721731163078
-0.1575455662568802,-0.3646022715644237,0.8220700332326695,0.6645244669757893,0.011555846799096159,0.026226055371620483,0.7305040632049741,0.7420599100040702,-0.013500079145176813,-0.03181536637953686,0.771164062821665,0.7576639836764882,-0.05090597041100442,-0.12669285126007868,0.09313951670069898,0.20609405392480817,0.1440454871117034
-0.09841432095055502,-0.23867492080444785,0.8285765533575046,0.7301622324069496,0.0448420352791441,0.1002319049884921,0.700191335244829,0.7450333705239731,-0.033585981264725784,-0.08363064533898923,0.8142309834700221,0.7806450022052963,-0.014345569887482479,-0.03746125940895695,0.05048276979834676,0.11758301605650168,0.06482833968582924
-0.12576354571317783,-0.3164629949723001,0.8603587678828496,0.7345952221696718,0.022574458865875058,0.05218801115369942,0.7393247770406443,0.7618992359065193,-0.04649943653276767,-0.1081202332360891,0.7775503441060927,0.731050907573325,-0.0828084237767569,-0.21635281385476057,-0.0035443145963467426,-0.008010052118549549,0.07926410918041016
-0.19396934119113285,-0.460657506178596,0.8537077116224064,0.6597383704312736,0.01044397626626814,0.023440745876527558,0.7216499216238766,0.7320938978901448,-0.0695321345774137,-0.15955025700835312,0.7782722544926584,0.7087401199152447,-0.07543545712974808,-0.1956139108751329,0.04900174948397107,0.10549333829510998,0.12443720661371915
-0.22350722142377966,-0.4811322616797906,0.7799346690602554,0.5564274476364758,0.04127827469345047,0.09261687238233929,0.7054359613665269,0.7467142360599773,-0.024667300724400598,-0.059701537898370294,0.7936937247425379,0.7690264240181373,0.013759055682282417,0.033598809156108356,0.21259897638166148,0.4550295329375287,0.19883992069937906
-0.21212165340476807,-0.48118086722374653,0.8272520561520386,0.6151304027472705,0.029224052746652962,0.06620602143133958,0.7199620141426925,0.7491860668893454,-0.06666293034728044,-0.15739558877494053,0.797549298375297,0.7308863680280165,-0.029702757776741584,-0.07613821981981106,0.11575596528074605,0.24764705862899494,0.14545872305748764
-0.2125027695363313,-0.4793921360305715,0.8228129183770969,0.6103101488407656,0.006530498388332195,0.01479994423989961,0.7318740386842738,0.738404537072606,-0.06158817203152922,-0.14249582335995914,0.780912340999124,0.7193241689675948,-0.041900577377972925,-0.10525267342569178,0.10901402012682915,0.2316436392449206,0.15091459750480207
-0.0972803048287968,-0.22670093024559979,0.8020941719090965,0.7048138670802997,-0.0009180244007130911,-0.0020740875205103038,0.7330335476425388,0.7321155232418257,-0.05361405982634282,-0.12168530274346523,0.7622422307613231,0.7086281709349803,-0.03985194114777335,-0.0966373861037928,0.003814303854680623,0.008378241398341757,0.043666245002453974
-0.07609054391207504,-0.17634132593759677,0.7887185417902978,0.7126279978782227,0.0029689762781439644,0.006689468080328442,0.728765322919794,0.731734299197938,-0.026782431215178204,-0.06138486688593758,0.7573653473392149,0.7305829161240367,-0.031353194451082866,-0.07489253145603669,0.017954918245813967,0.040063927595622495,0.04930811269689683
-0.12740422219952852,-0.31345142794917624,0.8490116082771735,0.721607386077645,0.024694709617119392,0.0542729207038084,0.6947363977999412,0.7194311074170606,-0.025401609455705354,-0.0616385324442148,0.7956120767110318,0.7702104672553265,-0.053399531566141634,-0.14005734431652161,0.04860308117768153,0.11175555118843983,0.10200261274382316
-0.14070114151105806,-0.3236330150759017,0.8107450094688029,0.6700438679577448,0.057258404474853086,0.12694164298742439,0.6860438795155789,0.743302283990432,-0.12157185247620017,-0.2811099428063344,0.8067958692860367,0.6852240168098366,-0.003949140182766153,-0.010041939518544485,0.015180148852091735,0.03248113275102282,0.019129289034857888
-0.032027245739747134,-0.07614101889217917,0.7859740437588415,0.7539467980190944,0.036378847589528696,0.08421444992501304,0.7331508861242311,0.7695297337137598,-0.0285315902661325,-0.06954731983109275,0.7998016924828822,0.7712701022167497,0.013827648724040742,0.03412666057534963,0.017323304197655376,0.040720359636436054,0.003495655473614634
-0.10175949866336653,-0.22980729126176302,0.7797078487481172,0.6779483500847506,-0.0038664306138216364,-0.008480885823424877,0.7072469967518281,0.7033805661380065,-0.11215118777461675,-0.2579563227445565,0.7988381549672958,0.6866869671926791,0.01913030621917866,0.04691894086939197,0.008738617107928448,0.018769909386598504,-0.010391689111250213
-0.1267057224149185,-0.2971310831863756,0.8189882858949479,0.6922825634800294,-0.03795022639153034,-0.08574176940038747,0.7510883295285834,0.7131381031370531,-0.03437281469788711,-0.08270448804182173,0.7947434763150544,0.7603706616171673,-0.0242448095798935,-0.06144419843604121,0.0680880981371379,0.15298239670851266,0.0923329077170314
-0.08445895931477032,-0.20426171456630327,0.8208330817094103,0.73637412239464,0.016597329578081466,0.03791229883506464,0.7331611305481801,0.7497584601262616,-0.04897241081299519,-0.11302466212899365,0.7732072306147663,0.7242348198017711,-0.04762585109464401,-0.1185915892394247,-0.012139302592868884,-0.02735453680211508,0.03548654850177513
-0.16598837028287117,-0.37121188608863176,0.7977421712979679,0.6317538010150967,0.03309536767015919,0.07434508770289261,0.7107646693832894,0.7438600370534486,-0.02162862107633612,-0.05096175363443178,0.7749975333022109,0.7533689122258748,-0.02274463799575699,-0.055510074191882364,0.12161511121077806,0.2647400582623176,0.14435974920653505
-0.1339236553648605,-0.31545089048761943,0.8249810300742012,0.6910573747093407,0.007419436129253998,0.01684263767429517,0.7328022198128585,0.7402216559421125,-0.05502904722023305,-0.12861975126643488,0.7852400151933118,0.7302109679730787,-0.039741014880889436,-0.10044430781812741,0.03915359326373802,0.08638683140305714,0.07889460814462745
-0.08571628896291283,-0.20907400675840826,0.8264371394572599,0.7407208504943471,0.0381155042509701,0.08634730498006737,0.7153009103485678,0.7534164145995379,-0.042241104288544884,-0.1013342383936684,0.7966069338516825,0.7543658295631376,-0.029830205605577476,-0.07632770093465613,0.013644979068790475,0.031412067430083734,0.04347518467436795
-0.17290805473421922,-0.391073551166522,0.8101529103427145,0.6372448556084953,-0.0014038458594123338,-0.0031902310692957236,0.7381043596269504,0.7367005137675381,-0.0791940238288642,-0.1945663211291846,0.8277178225423681,0.7485237987135039,0.017564912199653615,0.04562675631370361,0.11127894310500863,0.242133986351041,0.09371403090535502
-0.16211159911782969,-0.35303778144509534,0.7702679275206149,0.6081563284027852,0.02031586193211965,0.045770876821495055,0.7198989365260972,0.7402147984582168,-0.0630015314753557,-0.14486713189704892,0.7769002801479999,0.7138987486726442,0.006632352627385041,0.015847864688729896,0.10574242026985903,0.22401851423677632,0.09911006764247399
-0.12803364143546958,-0.29941359421391955,0.8176117035397948,0.6895780621043253,0.029917207445198102,0.06737935650386939,0.7146482893635059,0.744565496808704,-0.014337423108272906,-0.03386045409417848,0.7730114628810799,0.758674039772807,-0.04460024065871493,-0.11068811048114036,0.06909597766848175,0.15486502963860072,0.11369621832719667
-0.08390422651816698,-0.19812453911021555,0.80535499493939,0.721450768421223,0.03491588174428095,0.08028024899866715,0.7287957233426684,0.7637116050869494,-0.039961312820638195,-0.09576208234477113,0.7948549341251266,0.7548936213044884,-0.010500060814263357,-0.026257349414053,0.03344285288326543,0.07610510735139142,0.043942913697528785
-0.14666524001638226,-0.3509455264559149,0.8403578337035928,0.6936925936872106,-0.003937654879244024,-0.008907232926642639,0.7355674664090318,0.7316298115297878,-0.056738622835221464,-0.13059016079402808,0.7747437494250385,0.7180051265898171,-0.06561408427855431,-0.16698843950008158,0.024312532902606487,0.05336692616180527,0.0899266171811608
-0.0973494110300629,-0.22787869567862562,0.80528227647123,0.7079328654411671,0.023573288002316062,0.05345695302496667,0.7236986313449411,0.7472719193472571,-0.07433903416138143,-0.1704898884327506,0.7800362715621203,0.7056972374007389,-0.025246004909109665,-0.0622998817739302,-0.002235628040428206,-0.00491107452805517,0.02301037686868146
-0.20467871947436134,-0.4667094974698396,0.8287092798659387,0.6240305603915773,0.0031604845313414343,0.006874784213905194,0.6950286704851241,0.6981891550164655,-0.034990858592715335,-0.08210150538808803,0.7785411495457418,0.7435502909530265,-0.050168130320196846,-0.12651952666475497,0.11951973056144916,0.2580884654169966,0.169687860881646
-0.15232430616080572,-0.3547253539155588,0.8245078496221819,0.6721835434613762,-0.01882314174015909,-0.04394090215106505,0.7671596566226527,0.7483365148824936,-0.10301476645787033,-0.23519423897006186,0.7891668344861332,0.6861520680282629,-0.035341015136048703,-0.08960527224253978,0.013968524566886686,0.029925842702957173,0.04930953970293539
-0.09379742614129105,-0.21819130928975317,0.7992848842702994,0.7054874581290084,-0.026335449530767607,-0.05942083439341728,0.744396411238961,0.7180609617081934,-0.03215693543141507,-0.07590375746985023,0.7812758269841481,0.749118891552733,-0.01800905728615132,-0.04424562274578392,0.043631433423724664,0.09804192907411902,0.061640490709875984
-0.0779769220041211,-0.18367454949822637,0.8010514045292103,0.7230744825250892,0.02958660329682794,0.06829888673522788,0.7346024141827069,0.7641890174795348,-0.09239484893801198,-0.22225177897841952,0.8210102684348911,0.7286154194968791,0.0199588639056808,0.050998559329431536,0.005540936971789923,0.012421329849238383,-0.014417926933890879
-0.023800287892063232,-0.06062679570814966,0.8213402745384181,0.7975399866463548,-0.026285967189356607,-0.058741678481314175,0.7359826759914635,0.7096967088021069,-0.031205276160220174,-0.07623624780358407,0.8024015161225974,0.7711962399623772,-0.01893875841582071,-0.04847343748163446,-0.026343746683977654,-0.06408288957706887,-0.007404988268156942
-0.03234619860579091,-0.07943537962662894,0.8059440382043218,0.7735978395985309,0.0057961006000801785,0.013011520874719462,0.724172848496713,0.7299689490967932,-0.03301409034517566,-0.0763908942335525,0.767591663776234,0.7345775734310583,-0.03835237442808781,-0.0937207539554592,-0.03902026616747256,-0.09067626856238276,-0.0006678917393847517
-0.17890668949318123,-0.41228596588265587,0.8272246489414504,0.6483179594482692,-0.026720383467885078,-0.059947517901902,0.7396775923548534,0.7129572088869683,-0.017879957402780478,-0.04262231938699168,0.7808987693645535,0.763018811961773,-0.04632587957689693,-0.11689700609137077,0.11470085251350381,0.2527666404042934,0.16102673209040075
-0.06347495279791338,-0.15562153469962414,0.8194773199530682,0.7560023671551548,-0.005999720892508553,-0.013963505397556641,0.7586875206814252,0.7526877997889166,-0.09261454145326342,-0.21346077138863073,0.7919623820533044,0.699347840600041,-0.02751493789976378,-0.06958362317822209,-0.05665452655511383,-0.12742285986722868,-0.029139588655350046
-0.09579202292098166,-0.23069501559345706,0.8232102142595955,0.7274181913386139,-0.012183266987253694,-0.027159992971323543,0.7269082849884022,0.7147250180011485,-0.07260137856958415,-0.16462372802352276,0.7701692593473628,0.6975678807777786,-0.05304095491223271,-0.13204413757739086,-0.029850310560835203,-0.06597285000745656,0.023190644351397505
-0.20294956482423343,-0.48097032735732315,0.8556281442177025,0.6526785793934691,0.06346683833071332,0.14500812116793416,0.7086770720717359,0.7721439104024492,0.004477788141101446,0.011090205446924184,0.7926729958163053,0.7971507839574068,-0.06295514840139715,-0.16597707777149528,0.14447220456393772,0.32608345503275205,0.20742735296533488
-0.08297963700093525,-0.20104391145003575,0.8212598879024066,0.7382802509014713,0.00039059427556109583,0.000870740785657631,0.7206636338077356,0.7210542280832967,-0.04574841831605625,-0.1049757051761282,0.7672896797401499,0.7215412614240937,-0.05397020816225662,-0.1337721807850203,-0.01673898947737762,-0.03770397451111274,0.037231218684879
-0.015263464224210654,-0.03587816464710869,0.7702570301007937,0.7549935658765831,-0.007397600019618644,-0.01673225637871889,0.7372046300912882,0.7298070300716696,0.008615935541279929,0.02060685949754193,0.7698631455560129,0.7784790810972928,-0.00039388454478084256,-0.0009360509490599078,0.02348551522070974,0.05554897319559071,0.023879399765490583
-0.08135722441004489,-0.19455284321886657,0.8124748294921064,0.7311176050820615,-0.034030255686504085,-0.07715481419521852,0.7521388145702185,0.7181085588837144,-0.021497439672726104,-0.05011411064983573,0.7674684191248843,0.7459709794521582,-0.04500641036722208,-0.11063405830902662,0.014853374370096706,0.03380467426000422,0.05985978473731879
-0.07685776457267213,-0.1804550365611286,0.7983402121722712,0.7214824475995991,-0.07942416026383536,-0.17676280070244443,0.756987843795493,0.6775636835316576,-0.011990356382197032,-0.02950521653324456,0.7972409866972954,0.7852506303150983,-0.0010992254749758734,-0.002736793411396654,0.06376818271549922,0.1482130266164874,0.0648674081904751
-0.17030588088153698,-0.39396297232252575,0.8267428954313424,0.6564370145498054,-0.03492657726268156,-0.07712589015494298,0.7290222229859958,0.6940956457233143,-0.06697955280061685,-0.1565907373864146,0.7908988694247926,0.7239193166241757,-0.03584402600654979,-0.09124316867505566,0.06748230207437034,0.14612906626105548,0.10332632808092013
-0.07003959665248949,-0.16680072947969338,0.8047720617490919,0.7347324650966024,0.017223852301274878,0.039442850554840536,0.734829940502289,0.7520537928035639,-0.020739233343176955,-0.049963964845195274,0.7889752739067751,0.7682360405635982,-0.01579678784231675,-0.039270320078927945,0.03350357546699578,0.07756644455557016,0.049300363309312534
-0.10536658637229601,-0.24733026884986775,0.8106644809135455,0.7052978945412495,0.03352907459030152,0.07386203937273206,0.6924799872463231,0.7260090618366246,0.020921909275503636,0.05034187660475231,0.7673773304932361,0.7882992397687397,-0.043287150420309395,-0.10622026230609682,0.08300134522749025,0.19145188314852324,0.12628849564779965
-0.15093010484735192,-0.3500238904172279,0.8209697846209064,0.6700396797735545,-0.03802150828426798,-0.0867112051153609,0.7588079956937354,0.7207864874094674,0.007208663570161367,0.017191042056663886,0.7687103357240449,0.7759189992942063,-0.052259448896861516,-0.12964961943341313,0.10587931952065177,0.23756531304047868,0.1581387684175133
-0.1357474320155584,-0.3158231864465979,0.817142827547912,0.6813953955323536,0.016885130946121207,0.03917730477054082,0.7449285521696988,0.76181368311582,-0.010853679207642686,-0.02546403198403624,0.7667738259831292,0.7559201467754865,-0.050369001564782856,-0.12429454237203519,0.07452475124313285,0.16606461209052648,0.1248937528079157
-0.08798728221018925,-0.21377381219154046,0.8251282868342388,0.7371410046240495,-0.020875821040650444,-0.047882914235058305,0.7550885354035204,0.73421271436287,-0.043283999771479564,-0.09871180786972511,0.7612905739679511,0.7180065741964715,-0.0638377128662877,-0.1580465385159906,-0.01913443042757801,-0.04298453419417525,0.04470328243870969
-0.19415100617714343,-0.45299087178629627,0.8419150812779846,0.6477640751008412,0.019536719071929,0.04418353093449934,0.7235245141632386,0.7430612332351676,-0.028257638590852507,-0.06691823315481171,0.7815991507591716,0.7533415121683191,-0.06031593051881301,-0.15474794104531897,0.10557743706747791,0.23132469758616558,0.16589336758629092
-0.11649112785491822,-0.2797454779930124,0.8302635808266029,0.7137724529716847,0.02073128776972144,0.04921827154959946,0.7588951413936957,0.7796264291634172,-0.02971958838635458,-0.07184467820183249,0.7954065075466187,0.7656869191602641,-0.03485707327998422,-0.08945451327979992,0.05191446618857942,0.11844628651138,0.08677153946856364
-0.10317719838107364,-0.2492047074507564,0.8281616888020588,0.7249844904209851,0.009411444274361136,0.02131718794445714,0.7299600276179529,0.739371471892314,0.00484913562967304,0.011892098997199785,0.7869297956282305,0.7917789312579036,-0.04123189317382825,-0.10472436365251969,0.06679444083691843,0.1563724427954365,0.10802633401074668
-0.08778373789232763,-0.19902983866093238,0.7768792038715274,0.6890954659791998,-0.008081299046686308,-0.018351168460576606,0.7408197463515845,0.7327384473048982,0.008988053583007027,0.0208412238235276,0.7484849068838573,0.7574729604668643,-0.028394296987670153,-0.0667678032938106,0.0683774944876645,0.15310325919064938,0.09677179147533466
-0.18751193327516102,-0.4244598268478508,0.8164305610090934,0.6289186277339324,0.023346962937038307,0.05377751859860869,0.7361828033654119,0.7595297663024502,-0.02587146243388727,-0.060385365618496056,0.770469224638438,0.7445977622045508,-0.04596133637065536,-0.11369042926870199,0.1156791344706184,0.25038403196065273,0.16164047084127375
-0.14646871486689883,-0.336499475713129,0.8121765804056911,0.6657078655387922,0.05547381769308379,0.12514301370549585,0.7025564172849438,0.7580302349780276,0.0003874029251429434,0.0009449041164804051,0.7859997744238248,0.7863871773489678,-0.026176805981866225,-0.06536168174287971,0.12067931181017555,0.2720826980867297,0.14685611779204177
-0.13966017399458253,-0.33129544648794407,0.8320010712745374,0.6923408972799548,0.018354875634728374,0.04172229818152351,0.7283289372818053,0.7466838129165336,-0.02184626836043624,-0.052582417532625936,0.7889407573988053,0.7670944890383691,-0.04306031387573206,-0.11002801258286121,0.07475359175841423,0.16868501637245692,0.11781390563414629
-0.0679579504732315,-0.1815557658000837,0.8635353065338816,0.79557735606065,-0.001800633982488975,-0.004140082122603417,0.7475536604761853,0.7457530264936963,-0.009604397443520263,-0.023625231047637918,0.7958567291590796,0.7862523317155593,-0.06767857737480198,-0.18086283604784725,-0.009325024345090749,-0.02293230129540147,0.058353553029711236
-0.1487937331941781,-0.3433922948250643,0.8165284041317036,0.6677346709375255,0.008979401491660877,0.020395982503421894,0.7325004814389097,0.7414798829305705,-0.017695627759372945,-0.041823053865702065,0.7751621545758299,0.757466526816457,-0.041366249555873646,-0.10274308833936452,0.08973185587893151,0.1988261526199977,0.13109810543480516
-0.1281858418519487,-0.31713299124304495,0.8523965286559231,0.7242106868039744,-0.021203475931164673,-0.04835755909145956,0.7507483113684309,0.7295448354372662,-0.06739365065716652,-0.15947102745136954,0.7993532558787432,0.7319596052215767,-0.053043272777179906,-0.1402461668514281,0.00774891841760228,0.017415796940247308,0.060792191194782186
-0.17484385953522708,-0.3959248690072026,0.8118919203447269,0.6370480608094998,-0.05106712148733317,-0.11236634857285388,0.7331469540779674,0.6820798325906342,-0.04765765288975021,-0.11272721668579155,0.7900069983380988,0.7423493454483486,-0.02188492200662806,-0.05482869927566414,0.1053012846388488,0.2283689530457469,0.12718620664547686
-0.1296744253332489,-0.2833233547121199,0.7606247169759609,0.630950291642712,-0.03567090971726983,-0.08126207860814105,0.7568176626129229,0.7211467528956531,-0.04845050425062958,-0.11329217564457661,0.7824827046594188,0.7340322004087892,0.021857987683457925,0.052076974976755785,0.10308190876607726,0.22210815404429907,0.08122392108261933
-0.06389376600370478,-0.15228153376488507,0.80248142922966,0.7385876632259553,0.0031012075932387306,0.007096910608604734,0.7414452489583406,0.7445464565515794,-0.0671956413086906,-0.16347226538193027,0.8166554297860978,0.7494597884774072,0.014174000556437805,0.03610470332419968,0.01087212525145198,0.02491397170715448,-0.003301875304985824
-0.12165762227216759,-0.2914493666131266,0.8309181149717992,0.7092604926996317,-0.031223340551848056,-0.06995872910440726,0.740696798472796,0.709473457920948,-0.06504648174100225,-0.14797606705512223,0.7694053363419114,0.7043588546009092,-0.0615127786298878,-0.1542408912622495,-0.004901638098722461,-0.010767591704245127,0.05661114053116534
-0.13849295189350885,-0.32558580650889946,0.8255380767833942,0.6870451248898853,-0.00447808810825423,-0.010075333619308235,0.7312627023871139,0.7267846142788597,-0.1024209720956748,-0.23900740509371787,0.8052925261317226,0.7028715540360478,-0.02024555065167155,-0.05220228092789503,0.015826429146162502,0.034376120487286554,0.03607197979783405
-0.1315527094590927,-0.30578615755083605,0.814768335778057,0.6832156263189643,0.011523275977176617,0.026349574259360686,0.7365755157220434,0.74809879169922,-0.032365476373588886,-0.07743328363072166,0.7902149775712063,0.7578495011976174,-0.024553358206850673,-0.06170015005677065,0.07463387487865314,0.16665272386334373,0.09918723308550381
-0.0772213506306717,-0.18277680560754606,0.8039654806976387,0.726744130066967,-0.025308307024997978,-0.05634179419897545,0.7320500592047933,0.7067417521797953,-0.06217170952942608,-0.14323666489019748,0.7779975408456005,0.7158258313161744,-0.02596793985203827,-0.06389243687472845,-0.010918298750792643,-0.024352296157379882,0.015049641101245625
-0.09673163689119002,-0.23063777505999195,0.8173329709387608,0.7206013340475708,-0.003156322534592415,-0.00708941652773154,0.7291328223245158,0.7259764997899234,0.013672370779549081,0.03177854486054832,0.7478448060550469,0.761517176834596,-0.0694881648837139,-0.1689474872253922,0.0409158427870252,0.09346883269514805,0.1104040076707391
-0.14566459064305726,-0.33465984169059926,0.8118699169479736,0.6662053263049164,-0.016212969303817215,-0.03553486506496073,0.7125472561204594,0.6963342868166422,-0.05196980747281821,-0.1253368371180743,0.8044488221680793,0.7524790146952611,-0.007421094779894277,-0.01884809307155244,0.08627368839034477,0.1904749115009725,0.09369478317023905
-0.190422909058786,-0.4771540464561168,0.8829294730878781,0.692506564029092,0.030978526986110255,0.07007345045435498,0.7177759879984354,0.7487545149845457,0.013744891210565324,0.033963453670779575,0.7866920823065753,0.8004369735171406,-0.09623739078130278,-0.2617455565566513,0.10793040948804855,0.24937194357024506,0.20416780026935133
-0.13384084305664112,-0.2995506358412814,0.7855008862169511,0.65166004316031,0.060231104438237204,0.13630346649625702,0.7026470578692455,0.7628781623074827,-0.04261077366988775,-0.10242484833262289,0.7980270582705801,0.7554162846006923,0.012526172053628937,0.030852224246481263,0.10375624144038231,0.22797801175513976,0.09123006938675338
-0.1454600344040231,-0.33738299058343557,0.8188718627810113,0.6734118283769882,0.01456954046612502,0.033057132964552594,0.728759603184265,0.74332914365039,-0.008599062342079966,-0.020678110241685754,0.7818811494680596,0.7732820871259797,-0.03699071331295167,-0.09263147552010542,0.09987025874899147,0.2240734048216444,0.13686097206194314
-0.06700363058825409,-0.15759135013638126,0.7950863873346079,0.7280827567463538,-0.014903059202448832,-0.03378272115386105,0.7427328222000845,0.7278297629976357,-0.018079843498465586,-0.04158553817812427,0.7558753892916572,0.7377955457931916,-0.039210998042950695,-0.09405144800328369,0.00971278904683781,0.0219543639549733,0.048923787089788506
-0.13373910122055377,-0.3164519333962412,0.827941505753725,0.6942024045331713,0.0019695555196131975,0.004342206219613676,0.7093981351546131,0.7113676906742263,-0.06417964684224942,-0.14799470286360839,0.7795917026389696,0.7154120557967202,-0.04834980311475545,-0.12195130266900556,0.0212096512635489,0.04650592786362728,0.06955945437830435
-0.12465817340958885,-0.2883336206628557,0.8083097783812775,0.6836516049716886,0.03091604341998,0.06996807164362906,0.7182379145142864,0.7491539579342664,-0.054715811672780834,-0.12725262997188835,0.7815371894988264,0.7268213778260456,-0.026772588882451043,-0.06634023237522069,0.04316977285435697,0.09474075831574669,0.06994236173680801
-0.10803926504819683,-0.2611875524332796,0.830785461807428,0.7227461967592311,-0.028656822545990113,-0.06314362983964528,0.7239019241763724,0.6952451016303823,-0.011430047693120504,-0.027370449891364945,0.7806344390234071,0.7692043913302866,-0.05015102278402084,-0.12699357843535974,0.04645819457105549,0.10682352410655493,0.09660921735507633
-0.035848177948396676,-0.08343304194540124,0.7732046051196227,0.7373564271712261,-0.020523109189661604,-0.04552916759372505,0.7264756337666819,0.7059525245770203,-0.048204791536206715,-0.11403610604915704,0.790348826059975,0.7421440345237683,0.017144220940352284,0.04151457469187303,0.004787607352542245,0.010911510588117235,-0.01235661358781004
-0.14819072341027428,-0.37123868603613097,0.8669917397098169,0.7188010162995426,-0.012577281265339857,-0.027968327307078322,0.7248059553470935,0.7122286740817536,-0.10256564807728286,-0.2292101811884215,0.7709383843051691,0.6683727362278863,-0.09605335540464777,-0.2515002149798504,-0.05042828007165634,-0.10947171013214096,0.04562507533299143
-0.12432596816037045,-0.29947715357273363,0.8354076819991755,0.711081713838805,0.028009907148836,0.06334959140284457,0.7192009322621415,0.7472108394109775,-0.0563019438981579,-0.12909872540322453,0.7716488890101215,0.7153469451119636,-0.06375879298905396,-0.16094745490743678,0.004265231273158587,0.009430973262072317,0.06802402426221255
-0.033063930416157294,-0.07975604738069775,0.795677248983706,0.7626133185675487,0.0321908855495282,0.07413020786496016,0.7314084285218533,0.7635993140713815,-0.06314137670238174,-0.1450231125420096,0.7760883970638234,0.7129470203614416,-0.019588851919882577,-0.0477645622599181,-0.04966629820610702,-0.11303162742122996,-0.03007744628622444
-0.037008327591777745,-0.085437984828026,0.7677923288773972,0.7307840012856195,0.02487784909116486,0.056462569213599156,0.7237150515506325,0.7485929006417974,-0.04986394064436661,-0.11524222815344576,0.7746641134340795,0.7248001727897129,0.006871784556682248,0.01636016788783179,-0.005983828495906618,-0.013444075437587966,-0.012855613052588866
-0.11215454981911155,-0.25438932386048085,0.7878037144357332,0.6756491646166216,-0.014684200686067905,-0.033441596125726836,0.7464181268304036,0.7317339261443357,-0.0352037447966419,-0.08227541763970958,0.7758751690489616,0.7406714242523197,-0.011928545386771572,-0.02888529302859233,0.06502225963569808,0.14322861319217894,0.07695080502246965
-0.11574035934981053,-0.26715913086049503,0.8030419941571284,0.6873016348073179,0.014855122302654733,0.03444828741468742,0.7455618103876199,0.7604169326902747,0.003096704401099548,0.007326556819845287,0.7655651561407764,0.7686618605418759,-0.03747683801635204,-0.09119394091991939,0.08136022573455803,0.18329174676042093,0.11883706375091008
-0.05453523462056531,-0.13515587195031786,0.8214515760740344,0.7669163414534691,-0.011379699840029622,-0.026176801089518253,0.7526579964870209,0.7412782966469913,-0.04407222346617101,-0.1007269718952788,0.7633814167181917,0.7193091932520207,-0.0580701593558427,-0.14349486505622355,-0.0476071482014484,-0.10906596500118448,0.010463011154394297
-0.12392577069502786,-0.2868247957250196,0.8084808314372091,0.6845550607421812,-0.01803244043644181,-0.04090707848355102,0.7448806815963772,0.7268482411599354,-0.02979962201250408,-0.07192456428016492,0.79448096649194,0.7646813444794359,-0.013999864945269058,-0.03510238519153708,0.08012628373725472,0.17979784625331763,0.09412614868252378
-0.15299839336794896,-0.35437428585219255,0.8208772038979072,0.6678788105299582,0.003124191469184634,0.006939620469821328,0.7159738944156463,0.7190980858848309,-0.019813706616711557,-0.046086107083924244,0.7650433710658985,0.7452296644491869,-0.05583383283200871,-0.13808085431395467,0.07735085391922869,0.17020732445431364,0.1331846867512374
-0.11906489194367209,-0.2736685791279747,0.8012366931442415,0.6821718012005694,-0.015590596295843029,-0.0361219067832641,0.7601270173097303,0.7445364210138873,-0.032752043981083556,-0.0768975436361301,0.7779161968228329,0.7451641528417493,-0.023320496321408646,-0.057232485818707435,0.06299235164117989,0.13953854967313717,0.08631284796258853
-0.06309443360653788,-0.1487276638282209,0.7948223692563001,0.7317279356497622,-0.014592424245239433,-0.03368484815032602,0.7568929495204145,0.7423005252751751,-0.053513765385695966,-0.12301681364205974,0.7723117900812554,0.7187980246955594,-0.02251057917504473,-0.05467868098058881,-0.012929910954202817,-0.028967830794427663,0.009580668220841915
-0.1621459772309043,-0.37579717361875375,0.824948193933026,0.6628022167021217,0.005136666670918721,0.011760998596496375,0.740827305197839,0.7459639718687577,-0.032084494893085846,-0.07492139711033641,0.7737816595296336,0.7416971646365478,-0.05116653440339236,-0.1279986752439206,0.07889494793442609,0.17287710126449674,0.13006148233781845
-0.10608067119932796,-0.2525862241528736,0.8204812070515798,0.7144005358522518,-0.03244247459622607,-0.0732436268796941,0.7478353729665304,0.7153928983703043,-0.02517035461333683,-0.059750186463987554,0.7816997554818675,0.7565294008685307,-0.038781451569712244,-0.0972566859347852,0.04212886501627888,0.09557935175410082,0.08091031658599113
-0.09558370143241457,-0.22413635173390523,0.8057290952793722,0.7101453938469576,0.018348142866218886,0.04159311618937345,0.7260889363514016,0.7444370792176205,-0.07406784601680982,-0.1715478238303283,0.7873544876336255,0.7132866416168157,-0.01837460764574672,-0.045653631024626495,0.0031412477698580243,0.006934896878950436,0.021515855415604745
-0.08366760438520682,-0.2051561514683522,0.8285805660762557,0.7449129616910489,-0.004845550343068883,-0.010855443701941692,0.7277001220680063,0.7228545717249374,-0.023505355426111207,-0.054366018173579445,0.762706002016917,0.7392006465908058,-0.06587456405933878,-0.1638469545822594,-0.0057123151002431705,-0.013056821287486642,0.06016224895909561
-0.1084540055816593,-0.2504532745033623,0.8002789552265481,0.6918249496448888,-0.030031981878425817,-0.06826066050287949,0.7522797988866862,0.7222478170082604,-0.007524256556019515,-0.017639491304180854,0.7646044656143047,0.7570802090582852,-0.0356744896122434,-0.08653070910465122,0.06525525941339638,0.14628307409453023,0.10092974902563978
-0.15136381805336074,-0.3429898723910749,0.8032221377164254,0.6518583196630646,0.016329940549462685,0.03618169500050339,0.706922134567876,0.7232520751173387,0.025386748510459634,0.060158878769698276,0.7552645799601126,0.7806513284705723,-0.04795755775631272,-0.11578094272027295,0.12879300880750766,0.28736780844050025,0.17675056656382038
-0.21642382733713172,-0.561946879653582,0.9085363332191806,0.6921125058820489,-0.019748926905986175,-0.043614286551743486,0.7217953056367881,0.7020463787308019,-0.002913953858743601,-0.006791852115456631,0.7582176380286065,0.7553036841698629,-0.15031869519057406,-0.41363224329220616,0.06319117828781406,0.14152278424591924,0.21350987347838812
-0.08726213294621765,-0.21873540595330532,0.8421887136013472,0.7549265806551295,0.05117271839894266,0.11700009401800182,0.7158391801455434,0.767011898544486,-0.0740663914801254,-0.17312863705614667,0.7939814769777076,0.7199150854975822,-0.04820723662363957,-0.12521129723758495,-0.03501149515754731,-0.0796045283404263,0.013195741466092259
-0.18337191921010465,-0.4453304392019566,0.8634092366202406,0.680037317410136,0.008959550457099064,0.019833764986013858,0.7098256269310919,0.7187851773881909,-0.010376929610516505,-0.023876737716808982,0.7523757188410585,0.741998789230542,-0.11103351777918213,-0.2845843242376236,0.06196147182040601,0.13686937724752402,0.17299498959958814
-0.15205945499993812,-0.3348756579224015,0.7778042934210133,0.6257448384210752,-0.01987196952681014,-0.04332884085047439,0.7089477394785867,0.6890757699517766,-0.06024744650097136,-0.13702453459684794,0.7670020076197105,0.7067545611187391,-0.010802285801302824,-0.025765451029143183,0.08100972269766393,0.17208567229641036,0.09181200849896676
-0.0973649414349681,-0.23370983197573558,0.8218471223687467,0.7244821809337786,0.01244382435567326,0.02866717129619145,0.7418701043824019,0.7543139287380751,-0.040857658322624446,-0.09732264350156328,0.7914282625239047,0.7505706042012803,-0.03041885984484194,-0.07707614224511161,0.026088423267501715,0.05931104622906069,0.056507283112343654
-0.053341681648251704,-0.12468741054758148,0.7845234658461436,0.7311817841978919,0.03400533871130029,0.07654437913397016,0.7120450138101075,0.7460503525214078,0.019643737829525776,0.04579705967585124,0.7469897500281385,0.7666334878576643,-0.03753371581800513,-0.0886856282846149,0.03545170365977235,0.08179884193881781,0.07298541947777748
-0.09303875566129016,-0.22342942302116509,0.8202612703035471,0.727222514642257,0.0184024843207089,0.040729483062635685,0.7048302507140982,0.7232327350348071,-0.06275906266848241,-0.14979556381215176,0.8029026629534398,0.7401436002849574,-0.017358607350107302,-0.04440083181157295,0.012921085642700447,0.02923302739744038,0.03027969299280775
-0.0842070395000939,-0.20356438107406838,0.8204604507189854,0.7362534112188915,0.04077992816517628,0.09149178033832772,0.7056319815778008,0.7464119097429771,-0.10079424665468528,-0.2422839496315139,0.8242030087875132,0.7234087621328279,0.003742558068527746,0.00979141645227699,-0.012844649086063642,-0.028928152105168525,-0.016587207154591388
-0.07867153939114158,-0.18938461943118146,0.8154396570550918,0.7367681176639502,0.002845915361471607,0.0064197350225656535,0.7298288900863806,0.7326748054478522,-0.055524005798779696,-0.1333694662248357,0.8035943685849455,0.7480703627861658,-0.01184528847014632,-0.03016836177401938,0.01130224512221556,0.025846791432326377,0.02314753359236188
-0.0836467726145812,-0.19335330724523314,0.7901848482914868,0.7065380756769056,0.007946252775317908,0.017891747316261863,0.7256777065118941,0.733623959287212,-0.05790903337511544,-0.13522020871787932,0.7858851469059215,0.727976113530806,-0.0042997013855653465,-0.010520550109151205,0.021438037853900416,0.047612548418202616,0.025737739239465762
-0.10754188827065647,-0.24128883599609208,0.776609694845556,0.6690678065748995,0.001423733087032808,0.003228005749893459,0.7348062945590622,0.736230027646095,-0.08556739332918006,-0.201981839582269,0.8058575950004271,0.720290201671247,0.02924790015487111,0.07200299670642307,0.05122239509634752,0.11130999312024614,0.021974494941476408
-0.12136584208759105,-0.2814551979451816,0.8088581162099903,0.6874922741223992,0.0026934848526262156,0.006107491573301704,0.7342507326441248,0.736944217496751,-0.05158820611061765,-0.12053457061135431,0.7833919469059554,0.7318037407953377,-0.02546616930403489,-0.06323838895609368,0.044311466672938504,0.0976822383777336,0.0697776359769734
-0.11403586483448591,-0.26416950207775436,0.8049742960290457,0.6909384311945598,-0.003145966202766415,-0.007205919291609408,0.745285079230687,0.7421391130279206,-0.04464238974822454,-0.10497478549932637,0.784602181363367,0.7399597916151425,-0.020372114665678676,-0.05045788343337465,0.049021360420582694,0.10873683314505334,0.06939347508626137
-0.14199972026381813,-0.3308898935746074,0.8208102764306306,0.6788105561668125,-0.0398533549887331,-0.09245811708762508,0.7727770968582975,0.7329237418695644,0.028955435291246223,0.06982853525452803,0.7646068552584305,0.7935622905496768,-0.05620342117220012,-0.138935585271319,0.11475173438286423,0.26178284355781645,0.17095515555506435
-0.16950589940781113,-0.4080348741199207,0.8529554060802006,0.6834495066723895,0.03487750821977409,0.07786991614458416,0.7044044849576219,0.739281993177396,0.02223049434637714,0.05494019550410778,0.7824280794603872,0.8046585738067643,-0.07052732661981342,-0.18344930453470898,0.12120906713437485,0.2795257650893195,0.19173639375418827
-0.16904942958365377,-0.3836935550237832,0.8115526009009736,0.6425031713173198,0.016615543777036113,0.03668568532650385,0.7034202555241227,0.7200357993011588,-0.05197408071061593,-0.12038380678323657,0.777281678549787,0.7253075978391711,-0.03427092235118656,-0.08486844786416192,0.08280442652185127,0.17844130037638473,0.11707534887303783
-0.11985168613443498,-0.2897758285461891,0.8358088093555883,0.7159571232211533,0.005300818415979736,0.012212739181068244,0.7455522526548467,0.7508530710708264,-0.014461244121353412,-0.033771883926277724,0.765310467788323,0.7508492236669696,-0.07049834156726531,-0.17705698433039174,0.034892100445816254,0.07894696028951964,0.10539044201308156
-0.15031714551916942,-0.3540919159482532,0.8316477248501953,0.6813305793310259,0.017999965009263263,0.04172304627786927,0.7436380167470616,0.7616379817563249,-0.0500721763314087,-0.11884331647754509,0.7933970643219471,0.7433248879905384,-0.038250660528248215,-0.09811981172698525,0.0619943086595125,0.13712878774372284,0.10024496918776071
-0.24075544159869167,-0.5328800829728786,0.8156621179987048,0.5749066764000131,-0.008076412628048257,-0.018530864526127733,0.7490619554166478,0.7409855427885995,-0.06126313172786724,-0.14624571204013703,0.8023097332779923,0.741046601550125,-0.01335238472071254,-0.033971542925027354,0.1661399251501119,0.3526628280077142,0.17949230987082443
-0.16729207109525301,-0.3998614774499676,0.8477432673362886,0.6804511962410356,0.01342971479882249,0.029790566679507524,0.7095028608926707,0.7229325756914932,-0.06050956066228674,-0.14451561790078893,0.802269758527339,0.7417601978650522,-0.045473508808949625,-0.11990913351073695,0.061309001624016646,0.1354367260384417,0.10678251043296627
-0.1415262428295303,-0.33756154440746733,0.8362719530880903,0.69474571025856,-0.026296246963169345,-0.058223027516456805,0.7274342682940892,0.7011380213309198,0.008354085657983568,0.019123712987402897,0.7390426175908266,0.7473967032488101,-0.09722933549726376,-0.23916751866939556,0.05265099299025011,0.11751773872547466,0.14988032848751387
-0.10228443461376224,-0.24644003538741988,0.826277816155302,0.7239933815415398,-0.021118734033259257,-0.04829120742790005,0.752797684221321,0.7316789501880617,-0.0009953993383855497,-0.0023893628362832153,0.7769890433982821,0.7759936440598966,-0.04928877275701993,-0.12381727218804661,0.052000262518356766,0.12023340036309005,0.1012890352753767
-0.14188738075074203,-0.3359440269331193,0.8316641794592025,0.6897767987084604,-0.019603804949446024,-0.04374940762974733,0.7315158436361257,0.7119120386866796,-0.05140375217370341,-0.12464473905250806,0.8074729969841566,0.7560692448104532,-0.024191182475045814,-0.06294028821081277,0.06629244610199281,0.14835899966979849,0.09048362857703862
-0.14340295180468376,-0.3256496176590362,0.8017711207849173,0.6583681689802335,-0.02067620402725412,-0.046542768595371875,0.7396541610708645,0.7189779570436103,-0.04717329424361816,-0.1146657502718722,0.8069615617583157,0.7597882675146975,0.00519044097339838,0.01308470974881093,0.10142009853446399,0.22406857713597494,0.0962296575610656
-0.06925534645027387,-0.16294019271524984,0.7963299921390758,0.727074645688802,0.002263530580714268,0.0052663155743530865,0.7543285193737631,0.7565920499544774,-0.00940070982040353,-0.0229403271566877,0.7911514666722583,0.7817507568518548,-0.0051785254668175185,-0.012798754115638022,0.05467611116305282,0.12720111144292412,0.05985463662987034
-0.14057443817681392,-0.3141882602917818,0.7870375970114036,0.6464631588345897,-0.022824566411399072,-0.05140323322951845,0.7411061390930153,0.7182815726816162,-0.08857786646935684,-0.19767543864652426,0.7635621831062603,0.6749843166369035,-0.023475413905143294,-0.05626118091259347,0.02852115780231379,0.06025164073266409,0.051996571707457084
-0.12598336783477693,-0.30078969772445374,0.8305706486003075,0.7045872807655306,0.007116636118756681,0.01570946115555194,0.7080299292960416,0.7151465654147983,-0.09457129092885297,-0.21598744480457643,0.7857538737750295,0.6911825828461765,-0.044816774825278016,-0.11399688091589066,-0.013404697919354058,-0.029194627996013356,0.03141207690592396
-0.10002251329773282,-0.23262636647652402,0.80185132518691,0.7018288118891772,-0.006064922416364804,-0.013811970028655196,0.7421556626272428,0.736090740210878,-0.04773285417152662,-0.10866930827932508,0.7619900355979848,0.7142571814264582,-0.03986128958892521,-0.09662030627840235,0.012428369537280992,0.027336751918796587,0.0522896591262062
-0.13329052574683242,-0.30608417256640585,0.8064575559804922,0.6731670302336598,-0.006026519763286053,-0.013602468607976093,0.7347560079093584,0.7287294881460723,-0.03150765523925281,-0.07412851393690412,0.7787411401603116,0.7472334849210588,-0.027716415820180584,-0.06839466192769628,0.07406645468739903,0.16356099670180546,0.10178287050757961
-0.21577764804203203,-0.47783849253082566,0.8073843887804717,0.5916067407384397,-0.0038640618536127658,-0.008648186569102378,0.7263472514727679,0.7224831896191551,-0.05507679784004882,-0.12460340987120677,0.7602558797587008,0.705179081918652,-0.047128509021770904,-0.1146425732650993,0.11357234118021231,0.2385925093945196,0.16070085020198321
-0.16813672968267201,-0.40011762265394557,0.8452889551470294,0.6771522254643574,0.01620719714153751,0.03633286982351347,0.7176796506085816,0.7338868477501191,-0.02399679185061676,-0.055453924087963014,0.7622886421286924,0.7382918502780756,-0.08300031301833699,-0.21006926524319125,0.06113962481371826,0.1345944333227913,0.14413993783205525
-0.08185678466827107,-0.18276034840870325,0.7609905508023433,0.6791337661340723,0.010534714694406255,0.02386404980881096,0.729482287117673,0.7400170018120793,-0.05151353628430022,-0.1264848002253931,0.8148488201190603,0.7633352838347601,0.053858269316717,0.13199200066136463,0.08420151770068784,0.18826754884467478,0.030343248383970844
-0.09845354389444438,-0.22869509272535637,0.8002793124219273,0.7018257685274829,-0.023071934954082107,-0.05304951802713154,0.7580382658351787,0.7349663308810966,-0.0007048840850500948,-0.0016584282312495091,0.7636929321150822,0.7629880480300321,-0.036586380306845134,-0.08867876418713028,0.061162279502549155,0.1383579003069766,0.09774865980939429
-0.11405133064157214,-0.26702987616082585,0.8125845459207278,0.6985332152791557,-0.03011589384492197,-0.06846586240933883,0.7524922439198628,0.7223763500749408,-0.031031435746987857,-0.07452646239656158,0.7919935454882857,0.7609621097412979,-0.020591000432442108,-0.05171645494238719,0.06242889446214217,0.14078695882187708,0.08301989489458428
-0.14008032082693744,-0.32360876294524243,0.8137565601244422,0.6736762392975048,0.03944475383121704,0.0907019214007736,0.7264928209119091,0.7659375747431262,-0.027980337622558693,-0.06724919549496766,0.7909993953418484,0.7630190577192897,-0.02275716478259382,-0.05717057005859072,0.08934281842178493,0.19918899739168405,0.11209998320437875
-0.08212520396555578,-0.19339458184364,0.8027193354448258,0.72059413147927,-0.021159207341211017,-0.04898270002084226,0.7622221155355969,0.7410629081943859,-0.0034221582671518647,-0.007842905653005161,0.7458569402786965,0.7424347820115447,-0.05686239516612923,-0.13625999385042542,0.021840650532274686,0.04929168234020942,0.07870304569840392
-0.1918262425963415,-0.4505320633909169,0.8455975253745668,0.6537712827782253,-0.02910956597219272,-0.06642489479612346,0.7550076513419769,0.7258980853697842,-0.07940934693430546,-0.1883936799115724,0.806481301094661,0.7270719541603555,-0.0391162242799058,-0.10333665221258448,0.07330067138213026,0.15880173126676,0.11241689566203605
-0.1255068799283261,-0.28849384493399444,0.8039850106381231,0.678478130709797,-0.028121793273916285,-0.06458235334563689,0.7595450914716987,0.7314232981977824,-0.06865047700918026,-0.15905972505600774,0.7851775435388907,0.7165270665297104,-0.018807467099232422,-0.04656321696419363,0.03804893581991342,0.08287090291379307,0.05685640291914584
-0.14152885107055047,-0.3374668810815573,0.8360828631432984,0.6945540120727479,-0.05788048093500109,-0.1303107535244552,0.7574329478166768,0.6995524668816757,-0.06316700603883585,-0.15044749997857298,0.8017122985853643,0.7385452925465285,-0.03437056455793408,-0.08934122889021312,0.043991280473780536,0.09767815221277121,0.07836184503171462
-0.10598194752205625,-0.24677119075644427,0.8052488808632717,0.6992669333412155,0.008015865915180775,0.018358366909124513,0.7395929836836395,0.7476088495988202,-0.07878400989322043,-0.18808901439318593,0.8102806050888492,0.7314965951956288,0.005031724225577516,0.01276927419980245,0.03222966185441334,0.07145145056306079,0.027197937628835822
-0.10113465331761895,-0.23677599864110155,0.8070294127920775,0.7058947594744586,0.0049179426660630465,0.011363743581038754,0.7479444450428653,0.7528623877089283,0.02365337381981414,0.05795575163967204,0.7768163107294709,0.800469684549285,-0.030213102062606634,-0.07447284961064637,0.09457492507482645,0.2202589006701272,0.12478802713743309
-0.11878540463475407,-0.29630682464706615,0.8529726268902337,0.7341872222554796,-0.032799253943966766,-0.07317447630093565,0.7376042117986564,0.7048049578546897,-0.035935040833727006,-0.08240092860943715,0.7621147892853002,0.7261797484515732,-0.09085783760493349,-0.23194670057215738,-0.008007473803906429,-0.018040804534528387,0.08285036380102706
-0.15662847975598837,-0.37090628338897313,0.837638674242438,0.6810101944864496,0.03429456983543089,0.07771149361390428,0.7175173876493471,0.751811957484778,-0.08554036059721848,-0.20131522600650564,0.8038207721209384,0.7182804115237199,-0.0338179021214996,-0.08825302184298334,0.03727021703727029,0.08133803553948415,0.07108811915876989
-0.12414021395389763,-0.2950085849982793,0.826812355019234,0.7026721410653364,0.04670090113852943,0.10518419842319848,0.7058743394590615,0.752575240597591,-0.024710447985317963,-0.061334854860494836,0.8082542473888941,0.7835437994035761,-0.018558107630339937,-0.048063542063578435,0.08087165833823973,0.18561018807420604,0.09942976596857966
-0.08625666264190701,-0.20494119198759453,0.8104833613610868,0.7242266987191798,-0.0015562364596951594,-0.003575935015542875,0.7469551078510172,0.745398871391322,-0.043111571139458515,-0.09975629924395779,0.7723909544691286,0.7292793833296701,-0.03809240689195814,-0.09384640261412613,0.0050526846104903544,0.011338490129510603,0.043145091502448496
-0.1851951697063421,-0.4353719522601367,0.843767795373554,0.6585726256672119,0.005400915304559661,0.012343337131720311,0.7392480654295639,0.7446489807341236,-0.05225299651190407,-0.12819609484917383,0.8147260057060327,0.7624730091941286,-0.029041789667521245,-0.07724199352977745,0.10390038352691677,0.22993386388118542,0.13294217319443802
-0.11491800199366775,-0.2694734603923252,0.8140189526214053,0.6991009506277376,-0.015292201719200427,-0.03482196527178072,0.7466169184713913,0.7313247167521909,-0.049041329125334654,-0.11309948229859668,0.7726787826444751,0.7236374535191404,-0.04134016997693024,-0.10221361697540843,0.024536502891402856,0.05416036111832012,0.0658766728683331
-0.07933057272604727,-0.19298926330708976,0.8220750428133897,0.7427444700873425,0.026074227719278698,0.060489055832727345,0.7400924893731279,0.7661667170924066,-0.03363278162357919,-0.08361941276145446,0.8134251541332801,0.7797923725097009,-0.00864988868010963,-0.022407536806641204,0.03704790242235845,0.0869623137389941,0.04569779110246808
-0.2185272830539533,-0.5146856443556798,0.8571348526499815,0.6386075695960282,-0.032000839683051674,-0.07300438307748136,0.7561973411199553,0.7241965014369036,-0.019998207276639035,-0.04819131961192147,0.7887768462066157,0.7687786389299767,-0.06835800644336576,-0.17985120683556222,0.1301710693339485,0.2866431179081961,0.19852907577731427
-0.14518176310031483,-0.3464265335293728,0.8380058494249734,0.6928240863246585,-0.015700913762567992,-0.035551937045742665,0.7422054495475437,0.7265045357849758,-0.06401539001953449,-0.14390894246933383,0.7589756748146833,0.6949602847951488,-0.07903017461029005,-0.19788249233956723,0.0021361984704902914,0.004635098720471742,0.08116637308078034
-0.1056451241950469,-0.24736344049086467,0.8090474264761,0.703402302281053,0.038453315628734,0.08661256301423048,0.71027089369016,0.748724209318894,-0.042846246445948366,-0.09829294611357264,0.7657397409061261,0.7228934944601777,-0.043307685569973886,-0.10597066002007294,0.01949119217912465,0.04309983435721909,0.06279887774909854
-0.11994878923364971,-0.2722491713826478,0.7916525817773413,0.6717037925436916,-0.028744389312368557,-0.06259714057906818,0.7119359214126034,0.6831915321002349,-0.021653466418888434,-0.050435731636698566,0.7669453558597245,0.745291889440836,-0.02470722591761687,-0.05959660886764695,0.0735880968971444,0.1622168308783023,0.09829532281476128
-0.13873990350686227,-0.34228230081790256,0.8551127776344818,0.7163728741276195,-0.01473377993737035,-0.03413407793067025,0.7596496084591907,0.7449158285218204,-0.07144141507511481,-0.1684977923574018,0.798992553705801,0.7275511386306862,-0.05612022392868077,-0.148833695629214,0.011178264503066693,0.02495081283128675,0.06729848843174746
-0.16886423294761965,-0.3910082193578248,0.8268971316790203,0.6580328987314007,0.024057808296216066,0.054055468804136364,0.7156494347633373,0.7397072430595534,-0.02525385665983415,-0.060033459245802945,0.7826708470428202,0.757416990382986,-0.04422628463620015,-0.11174060741777092,0.09938409165158535,0.21923415269425095,0.1436103762877855
-0.10715638175332642,-0.24400365897220344,0.7888390160621399,0.6816826343088135,0.04702418335048553,0.10510802295647803,0.6990223892347437,0.7460465725852292,0.010742268073701489,0.0250206114081859,0.750851541733589,0.7615938098072905,-0.037987474328550874,-0.09031474570789921,0.07991117549847704,0.17870952467249013,0.11789864982702791
-0.11998064277645992,-0.2776850916329321,0.8068056402056865,0.6868249974292265,0.012300325133093093,0.02744709572453541,0.7155313161438972,0.7278316412769903,-0.05331216875011979,-0.12289722197460806,0.7743511488427699,0.7210389800926501,-0.03245449136291656,-0.07981481373044863,0.03421398266342357,0.0749730559278754,0.06666847402634013
-0.16760804367191262,-0.36584894942327595,0.7748710496433362,0.6072630059714236,-0.011163415077427685,-0.025992881986645067,0.7615616587176167,0.750398243640189,-0.008139458866281313,-0.019124560100266752,0.7664640354143866,0.7583245765481053,-0.008407014228949627,-0.019998237555756138,0.15106157057668168,0.32672615176725306,0.1594685848056313
-0.11857621668168494,-0.2700897005530172,0.7939458195070732,0.6753696028253883,0.04002098510723273,0.0913574977289997,0.7204894727772807,0.7605104578845134,-0.002518571076431275,-0.005853960475457498,0.7560099059050809,0.7534913348286496,-0.03793591360199233,-0.09091546673487017,0.07812173200326133,0.1733202733426895,0.11605764560525367
-0.010842307943068952,-0.02472920605714135,0.7457345002960899,0.734892192353021,0.021806610311646324,0.04939395832728044,0.7236585101823518,0.7454651204939982,-0.027714250311059674,-0.06508198097383122,0.7756338755664122,0.7479196252553525,0.02989937527032227,0.07010724069993479,0.013027432902331548,0.02975446578324492,-0.016871942367990722
-0.12114320940056045,-0.2889724862572549,0.827989046693267,0.7068458372927066,0.0093898552620304,0.02160182854487802,0.7423676920881784,0.7517575473502088,-0.07640818308041153,-0.17582252079216953,0.78353891798548,0.7071307349050685,-0.04445012870778697,-0.11252401463367834,0.0002848976123619451,0.0006259508314070406,0.04473502632014892
-0.09962907371331531,-0.23831865266613717,0.8206527512170015,0.7210236775036862,-0.052127793241376175,-0.11620181125998541,0.7459966398831724,0.6938688466417963,-0.03607146278822204,-0.08373259756598106,0.7714046296600502,0.7353331668718281,-0.04924812155695135,-0.12242007644325881,0.014309489368141914,0.0321659786568973,0.06355761092509327
-0.1334696128584254,-0.3251858748942227,0.8459269504367081,0.7124573375782827,0.013614690423410791,0.03075125372754428,0.72547810957101,0.7390927999944208,-0.07212884611618897,-0.1662823303114327,0.7830118402706869,0.710882994154498,-0.06291511016602114,-0.1623790315563154,-0.0015743434237847076,-0.003475486973525399,0.06134076674223643
-0.18374385792179448,-0.4551848733238719,0.8745761577678038,0.6908322998460094,0.043024035102739444,0.09720998038726636,0.7105086038582374,0.7535326389609769,0.013400054255675253,0.03127984761918112,0.7510762069145454,0.7644762611702206,-0.12349995085325849,-0.32069547267706966,0.07364396132421125,0.16576924826598338,0.19714391217746974
-0.13080341610823043,-0.31781778014905493,0.8432445431473746,0.7124411270391442,-0.04868744703070138,-0.11134713397333362,0.7660587176718011,0.7173712706410997,-0.03355171298896176,-0.07805593536592603,0.7718109796343224,0.7382592666453607,-0.07143356351305219,-0.18190318528899452,0.025818139606216484,0.05785865949413438,0.09725170311926867
-0.15058487217322736,-0.3450476785856922,0.8118090567502404,0.661224184577013,0.02631338381603654,0.06077414771884326,0.7366864180357967,0.7629998018518332,-0.05685593581056292,-0.13374235362773712,0.7905331722568745,0.7336772364463116,-0.021275884493365926,-0.05332423746230708,0.07245305186929851,0.157981087495648,0.09372893636266444
-0.10620881505884816,-0.24272108608641618,0.7913077923473217,0.6850989772884736,-0.004832594328265216,-0.011221088829933112,0.7564217296157353,0.7515891352874701,0.0005949163751602926,0.0014045101070694344,0.7653781860701763,0.7659731024453366,-0.025929606277145467,-0.062450427070765535,0.08087412515686299,0.18167516912272008,0.10680373143400845
-0.16701614292663836,-0.3711814085297709,0.792452939847578,0.6254367969209397,-0.029000994687198633,-0.06673507678792134,0.7615059866207531,0.7325049919335545,-0.07371999402228613,-0.17494282570488906,0.8041118962362389,0.7303919022139528,0.01165895638866088,0.029056956775577625,0.1049551052930131,0.22529553960045945,0.09329614890435223
-0.13705673870750756,-0.31823431199429053,0.8162425809170495,0.6791858422095419,-0.045149781171124226,-0.09952242533080935,0.7321214165279307,0.6869716353568065,0.006696783849109211,0.015700328103522843,0.7575300274988063,0.7642268113479155,-0.05871255341824322,-0.14367974448751175,0.08504096913837356,0.19025489561030162,0.14375352255661678
-0.1382946348828501,-0.338621831803144,0.850724896082686,0.7124302611998359,0.03906314900521157,0.08952833455686005,0.7241425548291512,0.7632057038343628,-0.022210039573975604,-0.051372993717562654,0.7621206665478004,0.7399106269738248,-0.08860422953488556,-0.2256056724943405,0.027480365773988935,0.061643165591240834,0.1160845953088745
-0.06877415025722133,-0.1590671393744656,0.7839371137454282,0.7151629634882068,0.010433179270466497,0.024212705949267388,0.7483763669760046,0.7588095462464711,-0.04683944862750988,-0.11521588011599349,0.8137039676626404,0.7668645190351305,0.029766853917212233,0.074299028486426,0.05170155554692368,0.11815028774489811,0.02193470162971145
-0.06472480166097272,-0.14747702225932513,0.7705320663995766,0.7058072647386039,-0.011244742555652554,-0.025410453910747144,0.7383303235191252,0.7270855809634726,-0.04567121387615147,-0.10487518134900231,0.7678182815890118,0.7221470677128603,-0.0027137848105648343,-0.006440553457340403,0.016339802974256412,0.036161287452982416,0.019053587784821246
-0.10971853600876136,-0.2589095873434242,0.816114537351459,0.7063960013426976,0.0045115048199562136,0.010631645826933322,0.7621797338551676,0.7666912386751238,0.008347368429390323,0.020121856926206494,0.7749201516969512,0.7832675201263415,-0.04119438565450784,-0.10225384853544783,0.07687151878364384,0.17677759573418284,0.11806590443815168
-0.06307204281715528,-0.1504418076509051,0.8026153708750421,0.7395433280578868,0.021921981251729727,0.04960874395907533,0.7228185721085109,0.7447405533602406,-0.020890363321017347,-0.04834279731355373,0.7618224495395255,0.7409320862185081,-0.040792921335516596,-0.098931972059769,0.0013887581606213395,0.003167038277582357,0.042181679496137936
-0.14006103057411223,-0.3391020315577422,0.8448828836026596,0.7048218530285474,0.010008392797934973,0.022255032370774863,0.7134982853783218,0.7235066781762568,-0.10121095239475386,-0.23402667693656265,0.7981168725679693,0.6969059201732154,-0.04676601103469036,-0.1223639363988851,-0.007915932855331986,-0.017288581777705536,0.03885007817935837
-0.13519323328086175,-0.32844226162289214,0.8449512637938179,0.7097580305129562,0.0015660278748080847,0.0034799289676152867,0.7171256264569222,0.7186916543317303,-0.06667943071839655,-0.16555537621011363,0.8279820084741307,0.7613025777557342,-0.016969255319687182,-0.04589528751332228,0.051544547242778016,0.11699159789945623,0.0685138025624652
-0.11003130401512806,-0.26089747390067375,0.81943633612793,0.7094050321128019,0.03879932119367835,0.08675361555188155,0.7036718817486881,0.7424712029423665,-0.012694789931693484,-0.030432913121399174,0.7819613894026783,0.7692665994709849,-0.037474946725251645,-0.09390374451529881,0.05986156735818293,0.13656081626397576,0.09733651408343458
-0.17161400540354843,-0.3895865748652423,0.8126997356481701,0.6410857302446217,0.0014798575433010441,0.0034245340864309526,0.7507751913362516,0.7522550488795526,-0.08978114100106327,-0.2078543657851779,0.7940433963730632,0.7042622553719999,-0.018656339275106903,-0.04695206493801374,0.06317652512737826,0.13478014414205064,0.08183286440248516
-0.1000324213244902,-0.23485214631844276,0.8084944000848857,0.7084619787603955,0.015242449219525445,0.03418734638718979,0.7186151865472795,0.733857635766805,-0.07563994735647661,-0.17743168040707413,0.7971550988644663,0.7215151515079897,-0.011339301220419373,-0.028502960512707176,0.01305317274759421,0.028917505398661447,0.024392473968013584
-0.07622087884831619,-0.17435608221154486,0.7788730053306763,0.7026521264823601,0.02308044543456178,0.052795198684556954,0.7309417858034362,0.7540222312379979,0.002834521314664329,0.007104813017430267,0.7999641828363133,0.8027987041509776,0.02109117750563705,0.0517438661166274,0.10014657766861756,0.23320476134560253,0.07905540016298052
-0.1077798508108968,-0.24956733394314434,0.8019857383567541,0.6942058875458573,-0.0011522951644662438,-0.0025610782015728084,0.7186737950308396,0.7175214998663734,-0.07788000945024642,-0.17766931877213432,0.7774735265669923,0.6995935171167459,-0.024512211789761817,-0.060175433613488316,0.0053876295708885635,0.011722581557521705,0.02989984136065038
-0.14952046780838435,-0.35221970587392737,0.8313389485659259,0.6818184807575416,0.0029692739120869005,0.006784021097040238,0.7402366697580689,0.7432059436701558,-0.06334892420691007,-0.1479887872726784,0.7886996342689048,0.7253507100619947,-0.04263931429702117,-0.10884916000705269,0.04353222930445311,0.09538175859419629,0.08617154360147428
-0.0640867074661422,-0.15103604909214008,0.7951378930144378,0.7310511855482956,0.03080942247462848,0.07027770906928898,0.7247184303919444,0.7555278528665729,-0.026654014742116816,-0.0609774559228633,0.7558525627683202,0.7291985480262034,-0.03928533024611758,-0.09423219505760061,-0.0018526375220921931,-0.00417360188832383,0.037432692724025385
-0.157722118945553,-0.36931841010535504,0.8304976564263556,0.6727755374808027,-0.0222167671002107,-0.05102357063130736,0.7567251004379526,0.7345083333377419,-0.05496744054779801,-0.1277418055846029,0.7811091003219378,0.7261416597741398,-0.049388556104417836,-0.12507875764144138,0.05336612229333715,0.11649784687931075,0.10275467839775498
-0.1987831681067197,-0.4597963739535933,0.8374261299392819,0.6386429618325622,-0.008152003057365853,-0.01864251492606739,0.7465123081357946,0.7383603050784288,-0.0101606955063549,-0.023367948718577836,0.7519010328179231,0.7417403373115682,-0.0855250971213588,-0.21276986604786696,0.10309737547900599,0.2236585591871485,0.1886224726003648
-0.1671516505997035,-0.3826643243913155,0.8176602510323855,0.650508600432682,-0.02921119992889354,-0.06526711174365007,0.7372323197311741,0.7080211198022806,-0.04625166322547736,-0.10618578611810747,0.7679288757807837,0.7216772125553064,-0.04973137525160176,-0.12290013145903034,0.07116861212262438,0.15357840681417767,0.12089998737422614
-0.16421441505642098,-0.3720098615180716,0.8080998029972198,0.6438853879407989,-0.037495999931140056,-0.0841271321264625,0.7448851860315188,0.7073891861003787,-0.06703049494298308,-0.16090237286669584,0.8084436305313712,0.7414131355883882,0.00034382753415140854,0.0008734115062192238,0.09752774764758931,0.21198090015759496,0.0971839201134379
-0.2037888474372498,-0.46798274493078074,0.8338771889971023,0.6300883415598525,0.024265438243950666,0.0539967138176658,0.706880946253667,0.7311463844976177,-0.0776124174557783,-0.17990141735453946,0.7895365668444608,0.7119241493886825,-0.04434062215264145,-0.11359657204963547,0.08183580782883004,0.1744847555266058,0.1261764299814715
-0.09348436622749245,-0.21613158351430006,0.7946545686053114,0.7011702023778189,0.018616477465907333,0.04148546526530783,0.7110921995917971,0.7297086770577045,-0.10427359446885465,-0.2510778506581173,0.8267504783725824,0.7224768839037278,0.03209590976727106,0.08199703882478238,0.021306681525908866,0.047050771680965164,-0.010789228241362192
-0.07114254022914013,-0.16485928773625602,0.7864213472564293,0.7152788070272892,0.019310363622805138,0.043156042839776365,0.7133476692954215,0.7326580329182266,0.003774125745428014,0.009235871319444033,0.7862313602991741,0.7900054860446021,-0.0001899869572552504,-0.00046349697141989665,0.07472667901731289,0.17363166208428016,0.07491666597456814
-0.07215150219665034,-0.16503958701457777,0.777000739605365,0.7048492374087146,-0.029607272342888513,-0.06579219269723713,0.7324384100395958,0.7028311376967072,-0.020289233878124868,-0.0483556700688208,0.7819392205756444,0.7616499866975195,0.00493848097027938,0.011911484684351326,0.05680074928880485,0.1285954016301083,0.05186226831852547
-0.12454866214315341,-0.29041935723009527,0.814119983873463,0.6895713217303095,0.022106473730510556,0.04970280776912839,0.7172096261365662,0.7393160998670768,-0.020216531035076812,-0.04726319059409345,0.7688820509770036,0.7486655199419268,-0.04523793289645939,-0.1115060959380898,0.05909419821161721,0.13165007069791201,0.1043321311080766
-0.08063253800991044,-0.19585934668615623,0.8217542756767146,0.7411217376668041,-0.011611166149592456,-0.026743153684247734,0.7537394956279438,0.7421283294783514,-0.026085079578678005,-0.06342831024750684,0.797178148131484,0.771093068552806,-0.02457612754523053,-0.06260820921527843,0.0299713308860019,0.06982282722337096,0.05454745843123243
-0.1919933523325038,-0.44003631855626923,0.8280247328210267,0.6360313804885229,-0.054379851402373225,-0.1196958662912655,0.735022768622246,0.6806429172198728,-0.05131129551244262,-0.120016118494644,0.7840194544473574,0.7327081589349148,-0.0440052783736693,-0.11145128341714328,0.09667677844639189,0.20856891664448196,0.14068205682006119
-0.11295507423208351,-0.25669762886411784,0.7897142059964835,0.6767591317644,0.00014220977065770857,0.00032738482368355193,0.7475436785740794,0.7476858883447371,-0.012753428192202154,-0.031144388164297432,0.7932241753212388,0.7804707471290366,0.0035099693247553354,0.008639818841078561,0.10371161536463669,0.23419305954089897,0.10020164603988135
-0.18094709957137878,-0.4306890094587448,0.8502882647786079,0.6693411652072291,0.03529488775993439,0.08008983557375648,0.7181451507659605,0.7534400385258949,-0.014026903934889479,-0.0327296252687046,0.7644904945230683,0.7504635905881788,-0.08579777025553958,-0.2188057704586912,0.08112242538094971,0.17915361373134897,0.1669201956364893
-0.1371712629774885,-0.3246802595029119,0.8295579223769808,0.6923866593994923,0.011160096412881293,0.02597947844350257,0.750242456669464,0.7614025530823453,-0.05662492112260997,-0.1307576912476005,0.777175440266186,0.720550519143576,-0.05238248211079477,-0.13205964361227984,0.028163859744083752,0.06186292464303156,0.08054634185487852
-0.1496963403062258,-0.348987822064587,0.8242376205115001,0.6745412802052743,0.0200144010183958,0.04611181547439269,0.738070667126617,0.7580850681450128,-0.031093915637608438,-0.07408448219656139,0.7869556732505124,0.755861757612904,-0.03728194726098766,-0.09430557208090828,0.08132047740762971,0.18059776778711734,0.11860242466861737
-0.2091430113111722,-0.48344106147490673,0.8407239858776691,0.6315809745664969,0.011937275455052632,0.02709351528708881,0.7303651440645145,0.7423024195195671,-0.040979549986662756,-0.09467194482989827,0.7701968903580004,0.7292173403713377,-0.07052709551966863,-0.17883424226809064,0.09763636580484081,0.20993487437691782,0.16816346132450943
-0.1715186134939478,-0.39077346640552313,0.8155627451982731,0.6440441317043253,-0.0045709319677474936,-0.010151430717764143,0.7196556026424599,0.7150846706747124,-0.07209597571526571,-0.1710369264589242,0.8031813695744118,0.7310853938591461,-0.012381375623861324,-0.03152484612296469,0.08704126215482078,0.18821169382363423,0.0994226377786821
-0.11284665339712041,-0.26152894022581363,0.8047903062716933,0.6919436528745729,0.02175182575736434,0.04952816133784976,0.7279663936152906,0.7497182193726549,-0.0009225045605061322,-0.002197260051962413,0.7719968439478982,0.7710743393873921,-0.0327934623237951,-0.0803420802753676,0.07913068651281918,0.17898959989848362,0.11192414883661428
-0.16708603449749604,-0.3899541646725493,0.831855753168628,0.664769718671132,-0.005487311416547125,-0.012099968161726427,0.7133034519901548,0.7078161405736076,-0.05716725205403361,-0.13468632593201546,0.7917505556861429,0.7345833036321093,-0.04010519748248509,-0.10273672268037748,0.06981358496097734,0.15253111606015635,0.10991878244346243
-0.17540660626125704,-0.4187136055988674,0.8500288637566502,0.6746222574953932,0.01714968102166936,0.038821689081029565,0.7255345830590553,0.7426842640807246,-0.034141820470252715,-0.08005993698713976,0.7777076008739865,0.7435657804037338,-0.07232126288266372,-0.1866161548654386,0.0689435229083406,0.15203751374628904,0.14126478579100432
-0.13102580674470699,-0.3167273344450856,0.8402856920235676,0.7092598852788606,-0.008070077643597573,-0.018297039731260956,0.7395275357577552,0.7314574581141576,-0.05088397564990155,-0.11636090447514968,0.7670194627970061,0.7161354871471045,-0.07326622922656156,-0.1851716144368254,0.006875601868243875,0.015194815533110528,0.08014183109480544
-0.0971392356703018,-0.23013594180805885,0.8133540602153367,0.7162148245450349,0.030569408440794255,0.06861457456895792,0.7113656197341568,0.741935028174951,-0.04249939127692315,-0.10394490463805317,0.8084012566071063,0.7659018653301831,-0.004952803608230472,-0.012647666032124416,0.049687040785148184,0.11354337113788127,0.054639844393378656
-0.07998091203371882,-0.19245940162387543,0.8157737593609108,0.735792847327192,0.02189810367667555,0.04977414327354612,0.7264738746653783,0.7483719783420538,-0.08988581472758106,-0.2151899030296529,0.8169444799674287,0.7270586652398476,0.0011707206065179054,0.0030236286521958533,-0.008734182087344333,-0.019706872753581628,-0.009904902693862239
-0.126157936829699,-0.2916464183896901,0.8085383813898689,0.6823804445601699,-0.0733935557164711,-0.16031394076321304,0.7359529730119053,0.6625594172954342,-0.025614442637762913,-0.059332221055922396,0.7648270159977454,0.7392125733599825,-0.0437113653921235,-0.10682976909437025,0.05683212879981259,0.12548442823939743,0.10054349419193609
-0.17931210070086834,-0.409730467710419,0.8208830460843597,0.6415709453834914,-0.032402033494222326,-0.07315043893893014,0.7477942043312162,0.7153921708369939,-0.10033353743817186,-0.23657768127532108,0.8115658551821383,0.7112323177439664,-0.009317190902221384,-0.024058456048091426,0.0696613723604751,0.14909433038700648,0.07897856326269648
-0.08740340151907511,-0.2106456183393397,0.8200005864879826,0.7325971849689075,0.016567771185528546,0.0388465174465793,0.7525898170819901,0.7691575882675187,-0.027625074423841545,-0.06641216574946007,0.7909866950883652,0.7633616206645236,-0.02901389139961741,-0.07334652878924253,0.030764435695616155,0.0708869238006371,0.05977832709523356
