source,destination,sha256
analysis_data\R_CLMM_frequentist\results_H1_adjusted\h1_category_probabilities.csv,results\primary\h1a_mental_workload_interface\h1_category_probabilities.csv,5d1fbf2bc720eb01a2c948cd85c738bbd5aaf9675b15b44528965bf08c7fc55b
analysis_data\R_CLMM_frequentist\results_H1_adjusted\h1_coef_all.csv,results\primary\h1a_mental_workload_interface\h1_coef_all.csv,74a3b908d49a38042018f369337df8d6e45f555b716e8e11c5c90bdba9d299f5
analysis_data\R_CLMM_frequentist\results_H1_adjusted\h1_coef_location.csv,results\primary\h1a_mental_workload_interface\h1_coef_location.csv,851a26b6a25e40307acd7b412772a1fc3991032b9b41e13b60051c2575471b9b
analysis_data\R_CLMM_frequentist\results_H1_adjusted\h1_coef_thresholds.csv,results\primary\h1a_mental_workload_interface\h1_coef_thresholds.csv,3927b1a0077c494216f6255d78bd92b801ce3730124b02714db2a49bd9a9dd59
analysis_data\R_CLMM_frequentist\results_H1_adjusted\h1_contrast_interface_latent.csv,results\primary\h1a_mental_workload_interface\h1_contrast_interface_latent.csv,7610f44ed6b579013a9a2945f27b62c4bdeac83d478b955a35c05f62164b7ec1
analysis_data\R_CLMM_frequentist\results_H1_adjusted\h1_contrast_interface_meanclass.csv,results\primary\h1a_mental_workload_interface\h1_contrast_interface_meanclass.csv,099dd1e8b39f903e11aec03a51e98ea1292c2870593104a9378479b6daad0714
analysis_data\R_CLMM_frequentist\results_H1_adjusted\h1_descriptives_ordinal_by_cell.csv,results\primary\h1a_mental_workload_interface\h1_descriptives_ordinal_by_cell.csv,55b2605499769a9b85089f9aa59d8743f576b600051bc88222c754302746f799
analysis_data\R_CLMM_frequentist\results_H1_adjusted\h1_descriptives_raw_by_cell.csv,results\primary\h1a_mental_workload_interface\h1_descriptives_raw_by_cell.csv,1f2ffa03da3397f57ef49be1b49b53788e46256de0870bf3b0393c08d40683dd
analysis_data\R_CLMM_frequentist\results_H1_adjusted\h1_descriptives_raw_by_interface.csv,results\primary\h1a_mental_workload_interface\h1_descriptives_raw_by_interface.csv,c4070d165f8c3366385f734b83c55dcfc13833dd2f6d9f915ea0d09307b86977
analysis_data\R_CLMM_frequentist\results_H1_adjusted\h1_emm_interface_latent.csv,results\primary\h1a_mental_workload_interface\h1_emm_interface_latent.csv,f63db07f3e400663c993f14f9a1390b3128bc8f4b32ae921c57282d69ef21672
analysis_data\R_CLMM_frequentist\results_H1_adjusted\h1_emm_interface_meanclass.csv,results\primary\h1a_mental_workload_interface\h1_emm_interface_meanclass.csv,0f56af2ace7b2a39d84dff58cc153d524db49019b5591bd5d215986f5fd4c7af
analysis_data\R_CLMM_frequentist\results_H1_adjusted\h1_model_fit.csv,results\primary\h1a_mental_workload_interface\h1_model_fit.csv,b2e720fbe6d73a0d2fc2cbe7b1ad41fa74426b040e8cfd8016eb2dd46b17f39f
analysis_data\R_CLMM_frequentist\results_H1_adjusted\h1_model_summary.txt,results\primary\h1a_mental_workload_interface\h1_model_summary.txt,5f74f5d19273a6ba118675582c29562dcfe46c6b0215495e1e4c7d38c07658f0
analysis_data\R_CLMM_frequentist\results_H1_adjusted\h1_random_effect_sd.csv,results\primary\h1a_mental_workload_interface\h1_random_effect_sd.csv,c62be652e7f5aa359dcfb48adae5fcd442d2d1f2016a5bd49afc1a92ed203e7f
analysis_data\R_CLMM_frequentist\results_H2_interaction\h2_additive_coef_all.csv,results\primary\h2a_mental_workload_complexity\h2_additive_coef_all.csv,13f70bbbdabc1a986472582aeda4f29844dcf516117e13834a5444f41fcef51f
analysis_data\R_CLMM_frequentist\results_H2_interaction\h2_additive_coef_location.csv,results\primary\h2a_mental_workload_complexity\h2_additive_coef_location.csv,b2e036dc8fde70748d742f18b6f20685fd5d409e663275300b6994eb364bad82
analysis_data\R_CLMM_frequentist\results_H2_interaction\h2_additive_model_summary.txt,results\primary\h2a_mental_workload_complexity\h2_additive_model_summary.txt,d6bf0fa5e3a1b0fc9b35967b5e30ad5464c49980b390f38d8563df21cec6b73c
analysis_data\R_CLMM_frequentist\results_H2_interaction\h2_all_cells_latent.csv,results\primary\h2a_mental_workload_complexity\h2_all_cells_latent.csv,ea7b880a724a881ef1d667d0c90eb8718f7fc13005b88edd66f6a035182ed310
analysis_data\R_CLMM_frequentist\results_H2_interaction\h2_all_cells_meanclass.csv,results\primary\h2a_mental_workload_complexity\h2_all_cells_meanclass.csv,138ca0851d89c1227b9ea5b5236706ddb0927dfc25747f51a7d9acdd6ac51453
analysis_data\R_CLMM_frequentist\results_H2_interaction\h2_category_probabilities_by_cell.csv,results\primary\h2a_mental_workload_complexity\h2_category_probabilities_by_cell.csv,b84f237daf79eb6c4942c83f3ba0444b61f1c7fb80942123f904abc83d226375
analysis_data\R_CLMM_frequentist\results_H2_interaction\h2_descriptives_ordinal_by_cell.csv,results\primary\h2a_mental_workload_complexity\h2_descriptives_ordinal_by_cell.csv,55b2605499769a9b85089f9aa59d8743f576b600051bc88222c754302746f799
analysis_data\R_CLMM_frequentist\results_H2_interaction\h2_descriptives_raw_by_cell.csv,results\primary\h2a_mental_workload_complexity\h2_descriptives_raw_by_cell.csv,1f2ffa03da3397f57ef49be1b49b53788e46256de0870bf3b0393c08d40683dd
analysis_data\R_CLMM_frequentist\results_H2_interaction\h2_emm_interface_by_complexity_latent.csv,results\primary\h2a_mental_workload_complexity\h2_emm_interface_by_complexity_latent.csv,ea7b880a724a881ef1d667d0c90eb8718f7fc13005b88edd66f6a035182ed310
analysis_data\R_CLMM_frequentist\results_H2_interaction\h2_emm_interface_by_complexity_meanclass.csv,results\primary\h2a_mental_workload_complexity\h2_emm_interface_by_complexity_meanclass.csv,138ca0851d89c1227b9ea5b5236706ddb0927dfc25747f51a7d9acdd6ac51453
analysis_data\R_CLMM_frequentist\results_H2_interaction\h2_interaction_coef_all.csv,results\primary\h2a_mental_workload_complexity\h2_interaction_coef_all.csv,e5c74e0d0b30263c3ce4ec4a52047d1326ba33d6bacf6ab8c4fd40e73357d42c
analysis_data\R_CLMM_frequentist\results_H2_interaction\h2_interaction_coef_location.csv,results\primary\h2a_mental_workload_complexity\h2_interaction_coef_location.csv,99e7a2249fce01e6a65849003650fcd8076c01741f456efb50e1a64bcef61933
analysis_data\R_CLMM_frequentist\results_H2_interaction\h2_interaction_lrt.csv,results\primary\h2a_mental_workload_complexity\h2_interaction_lrt.csv,e3c081faa4bdf3f835a2b52026ea19afa39dd4d26526a10323af3efe1a1d2de2
analysis_data\R_CLMM_frequentist\results_H2_interaction\h2_interaction_lrt.txt,results\primary\h2a_mental_workload_complexity\h2_interaction_lrt.txt,19bd10eda9d4e265846fdd7adbb5219b65a07ce5060acb91fc23b0d2e70f7ebe
analysis_data\R_CLMM_frequentist\results_H2_interaction\h2_interaction_model_summary.txt,results\primary\h2a_mental_workload_complexity\h2_interaction_model_summary.txt,6b6a37cf003232fed2d201d49c7a0b014097db29cac0e703942eb4bae571a75f
analysis_data\R_CLMM_frequentist\results_H2_interaction\h2_interaction_terms_only.csv,results\primary\h2a_mental_workload_complexity\h2_interaction_terms_only.csv,ea4a191934a88b42bc8ff586848400f9c3301da4b93aa4b3c0e0b4594eab4d25
analysis_data\R_CLMM_frequentist\results_H2_interaction\h2_model_fit.csv,results\primary\h2a_mental_workload_complexity\h2_model_fit.csv,72821858b5181b9dc0b036fb8d18ea1927e48c01fbf3b7a6b8a2479ae4b66205
analysis_data\R_CLMM_frequentist\results_H2_interaction\h2_overall_interface_contrast_latent_from_full_model.csv,results\primary\h2a_mental_workload_complexity\h2_overall_interface_contrast_latent_from_full_model.csv,39233f34a9fbf1597e9d7fcb4d0cd5bed9cdf0e16452075a01d4d0d149828402
analysis_data\R_CLMM_frequentist\results_H2_interaction\h2_random_effect_sd.csv,results\primary\h2a_mental_workload_complexity\h2_random_effect_sd.csv,98ad61a25e3683b6adf2474b01bbe1c27de6aad2ce3a80ff4140fe473c14e691
analysis_data\R_CLMM_frequentist\results_H2_interaction\h2_simple_effects_interface_by_complexity_latent.csv,results\primary\h2a_mental_workload_complexity\h2_simple_effects_interface_by_complexity_latent.csv,7770ece79b729fd2afb855ce737d8903a28f7b3bc67e046d94d97d53857685b0
analysis_data\R_CLMM_frequentist\results_H2_interaction\h2_simple_effects_interface_by_complexity_meanclass.csv,results\primary\h2a_mental_workload_complexity\h2_simple_effects_interface_by_complexity_meanclass.csv,ee4b15c6e6134086c1d7bda937c7262517dacfa938206cfa8d1a1600d0f840ce
analysis_data\R_CLMM_frequentist\results_H2_interaction_treatment\h2_treat_additive_coef_all.csv,results\primary\h2a_treatment_parameterization\h2_treat_additive_coef_all.csv,034a45447c96e9f90020364acd2e5d44cf18c531390b355c75dc76906018feec
analysis_data\R_CLMM_frequentist\results_H2_interaction_treatment\h2_treat_additive_coef_location.csv,results\primary\h2a_treatment_parameterization\h2_treat_additive_coef_location.csv,0d6a9bac502b9f3bef31f9d00dbdef2b961017b5d6455bb1ab567547b7c86c0f
analysis_data\R_CLMM_frequentist\results_H2_interaction_treatment\h2_treat_additive_model_summary.txt,results\primary\h2a_treatment_parameterization\h2_treat_additive_model_summary.txt,5f74f5d19273a6ba118675582c29562dcfe46c6b0215495e1e4c7d38c07658f0
analysis_data\R_CLMM_frequentist\results_H2_interaction_treatment\h2_treat_all_cells_latent.csv,results\primary\h2a_treatment_parameterization\h2_treat_all_cells_latent.csv,4466877013eb5c8e6ab2f51e65b7877fd2c0f35624c64e9902077104d47dec20
analysis_data\R_CLMM_frequentist\results_H2_interaction_treatment\h2_treat_all_cells_meanclass.csv,results\primary\h2a_treatment_parameterization\h2_treat_all_cells_meanclass.csv,7f2abca8eb479be3304694efbe923e8d67c0a69a19de8c64bc1ad5f6e770155d
analysis_data\R_CLMM_frequentist\results_H2_interaction_treatment\h2_treat_category_probabilities_by_cell.csv,results\primary\h2a_treatment_parameterization\h2_treat_category_probabilities_by_cell.csv,51c03ac7bab7397b2cdbd882d99d93d20a594c365345dff6df0876a912233252
analysis_data\R_CLMM_frequentist\results_H2_interaction_treatment\h2_treat_descriptives_ordinal_by_cell.csv,results\primary\h2a_treatment_parameterization\h2_treat_descriptives_ordinal_by_cell.csv,55b2605499769a9b85089f9aa59d8743f576b600051bc88222c754302746f799
analysis_data\R_CLMM_frequentist\results_H2_interaction_treatment\h2_treat_descriptives_raw_by_cell.csv,results\primary\h2a_treatment_parameterization\h2_treat_descriptives_raw_by_cell.csv,1f2ffa03da3397f57ef49be1b49b53788e46256de0870bf3b0393c08d40683dd
analysis_data\R_CLMM_frequentist\results_H2_interaction_treatment\h2_treat_did_like_latent.csv,results\primary\h2a_treatment_parameterization\h2_treat_did_like_latent.csv,4747b10a8468f03718155d8f321c1b9b35c1d00e4871eb954ccf0dd534aab6b2
analysis_data\R_CLMM_frequentist\results_H2_interaction_treatment\h2_treat_did_like_meanclass.csv,results\primary\h2a_treatment_parameterization\h2_treat_did_like_meanclass.csv,8723db7a4f2a9e46c538a87fbc6f0f7bc22f7fe7db68d236cf7224bd03dc0efc
analysis_data\R_CLMM_frequentist\results_H2_interaction_treatment\h2_treat_emm_complexity_by_interface_latent.csv,results\primary\h2a_treatment_parameterization\h2_treat_emm_complexity_by_interface_latent.csv,98b91fd06144bcac0727ead8d3f3415d66f912a0bd8f4fe628ab8eac9e4bd2f3
analysis_data\R_CLMM_frequentist\results_H2_interaction_treatment\h2_treat_emm_complexity_by_interface_meanclass.csv,results\primary\h2a_treatment_parameterization\h2_treat_emm_complexity_by_interface_meanclass.csv,caffe9b4d337a158092c060c21d2cd7660e10813a74d50e714573e2db8af5dd0
analysis_data\R_CLMM_frequentist\results_H2_interaction_treatment\h2_treat_emm_interface_by_complexity_latent.csv,results\primary\h2a_treatment_parameterization\h2_treat_emm_interface_by_complexity_latent.csv,4466877013eb5c8e6ab2f51e65b7877fd2c0f35624c64e9902077104d47dec20
analysis_data\R_CLMM_frequentist\results_H2_interaction_treatment\h2_treat_emm_interface_by_complexity_meanclass.csv,results\primary\h2a_treatment_parameterization\h2_treat_emm_interface_by_complexity_meanclass.csv,7f2abca8eb479be3304694efbe923e8d67c0a69a19de8c64bc1ad5f6e770155d
analysis_data\R_CLMM_frequentist\results_H2_interaction_treatment\h2_treat_interaction_coef_all.csv,results\primary\h2a_treatment_parameterization\h2_treat_interaction_coef_all.csv,85e4d9855ec91655ecbb7e86383de6e69aa1551bcb79ea9fbac64c2149188662
analysis_data\R_CLMM_frequentist\results_H2_interaction_treatment\h2_treat_interaction_coef_location.csv,results\primary\h2a_treatment_parameterization\h2_treat_interaction_coef_location.csv,49dda3738087da7f6f1ff16d3385388fc4a729c3459c33cdc624d13b3e05abad
analysis_data\R_CLMM_frequentist\results_H2_interaction_treatment\h2_treat_interaction_lrt.csv,results\primary\h2a_treatment_parameterization\h2_treat_interaction_lrt.csv,475ac058dc45b9677b75ffced4dd83d60b81c543d3b814cad5a51f32cb95b110
analysis_data\R_CLMM_frequentist\results_H2_interaction_treatment\h2_treat_interaction_lrt.txt,results\primary\h2a_treatment_parameterization\h2_treat_interaction_lrt.txt,19bd10eda9d4e265846fdd7adbb5219b65a07ce5060acb91fc23b0d2e70f7ebe
analysis_data\R_CLMM_frequentist\results_H2_interaction_treatment\h2_treat_interaction_main_terms_only.csv,results\primary\h2a_treatment_parameterization\h2_treat_interaction_main_terms_only.csv,10ebd1c66e5459992a7c305ed2d8a613e97dd9be519afe7c6ccf0191a705fad8
analysis_data\R_CLMM_frequentist\results_H2_interaction_treatment\h2_treat_interaction_model_summary.txt,results\primary\h2a_treatment_parameterization\h2_treat_interaction_model_summary.txt,d29c06e0bd6b4441299facc9b97ca9ea8bb7259b0a6a14171c0ec2c2673456c9
analysis_data\R_CLMM_frequentist\results_H2_interaction_treatment\h2_treat_interaction_terms_only.csv,results\primary\h2a_treatment_parameterization\h2_treat_interaction_terms_only.csv,c1f2de978b64a1e7a43b4dfd3461c02ed1e4163d7164df2823c15643a2265030
analysis_data\R_CLMM_frequentist\results_H2_interaction_treatment\h2_treat_internal_did_terms_only.csv,results\primary\h2a_treatment_parameterization\h2_treat_internal_did_terms_only.csv,c1f2de978b64a1e7a43b4dfd3461c02ed1e4163d7164df2823c15643a2265030
analysis_data\R_CLMM_frequentist\results_H2_interaction_treatment\h2_treat_model_fit.csv,results\primary\h2a_treatment_parameterization\h2_treat_model_fit.csv,d21b8e4791f2b0edb4d34fc48bac2f9c60a570931daff1da07823f04c43e27d3
analysis_data\R_CLMM_frequentist\results_H2_interaction_treatment\h2_treat_overall_interface_contrast_latent_from_full_model.csv,results\primary\h2a_treatment_parameterization\h2_treat_overall_interface_contrast_latent_from_full_model.csv,f78667e4409035b8e8fff9cb92fa64c5aba9b23fcb8342494056ef77740075de
analysis_data\R_CLMM_frequentist\results_H2_interaction_treatment\h2_treat_random_effect_sd.csv,results\primary\h2a_treatment_parameterization\h2_treat_random_effect_sd.csv,782b9d682671f1a539332d82569f7da8db751e44ca666b201f978130df6d80f1
analysis_data\R_CLMM_frequentist\results_H2_interaction_treatment\h2_treat_random_effect_sd_diagnostics.txt,results\primary\h2a_treatment_parameterization\h2_treat_random_effect_sd_diagnostics.txt,7d1f7ee03cf63ffd7cf63b78805c56c71f4dee6a7527b73a093a49c89e91b63d
analysis_data\R_CLMM_frequentist\results_H2_interaction_treatment\h2_treat_simple_effects_complexity_by_interface_latent.csv,results\primary\h2a_treatment_parameterization\h2_treat_simple_effects_complexity_by_interface_latent.csv,d72916305874a67379587bbf5ef3954de2d352f73504f62276fab54a63985322
analysis_data\R_CLMM_frequentist\results_H2_interaction_treatment\h2_treat_simple_effects_complexity_by_interface_meanclass.csv,results\primary\h2a_treatment_parameterization\h2_treat_simple_effects_complexity_by_interface_meanclass.csv,21a922882d7649e212627ed55ff6c7b1a82062feafa2e97d07014e77dedf6e6d
analysis_data\R_CLMM_frequentist\results_H2_interaction_treatment\h2_treat_simple_effects_interface_by_complexity_latent.csv,results\primary\h2a_treatment_parameterization\h2_treat_simple_effects_interface_by_complexity_latent.csv,924a6fe502edf52a464e7e40a16e2cb9c85549580ab0250f69ee69f4e10d9d11
analysis_data\R_CLMM_frequentist\results_H2_interaction_treatment\h2_treat_simple_effects_interface_by_complexity_meanclass.csv,results\primary\h2a_treatment_parameterization\h2_treat_simple_effects_interface_by_complexity_meanclass.csv,06345684f47a666332839974677703f7ae115dd24541c96cf8c6636d16ca3110
analysis_data\R_CLMM_frequentist\results_H3\h3a_additive_coef_all.csv,results\primary\h3a_mental_workload_data_literacy\h3a_additive_coef_all.csv,57f37216bd078ed85ff5433df18dabca52df5178a14b680514f7c1315f916f41
analysis_data\R_CLMM_frequentist\results_H3\h3a_additive_coef_location.csv,results\primary\h3a_mental_workload_data_literacy\h3a_additive_coef_location.csv,b787d8c8bb0a93ea16e345bcb916d0d92ca191898815128dd1b667ed491e30ad
analysis_data\R_CLMM_frequentist\results_H3\h3a_additive_model_summary.txt,results\primary\h3a_mental_workload_data_literacy\h3a_additive_model_summary.txt,6a731a2520d8edcb5a842e72a4e035466aaabd7e071295ead34d483b38a17d9f
analysis_data\R_CLMM_frequentist\results_H3\h3a_all_cells_latent.csv,results\primary\h3a_mental_workload_data_literacy\h3a_all_cells_latent.csv,39fc68b52fac78e15e6eb90aa45e28e8b630d881d00ac6324023bb624883964d
analysis_data\R_CLMM_frequentist\results_H3\h3a_all_cells_meanclass.csv,results\primary\h3a_mental_workload_data_literacy\h3a_all_cells_meanclass.csv,837d1566e81b8cfdf76aa839c3652d1cf77b6cafff2b11907c73661489c05074
analysis_data\R_CLMM_frequentist\results_H3\h3a_category_probabilities_by_cell.csv,results\primary\h3a_mental_workload_data_literacy\h3a_category_probabilities_by_cell.csv,6f63bce806fd9e3966c055250d9d2e0c0d3ef9823ea71a0869049535f2f1ebc4
analysis_data\R_CLMM_frequentist\results_H3\h3a_did_like_lowhigh_latent.csv,results\primary\h3a_mental_workload_data_literacy\h3a_did_like_lowhigh_latent.csv,d8feaae9ded7b87818ab7d9d5aeeb06fd32add456ff3b83dd8e9ff4354ed42fd
analysis_data\R_CLMM_frequentist\results_H3\h3a_did_like_lowhigh_meanclass.csv,results\primary\h3a_mental_workload_data_literacy\h3a_did_like_lowhigh_meanclass.csv,9d3f9207476e51dda70f195c9c81559092b4cb93658ef0e3b297b9ef1664bd07
analysis_data\R_CLMM_frequentist\results_H3\h3a_dl_group_mapping.csv,results\primary\h3a_mental_workload_data_literacy\h3a_dl_group_mapping.csv,8c9f45e2716fd4d516d03972e3f683a561b887e7df3a14be719a80f63f1b36eb
analysis_data\R_CLMM_frequentist\results_H3\h3a_emm_dl_by_interface_latent.csv,results\primary\h3a_mental_workload_data_literacy\h3a_emm_dl_by_interface_latent.csv,113b63704d62913c2feb70323f661bc068bd7c0c26e0e1af7549024bb47a8071
analysis_data\R_CLMM_frequentist\results_H3\h3a_emm_dl_by_interface_meanclass.csv,results\primary\h3a_mental_workload_data_literacy\h3a_emm_dl_by_interface_meanclass.csv,e64404496e867900c697ddf4e54145137482253fce61dd81a4b06fb68a73ec94
analysis_data\R_CLMM_frequentist\results_H3\h3a_emm_interface_by_dl_latent.csv,results\primary\h3a_mental_workload_data_literacy\h3a_emm_interface_by_dl_latent.csv,39fc68b52fac78e15e6eb90aa45e28e8b630d881d00ac6324023bb624883964d
analysis_data\R_CLMM_frequentist\results_H3\h3a_emm_interface_by_dl_meanclass.csv,results\primary\h3a_mental_workload_data_literacy\h3a_emm_interface_by_dl_meanclass.csv,837d1566e81b8cfdf76aa839c3652d1cf77b6cafff2b11907c73661489c05074
analysis_data\R_CLMM_frequentist\results_H3\h3a_interaction_coef_all.csv,results\primary\h3a_mental_workload_data_literacy\h3a_interaction_coef_all.csv,54d1f727ee5d6123695d38a0f7a5c5dfc3dbedbc9544b29acb4dc8a0caadaf1d
analysis_data\R_CLMM_frequentist\results_H3\h3a_interaction_coef_location.csv,results\primary\h3a_mental_workload_data_literacy\h3a_interaction_coef_location.csv,28876650fe2bf3c0fef7c1a977316cd3257a4979e58a5378133b57d0bcc32afe
analysis_data\R_CLMM_frequentist\results_H3\h3a_interaction_lrt.csv,results\primary\h3a_mental_workload_data_literacy\h3a_interaction_lrt.csv,a372ac8cce516a0287d846fb8902f45accbc6418107f40018c3b763ce495124e
analysis_data\R_CLMM_frequentist\results_H3\h3a_interaction_lrt.txt,results\primary\h3a_mental_workload_data_literacy\h3a_interaction_lrt.txt,6d39cd4f14c61367b9877c5f123e7384dcf07bd165281ea722adea8dd5ecd93b
analysis_data\R_CLMM_frequentist\results_H3\h3a_interaction_main_terms_only.csv,results\primary\h3a_mental_workload_data_literacy\h3a_interaction_main_terms_only.csv,c0a2aec1965f7cf566b31d3adc4a8ab06e57fac9069b764418a2c3fc82b37587
analysis_data\R_CLMM_frequentist\results_H3\h3a_interaction_model_summary.txt,results\primary\h3a_mental_workload_data_literacy\h3a_interaction_model_summary.txt,3ed58cafcd4b481a54c7c453783ac03e73ea9940cf6ab58e8da6f6fd55b7666b
analysis_data\R_CLMM_frequentist\results_H3\h3a_interaction_terms_only.csv,results\primary\h3a_mental_workload_data_literacy\h3a_interaction_terms_only.csv,bb50fdf0e7f47b3ca812040dfa66a448eee79a133e62147d3082826e2219f9fa
analysis_data\R_CLMM_frequentist\results_H3\h3a_internal_did_terms_only.csv,results\primary\h3a_mental_workload_data_literacy\h3a_internal_did_terms_only.csv,bb50fdf0e7f47b3ca812040dfa66a448eee79a133e62147d3082826e2219f9fa
analysis_data\R_CLMM_frequentist\results_H3\h3a_model_fit.csv,results\primary\h3a_mental_workload_data_literacy\h3a_model_fit.csv,369bb5b0a5e5d5281946e344b203830c137feec90f1b44fa0702fb6292ab1d94
analysis_data\R_CLMM_frequentist\results_H3\h3a_overall_interface_contrast_latent_from_full_model.csv,results\primary\h3a_mental_workload_data_literacy\h3a_overall_interface_contrast_latent_from_full_model.csv,4309dcb052995ccd5f4d4c57f0e745944707bfd599ea7dc79e4276324e408da8
analysis_data\R_CLMM_frequentist\results_H3\h3a_parameter_label_mapping.csv,results\primary\h3a_mental_workload_data_literacy\h3a_parameter_label_mapping.csv,31253287ae0fffaa954302cefa146a99acfd52999f42131fc6597f26830b21f9
analysis_data\R_CLMM_frequentist\results_H3\h3a_random_effect_sd.csv,results\primary\h3a_mental_workload_data_literacy\h3a_random_effect_sd.csv,5bf8735cf328b2b3ee11c6347fa217dc2618dfc3de820b3209d74d3b594d3f47
analysis_data\R_CLMM_frequentist\results_H3\h3a_random_effect_sd_diagnostics.txt,results\primary\h3a_mental_workload_data_literacy\h3a_random_effect_sd_diagnostics.txt,7d1f7ee03cf63ffd7cf63b78805c56c71f4dee6a7527b73a093a49c89e91b63d
analysis_data\R_CLMM_frequentist\results_H3\h3a_simple_effects_dl_lowhigh_by_interface_latent.csv,results\primary\h3a_mental_workload_data_literacy\h3a_simple_effects_dl_lowhigh_by_interface_latent.csv,7e1b8a52aab5f83b6fb453e8bf724e0c24699d2d1ada9afe1e504c42531b87b5
analysis_data\R_CLMM_frequentist\results_H3\h3a_simple_effects_dl_lowhigh_by_interface_meanclass.csv,results\primary\h3a_mental_workload_data_literacy\h3a_simple_effects_dl_lowhigh_by_interface_meanclass.csv,c39574ec6100ea9ff8d9470296ed6cee40fdb76b1f0c4682a041d8ddd14eb419
analysis_data\R_CLMM_frequentist\results_H3\h3a_simple_effects_interface_by_dl_latent.csv,results\primary\h3a_mental_workload_data_literacy\h3a_simple_effects_interface_by_dl_latent.csv,803ab2ba9ff7873cefbde735d8e01d98e77549a5b7bf650f6a3b0e9b2ed9ca0f
analysis_data\R_CLMM_frequentist\results_H3\h3a_simple_effects_interface_by_dl_meanclass.csv,results\primary\h3a_mental_workload_data_literacy\h3a_simple_effects_interface_by_dl_meanclass.csv,fa7696bdc89dc413ce79d58fad82397d74e5dba5cf36d7c35ea6a0d8ae9919ff
analysis_data\H3b_accuracy_fractional_logit_dl_mean_3levels\results\bootstrap_draws.csv,results\primary\h3b_accuracy_data_literacy\bootstrap_draws.csv,bdca57d3829fe6941c729bf5b2e56e341b7bbb627c0e999da3d405b82b712d36
analysis_data\H3b_accuracy_fractional_logit_dl_mean_3levels\results\coef_table_additive.csv,results\primary\h3b_accuracy_data_literacy\coef_table_additive.csv,6640f4915f7e87f608522684e9ec5b186fabb57348a90cb19f9fcfd8e536a247
analysis_data\H3b_accuracy_fractional_logit_dl_mean_3levels\results\coef_table_full.csv,results\primary\h3b_accuracy_data_literacy\coef_table_full.csv,a798412d488fd01a2c4d5f58eec84dc9da62910376511274cc85278592a3c0cf
analysis_data\H3b_accuracy_fractional_logit_dl_mean_3levels\results\coef_table_interaction_only.csv,results\primary\h3b_accuracy_data_literacy\coef_table_interaction_only.csv,a1a6f745c742941b048e585f9accf90bc9e366c9160f141323581060b4f95b7e
analysis_data\H3b_accuracy_fractional_logit_dl_mean_3levels\results\descriptives_by_interface_dl.csv,results\primary\h3b_accuracy_data_literacy\descriptives_by_interface_dl.csv,4c206427df1f5cab86ee4251ba3733be8a8af1ad41ff3828f6cb01e03b361297
analysis_data\H3b_accuracy_fractional_logit_dl_mean_3levels\results\dl_group_mapping_from_mean.csv,results\primary\h3b_accuracy_data_literacy\dl_group_mapping_from_mean.csv,ec64b0d2ac4ae0733328b9ebc2ff27e359e6c04006d7261c5963691040583eff
analysis_data\H3b_accuracy_fractional_logit_dl_mean_3levels\results\dl_mean_descriptives_by_group.csv,results\primary\h3b_accuracy_data_literacy\dl_mean_descriptives_by_group.csv,3d3daf850bc0ceb3cc0ac03cbcb02dacd42cb0d4366a89ae39ed47d51e9e5991
analysis_data\H3b_accuracy_fractional_logit_dl_mean_3levels\results\effect_sizes_summary.csv,results\primary\h3b_accuracy_data_literacy\effect_sizes_summary.csv,a65fdd4dd2fce97f3cb8b1209ccd642d46c3a892a214a24c27ccbef4b7fbe698
analysis_data\H3b_accuracy_fractional_logit_dl_mean_3levels\results\low_high_dl_within_interface.csv,results\primary\h3b_accuracy_data_literacy\low_high_dl_within_interface.csv,2ae471cd62c8c3cc487a4f33679b5189607c54ca66fba36d41af5060ec40ee30
analysis_data\H3b_accuracy_fractional_logit_dl_mean_3levels\results\model_fit.csv,results\primary\h3b_accuracy_data_literacy\model_fit.csv,889d0e41eea52ffd3a1f2e2160a1db58dfacc04cdce22e10c6268c6e1bc22bce
analysis_data\H3b_accuracy_fractional_logit_dl_mean_3levels\results\n_participants_by_interface_dl.csv,results\primary\h3b_accuracy_data_literacy\n_participants_by_interface_dl.csv,959b2c8a2dd51a9aff124c5b552d40fb36289db5bb417a5f965a8280b355ff0f
analysis_data\H3b_accuracy_fractional_logit_dl_mean_3levels\results\omnibus_tests.csv,results\primary\h3b_accuracy_data_literacy\omnibus_tests.csv,722549370fd20afd8874f48a760733f41dbfd98ee565183b8d960856952b6be4
analysis_data\H3b_accuracy_fractional_logit_dl_mean_3levels\results\predicted_accuracy_interface_dl.csv,results\primary\h3b_accuracy_data_literacy\predicted_accuracy_interface_dl.csv,af1cf05887290a12cd331a9b59ff3fadee4def73b46bc415509addeccec0c89f
analysis_data\H3b_accuracy_fractional_logit_dl_mean_3levels\results\primary_did_high_low_dl.csv,results\primary\h3b_accuracy_data_literacy\primary_did_high_low_dl.csv,2358d3a109cc43ec077c9ab1f72af3d6e970ce175a0a100ffa1130d9f586af11
analysis_data\H3b_accuracy_fractional_logit_dl_mean_3levels\results\simple_interface_effects_by_dl.csv,results\primary\h3b_accuracy_data_literacy\simple_interface_effects_by_dl.csv,ae8cbdfa23de246ad22fdbedfeac438ba9042ff82f710a4697c7f2d516c48aac
analysis_data\H3c_time_gamma_gee_dl_mean_3groups\results\h3c_additive_coef_all.csv,results\primary\h3c_completion_time_data_literacy\h3c_additive_coef_all.csv,1ea4e4c3d1587625e7674baaf2c90f3572ecded3f60c1fd93c1a88e5e0f77b7b
analysis_data\H3c_time_gamma_gee_dl_mean_3groups\results\h3c_additive_model_summary.txt,results\primary\h3c_completion_time_data_literacy\h3c_additive_model_summary.txt,7fbd4e55a86dd0ca62e4a4b706dc44b0671fa2d908ff65cea254aec1b6972351
analysis_data\H3c_time_gamma_gee_dl_mean_3groups\results\h3c_bootstrap_draws.csv,results\primary\h3c_completion_time_data_literacy\h3c_bootstrap_draws.csv,8041d0271ee28f808e9c8d3059fdcb30f375269c5cbe17a7a3de680efa0480bc
analysis_data\H3c_time_gamma_gee_dl_mean_3groups\results\h3c_descriptives_raw_by_cell.csv,results\primary\h3c_completion_time_data_literacy\h3c_descriptives_raw_by_cell.csv,7b2ee4adcc17d3b4186c2e25987e68690dca6895ee3306d1913dd4c5057cfb7e
analysis_data\H3c_time_gamma_gee_dl_mean_3groups\results\h3c_descriptives_raw_by_interface.csv,results\primary\h3c_completion_time_data_literacy\h3c_descriptives_raw_by_interface.csv,8ccf83f5c6d23ba3be5bd7bc6bf8170b7af2e77c4af7a5054585303454d29c39
analysis_data\H3c_time_gamma_gee_dl_mean_3groups\results\h3c_did_contrasts.csv,results\primary\h3c_completion_time_data_literacy\h3c_did_contrasts.csv,07032130feeeb8ba9680ddacc894d444ed986a48da9c5fb09296137dd42727ed
analysis_data\H3c_time_gamma_gee_dl_mean_3groups\results\h3c_dl_effects_within_interface.csv,results\primary\h3c_completion_time_data_literacy\h3c_dl_effects_within_interface.csv,c4706d0b27ed9d3ce05a1c683d29950989bd433f76070842f0a92314a5b27919
analysis_data\H3c_time_gamma_gee_dl_mean_3groups\results\h3c_dl_group_counts.csv,results\primary\h3c_completion_time_data_literacy\h3c_dl_group_counts.csv,9ca1a81cb58482483a5f67ac841c31bcd13bac575f6a8fda9a52b7f36fabe0c1
analysis_data\H3c_time_gamma_gee_dl_mean_3groups\results\h3c_dl_group_mapping.csv,results\primary\h3c_completion_time_data_literacy\h3c_dl_group_mapping.csv,bcc27cfbbbcf40881a2379e689a236e516c11c45d3a3046e4f5b166933dfa69e
analysis_data\H3c_time_gamma_gee_dl_mean_3groups\results\h3c_effect_sizes_summary.csv,results\primary\h3c_completion_time_data_literacy\h3c_effect_sizes_summary.csv,601b2079b10b1d0f394e01e6fafb2fcf533b7be60864de0b019a94677e2ea695
analysis_data\H3c_time_gamma_gee_dl_mean_3groups\results\h3c_full_model_summary.txt,results\primary\h3c_completion_time_data_literacy\h3c_full_model_summary.txt,643b456db8dc540574b18117c00e60c533810846b6ae11d3ec09f3f12437dc0c
analysis_data\H3c_time_gamma_gee_dl_mean_3groups\results\h3c_interaction_coef_all.csv,results\primary\h3c_completion_time_data_literacy\h3c_interaction_coef_all.csv,80e6754c14775211ceeeb6b2720b8e3ea256eb842cb0967e568e2b466582bf70
analysis_data\H3c_time_gamma_gee_dl_mean_3groups\results\h3c_interaction_coef_interaction_only.csv,results\primary\h3c_completion_time_data_literacy\h3c_interaction_coef_interaction_only.csv,c4387249c4ecf9c1864a26fa50e51d599c29b6b6a38bb55c84b7cbc0300e255d
analysis_data\H3c_time_gamma_gee_dl_mean_3groups\results\h3c_interaction_tests_and_qic.csv,results\primary\h3c_completion_time_data_literacy\h3c_interaction_tests_and_qic.csv,e21d59a1c35897359d253a2a8879ae6c57a91e550784b225cb3ad423e5220e33
analysis_data\H3c_time_gamma_gee_dl_mean_3groups\results\h3c_model_fit.csv,results\primary\h3c_completion_time_data_literacy\h3c_model_fit.csv,afa0128e90c2638b43007f7f0bd8dce54b7093c78f417f0b32f869d9e174645f
analysis_data\H3c_time_gamma_gee_dl_mean_3groups\results\h3c_overall_interface_standardized.csv,results\primary\h3c_completion_time_data_literacy\h3c_overall_interface_standardized.csv,a5589a941068d06a005d8f138ed598857343744990444edd4526779562707943
analysis_data\H3c_time_gamma_gee_dl_mean_3groups\results\h3c_predicted_cell_means.csv,results\primary\h3c_completion_time_data_literacy\h3c_predicted_cell_means.csv,d4555543119773611aa85f1680f096a1bc515936559cae0e22025f5b8e94a44a
analysis_data\H3c_time_gamma_gee_dl_mean_3groups\results\h3c_simple_interface_by_dl.csv,results\primary\h3c_completion_time_data_literacy\h3c_simple_interface_by_dl.csv,3d592c6f465ff978f83e1c9ad04545c4939c79472100fa4fda2053f6fe01897e
analysis_data\R_CLMM_frequentist\results_H4\h4a_additive_coef_all.csv,results\primary\h4a_mental_workload_complexity\h4a_additive_coef_all.csv,74a3b908d49a38042018f369337df8d6e45f555b716e8e11c5c90bdba9d299f5
analysis_data\R_CLMM_frequentist\results_H4\h4a_additive_coef_location.csv,results\primary\h4a_mental_workload_complexity\h4a_additive_coef_location.csv,851a26b6a25e40307acd7b412772a1fc3991032b9b41e13b60051c2575471b9b
analysis_data\R_CLMM_frequentist\results_H4\h4a_additive_model_summary.txt,results\primary\h4a_mental_workload_complexity\h4a_additive_model_summary.txt,5f74f5d19273a6ba118675582c29562dcfe46c6b0215495e1e4c7d38c07658f0
analysis_data\R_CLMM_frequentist\results_H4\h4a_all_cells_latent.csv,results\primary\h4a_mental_workload_complexity\h4a_all_cells_latent.csv,8990b91ef66a714cccfc25214e968638b0091911f5b64c02352ab41dd1fa76f6
analysis_data\R_CLMM_frequentist\results_H4\h4a_all_cells_meanclass.csv,results\primary\h4a_mental_workload_complexity\h4a_all_cells_meanclass.csv,34bc4dd3ee26854bc3ea4e58f515075136c4a39b2abb6fca2460ee6ed4b16bd2
analysis_data\R_CLMM_frequentist\results_H4\h4a_category_probabilities_by_cell.csv,results\primary\h4a_mental_workload_complexity\h4a_category_probabilities_by_cell.csv,064aa74ad90c8b94e693f10ce7ec73afa74b577b9911cf5846bfff485ef8cf83
analysis_data\R_CLMM_frequentist\results_H4\h4a_complexity_lrt.csv,results\primary\h4a_mental_workload_complexity\h4a_complexity_lrt.csv,80ed261335a7fbae8e7310a4c063258199c440124f2defd23873bb025800dec2
analysis_data\R_CLMM_frequentist\results_H4\h4a_complexity_lrt.txt,results\primary\h4a_mental_workload_complexity\h4a_complexity_lrt.txt,f440cfa8474d374e227d8d0d1316e7e5cc9f366c76d99af982e0b0c03bc89af6
analysis_data\R_CLMM_frequentist\results_H4\h4a_contrasts_complexity_latent.csv,results\primary\h4a_mental_workload_complexity\h4a_contrasts_complexity_latent.csv,741b0770d0dd7aaa051e64bb3c6fa155680efea55e23dede245ff24378298567
analysis_data\R_CLMM_frequentist\results_H4\h4a_contrasts_complexity_meanclass.csv,results\primary\h4a_mental_workload_complexity\h4a_contrasts_complexity_meanclass.csv,51db515738d34680490e53266bd4c7ccffb2eb19ecec9d12433619381a0af4f5
analysis_data\R_CLMM_frequentist\results_H4\h4a_descriptives_ordinal_by_cell.csv,results\primary\h4a_mental_workload_complexity\h4a_descriptives_ordinal_by_cell.csv,55b2605499769a9b85089f9aa59d8743f576b600051bc88222c754302746f799
analysis_data\R_CLMM_frequentist\results_H4\h4a_descriptives_ordinal_by_complexity.csv,results\primary\h4a_mental_workload_complexity\h4a_descriptives_ordinal_by_complexity.csv,ef87fcb27c5f583769e3e18d901aeee20aa6c02c06e8f12ebbe86d75a9069c47
analysis_data\R_CLMM_frequentist\results_H4\h4a_descriptives_raw_by_cell.csv,results\primary\h4a_mental_workload_complexity\h4a_descriptives_raw_by_cell.csv,1f2ffa03da3397f57ef49be1b49b53788e46256de0870bf3b0393c08d40683dd
analysis_data\R_CLMM_frequentist\results_H4\h4a_descriptives_raw_by_complexity.csv,results\primary\h4a_mental_workload_complexity\h4a_descriptives_raw_by_complexity.csv,eb36720f827da0780aa2baec6fad3c08c99eca42ba5ac58487c95cc8ad680d11
analysis_data\R_CLMM_frequentist\results_H4\h4a_emm_complexity_latent.csv,results\primary\h4a_mental_workload_complexity\h4a_emm_complexity_latent.csv,a265f909c0ce6cfa8397c1bb06673c9971a03261b05dda9ad9892d01f9d77edb
analysis_data\R_CLMM_frequentist\results_H4\h4a_emm_complexity_meanclass.csv,results\primary\h4a_mental_workload_complexity\h4a_emm_complexity_meanclass.csv,77a092645d418fb449a2585ee009603c5e8a6fbbbebab51c8a7c5168a05bc2e6
analysis_data\R_CLMM_frequentist\results_H4\h4a_emm_interface_latent.csv,results\primary\h4a_mental_workload_complexity\h4a_emm_interface_latent.csv,f63db07f3e400663c993f14f9a1390b3128bc8f4b32ae921c57282d69ef21672
analysis_data\R_CLMM_frequentist\results_H4\h4a_model_fit.csv,results\primary\h4a_mental_workload_complexity\h4a_model_fit.csv,0015ddc25bc17c56783060f8e387fa3de8f9446c277587d661255fe82d634854
analysis_data\R_CLMM_frequentist\results_H4\h4a_n_participants_by_interface.csv,results\primary\h4a_mental_workload_complexity\h4a_n_participants_by_interface.csv,22b88045f13eb281836ac87b86e04a7761e5c16c93aeaca6ce479bf220bf8b21
analysis_data\R_CLMM_frequentist\results_H4\h4a_null_coef_all.csv,results\primary\h4a_mental_workload_complexity\h4a_null_coef_all.csv,c4b276db8a042289b70e47720cc1e6aea117ac86ddbc67986c8ef23880435445
analysis_data\R_CLMM_frequentist\results_H4\h4a_null_coef_location.csv,results\primary\h4a_mental_workload_complexity\h4a_null_coef_location.csv,b9028d166178c28e17098b8d0ba7b87897eb11f3f7873909f2db4f01bad2cad6
analysis_data\R_CLMM_frequentist\results_H4\h4a_null_model_summary.txt,results\primary\h4a_mental_workload_complexity\h4a_null_model_summary.txt,168f14e8fcc1646721ddab9dd07dc98bb66aec1ee217ccf01fe18b54cb860aae
analysis_data\R_CLMM_frequentist\results_H4\h4a_overall_interface_contrast_latent_from_additive_model.csv,results\primary\h4a_mental_workload_complexity\h4a_overall_interface_contrast_latent_from_additive_model.csv,9a4ab7fcf3d78a459ddc28d147703510f36bac1d09da7d643a52c29ecd623944
analysis_data\R_CLMM_frequentist\results_H4\h4a_random_effect_sd.csv,results\primary\h4a_mental_workload_complexity\h4a_random_effect_sd.csv,eddde49f52d5595b8553ddeca73f38fa5e815e247a9b6d748136d3397015ec29
analysis_data\R_CLMM_frequentist\results_H5_reliance_clmm\H5A_interface\h5a_additive_coef_all.csv,results\primary\h5_reliance\H5A_interface\h5a_additive_coef_all.csv,4a53914d7bf33ff9b972ab1a2f656ff26a9a129d7119eb538cc81ef2381caeca
analysis_data\R_CLMM_frequentist\results_H5_reliance_clmm\H5A_interface\h5a_additive_coef_location.csv,results\primary\h5_reliance\H5A_interface\h5a_additive_coef_location.csv,998a85ea7dc84218be097e65b53e155303bf1b49e02a2ba57c470c0a396877ad
analysis_data\R_CLMM_frequentist\results_H5_reliance_clmm\H5A_interface\h5a_category_probabilities_by_interface.csv,results\primary\h5_reliance\H5A_interface\h5a_category_probabilities_by_interface.csv,75786bff510da4f2892b37561cda685a0545f654ad228fb85f30373186fea6e5
analysis_data\R_CLMM_frequentist\results_H5_reliance_clmm\H5A_interface\h5a_complexity_lrt.csv,results\primary\h5_reliance\H5A_interface\h5a_complexity_lrt.csv,870043eb7cb0ebf9e457eb99318b797e689b0c0f6fe96ff9f468aa49384b0b54
analysis_data\R_CLMM_frequentist\results_H5_reliance_clmm\H5A_interface\h5a_descriptives_ordinal_by_item_interface.csv,results\primary\h5_reliance\H5A_interface\h5a_descriptives_ordinal_by_item_interface.csv,8873b539f9bf3898ff12e00844d0040ae67dd65867a7a9454dcca12f430bfa86
analysis_data\R_CLMM_frequentist\results_H5_reliance_clmm\H5A_interface\h5a_descriptives_raw_by_item_interface.csv,results\primary\h5_reliance\H5A_interface\h5a_descriptives_raw_by_item_interface.csv,8773f6418f9e496b8cdb18cd66647051f1b9cdeca3d5582fe3fc994b37bac08a
analysis_data\R_CLMM_frequentist\results_H5_reliance_clmm\H5A_interface\h5a_emm_interface_latent.csv,results\primary\h5_reliance\H5A_interface\h5a_emm_interface_latent.csv,387bff3ee7ae428222a6daa379da5cde2d654e2b0c2c963ed2cd7e640504da84
analysis_data\R_CLMM_frequentist\results_H5_reliance_clmm\H5A_interface\h5a_emm_interface_meanclass.csv,results\primary\h5_reliance\H5A_interface\h5a_emm_interface_meanclass.csv,909550b7a89e516810173ad4bf79148caff7a5bce8ac8c958ff24f24bd39a7e8
analysis_data\R_CLMM_frequentist\results_H5_reliance_clmm\H5A_interface\h5a_interface_lrt.csv,results\primary\h5_reliance\H5A_interface\h5a_interface_lrt.csv,3b0438fdca1bee29cc7bea139fa90e4fedf12c657cb526326b68e8ba085152b6
analysis_data\R_CLMM_frequentist\results_H5_reliance_clmm\H5A_interface\h5a_model_fit.csv,results\primary\h5_reliance\H5A_interface\h5a_model_fit.csv,bd90bd992923004af8f1c8acd5be82c7017ac4226c991105f26f074468b7048a
analysis_data\R_CLMM_frequentist\results_H5_reliance_clmm\H5A_interface\h5a_n_participants_by_item_interface.csv,results\primary\h5_reliance\H5A_interface\h5a_n_participants_by_item_interface.csv,446d06ffe0dcd4a6119a0ac26e0a4444a4267d0323ba356dd0d4cde7203a43bd
analysis_data\R_CLMM_frequentist\results_H5_reliance_clmm\H5A_interface\h5a_omnibus_lrt.csv,results\primary\h5_reliance\H5A_interface\h5a_omnibus_lrt.csv,cb7125dce2153ceba6351b1b678fb378433ed658af0dfc08d283d98e120dabe4
analysis_data\R_CLMM_frequentist\results_H5_reliance_clmm\H5A_interface\h5a_omnibus_lrt.txt,results\primary\h5_reliance\H5A_interface\h5a_omnibus_lrt.txt,5458f3509218c2f8a1f3b5b4cdd12460eff9745e496fd20d158e4fd60fddc3f9
analysis_data\R_CLMM_frequentist\results_H5_reliance_clmm\H5A_interface\h5a_overall_interface_contrast_latent.csv,results\primary\h5_reliance\H5A_interface\h5a_overall_interface_contrast_latent.csv,d27cd6bac7ea3da338f4869d3feeef6297e0cce495df6d755c90b168cb507e7c
analysis_data\R_CLMM_frequentist\results_H5_reliance_clmm\H5A_interface\h5a_overall_interface_contrast_meanclass.csv,results\primary\h5_reliance\H5A_interface\h5a_overall_interface_contrast_meanclass.csv,f39d67ff9fe5b39a35993bf3fcd39c8265b40148ede87a1443d3fe5db74d0836
analysis_data\R_CLMM_frequentist\results_H5_reliance_clmm\H5A_interface\h5a_r1_additive_model_summary.txt,results\primary\h5_reliance\H5A_interface\h5a_r1_additive_model_summary.txt,d86827bcd826736877652d05390079d7f5e8077a7f1141cb9b720565d828ef6c
analysis_data\R_CLMM_frequentist\results_H5_reliance_clmm\H5A_interface\h5a_r2_additive_model_summary.txt,results\primary\h5_reliance\H5A_interface\h5a_r2_additive_model_summary.txt,99569cfadcd2f7ea3a7990859e1ca0367eb0bdd1b10f029d96bf2d711a728250
analysis_data\R_CLMM_frequentist\results_H5_reliance_clmm\H5A_interface\h5a_r3_additive_model_summary.txt,results\primary\h5_reliance\H5A_interface\h5a_r3_additive_model_summary.txt,5352d2368a3e52e0469f00126a73434aa8b7e5c91589ae83d4532cf2b4778061
analysis_data\R_CLMM_frequentist\results_H5_reliance_clmm\H5A_interface\h5a_random_effect_sd.csv,results\primary\h5_reliance\H5A_interface\h5a_random_effect_sd.csv,373216841ed58baac3ed5d7d8550ddf17972ada969a285c3d277f4db1cdc0425
analysis_data\R_CLMM_frequentist\results_H5_reliance_clmm\H5A_interface\h5a_random_effect_sd_diagnostics.txt,results\primary\h5_reliance\H5A_interface\h5a_random_effect_sd_diagnostics.txt,ff08c141fdadf0aaf0b5f59acce99b8f994de30a57b2756f92f58b4355a10703
analysis_data\R_CLMM_frequentist\results_H5_reliance_clmm\H5B_interaction\h5b_all_cells_latent.csv,results\robustness\h5_interface_by_complexity\h5b_all_cells_latent.csv,b62057d34475448d18089c3aaa66dba9bcfb96cb0cb1fe5aee5ae371de9c6ec5
analysis_data\R_CLMM_frequentist\results_H5_reliance_clmm\H5B_interaction\h5b_all_cells_meanclass.csv,results\robustness\h5_interface_by_complexity\h5b_all_cells_meanclass.csv,29d301d7c13fd9d3fee5578ae39c27b5f127b9177c538df0e4faf9fc54ddbe7a
analysis_data\R_CLMM_frequentist\results_H5_reliance_clmm\H5B_interaction\h5b_category_probabilities_by_cell.csv,results\robustness\h5_interface_by_complexity\h5b_category_probabilities_by_cell.csv,da0cc4dfc82d83b78ff3c12ec439a2536237dd4f5b6edab3b35e1d3513be2578
analysis_data\R_CLMM_frequentist\results_H5_reliance_clmm\H5B_interaction\h5b_descriptives_ordinal_by_cell.csv,results\robustness\h5_interface_by_complexity\h5b_descriptives_ordinal_by_cell.csv,3256fcf144ebbf8c392aad66dac1ace6a8d32175831a84b16d00720dfbd7040d
analysis_data\R_CLMM_frequentist\results_H5_reliance_clmm\H5B_interaction\h5b_descriptives_raw_by_cell.csv,results\robustness\h5_interface_by_complexity\h5b_descriptives_raw_by_cell.csv,a04eb1f62fd77f9cac24da57eff612a690428ae6c3712e3977caae77c95e6a84
analysis_data\R_CLMM_frequentist\results_H5_reliance_clmm\H5B_interaction\h5b_did_like_latent.csv,results\robustness\h5_interface_by_complexity\h5b_did_like_latent.csv,9aa0d90e86560ba986b04485880da9672f58a1439ff754a280dd8da4d79e152b
analysis_data\R_CLMM_frequentist\results_H5_reliance_clmm\H5B_interaction\h5b_did_like_meanclass.csv,results\robustness\h5_interface_by_complexity\h5b_did_like_meanclass.csv,827d6ee3afd4f4d86d0afd1981ddf0cbdb622a0cefe68d4eef3e31d99d35373c
analysis_data\R_CLMM_frequentist\results_H5_reliance_clmm\H5B_interaction\h5b_emm_complexity_by_interface_latent.csv,results\robustness\h5_interface_by_complexity\h5b_emm_complexity_by_interface_latent.csv,b1ffa311185341a2e5299e7e120421f85193f5b01ca554a0a99c907363f455b0
analysis_data\R_CLMM_frequentist\results_H5_reliance_clmm\H5B_interaction\h5b_emm_complexity_by_interface_meanclass.csv,results\robustness\h5_interface_by_complexity\h5b_emm_complexity_by_interface_meanclass.csv,f0fb59524f8af9013d9aff9d04f3b95af5e20c587389e7f1318f5dde9ecfb5dd
analysis_data\R_CLMM_frequentist\results_H5_reliance_clmm\H5B_interaction\h5b_emm_interface_by_complexity_latent.csv,results\robustness\h5_interface_by_complexity\h5b_emm_interface_by_complexity_latent.csv,b62057d34475448d18089c3aaa66dba9bcfb96cb0cb1fe5aee5ae371de9c6ec5
analysis_data\R_CLMM_frequentist\results_H5_reliance_clmm\H5B_interaction\h5b_emm_interface_by_complexity_meanclass.csv,results\robustness\h5_interface_by_complexity\h5b_emm_interface_by_complexity_meanclass.csv,29d301d7c13fd9d3fee5578ae39c27b5f127b9177c538df0e4faf9fc54ddbe7a
analysis_data\R_CLMM_frequentist\results_H5_reliance_clmm\H5B_interaction\h5b_interaction_coef_all.csv,results\robustness\h5_interface_by_complexity\h5b_interaction_coef_all.csv,e40c3f1c07de1ec2a5d7fa98bfc16051fc4cc0615f070b4753a2ff01c16ae865
analysis_data\R_CLMM_frequentist\results_H5_reliance_clmm\H5B_interaction\h5b_interaction_coef_location.csv,results\robustness\h5_interface_by_complexity\h5b_interaction_coef_location.csv,0d9eff4e9acc253f4acae7892d5f7ec8dfc479f2f025b5c2102bc83703e18edc
analysis_data\R_CLMM_frequentist\results_H5_reliance_clmm\H5B_interaction\h5b_interaction_lrt.csv,results\robustness\h5_interface_by_complexity\h5b_interaction_lrt.csv,8f5a31a85a00a2900c951dec2cf515cefc0e344ae90220846145e3d2787aaff8
analysis_data\R_CLMM_frequentist\results_H5_reliance_clmm\H5B_interaction\h5b_interaction_lrt.txt,results\robustness\h5_interface_by_complexity\h5b_interaction_lrt.txt,0d75edd994345ee428f4fc0d715f2eef06fe103d665cff803a0b019720bf33e5
analysis_data\R_CLMM_frequentist\results_H5_reliance_clmm\H5B_interaction\h5b_interaction_main_terms_only.csv,results\robustness\h5_interface_by_complexity\h5b_interaction_main_terms_only.csv,6e187e5a00ea16d8f6eb37e05a230f5028c14d993127e1b1ddcd257396994836
analysis_data\R_CLMM_frequentist\results_H5_reliance_clmm\H5B_interaction\h5b_interaction_terms_only.csv,results\robustness\h5_interface_by_complexity\h5b_interaction_terms_only.csv,b62c4532f9fc16a486ebdb962b3284926e62582346ec1716a8aa80af1328843d
analysis_data\R_CLMM_frequentist\results_H5_reliance_clmm\H5B_interaction\h5b_model_fit.csv,results\robustness\h5_interface_by_complexity\h5b_model_fit.csv,28cd5fcaf4ba1e84e5f10aeeb3f0e99d00a7505139fb914ddebe5edd2c76828b
analysis_data\R_CLMM_frequentist\results_H5_reliance_clmm\H5B_interaction\h5b_n_participants_by_cell.csv,results\robustness\h5_interface_by_complexity\h5b_n_participants_by_cell.csv,aff94afa24cfadad41b11284dafc8a416cda7605b098a55cd625376e26d9122a
analysis_data\R_CLMM_frequentist\results_H5_reliance_clmm\H5B_interaction\h5b_r1_additive_model_summary.txt,results\robustness\h5_interface_by_complexity\h5b_r1_additive_model_summary.txt,d86827bcd826736877652d05390079d7f5e8077a7f1141cb9b720565d828ef6c
analysis_data\R_CLMM_frequentist\results_H5_reliance_clmm\H5B_interaction\h5b_r1_interaction_model_summary.txt,results\robustness\h5_interface_by_complexity\h5b_r1_interaction_model_summary.txt,4bbde010c88759ae38e452bfc7c705a76f1d7816c72f8d6dedf966b4dde40fc2
analysis_data\R_CLMM_frequentist\results_H5_reliance_clmm\H5B_interaction\h5b_r2_additive_model_summary.txt,results\robustness\h5_interface_by_complexity\h5b_r2_additive_model_summary.txt,99569cfadcd2f7ea3a7990859e1ca0367eb0bdd1b10f029d96bf2d711a728250
analysis_data\R_CLMM_frequentist\results_H5_reliance_clmm\H5B_interaction\h5b_r2_interaction_model_summary.txt,results\robustness\h5_interface_by_complexity\h5b_r2_interaction_model_summary.txt,60a96b8b024824917673d69e062c1ec83329d8f070921bdf2a9341b5581d6892
analysis_data\R_CLMM_frequentist\results_H5_reliance_clmm\H5B_interaction\h5b_r3_additive_model_summary.txt,results\robustness\h5_interface_by_complexity\h5b_r3_additive_model_summary.txt,5352d2368a3e52e0469f00126a73434aa8b7e5c91589ae83d4532cf2b4778061
analysis_data\R_CLMM_frequentist\results_H5_reliance_clmm\H5B_interaction\h5b_r3_interaction_model_summary.txt,results\robustness\h5_interface_by_complexity\h5b_r3_interaction_model_summary.txt,b69dea60e7f83989709c9b214e8227ea5ca34cb9365f2a80bb2e311486013841
analysis_data\R_CLMM_frequentist\results_H5_reliance_clmm\H5B_interaction\h5b_random_effect_sd.csv,results\robustness\h5_interface_by_complexity\h5b_random_effect_sd.csv,ac953e3c1425cb413480512a168fd3cf2247b9fd3bdaf64210eaa964fd86e46e
analysis_data\R_CLMM_frequentist\results_H5_reliance_clmm\H5B_interaction\h5b_random_effect_sd_diagnostics.txt,results\robustness\h5_interface_by_complexity\h5b_random_effect_sd_diagnostics.txt,fd75ab2086710e38ed13f5127f1580eeaaa1509293191221d6af9e153c72d241
analysis_data\R_CLMM_frequentist\results_H5_reliance_clmm\H5B_interaction\h5b_simple_effects_complexity_by_interface_latent.csv,results\robustness\h5_interface_by_complexity\h5b_simple_effects_complexity_by_interface_latent.csv,f9048b7ec6d16f0d0f1ba765169836e34b90fe595bbf46f112d38feeada7f6c6
analysis_data\R_CLMM_frequentist\results_H5_reliance_clmm\H5B_interaction\h5b_simple_effects_complexity_by_interface_meanclass.csv,results\robustness\h5_interface_by_complexity\h5b_simple_effects_complexity_by_interface_meanclass.csv,e9a6e233ec55cd400915bce7c8584fd410c86f8c53e81444ca7a0945c2a24916
analysis_data\R_CLMM_frequentist\results_H5_reliance_clmm\H5B_interaction\h5b_simple_effects_interface_by_complexity_latent.csv,results\robustness\h5_interface_by_complexity\h5b_simple_effects_interface_by_complexity_latent.csv,5c5c6a636391a247d943eca65f2ab814261fa6f8ad40f2a185c6eb62c202dd81
analysis_data\R_CLMM_frequentist\results_H5_reliance_clmm\H5B_interaction\h5b_simple_effects_interface_by_complexity_meanclass.csv,results\robustness\h5_interface_by_complexity\h5b_simple_effects_interface_by_complexity_meanclass.csv,f594668e945da1f685dde8d9dd7cb1498e3fd4125461a16a695b4a6caa0193ff
analysis_data\R_CLMM_frequentist\results_H5_reliance_clmm\plots\H5A_interface\h5a_category_probabilities_r1.png,results\primary\h5_reliance\plots\H5A_interface\h5a_category_probabilities_r1.png,5b0d7d4bf775a36e2783665ec771ee218856884834faa7f017f1df8591cef077
analysis_data\R_CLMM_frequentist\results_H5_reliance_clmm\plots\H5A_interface\h5a_category_probabilities_r2.png,results\primary\h5_reliance\plots\H5A_interface\h5a_category_probabilities_r2.png,db90a5e17d7113118681a9ee13b0d90a1b9a0ada3d8ad7fc0a4c608272167ffb
analysis_data\R_CLMM_frequentist\results_H5_reliance_clmm\plots\H5A_interface\h5a_category_probabilities_r3.png,results\primary\h5_reliance\plots\H5A_interface\h5a_category_probabilities_r3.png,a516e62e608389d11d477e615e7a7ca5c3857368bccf5349167a1a9b182dd283
analysis_data\R_CLMM_frequentist\results_H5_reliance_clmm\plots\H5A_interface\h5a_descriptives_ordinal_by_item_interface.png,results\primary\h5_reliance\plots\H5A_interface\h5a_descriptives_ordinal_by_item_interface.png,e3012e4dffb2de719f81a42d7f6259524317c176c623bc618cc110d04a66b1d6
analysis_data\R_CLMM_frequentist\results_H5_reliance_clmm\plots\H5A_interface\h5a_descriptives_raw_by_item_interface.png,results\primary\h5_reliance\plots\H5A_interface\h5a_descriptives_raw_by_item_interface.png,215355441ad2a967fa56a98e164fc297eaa91295f86f8368143c139c49508094
analysis_data\R_CLMM_frequentist\results_H5_reliance_clmm\plots\H5A_interface\h5a_emm_interface_latent.png,results\primary\h5_reliance\plots\H5A_interface\h5a_emm_interface_latent.png,5556c184ae1f7bee203bbeadcecae394e3a06188147eae1c0e5dcb0a2aac10ec
analysis_data\R_CLMM_frequentist\results_H5_reliance_clmm\plots\H5A_interface\h5a_emm_interface_meanclass.png,results\primary\h5_reliance\plots\H5A_interface\h5a_emm_interface_meanclass.png,2d8286682d91fbe6007875cbf21aaa35a2faf03296b227b41dabe26868185bd5
analysis_data\R_CLMM_frequentist\results_H5_reliance_clmm\plots\H5A_interface\h5a_overall_interface_contrast_latent.png,results\primary\h5_reliance\plots\H5A_interface\h5a_overall_interface_contrast_latent.png,ad2324f0914f7eb889f1205e7abf7ea16fa267441a3c4cd24bd1c6d9a26439a1
analysis_data\R_CLMM_frequentist\results_H5_reliance_clmm\plots\H5A_interface\h5a_overall_interface_contrast_meanclass.png,results\primary\h5_reliance\plots\H5A_interface\h5a_overall_interface_contrast_meanclass.png,22ea53c932a567ad145f45ff938f3ef49c265be326f424cfe83cc2281da27143
analysis_data\R_CLMM_frequentist\results_H5_reliance_clmm\plots\H5B_interaction\h5b_all_cells_latent.png,results\robustness\h5_interface_by_complexity\plots\h5b_all_cells_latent.png,7d82e358a0e7e610bef237637d5d445034da57eafcc23d174527674217060659
analysis_data\R_CLMM_frequentist\results_H5_reliance_clmm\plots\H5B_interaction\h5b_all_cells_meanclass.png,results\robustness\h5_interface_by_complexity\plots\h5b_all_cells_meanclass.png,e55bc0b65bb604f282b13a3a6f6ffc819682b1376a350e896835d8986bbc0e3b
analysis_data\R_CLMM_frequentist\results_H5_reliance_clmm\plots\H5B_interaction\h5b_category_probabilities_r1.png,results\robustness\h5_interface_by_complexity\plots\h5b_category_probabilities_r1.png,6641c0b319c6c66513d6469445cef9a57334dff50e04e6f525da81de485d96cb
analysis_data\R_CLMM_frequentist\results_H5_reliance_clmm\plots\H5B_interaction\h5b_category_probabilities_r2.png,results\robustness\h5_interface_by_complexity\plots\h5b_category_probabilities_r2.png,24c5dc6d3bcd98d3f2476aa580c6c14b80903929810528045c197796152559aa
analysis_data\R_CLMM_frequentist\results_H5_reliance_clmm\plots\H5B_interaction\h5b_category_probabilities_r3.png,results\robustness\h5_interface_by_complexity\plots\h5b_category_probabilities_r3.png,8e89707aa7f8522c22f802aa0bee1dc27ba51eee0620121b6cf5768e272de47e
analysis_data\R_CLMM_frequentist\results_H5_reliance_clmm\plots\H5B_interaction\h5b_descriptives_ordinal_by_cell.png,results\robustness\h5_interface_by_complexity\plots\h5b_descriptives_ordinal_by_cell.png,b03e2bfb425660922a18edbd270fd3b07b8674b63d9c12cec5a081275a8ace9f
analysis_data\R_CLMM_frequentist\results_H5_reliance_clmm\plots\H5B_interaction\h5b_descriptives_raw_by_cell.png,results\robustness\h5_interface_by_complexity\plots\h5b_descriptives_raw_by_cell.png,219dab4285c420cf7bc3979ce347f3273dc359080beddc189475e7037dc210b7
analysis_data\R_CLMM_frequentist\results_H5_reliance_clmm\plots\H5B_interaction\h5b_did_like_latent.png,results\robustness\h5_interface_by_complexity\plots\h5b_did_like_latent.png,c5fe3994ad2ea29cf4cc23ac125942ea10cbb39a53565b17c79f02c7fde71f03
analysis_data\R_CLMM_frequentist\results_H5_reliance_clmm\plots\H5B_interaction\h5b_did_like_meanclass.png,results\robustness\h5_interface_by_complexity\plots\h5b_did_like_meanclass.png,86dfe94a2610f9f17427a4799b818a094a4da75c785908173f9df214566cfe76
analysis_data\R_CLMM_frequentist\results_H5_reliance_clmm\plots\H5B_interaction\h5b_simple_effects_complexity_by_interface_latent.png,results\robustness\h5_interface_by_complexity\plots\h5b_simple_effects_complexity_by_interface_latent.png,20d4fcdb056af305f40f41d7442edef064c9ea43519c91119e1af0c08e7f49f3
analysis_data\R_CLMM_frequentist\results_H5_reliance_clmm\plots\H5B_interaction\h5b_simple_effects_complexity_by_interface_meanclass.png,results\robustness\h5_interface_by_complexity\plots\h5b_simple_effects_complexity_by_interface_meanclass.png,854cc9c08675b00809edcd436e0a80b309c8abd9f0dfd78d4a674841418841b4
analysis_data\R_CLMM_frequentist\results_H5_reliance_clmm\plots\H5B_interaction\h5b_simple_effects_interface_by_complexity_meanclass.png,results\robustness\h5_interface_by_complexity\plots\h5b_simple_effects_interface_by_complexity_meanclass.png,9b66ee476e4c6a4d035c0fc435179b8fe8bf508bde5d388dc7d2911e03566f0d
analysis_data\R_CLMM_frequentist\results_H2_interaction_treatment_ALTERNATIVE\h2_treat_additive_coef_all_ALTERNATIVE.csv,results\sensitivity\h2a_industry_role_adjusted\h2_treat_additive_coef_all_ALTERNATIVE.csv,a4318f9772e8906e9f0c1b4a784afeae82a289d5f7269621c5f84e8b2b90bf7f
analysis_data\R_CLMM_frequentist\results_H2_interaction_treatment_ALTERNATIVE\h2_treat_additive_coef_location_ALTERNATIVE.csv,results\sensitivity\h2a_industry_role_adjusted\h2_treat_additive_coef_location_ALTERNATIVE.csv,e0893135eaf2876f2557685d7b2dd0ae12c23925762908fd008f921ff30fbf14
analysis_data\R_CLMM_frequentist\results_H2_interaction_treatment_ALTERNATIVE\h2_treat_additive_model_summary_ALTERNATIVE.txt,results\sensitivity\h2a_industry_role_adjusted\h2_treat_additive_model_summary_ALTERNATIVE.txt,702f25e7b7fa5eded62e7af7f27efd2427f0fb49b27e45b4f4ab224d7ef9f178
analysis_data\R_CLMM_frequentist\results_H2_interaction_treatment_ALTERNATIVE\h2_treat_all_cells_latent_ALTERNATIVE.csv,results\sensitivity\h2a_industry_role_adjusted\h2_treat_all_cells_latent_ALTERNATIVE.csv,5f461c5fb9e274a355d6ed7f9057cb7f6b0001647a3fb210c84b8f92fffb2ea5
analysis_data\R_CLMM_frequentist\results_H2_interaction_treatment_ALTERNATIVE\h2_treat_all_cells_meanclass_ALTERNATIVE.csv,results\sensitivity\h2a_industry_role_adjusted\h2_treat_all_cells_meanclass_ALTERNATIVE.csv,c742a7ae78e93a024ad5e162b8640d41215430fc5cdbb0f372b03e9ed41365fb
analysis_data\R_CLMM_frequentist\results_H2_interaction_treatment_ALTERNATIVE\h2_treat_category_probabilities_by_cell_ALTERNATIVE.csv,results\sensitivity\h2a_industry_role_adjusted\h2_treat_category_probabilities_by_cell_ALTERNATIVE.csv,0bf65b7e2b6f3777da578ec599c222d83ae2dca4922b02cce76df13916b33845
analysis_data\R_CLMM_frequentist\results_H2_interaction_treatment_ALTERNATIVE\h2_treat_descriptives_ordinal_by_cell_ALTERNATIVE.csv,results\sensitivity\h2a_industry_role_adjusted\h2_treat_descriptives_ordinal_by_cell_ALTERNATIVE.csv,55b2605499769a9b85089f9aa59d8743f576b600051bc88222c754302746f799
analysis_data\R_CLMM_frequentist\results_H2_interaction_treatment_ALTERNATIVE\h2_treat_descriptives_raw_by_cell_ALTERNATIVE.csv,results\sensitivity\h2a_industry_role_adjusted\h2_treat_descriptives_raw_by_cell_ALTERNATIVE.csv,1f2ffa03da3397f57ef49be1b49b53788e46256de0870bf3b0393c08d40683dd
analysis_data\R_CLMM_frequentist\results_H2_interaction_treatment_ALTERNATIVE\h2_treat_descriptives_raw_by_industry_role_ALTERNATIVE.csv,results\sensitivity\h2a_industry_role_adjusted\h2_treat_descriptives_raw_by_industry_role_ALTERNATIVE.csv,456274d8c5ff88169f27a97fe92f2b1e87254502283bc9352751212552b08236
analysis_data\R_CLMM_frequentist\results_H2_interaction_treatment_ALTERNATIVE\h2_treat_descriptives_raw_by_role_cell_ALTERNATIVE.csv,results\sensitivity\h2a_industry_role_adjusted\h2_treat_descriptives_raw_by_role_cell_ALTERNATIVE.csv,6471d36caad1f8e18b82c0cf22215cf3474f56d60f00e9efd04cdd18f8c05e69
analysis_data\R_CLMM_frequentist\results_H2_interaction_treatment_ALTERNATIVE\h2_treat_did_like_latent_ALTERNATIVE.csv,results\sensitivity\h2a_industry_role_adjusted\h2_treat_did_like_latent_ALTERNATIVE.csv,333b33c47cf89158e01d3a132aa196d226cbf2a3eed88eff63f6cfeaab1b6238
analysis_data\R_CLMM_frequentist\results_H2_interaction_treatment_ALTERNATIVE\h2_treat_did_like_meanclass_ALTERNATIVE.csv,results\sensitivity\h2a_industry_role_adjusted\h2_treat_did_like_meanclass_ALTERNATIVE.csv,37b3012c61779a3092ffddb40aa8dfcf7e90e76a5b21fbd6a9d35d226be81921
analysis_data\R_CLMM_frequentist\results_H2_interaction_treatment_ALTERNATIVE\h2_treat_emm_complexity_by_interface_latent_ALTERNATIVE.csv,results\sensitivity\h2a_industry_role_adjusted\h2_treat_emm_complexity_by_interface_latent_ALTERNATIVE.csv,80aed444d6aa83ce51c4ee664bdb109a3678ec08be8a2415db9e5dbbf3cada81
analysis_data\R_CLMM_frequentist\results_H2_interaction_treatment_ALTERNATIVE\h2_treat_emm_complexity_by_interface_meanclass_ALTERNATIVE.csv,results\sensitivity\h2a_industry_role_adjusted\h2_treat_emm_complexity_by_interface_meanclass_ALTERNATIVE.csv,55943cf558ca014350e77a711e9e78e89a6135b6c68b4dcebeea5e2ebaa1cec9
analysis_data\R_CLMM_frequentist\results_H2_interaction_treatment_ALTERNATIVE\h2_treat_emm_interface_by_complexity_latent_ALTERNATIVE.csv,results\sensitivity\h2a_industry_role_adjusted\h2_treat_emm_interface_by_complexity_latent_ALTERNATIVE.csv,5f461c5fb9e274a355d6ed7f9057cb7f6b0001647a3fb210c84b8f92fffb2ea5
analysis_data\R_CLMM_frequentist\results_H2_interaction_treatment_ALTERNATIVE\h2_treat_emm_interface_by_complexity_meanclass_ALTERNATIVE.csv,results\sensitivity\h2a_industry_role_adjusted\h2_treat_emm_interface_by_complexity_meanclass_ALTERNATIVE.csv,c742a7ae78e93a024ad5e162b8640d41215430fc5cdbb0f372b03e9ed41365fb
analysis_data\R_CLMM_frequentist\results_H2_interaction_treatment_ALTERNATIVE\h2_treat_industry_role_by_interface_ALTERNATIVE.csv,results\sensitivity\h2a_industry_role_adjusted\h2_treat_industry_role_by_interface_ALTERNATIVE.csv,baebfd39d7eeb5f626572f58cdc3eb8c42d2de60b991f9698341d68abfb5d857
analysis_data\R_CLMM_frequentist\results_H2_interaction_treatment_ALTERNATIVE\h2_treat_industry_role_counts_ALTERNATIVE.csv,results\sensitivity\h2a_industry_role_adjusted\h2_treat_industry_role_counts_ALTERNATIVE.csv,cdc463d9c372f34c0fcd51afd5bbfa39cf701f8ce75231c3096ff6c3652821eb
analysis_data\R_CLMM_frequentist\results_H2_interaction_treatment_ALTERNATIVE\h2_treat_industry_role_omnibus_ALTERNATIVE.csv,results\sensitivity\h2a_industry_role_adjusted\h2_treat_industry_role_omnibus_ALTERNATIVE.csv,80b7e8efafef7dbe70af36f03860a133e49714c98594cccfce7d3f62dabbb33f
analysis_data\R_CLMM_frequentist\results_H2_interaction_treatment_ALTERNATIVE\h2_treat_interaction_coef_all_ALTERNATIVE.csv,results\sensitivity\h2a_industry_role_adjusted\h2_treat_interaction_coef_all_ALTERNATIVE.csv,f854db72d5ae7960f9c17e02e27194c4dc8e06cd8b40dd2d24584a2618ab706c
analysis_data\R_CLMM_frequentist\results_H2_interaction_treatment_ALTERNATIVE\h2_treat_interaction_coef_location_ALTERNATIVE.csv,results\sensitivity\h2a_industry_role_adjusted\h2_treat_interaction_coef_location_ALTERNATIVE.csv,f23ff995eb0b71f040b857d15302f0d14241f40d8931a93b1560e991c514bd86
analysis_data\R_CLMM_frequentist\results_H2_interaction_treatment_ALTERNATIVE\h2_treat_interaction_industry_role_terms_only_ALTERNATIVE.csv,results\sensitivity\h2a_industry_role_adjusted\h2_treat_interaction_industry_role_terms_only_ALTERNATIVE.csv,9b06702eb221e2a80340e1c8d71c666c63e72167a3dc8046ada7e9db38470b89
analysis_data\R_CLMM_frequentist\results_H2_interaction_treatment_ALTERNATIVE\h2_treat_interaction_lrt_ALTERNATIVE.csv,results\sensitivity\h2a_industry_role_adjusted\h2_treat_interaction_lrt_ALTERNATIVE.csv,c9ef729c4ba989b429a0b6eebb5971b79d91411de326b8799f2df293998f6b36
analysis_data\R_CLMM_frequentist\results_H2_interaction_treatment_ALTERNATIVE\h2_treat_interaction_lrt_ALTERNATIVE.txt,results\sensitivity\h2a_industry_role_adjusted\h2_treat_interaction_lrt_ALTERNATIVE.txt,769cf494654fd80fec6c3b06195389934c6e00dce7e10e017d6b3c0aa07b5fb9
analysis_data\R_CLMM_frequentist\results_H2_interaction_treatment_ALTERNATIVE\h2_treat_interaction_main_terms_only_ALTERNATIVE.csv,results\sensitivity\h2a_industry_role_adjusted\h2_treat_interaction_main_terms_only_ALTERNATIVE.csv,73cac5d0bf45acb236c645b7039513ceb122c77c8cdc85ceed9bcc18a4cf9596
analysis_data\R_CLMM_frequentist\results_H2_interaction_treatment_ALTERNATIVE\h2_treat_interaction_model_summary_ALTERNATIVE.txt,results\sensitivity\h2a_industry_role_adjusted\h2_treat_interaction_model_summary_ALTERNATIVE.txt,4005e6ecf2d83f5db180440744311f9ebde387a6053367d76f900a5d8919b46b
analysis_data\R_CLMM_frequentist\results_H2_interaction_treatment_ALTERNATIVE\h2_treat_interaction_terms_only_ALTERNATIVE.csv,results\sensitivity\h2a_industry_role_adjusted\h2_treat_interaction_terms_only_ALTERNATIVE.csv,2d6729d75323e879ce32ef39bf5f7813e5b0e7e0ae5d3133b116a7becb14f717
analysis_data\R_CLMM_frequentist\results_H2_interaction_treatment_ALTERNATIVE\h2_treat_internal_did_terms_only_ALTERNATIVE.csv,results\sensitivity\h2a_industry_role_adjusted\h2_treat_internal_did_terms_only_ALTERNATIVE.csv,2d6729d75323e879ce32ef39bf5f7813e5b0e7e0ae5d3133b116a7becb14f717
analysis_data\R_CLMM_frequentist\results_H2_interaction_treatment_ALTERNATIVE\h2_treat_model_fit_ALTERNATIVE.csv,results\sensitivity\h2a_industry_role_adjusted\h2_treat_model_fit_ALTERNATIVE.csv,12c03e395c61f7e9f14bfb889144b482f98b9aac416a9905ffe6ba94b2eadf4e
analysis_data\R_CLMM_frequentist\results_H2_interaction_treatment_ALTERNATIVE\h2_treat_overall_interface_contrast_latent_from_full_model_ALTERNATIVE.csv,results\sensitivity\h2a_industry_role_adjusted\h2_treat_overall_interface_contrast_latent_from_full_model_ALTERNATIVE.csv,d620d4953f684b2d4a094e4d3dd7a74cf9fc43cb287a1b2595c3325f2af40d89
analysis_data\R_CLMM_frequentist\results_H2_interaction_treatment_ALTERNATIVE\h2_treat_random_effect_sd_ALTERNATIVE.csv,results\sensitivity\h2a_industry_role_adjusted\h2_treat_random_effect_sd_ALTERNATIVE.csv,9e5337021226060ce14b438db18556ce6ed5fcb65d3ade007f37de1f1bb29c34
analysis_data\R_CLMM_frequentist\results_H2_interaction_treatment_ALTERNATIVE\h2_treat_random_effect_sd_diagnostics_ALTERNATIVE.txt,results\sensitivity\h2a_industry_role_adjusted\h2_treat_random_effect_sd_diagnostics_ALTERNATIVE.txt,1f4d655cd1561b9c46e9e096be90bc0e56f7914a36c3f1ae4c2928270d89a2fa
analysis_data\R_CLMM_frequentist\results_H2_interaction_treatment_ALTERNATIVE\h2_treat_simple_effects_complexity_by_interface_latent_ALTERNATIVE.csv,results\sensitivity\h2a_industry_role_adjusted\h2_treat_simple_effects_complexity_by_interface_latent_ALTERNATIVE.csv,1a78f4a59f426706c3257038272ddc3a0b6968915c587e1462fd78daa4ad97c3
analysis_data\R_CLMM_frequentist\results_H2_interaction_treatment_ALTERNATIVE\h2_treat_simple_effects_complexity_by_interface_meanclass_ALTERNATIVE.csv,results\sensitivity\h2a_industry_role_adjusted\h2_treat_simple_effects_complexity_by_interface_meanclass_ALTERNATIVE.csv,095507161a62924624e54c97123fc75fa66623177a19b0a73bceeea3507d29ca
analysis_data\R_CLMM_frequentist\results_H2_interaction_treatment_ALTERNATIVE\h2_treat_simple_effects_interface_by_complexity_latent_ALTERNATIVE.csv,results\sensitivity\h2a_industry_role_adjusted\h2_treat_simple_effects_interface_by_complexity_latent_ALTERNATIVE.csv,8643d7abffd08f61c2fb34cbd78b9e7372757609d197cc290cf1995a8a17c3e3
analysis_data\R_CLMM_frequentist\results_H2_interaction_treatment_ALTERNATIVE\h2_treat_simple_effects_interface_by_complexity_meanclass_ALTERNATIVE.csv,results\sensitivity\h2a_industry_role_adjusted\h2_treat_simple_effects_interface_by_complexity_meanclass_ALTERNATIVE.csv,9cb2a846ab16074c70419230e70df68b6985b7dc383416cb170dd3bf8d75b159
results_H2b_accuracy_ALTERNATIVE\h2b_accuracy_additive_coef_table_ALTERNATIVE.csv,results\sensitivity\h2b_industry_role_adjusted\h2b_accuracy_additive_coef_table_ALTERNATIVE.csv,fc7c7b06d591071ee84b6330b00a20fda6a3d8078f2e8f2e17ce1d17f377b987
results_H2b_accuracy_ALTERNATIVE\h2b_accuracy_bootstrap_draws_ALTERNATIVE.csv,results\sensitivity\h2b_industry_role_adjusted\h2b_accuracy_bootstrap_draws_ALTERNATIVE.csv,321b8d7bd232314b2509fe8c7a64e3208ecf13156db90e4fe76cd7bada8b1392
results_H2b_accuracy_ALTERNATIVE\h2b_accuracy_descriptives_by_industry_role_ALTERNATIVE.csv,results\sensitivity\h2b_industry_role_adjusted\h2b_accuracy_descriptives_by_industry_role_ALTERNATIVE.csv,85f49f137125ac25c2678fd9e9fa4f8c13cef0b44e2f66b84541ed1d01c99b60
results_H2b_accuracy_ALTERNATIVE\h2b_accuracy_descriptives_by_interface_ALTERNATIVE.csv,results\sensitivity\h2b_industry_role_adjusted\h2b_accuracy_descriptives_by_interface_ALTERNATIVE.csv,72a56ffb29dae8ea8af49a19ff9d79e66a67a2bb8bd597d711070ccb7e70de1a
results_H2b_accuracy_ALTERNATIVE\h2b_accuracy_descriptives_by_interface_task_ALTERNATIVE.csv,results\sensitivity\h2b_industry_role_adjusted\h2b_accuracy_descriptives_by_interface_task_ALTERNATIVE.csv,eeb7bca07589d2e5cd5df37b341cb2b65aa78119d2e00402b1c272c0a993206e
results_H2b_accuracy_ALTERNATIVE\h2b_accuracy_descriptives_by_role_interface_task_ALTERNATIVE.csv,results\sensitivity\h2b_industry_role_adjusted\h2b_accuracy_descriptives_by_role_interface_task_ALTERNATIVE.csv,89b33c7b993bb6d7b31c7e52a4a24a25f1875ae368f8976c5c272666c3f3d3a7
results_H2b_accuracy_ALTERNATIVE\h2b_accuracy_did_contrasts_ALTERNATIVE.csv,results\sensitivity\h2b_industry_role_adjusted\h2b_accuracy_did_contrasts_ALTERNATIVE.csv,fb422b50509234e03e926f27021406a0929e1020905676320d046ad89f0bea0f
results_H2b_accuracy_ALTERNATIVE\h2b_accuracy_effect_sizes_summary_ALTERNATIVE.csv,results\sensitivity\h2b_industry_role_adjusted\h2b_accuracy_effect_sizes_summary_ALTERNATIVE.csv,299ec1992288d6bdcb06cf1ecdd632f247903946202fde0b15bfd94ffc97871c
results_H2b_accuracy_ALTERNATIVE\h2b_accuracy_full_coef_table_ALTERNATIVE.csv,results\sensitivity\h2b_industry_role_adjusted\h2b_accuracy_full_coef_table_ALTERNATIVE.csv,dab00365a9755b16066249e654d24fbc3a4751d0cc2598b315f94a425151c6f8
results_H2b_accuracy_ALTERNATIVE\h2b_accuracy_industry_role_by_interface_ALTERNATIVE.csv,results\sensitivity\h2b_industry_role_adjusted\h2b_accuracy_industry_role_by_interface_ALTERNATIVE.csv,db50dc69437bb05f9814582ee8a25d4d864f828a2d16ca70c15df0b89e49d271
results_H2b_accuracy_ALTERNATIVE\h2b_accuracy_industry_role_counts_ALTERNATIVE.csv,results\sensitivity\h2b_industry_role_adjusted\h2b_accuracy_industry_role_counts_ALTERNATIVE.csv,cdc463d9c372f34c0fcd51afd5bbfa39cf701f8ce75231c3096ff6c3652821eb
results_H2b_accuracy_ALTERNATIVE\h2b_accuracy_industry_role_omnibus_ALTERNATIVE.csv,results\sensitivity\h2b_industry_role_adjusted\h2b_accuracy_industry_role_omnibus_ALTERNATIVE.csv,fd95c7211e8bdd564dde8c77e10953b3f5df702cb1da029ab662930f8c949cab
results_H2b_accuracy_ALTERNATIVE\h2b_accuracy_industry_role_terms_only_ALTERNATIVE.csv,results\sensitivity\h2b_industry_role_adjusted\h2b_accuracy_industry_role_terms_only_ALTERNATIVE.csv,965173c017bc0ec7e7e6fd9b9c11ffd10c2934ef9f75707509567f431e188f61
results_H2b_accuracy_ALTERNATIVE\h2b_accuracy_interaction_terms_only_ALTERNATIVE.csv,results\sensitivity\h2b_industry_role_adjusted\h2b_accuracy_interaction_terms_only_ALTERNATIVE.csv,94670c240e8f87de20972807729c0973263ad25871ed82590902d55c6365374f
results_H2b_accuracy_ALTERNATIVE\h2b_accuracy_model_fit_ALTERNATIVE.csv,results\sensitivity\h2b_industry_role_adjusted\h2b_accuracy_model_fit_ALTERNATIVE.csv,55a5b3afb96ccfb11cf975669718bd6f03a547dd060f791188e2095e6bdb8089
results_H2b_accuracy_ALTERNATIVE\h2b_accuracy_omnibus_tests_ALTERNATIVE.csv,results\sensitivity\h2b_industry_role_adjusted\h2b_accuracy_omnibus_tests_ALTERNATIVE.csv,23c5edc1b5fa0a01725dae6ce3a69b910803a6ab63f0a4741854cf0562e7f455
results_H2b_accuracy_ALTERNATIVE\h2b_accuracy_overall_interface_standardized_ALTERNATIVE.csv,results\sensitivity\h2b_industry_role_adjusted\h2b_accuracy_overall_interface_standardized_ALTERNATIVE.csv,aceeb1cf08700d093da9f61780fc4e0852109f0519b646c03f601cd8cf14c5c9
results_H2b_accuracy_ALTERNATIVE\h2b_accuracy_predicted_cell_means_ALTERNATIVE.csv,results\sensitivity\h2b_industry_role_adjusted\h2b_accuracy_predicted_cell_means_ALTERNATIVE.csv,bc64a02ecee842b542729e35d420ef852ef3f9e8e5064d5510ea938db793c18a
results_H2b_accuracy_ALTERNATIVE\h2b_accuracy_rows_by_interface_task_ALTERNATIVE.csv,results\sensitivity\h2b_industry_role_adjusted\h2b_accuracy_rows_by_interface_task_ALTERNATIVE.csv,8bbf3f47dae5c50a9725eacbcb39a082771e4daf15fc240607e1cc8c1427242e
results_H2b_accuracy_ALTERNATIVE\h2b_accuracy_simple_interface_effects_by_task_ALTERNATIVE.csv,results\sensitivity\h2b_industry_role_adjusted\h2b_accuracy_simple_interface_effects_by_task_ALTERNATIVE.csv,3289bf2a01a4e07ea7cbf607bb93e1ce429e16ca434277bee933323053356be0
results_H2b_accuracy_ALTERNATIVE\h2b_accuracy_task_effects_within_interface_ALTERNATIVE.csv,results\sensitivity\h2b_industry_role_adjusted\h2b_accuracy_task_effects_within_interface_ALTERNATIVE.csv,879417e499a5bbd869e8b5835374add9d02a5d7cef5912158cecaf071f21ee97
results_H2c_time_ALTERNATIVE\h2c_time_additive_coef_table_ALTERNATIVE.csv,results\sensitivity\h2c_industry_role_adjusted\h2c_time_additive_coef_table_ALTERNATIVE.csv,91a8d281f5fbee3c65f76e1738eed3430e80f451a8cabef66c4969d177262a53
results_H2c_time_ALTERNATIVE\h2c_time_bootstrap_draws_ALTERNATIVE.csv,results\sensitivity\h2c_industry_role_adjusted\h2c_time_bootstrap_draws_ALTERNATIVE.csv,6d5e7dbdf85201028452c9f16e46970fe812f0dc0135eec89504a911056148de
results_H2c_time_ALTERNATIVE\h2c_time_complexity_effects_within_interface_ALTERNATIVE.csv,results\sensitivity\h2c_industry_role_adjusted\h2c_time_complexity_effects_within_interface_ALTERNATIVE.csv,bbff43f3d142f843014669cfd2f42f6881bd2d5f852f62445386c42fba864ae2
results_H2c_time_ALTERNATIVE\h2c_time_descriptives_by_industry_role_ALTERNATIVE.csv,results\sensitivity\h2c_industry_role_adjusted\h2c_time_descriptives_by_industry_role_ALTERNATIVE.csv,b6ca826d5b4710ec33acdf9af74d1ad23926b4af3603686a515f6c9225c6f989
results_H2c_time_ALTERNATIVE\h2c_time_descriptives_by_interface_ALTERNATIVE.csv,results\sensitivity\h2c_industry_role_adjusted\h2c_time_descriptives_by_interface_ALTERNATIVE.csv,1347bd28d7584a5a950b7c4379825512fd21b23a162d240b2a05ef71fc8d4daf
results_H2c_time_ALTERNATIVE\h2c_time_descriptives_by_interface_complexity_ALTERNATIVE.csv,results\sensitivity\h2c_industry_role_adjusted\h2c_time_descriptives_by_interface_complexity_ALTERNATIVE.csv,42d44f841afed93ece38c912586e1699d9de739b832bf3a5f32655b6d3b1191a
results_H2c_time_ALTERNATIVE\h2c_time_descriptives_by_role_interface_complexity_ALTERNATIVE.csv,results\sensitivity\h2c_industry_role_adjusted\h2c_time_descriptives_by_role_interface_complexity_ALTERNATIVE.csv,c6d510117d863825d097cf28c0c8ba1e1d2286a3ce7c56c27e066bb1d753c13b
results_H2c_time_ALTERNATIVE\h2c_time_did_contrasts_ALTERNATIVE.csv,results\sensitivity\h2c_industry_role_adjusted\h2c_time_did_contrasts_ALTERNATIVE.csv,b29da42281e3e9ad2bf692d2290ff81a8469e1cc9892ade18179d7afae8f4013
results_H2c_time_ALTERNATIVE\h2c_time_effect_sizes_summary_ALTERNATIVE.csv,results\sensitivity\h2c_industry_role_adjusted\h2c_time_effect_sizes_summary_ALTERNATIVE.csv,8b2fc4ff351d5ae3a83a24876b14875dac6d2755d321ae8e47db449497969b5f
results_H2c_time_ALTERNATIVE\h2c_time_full_coef_table_ALTERNATIVE.csv,results\sensitivity\h2c_industry_role_adjusted\h2c_time_full_coef_table_ALTERNATIVE.csv,376ac9c428a5037ab5f426c3795c53c5d369212f10881b065b54e7e1bad0c8b5
results_H2c_time_ALTERNATIVE\h2c_time_industry_role_by_interface_ALTERNATIVE.csv,results\sensitivity\h2c_industry_role_adjusted\h2c_time_industry_role_by_interface_ALTERNATIVE.csv,db50dc69437bb05f9814582ee8a25d4d864f828a2d16ca70c15df0b89e49d271
results_H2c_time_ALTERNATIVE\h2c_time_industry_role_counts_ALTERNATIVE.csv,results\sensitivity\h2c_industry_role_adjusted\h2c_time_industry_role_counts_ALTERNATIVE.csv,cdc463d9c372f34c0fcd51afd5bbfa39cf701f8ce75231c3096ff6c3652821eb
results_H2c_time_ALTERNATIVE\h2c_time_industry_role_omnibus_ALTERNATIVE.csv,results\sensitivity\h2c_industry_role_adjusted\h2c_time_industry_role_omnibus_ALTERNATIVE.csv,bf24433bb04cd3cf9e65472c06961fe5f9a5f3ee3f5ecd8e3210be53d02772a8
results_H2c_time_ALTERNATIVE\h2c_time_industry_role_terms_only_ALTERNATIVE.csv,results\sensitivity\h2c_industry_role_adjusted\h2c_time_industry_role_terms_only_ALTERNATIVE.csv,e452e8b94a0e4bff7f3eb28ae9c0c830a44da427f949268c1521777a41b13667
results_H2c_time_ALTERNATIVE\h2c_time_interaction_terms_only_ALTERNATIVE.csv,results\sensitivity\h2c_industry_role_adjusted\h2c_time_interaction_terms_only_ALTERNATIVE.csv,97de1deea49d6ba9f9d5eb8cdb71eb192e41ef0dd77ce476aeb3dbbf4c0afb0f
results_H2c_time_ALTERNATIVE\h2c_time_model_fit_ALTERNATIVE.csv,results\sensitivity\h2c_industry_role_adjusted\h2c_time_model_fit_ALTERNATIVE.csv,4278cdd5d74271b7281a895c641f6c227b9d5cea036151723015adc27c130465
results_H2c_time_ALTERNATIVE\h2c_time_omnibus_tests_ALTERNATIVE.csv,results\sensitivity\h2c_industry_role_adjusted\h2c_time_omnibus_tests_ALTERNATIVE.csv,96b2c6b304da2d4c8eed23e308e7fed055b3519dc1f1c5adde0d84c3684e61df
results_H2c_time_ALTERNATIVE\h2c_time_overall_interface_standardized_ALTERNATIVE.csv,results\sensitivity\h2c_industry_role_adjusted\h2c_time_overall_interface_standardized_ALTERNATIVE.csv,ef9a0f74b5adecc4e92c339da2add070e12b94098f51850c48fcaac230ca7050
results_H2c_time_ALTERNATIVE\h2c_time_predicted_cell_means_ALTERNATIVE.csv,results\sensitivity\h2c_industry_role_adjusted\h2c_time_predicted_cell_means_ALTERNATIVE.csv,9e015f4fd038b46a8ef53410413a62a8e33467421728350f38046493b8c56f92
results_H2c_time_ALTERNATIVE\h2c_time_rows_by_interface_complexity_ALTERNATIVE.csv,results\sensitivity\h2c_industry_role_adjusted\h2c_time_rows_by_interface_complexity_ALTERNATIVE.csv,7a3a3a7c5108ddde61dd79d945920cb17d2c3ebc24d0e52766a6cc2be1cb55c6
results_H2c_time_ALTERNATIVE\h2c_time_simple_interface_effects_by_complexity_ALTERNATIVE.csv,results\sensitivity\h2c_industry_role_adjusted\h2c_time_simple_interface_effects_by_complexity_ALTERNATIVE.csv,c867816768968266b824486bef2bc0a2a967d6f1145f5622a150aec92d836378
analysis_data\R_CLMM_frequentist\results_H3_ALTERNATIVE\h3a_additive_coef_all_ALTERNATIVE.csv,results\sensitivity\h3a_industry_role_adjusted\h3a_additive_coef_all_ALTERNATIVE.csv,7675fcfa850ce260c23a70de5664256a253c855d4a73f4cbfa9e397d65ddb62d
analysis_data\R_CLMM_frequentist\results_H3_ALTERNATIVE\h3a_additive_coef_location_ALTERNATIVE.csv,results\sensitivity\h3a_industry_role_adjusted\h3a_additive_coef_location_ALTERNATIVE.csv,3effbc419d402911731d88aead2e91f7389bb5c0628eea828a8c16a11bce67a7
analysis_data\R_CLMM_frequentist\results_H3_ALTERNATIVE\h3a_additive_model_summary_ALTERNATIVE.txt,results\sensitivity\h3a_industry_role_adjusted\h3a_additive_model_summary_ALTERNATIVE.txt,4d471a144a7a860713ed84faca4d7ccd2b246e44bca587698dfd8a926368899d
analysis_data\R_CLMM_frequentist\results_H3_ALTERNATIVE\h3a_all_cells_latent_ALTERNATIVE.csv,results\sensitivity\h3a_industry_role_adjusted\h3a_all_cells_latent_ALTERNATIVE.csv,ca2963f963ed8c470526beb4dbe977b627187383c4529c795bc43732c12207a4
analysis_data\R_CLMM_frequentist\results_H3_ALTERNATIVE\h3a_all_cells_meanclass_ALTERNATIVE.csv,results\sensitivity\h3a_industry_role_adjusted\h3a_all_cells_meanclass_ALTERNATIVE.csv,7efdac89d493043b2a27a3fe93b7507f18fe91344de6203be7d99b0da1e42921
analysis_data\R_CLMM_frequentist\results_H3_ALTERNATIVE\h3a_category_probabilities_by_cell_ALTERNATIVE.csv,results\sensitivity\h3a_industry_role_adjusted\h3a_category_probabilities_by_cell_ALTERNATIVE.csv,319f0e18f6e9d91a27c443aba72df4ef929b5fabb0b7d893634b261f76cf318a
analysis_data\R_CLMM_frequentist\results_H3_ALTERNATIVE\h3a_descriptives_raw_by_industry_role_ALTERNATIVE.csv,results\sensitivity\h3a_industry_role_adjusted\h3a_descriptives_raw_by_industry_role_ALTERNATIVE.csv,456274d8c5ff88169f27a97fe92f2b1e87254502283bc9352751212552b08236
analysis_data\R_CLMM_frequentist\results_H3_ALTERNATIVE\h3a_did_like_lowhigh_latent_ALTERNATIVE.csv,results\sensitivity\h3a_industry_role_adjusted\h3a_did_like_lowhigh_latent_ALTERNATIVE.csv,90ef7fbf18b0fc41b9c060a99b06c6f56a81b215d556ddbd6d7530b0c5e15a10
analysis_data\R_CLMM_frequentist\results_H3_ALTERNATIVE\h3a_did_like_lowhigh_meanclass_ALTERNATIVE.csv,results\sensitivity\h3a_industry_role_adjusted\h3a_did_like_lowhigh_meanclass_ALTERNATIVE.csv,1dd0cc3580ad8d8221c2cb577ac6d037c912a6a997403337a084850ebc9e620a
analysis_data\R_CLMM_frequentist\results_H3_ALTERNATIVE\h3a_dl_group_mapping_ALTERNATIVE.csv,results\sensitivity\h3a_industry_role_adjusted\h3a_dl_group_mapping_ALTERNATIVE.csv,8c9f45e2716fd4d516d03972e3f683a561b887e7df3a14be719a80f63f1b36eb
analysis_data\R_CLMM_frequentist\results_H3_ALTERNATIVE\h3a_emm_dl_by_interface_latent_ALTERNATIVE.csv,results\sensitivity\h3a_industry_role_adjusted\h3a_emm_dl_by_interface_latent_ALTERNATIVE.csv,9063a185e2567476ef9459c6e032f8e1dbc444f5e01c24444f47f79cb4c47390
analysis_data\R_CLMM_frequentist\results_H3_ALTERNATIVE\h3a_emm_dl_by_interface_meanclass_ALTERNATIVE.csv,results\sensitivity\h3a_industry_role_adjusted\h3a_emm_dl_by_interface_meanclass_ALTERNATIVE.csv,489fa430d1f97682cd18545408f0d7d25d88653d278567488ad31d900c87cc8f
analysis_data\R_CLMM_frequentist\results_H3_ALTERNATIVE\h3a_emm_interface_by_dl_latent_ALTERNATIVE.csv,results\sensitivity\h3a_industry_role_adjusted\h3a_emm_interface_by_dl_latent_ALTERNATIVE.csv,ca2963f963ed8c470526beb4dbe977b627187383c4529c795bc43732c12207a4
analysis_data\R_CLMM_frequentist\results_H3_ALTERNATIVE\h3a_emm_interface_by_dl_meanclass_ALTERNATIVE.csv,results\sensitivity\h3a_industry_role_adjusted\h3a_emm_interface_by_dl_meanclass_ALTERNATIVE.csv,7efdac89d493043b2a27a3fe93b7507f18fe91344de6203be7d99b0da1e42921
analysis_data\R_CLMM_frequentist\results_H3_ALTERNATIVE\h3a_industry_role_by_interface_ALTERNATIVE.csv,results\sensitivity\h3a_industry_role_adjusted\h3a_industry_role_by_interface_ALTERNATIVE.csv,baebfd39d7eeb5f626572f58cdc3eb8c42d2de60b991f9698341d68abfb5d857
analysis_data\R_CLMM_frequentist\results_H3_ALTERNATIVE\h3a_industry_role_counts_ALTERNATIVE.csv,results\sensitivity\h3a_industry_role_adjusted\h3a_industry_role_counts_ALTERNATIVE.csv,cdc463d9c372f34c0fcd51afd5bbfa39cf701f8ce75231c3096ff6c3652821eb
analysis_data\R_CLMM_frequentist\results_H3_ALTERNATIVE\h3a_industry_role_omnibus_ALTERNATIVE.csv,results\sensitivity\h3a_industry_role_adjusted\h3a_industry_role_omnibus_ALTERNATIVE.csv,37b4f4141db24cff13419d7bf14cca26215e81ff47b5c70bf9bdb131eda267f9
analysis_data\R_CLMM_frequentist\results_H3_ALTERNATIVE\h3a_interaction_coef_all_ALTERNATIVE.csv,results\sensitivity\h3a_industry_role_adjusted\h3a_interaction_coef_all_ALTERNATIVE.csv,2122c46f896e68355a859d0d14347810fa1d824e759fcf55656c4e306c9f17b6
analysis_data\R_CLMM_frequentist\results_H3_ALTERNATIVE\h3a_interaction_coef_location_ALTERNATIVE.csv,results\sensitivity\h3a_industry_role_adjusted\h3a_interaction_coef_location_ALTERNATIVE.csv,94f41f1b32dae6b81a34ae0a8b3b91ccbe3bfcf57bf4fc4391e63d0399d6a588
analysis_data\R_CLMM_frequentist\results_H3_ALTERNATIVE\h3a_interaction_industry_role_terms_only_ALTERNATIVE.csv,results\sensitivity\h3a_industry_role_adjusted\h3a_interaction_industry_role_terms_only_ALTERNATIVE.csv,1248946977c24010e33eabf284981fc9028e14114a2b0263d470bc6ef7edbb46
analysis_data\R_CLMM_frequentist\results_H3_ALTERNATIVE\h3a_interaction_lrt_ALTERNATIVE.csv,results\sensitivity\h3a_industry_role_adjusted\h3a_interaction_lrt_ALTERNATIVE.csv,4786f2975c0fae6c927ff48f61276430921b52354ad452810816334bfe7f18e3
analysis_data\R_CLMM_frequentist\results_H3_ALTERNATIVE\h3a_interaction_lrt_ALTERNATIVE.txt,results\sensitivity\h3a_industry_role_adjusted\h3a_interaction_lrt_ALTERNATIVE.txt,a48c7119f51fb21b36caa3f4f0adfc29af52c65dd509cf0503d1bca2904742b4
analysis_data\R_CLMM_frequentist\results_H3_ALTERNATIVE\h3a_interaction_main_terms_only_ALTERNATIVE.csv,results\sensitivity\h3a_industry_role_adjusted\h3a_interaction_main_terms_only_ALTERNATIVE.csv,44ee607f6e71159215e412b7175e75acfaa8b0956fef301b0032c81d3fa5f1c2
analysis_data\R_CLMM_frequentist\results_H3_ALTERNATIVE\h3a_interaction_model_summary_ALTERNATIVE.txt,results\sensitivity\h3a_industry_role_adjusted\h3a_interaction_model_summary_ALTERNATIVE.txt,7299bf328a1822de3ff052c12c1032eb1c4d0ae4a521bbb0429090a3ccd962fb
analysis_data\R_CLMM_frequentist\results_H3_ALTERNATIVE\h3a_interaction_terms_only_ALTERNATIVE.csv,results\sensitivity\h3a_industry_role_adjusted\h3a_interaction_terms_only_ALTERNATIVE.csv,8f33936a0b2ebb2da12d703fb1aa59c81d615cd3e6da19a2c218429a84550740
analysis_data\R_CLMM_frequentist\results_H3_ALTERNATIVE\h3a_internal_did_terms_only_ALTERNATIVE.csv,results\sensitivity\h3a_industry_role_adjusted\h3a_internal_did_terms_only_ALTERNATIVE.csv,8f33936a0b2ebb2da12d703fb1aa59c81d615cd3e6da19a2c218429a84550740
analysis_data\R_CLMM_frequentist\results_H3_ALTERNATIVE\h3a_model_fit_ALTERNATIVE.csv,results\sensitivity\h3a_industry_role_adjusted\h3a_model_fit_ALTERNATIVE.csv,9151b434501d3d34c1ac8db788250dcb1ff7eeedd069ce41dc04ffe92ec08675
analysis_data\R_CLMM_frequentist\results_H3_ALTERNATIVE\h3a_overall_interface_contrast_latent_from_full_model_ALTERNATIVE.csv,results\sensitivity\h3a_industry_role_adjusted\h3a_overall_interface_contrast_latent_from_full_model_ALTERNATIVE.csv,f9ee2a2e622ae75a63e2077278bb551a1b7515b8c68f11c60cb71e2b64c4bb47
analysis_data\R_CLMM_frequentist\results_H3_ALTERNATIVE\h3a_parameter_label_mapping_ALTERNATIVE.csv,results\sensitivity\h3a_industry_role_adjusted\h3a_parameter_label_mapping_ALTERNATIVE.csv,44b2b20ec8bffc121f1321deac4c2f906d87e3d8ff503d907a13de5864e9b34b
analysis_data\R_CLMM_frequentist\results_H3_ALTERNATIVE\h3a_random_effect_sd_ALTERNATIVE.csv,results\sensitivity\h3a_industry_role_adjusted\h3a_random_effect_sd_ALTERNATIVE.csv,d31e3d7dd27af29fe77a937bedc48395ad42a74728201c0b56285875b4990f67
analysis_data\R_CLMM_frequentist\results_H3_ALTERNATIVE\h3a_random_effect_sd_diagnostics_ALTERNATIVE.txt,results\sensitivity\h3a_industry_role_adjusted\h3a_random_effect_sd_diagnostics_ALTERNATIVE.txt,e138e32c42215fc6c71c996f8f2dcbdf628cabf5b2a86e63c57cb920074d5a75
analysis_data\R_CLMM_frequentist\results_H3_ALTERNATIVE\h3a_simple_effects_dl_lowhigh_by_interface_latent_ALTERNATIVE.csv,results\sensitivity\h3a_industry_role_adjusted\h3a_simple_effects_dl_lowhigh_by_interface_latent_ALTERNATIVE.csv,aed9be744ab3002d46209b1f905d6f6fba1e3c38faf84b8df799a6f8ee2120c6
analysis_data\R_CLMM_frequentist\results_H3_ALTERNATIVE\h3a_simple_effects_dl_lowhigh_by_interface_meanclass_ALTERNATIVE.csv,results\sensitivity\h3a_industry_role_adjusted\h3a_simple_effects_dl_lowhigh_by_interface_meanclass_ALTERNATIVE.csv,19296a60bc5d5c9798b31ca0410509124f80c592910b46af16080b46686e0fd4
analysis_data\R_CLMM_frequentist\results_H3_ALTERNATIVE\h3a_simple_effects_interface_by_dl_latent_ALTERNATIVE.csv,results\sensitivity\h3a_industry_role_adjusted\h3a_simple_effects_interface_by_dl_latent_ALTERNATIVE.csv,75b3e5c05fc463069fc815d8e63ab02a397b7f8891fa2e5b18ede337ef818623
analysis_data\R_CLMM_frequentist\results_H3_ALTERNATIVE\h3a_simple_effects_interface_by_dl_meanclass_ALTERNATIVE.csv,results\sensitivity\h3a_industry_role_adjusted\h3a_simple_effects_interface_by_dl_meanclass_ALTERNATIVE.csv,9c56b14ef873382a500c41325d150fa87df496f809d4105174b249d4556670bf
analysis_data\H3b_accuracy_fractional_logit_dl_mean_3levels_ALTERNATIVE\results\bootstrap_draws_ALTERNATIVE.csv,results\sensitivity\h3b_industry_role_adjusted\bootstrap_draws_ALTERNATIVE.csv,f7455e5d6a2300e6ecf89f200ba22999eb17be37867347e52b2b04dde7821016
analysis_data\H3b_accuracy_fractional_logit_dl_mean_3levels_ALTERNATIVE\results\coef_table_additive_ALTERNATIVE.csv,results\sensitivity\h3b_industry_role_adjusted\coef_table_additive_ALTERNATIVE.csv,9759a7062ac8c296b1290248f3a90fb33d8fcc2ec0929ff876544b1699428cf6
analysis_data\H3b_accuracy_fractional_logit_dl_mean_3levels_ALTERNATIVE\results\coef_table_full_ALTERNATIVE.csv,results\sensitivity\h3b_industry_role_adjusted\coef_table_full_ALTERNATIVE.csv,026875ad45218c9f9e436f87d7e24e96707f770fd6d312d0ebabd7bc5fd811e9
analysis_data\H3b_accuracy_fractional_logit_dl_mean_3levels_ALTERNATIVE\results\coef_table_industry_role_only_ALTERNATIVE.csv,results\sensitivity\h3b_industry_role_adjusted\coef_table_industry_role_only_ALTERNATIVE.csv,cba1fef436caa489844963865ff3537cc0cfa730280191805cc209f089a99cbd
analysis_data\H3b_accuracy_fractional_logit_dl_mean_3levels_ALTERNATIVE\results\coef_table_interaction_only_ALTERNATIVE.csv,results\sensitivity\h3b_industry_role_adjusted\coef_table_interaction_only_ALTERNATIVE.csv,ed2124f71a0fb1244b15eb302aae0099f3ccda0a40d046cafd759cd8cc2f90ad
analysis_data\H3b_accuracy_fractional_logit_dl_mean_3levels_ALTERNATIVE\results\descriptives_by_industry_role_ALTERNATIVE.csv,results\sensitivity\h3b_industry_role_adjusted\descriptives_by_industry_role_ALTERNATIVE.csv,4a6bd2b3fccd8c7a39e1ba23e1714fcfd93747e57382436b46af481e87982b2a
analysis_data\H3b_accuracy_fractional_logit_dl_mean_3levels_ALTERNATIVE\results\descriptives_by_interface_dl_ALTERNATIVE.csv,results\sensitivity\h3b_industry_role_adjusted\descriptives_by_interface_dl_ALTERNATIVE.csv,4c206427df1f5cab86ee4251ba3733be8a8af1ad41ff3828f6cb01e03b361297
analysis_data\H3b_accuracy_fractional_logit_dl_mean_3levels_ALTERNATIVE\results\dl_group_mapping_from_mean_ALTERNATIVE.csv,results\sensitivity\h3b_industry_role_adjusted\dl_group_mapping_from_mean_ALTERNATIVE.csv,ec64b0d2ac4ae0733328b9ebc2ff27e359e6c04006d7261c5963691040583eff
analysis_data\H3b_accuracy_fractional_logit_dl_mean_3levels_ALTERNATIVE\results\dl_mean_descriptives_by_group_ALTERNATIVE.csv,results\sensitivity\h3b_industry_role_adjusted\dl_mean_descriptives_by_group_ALTERNATIVE.csv,3d3daf850bc0ceb3cc0ac03cbcb02dacd42cb0d4366a89ae39ed47d51e9e5991
analysis_data\H3b_accuracy_fractional_logit_dl_mean_3levels_ALTERNATIVE\results\effect_sizes_summary_ALTERNATIVE.csv,results\sensitivity\h3b_industry_role_adjusted\effect_sizes_summary_ALTERNATIVE.csv,1f831c237a9e6ceb10e05333dfd04262dd9d4b82cf1c86caa8f08e2a84bd9b5d
analysis_data\H3b_accuracy_fractional_logit_dl_mean_3levels_ALTERNATIVE\results\industry_role_by_interface_ALTERNATIVE.csv,results\sensitivity\h3b_industry_role_adjusted\industry_role_by_interface_ALTERNATIVE.csv,3881483d53806e9613c11f4b547185b627ce0b3a687750e1b7ecd55d0eaf370b
analysis_data\H3b_accuracy_fractional_logit_dl_mean_3levels_ALTERNATIVE\results\industry_role_counts_ALTERNATIVE.csv,results\sensitivity\h3b_industry_role_adjusted\industry_role_counts_ALTERNATIVE.csv,aeec0753a62ed07fe3d48ff0bd112d56a273a6c098afe1ad91af7400f9d8be9e
analysis_data\H3b_accuracy_fractional_logit_dl_mean_3levels_ALTERNATIVE\results\industry_role_omnibus_ALTERNATIVE.csv,results\sensitivity\h3b_industry_role_adjusted\industry_role_omnibus_ALTERNATIVE.csv,ca9e03bc9d268c9d19a0054738d76dc12d90e08673d2a70b59aed2c2969b547e
analysis_data\H3b_accuracy_fractional_logit_dl_mean_3levels_ALTERNATIVE\results\low_high_dl_within_interface_ALTERNATIVE.csv,results\sensitivity\h3b_industry_role_adjusted\low_high_dl_within_interface_ALTERNATIVE.csv,309d55c3d502119d69cb13a66d00b5b9ca918c67eecc87cd223069de5294e7ce
analysis_data\H3b_accuracy_fractional_logit_dl_mean_3levels_ALTERNATIVE\results\model_fit_ALTERNATIVE.csv,results\sensitivity\h3b_industry_role_adjusted\model_fit_ALTERNATIVE.csv,ca1a6b0d2b00a08c80b103f0f1e859285efa7e2a9586c3290c9eef6659d13f30
analysis_data\H3b_accuracy_fractional_logit_dl_mean_3levels_ALTERNATIVE\results\n_participants_by_interface_dl_ALTERNATIVE.csv,results\sensitivity\h3b_industry_role_adjusted\n_participants_by_interface_dl_ALTERNATIVE.csv,959b2c8a2dd51a9aff124c5b552d40fb36289db5bb417a5f965a8280b355ff0f
analysis_data\H3b_accuracy_fractional_logit_dl_mean_3levels_ALTERNATIVE\results\omnibus_tests_ALTERNATIVE.csv,results\sensitivity\h3b_industry_role_adjusted\omnibus_tests_ALTERNATIVE.csv,d43ec21b6a06ccd642a4b0b0ac38c701a81eb6076282145cd6df547e2bd8caf2
analysis_data\H3b_accuracy_fractional_logit_dl_mean_3levels_ALTERNATIVE\results\predicted_accuracy_interface_dl_ALTERNATIVE.csv,results\sensitivity\h3b_industry_role_adjusted\predicted_accuracy_interface_dl_ALTERNATIVE.csv,658d56a085bf1ca4383039efbb45e01182e574b7318cdeb58c6b489e4687266a
analysis_data\H3b_accuracy_fractional_logit_dl_mean_3levels_ALTERNATIVE\results\primary_did_high_low_dl_ALTERNATIVE.csv,results\sensitivity\h3b_industry_role_adjusted\primary_did_high_low_dl_ALTERNATIVE.csv,2ef77233472f9ee28d822ce5abc4a787007b17d8eb68a6d90b21d73278a13c1c
analysis_data\H3b_accuracy_fractional_logit_dl_mean_3levels_ALTERNATIVE\results\simple_interface_effects_by_dl_ALTERNATIVE.csv,results\sensitivity\h3b_industry_role_adjusted\simple_interface_effects_by_dl_ALTERNATIVE.csv,e3f0ff7c622fdf38acb7ee375b163711294817945ed45630993b8f5617ae180f
analysis_data\H3c_time_gamma_gee_dl_mean_3groups_ALTERNATIVE\results\h3c_additive_coef_all_ALTERNATIVE.csv,results\sensitivity\h3c_industry_role_adjusted\h3c_additive_coef_all_ALTERNATIVE.csv,0a3758544e5ef58798bbf4e45ca723f808e26dba0337651723155f97de591929
analysis_data\H3c_time_gamma_gee_dl_mean_3groups_ALTERNATIVE\results\h3c_additive_model_summary_ALTERNATIVE.txt,results\sensitivity\h3c_industry_role_adjusted\h3c_additive_model_summary_ALTERNATIVE.txt,09527c71892781317f1a38917885ae94d6ed160581ff5e4892482c8ab9a4346b
analysis_data\H3c_time_gamma_gee_dl_mean_3groups_ALTERNATIVE\results\h3c_bootstrap_draws_ALTERNATIVE.csv,results\sensitivity\h3c_industry_role_adjusted\h3c_bootstrap_draws_ALTERNATIVE.csv,4ffcef5740db0f9205801c579953c9649e7df69b2a2536fe15762088c3addb4f
analysis_data\H3c_time_gamma_gee_dl_mean_3groups_ALTERNATIVE\results\h3c_descriptives_by_industry_role_ALTERNATIVE.csv,results\sensitivity\h3c_industry_role_adjusted\h3c_descriptives_by_industry_role_ALTERNATIVE.csv,b6ca826d5b4710ec33acdf9af74d1ad23926b4af3603686a515f6c9225c6f989
analysis_data\H3c_time_gamma_gee_dl_mean_3groups_ALTERNATIVE\results\h3c_descriptives_raw_by_cell_ALTERNATIVE.csv,results\sensitivity\h3c_industry_role_adjusted\h3c_descriptives_raw_by_cell_ALTERNATIVE.csv,7b2ee4adcc17d3b4186c2e25987e68690dca6895ee3306d1913dd4c5057cfb7e
analysis_data\H3c_time_gamma_gee_dl_mean_3groups_ALTERNATIVE\results\h3c_descriptives_raw_by_interface_ALTERNATIVE.csv,results\sensitivity\h3c_industry_role_adjusted\h3c_descriptives_raw_by_interface_ALTERNATIVE.csv,8ccf83f5c6d23ba3be5bd7bc6bf8170b7af2e77c4af7a5054585303454d29c39
analysis_data\H3c_time_gamma_gee_dl_mean_3groups_ALTERNATIVE\results\h3c_did_contrasts_ALTERNATIVE.csv,results\sensitivity\h3c_industry_role_adjusted\h3c_did_contrasts_ALTERNATIVE.csv,da3f700adbf699b93ef0dca9ad4f03ffd191b8c763b6527c927ee05a2e1d954e
analysis_data\H3c_time_gamma_gee_dl_mean_3groups_ALTERNATIVE\results\h3c_dl_effects_within_interface_ALTERNATIVE.csv,results\sensitivity\h3c_industry_role_adjusted\h3c_dl_effects_within_interface_ALTERNATIVE.csv,d437eb500a76a6ea525b6124c8c82f84f1fe6cdec47a3c4778c701cb84a0f210
analysis_data\H3c_time_gamma_gee_dl_mean_3groups_ALTERNATIVE\results\h3c_dl_group_counts_ALTERNATIVE.csv,results\sensitivity\h3c_industry_role_adjusted\h3c_dl_group_counts_ALTERNATIVE.csv,9ca1a81cb58482483a5f67ac841c31bcd13bac575f6a8fda9a52b7f36fabe0c1
analysis_data\H3c_time_gamma_gee_dl_mean_3groups_ALTERNATIVE\results\h3c_dl_group_mapping_ALTERNATIVE.csv,results\sensitivity\h3c_industry_role_adjusted\h3c_dl_group_mapping_ALTERNATIVE.csv,bcc27cfbbbcf40881a2379e689a236e516c11c45d3a3046e4f5b166933dfa69e
analysis_data\H3c_time_gamma_gee_dl_mean_3groups_ALTERNATIVE\results\h3c_effect_sizes_summary_ALTERNATIVE.csv,results\sensitivity\h3c_industry_role_adjusted\h3c_effect_sizes_summary_ALTERNATIVE.csv,0061a0ac4cd9500a552fbb673f4c14e3cf6d60e06b30b381d42da68e30213f1b
analysis_data\H3c_time_gamma_gee_dl_mean_3groups_ALTERNATIVE\results\h3c_full_model_summary_ALTERNATIVE.txt,results\sensitivity\h3c_industry_role_adjusted\h3c_full_model_summary_ALTERNATIVE.txt,e4c998fd6e3dfef367417853fe3e4a2f5bd664fbbafb0295bfb33ec86a43a8e5
analysis_data\H3c_time_gamma_gee_dl_mean_3groups_ALTERNATIVE\results\h3c_industry_role_by_interface_ALTERNATIVE.csv,results\sensitivity\h3c_industry_role_adjusted\h3c_industry_role_by_interface_ALTERNATIVE.csv,baebfd39d7eeb5f626572f58cdc3eb8c42d2de60b991f9698341d68abfb5d857
analysis_data\H3c_time_gamma_gee_dl_mean_3groups_ALTERNATIVE\results\h3c_industry_role_counts_ALTERNATIVE.csv,results\sensitivity\h3c_industry_role_adjusted\h3c_industry_role_counts_ALTERNATIVE.csv,cdc463d9c372f34c0fcd51afd5bbfa39cf701f8ce75231c3096ff6c3652821eb
analysis_data\H3c_time_gamma_gee_dl_mean_3groups_ALTERNATIVE\results\h3c_industry_role_omnibus_ALTERNATIVE.csv,results\sensitivity\h3c_industry_role_adjusted\h3c_industry_role_omnibus_ALTERNATIVE.csv,bf24433bb04cd3cf9e65472c06961fe5f9a5f3ee3f5ecd8e3210be53d02772a8
analysis_data\H3c_time_gamma_gee_dl_mean_3groups_ALTERNATIVE\results\h3c_interaction_coef_all_ALTERNATIVE.csv,results\sensitivity\h3c_industry_role_adjusted\h3c_interaction_coef_all_ALTERNATIVE.csv,91b5359ad03e8e6d5850f0683d415b18cbd7de62b5bbec58b51920ef85d09d51
analysis_data\H3c_time_gamma_gee_dl_mean_3groups_ALTERNATIVE\results\h3c_interaction_coef_industry_role_only_ALTERNATIVE.csv,results\sensitivity\h3c_industry_role_adjusted\h3c_interaction_coef_industry_role_only_ALTERNATIVE.csv,27316c6956f414abb5e2d5e22e8c637d6c98f4b6e359c64974564b749ecb73e3
analysis_data\H3c_time_gamma_gee_dl_mean_3groups_ALTERNATIVE\results\h3c_interaction_coef_interaction_only_ALTERNATIVE.csv,results\sensitivity\h3c_industry_role_adjusted\h3c_interaction_coef_interaction_only_ALTERNATIVE.csv,4f558fc46aacf31c0ee2c4f797a9d5c7a0a6ba32b323f6153e87465c67d6bf08
analysis_data\H3c_time_gamma_gee_dl_mean_3groups_ALTERNATIVE\results\h3c_interaction_tests_and_qic_ALTERNATIVE.csv,results\sensitivity\h3c_industry_role_adjusted\h3c_interaction_tests_and_qic_ALTERNATIVE.csv,29201963eceba13c1cc670b9904e76fb7da95d8fca9e6580445d43a44ff488d1
analysis_data\H3c_time_gamma_gee_dl_mean_3groups_ALTERNATIVE\results\h3c_model_fit_ALTERNATIVE.csv,results\sensitivity\h3c_industry_role_adjusted\h3c_model_fit_ALTERNATIVE.csv,baa96afbb7db321647d35c6d81fd2b77fac540837b2e5e148dfb9fcc02df6ee6
analysis_data\H3c_time_gamma_gee_dl_mean_3groups_ALTERNATIVE\results\h3c_overall_interface_standardized_ALTERNATIVE.csv,results\sensitivity\h3c_industry_role_adjusted\h3c_overall_interface_standardized_ALTERNATIVE.csv,bca5cf893967bb1b45707f9d1c69c68453a9e4b6173377207598800fd1827d93
analysis_data\H3c_time_gamma_gee_dl_mean_3groups_ALTERNATIVE\results\h3c_predicted_cell_means_ALTERNATIVE.csv,results\sensitivity\h3c_industry_role_adjusted\h3c_predicted_cell_means_ALTERNATIVE.csv,689e28c7c938ddf7d880ecfe582de04c159f457793bc3a790c4c9c2e933d87e1
analysis_data\H3c_time_gamma_gee_dl_mean_3groups_ALTERNATIVE\results\h3c_simple_interface_by_dl_ALTERNATIVE.csv,results\sensitivity\h3c_industry_role_adjusted\h3c_simple_interface_by_dl_ALTERNATIVE.csv,87d53493f7b600bd56b6598c5b4248e5d3b42ec40969deaa3fa6231571a0dfea
analysis_data\R_CLMM_frequentist\results_H4_ALTERNATIVE\h4a_additive_coef_all_ALTERNATIVE.csv,results\sensitivity\h4a_industry_role_adjusted\h4a_additive_coef_all_ALTERNATIVE.csv,a4318f9772e8906e9f0c1b4a784afeae82a289d5f7269621c5f84e8b2b90bf7f
analysis_data\R_CLMM_frequentist\results_H4_ALTERNATIVE\h4a_additive_coef_location_ALTERNATIVE.csv,results\sensitivity\h4a_industry_role_adjusted\h4a_additive_coef_location_ALTERNATIVE.csv,e0893135eaf2876f2557685d7b2dd0ae12c23925762908fd008f921ff30fbf14
analysis_data\R_CLMM_frequentist\results_H4_ALTERNATIVE\h4a_additive_industry_role_terms_only_ALTERNATIVE.csv,results\sensitivity\h4a_industry_role_adjusted\h4a_additive_industry_role_terms_only_ALTERNATIVE.csv,807d82365f07588d042da08caef48ff4ab18d9ec18f2facae186f9e07eed8173
analysis_data\R_CLMM_frequentist\results_H4_ALTERNATIVE\h4a_additive_model_summary_ALTERNATIVE.txt,results\sensitivity\h4a_industry_role_adjusted\h4a_additive_model_summary_ALTERNATIVE.txt,702f25e7b7fa5eded62e7af7f27efd2427f0fb49b27e45b4f4ab224d7ef9f178
analysis_data\R_CLMM_frequentist\results_H4_ALTERNATIVE\h4a_all_cells_latent_ALTERNATIVE.csv,results\sensitivity\h4a_industry_role_adjusted\h4a_all_cells_latent_ALTERNATIVE.csv,25da236a1f2ccd938dcbe5db93c11bbc86d722dee514cd2a7e7f6c45d994e79c
analysis_data\R_CLMM_frequentist\results_H4_ALTERNATIVE\h4a_all_cells_meanclass_ALTERNATIVE.csv,results\sensitivity\h4a_industry_role_adjusted\h4a_all_cells_meanclass_ALTERNATIVE.csv,23cedec3520ca1692b07ac39269cc9ba567d8d9838b292ab83a6d416fc0c5f52
analysis_data\R_CLMM_frequentist\results_H4_ALTERNATIVE\h4a_category_probabilities_by_cell_ALTERNATIVE.csv,results\sensitivity\h4a_industry_role_adjusted\h4a_category_probabilities_by_cell_ALTERNATIVE.csv,683eea6c2ec848627c5998dca35bbb32425cab5e4aaa3e88f285fa0bd2628e7b
analysis_data\R_CLMM_frequentist\results_H4_ALTERNATIVE\h4a_complexity_lrt_ALTERNATIVE.csv,results\sensitivity\h4a_industry_role_adjusted\h4a_complexity_lrt_ALTERNATIVE.csv,45d17d6e07b42907898e3b63f3921edf071fbffeb3c1fc1708398e9026801535
analysis_data\R_CLMM_frequentist\results_H4_ALTERNATIVE\h4a_complexity_lrt_ALTERNATIVE.txt,results\sensitivity\h4a_industry_role_adjusted\h4a_complexity_lrt_ALTERNATIVE.txt,738a78f78be9957070f4ef48a019ad45f34ff9af578a06bbfbc6f029d5e6d2a0
analysis_data\R_CLMM_frequentist\results_H4_ALTERNATIVE\h4a_contrasts_complexity_latent_ALTERNATIVE.csv,results\sensitivity\h4a_industry_role_adjusted\h4a_contrasts_complexity_latent_ALTERNATIVE.csv,af7fa430e48cf686b39ad2498abfbbaebdfb0f8c52f8d42ee25c78bd74329334
analysis_data\R_CLMM_frequentist\results_H4_ALTERNATIVE\h4a_contrasts_complexity_meanclass_ALTERNATIVE.csv,results\sensitivity\h4a_industry_role_adjusted\h4a_contrasts_complexity_meanclass_ALTERNATIVE.csv,afe17406433d857ce20cd2dce41a0859dc535f2c526c8685d64108b47a4cfa6a
analysis_data\R_CLMM_frequentist\results_H4_ALTERNATIVE\h4a_descriptives_ordinal_by_cell_ALTERNATIVE.csv,results\sensitivity\h4a_industry_role_adjusted\h4a_descriptives_ordinal_by_cell_ALTERNATIVE.csv,55b2605499769a9b85089f9aa59d8743f576b600051bc88222c754302746f799
analysis_data\R_CLMM_frequentist\results_H4_ALTERNATIVE\h4a_descriptives_ordinal_by_complexity_ALTERNATIVE.csv,results\sensitivity\h4a_industry_role_adjusted\h4a_descriptives_ordinal_by_complexity_ALTERNATIVE.csv,ef87fcb27c5f583769e3e18d901aeee20aa6c02c06e8f12ebbe86d75a9069c47
analysis_data\R_CLMM_frequentist\results_H4_ALTERNATIVE\h4a_descriptives_raw_by_cell_ALTERNATIVE.csv,results\sensitivity\h4a_industry_role_adjusted\h4a_descriptives_raw_by_cell_ALTERNATIVE.csv,1f2ffa03da3397f57ef49be1b49b53788e46256de0870bf3b0393c08d40683dd
analysis_data\R_CLMM_frequentist\results_H4_ALTERNATIVE\h4a_descriptives_raw_by_complexity_ALTERNATIVE.csv,results\sensitivity\h4a_industry_role_adjusted\h4a_descriptives_raw_by_complexity_ALTERNATIVE.csv,eb36720f827da0780aa2baec6fad3c08c99eca42ba5ac58487c95cc8ad680d11
analysis_data\R_CLMM_frequentist\results_H4_ALTERNATIVE\h4a_descriptives_raw_by_industry_role_ALTERNATIVE.csv,results\sensitivity\h4a_industry_role_adjusted\h4a_descriptives_raw_by_industry_role_ALTERNATIVE.csv,456274d8c5ff88169f27a97fe92f2b1e87254502283bc9352751212552b08236
analysis_data\R_CLMM_frequentist\results_H4_ALTERNATIVE\h4a_emm_complexity_latent_ALTERNATIVE.csv,results\sensitivity\h4a_industry_role_adjusted\h4a_emm_complexity_latent_ALTERNATIVE.csv,c52782073ba53641613b539919fa362bb425bcc8f78ebd593d7a36266be4baa0
analysis_data\R_CLMM_frequentist\results_H4_ALTERNATIVE\h4a_emm_complexity_meanclass_ALTERNATIVE.csv,results\sensitivity\h4a_industry_role_adjusted\h4a_emm_complexity_meanclass_ALTERNATIVE.csv,4743285ec54840b8c1f1a455bedfee4b11d75e2d7c99809740e8d36c0e7a73e3
analysis_data\R_CLMM_frequentist\results_H4_ALTERNATIVE\h4a_emm_interface_latent_ALTERNATIVE.csv,results\sensitivity\h4a_industry_role_adjusted\h4a_emm_interface_latent_ALTERNATIVE.csv,c21b032ff43ee165ac5d1db548dd875ff13a3e3ca39718c034f6a4b961645115
analysis_data\R_CLMM_frequentist\results_H4_ALTERNATIVE\h4a_industry_role_by_interface_ALTERNATIVE.csv,results\sensitivity\h4a_industry_role_adjusted\h4a_industry_role_by_interface_ALTERNATIVE.csv,baebfd39d7eeb5f626572f58cdc3eb8c42d2de60b991f9698341d68abfb5d857
analysis_data\R_CLMM_frequentist\results_H4_ALTERNATIVE\h4a_industry_role_counts_ALTERNATIVE.csv,results\sensitivity\h4a_industry_role_adjusted\h4a_industry_role_counts_ALTERNATIVE.csv,cdc463d9c372f34c0fcd51afd5bbfa39cf701f8ce75231c3096ff6c3652821eb
analysis_data\R_CLMM_frequentist\results_H4_ALTERNATIVE\h4a_industry_role_omnibus_ALTERNATIVE.csv,results\sensitivity\h4a_industry_role_adjusted\h4a_industry_role_omnibus_ALTERNATIVE.csv,80b7e8efafef7dbe70af36f03860a133e49714c98594cccfce7d3f62dabbb33f
analysis_data\R_CLMM_frequentist\results_H4_ALTERNATIVE\h4a_model_fit_ALTERNATIVE.csv,results\sensitivity\h4a_industry_role_adjusted\h4a_model_fit_ALTERNATIVE.csv,69fc22882af1dfbd373d5b129e36595b37734e331561a3a1b12318a0a125ce0b
analysis_data\R_CLMM_frequentist\results_H4_ALTERNATIVE\h4a_n_participants_by_interface_ALTERNATIVE.csv,results\sensitivity\h4a_industry_role_adjusted\h4a_n_participants_by_interface_ALTERNATIVE.csv,22b88045f13eb281836ac87b86e04a7761e5c16c93aeaca6ce479bf220bf8b21
analysis_data\R_CLMM_frequentist\results_H4_ALTERNATIVE\h4a_null_coef_all_ALTERNATIVE.csv,results\sensitivity\h4a_industry_role_adjusted\h4a_null_coef_all_ALTERNATIVE.csv,4b9581d1d878dff88cd2c55a03c455eaab0aa5f063ed61e079437a74c7ce1567
analysis_data\R_CLMM_frequentist\results_H4_ALTERNATIVE\h4a_null_coef_location_ALTERNATIVE.csv,results\sensitivity\h4a_industry_role_adjusted\h4a_null_coef_location_ALTERNATIVE.csv,b1107e587207aa71377f79b0aff6f7dc442c0d21f4d5606f17589ee4fd857bec
analysis_data\R_CLMM_frequentist\results_H4_ALTERNATIVE\h4a_null_model_summary_ALTERNATIVE.txt,results\sensitivity\h4a_industry_role_adjusted\h4a_null_model_summary_ALTERNATIVE.txt,ec84ab45546716249b7bd6284d1a981e4133826d4bf18244055d81f72d79ff3b
analysis_data\R_CLMM_frequentist\results_H4_ALTERNATIVE\h4a_overall_interface_contrast_latent_from_additive_model_ALTERNATIVE.csv,results\sensitivity\h4a_industry_role_adjusted\h4a_overall_interface_contrast_latent_from_additive_model_ALTERNATIVE.csv,8fc47e0535f1145ca64241ee86ff945bab32b2e2735b4638496db8f8bf27dc2a
analysis_data\R_CLMM_frequentist\results_H4_ALTERNATIVE\h4a_random_effect_sd_ALTERNATIVE.csv,results\sensitivity\h4a_industry_role_adjusted\h4a_random_effect_sd_ALTERNATIVE.csv,36464772315c133dfbded75872c8f59869975976198cf78d4669b35465ec5998
results_H4b_accuracy_ALTERNATIVE\h4b_accuracy_adjusted_means_by_task_ALTERNATIVE.csv,results\sensitivity\h4b_industry_role_adjusted\h4b_accuracy_adjusted_means_by_task_ALTERNATIVE.csv,2fb6b4f69e77a715c31b2d29db014d18af6cd0fb7971395b05074ad1d83746b8
results_H4b_accuracy_ALTERNATIVE\h4b_accuracy_bootstrap_draws_ALTERNATIVE.csv,results\sensitivity\h4b_industry_role_adjusted\h4b_accuracy_bootstrap_draws_ALTERNATIVE.csv,a891ca7cc7fbbe9291735a23d393cfd12dfbaef6862812f52dcd9d910e4b47fa
results_H4b_accuracy_ALTERNATIVE\h4b_accuracy_coef_table_ALTERNATIVE.csv,results\sensitivity\h4b_industry_role_adjusted\h4b_accuracy_coef_table_ALTERNATIVE.csv,fc7c7b06d591071ee84b6330b00a20fda6a3d8078f2e8f2e17ce1d17f377b987
results_H4b_accuracy_ALTERNATIVE\h4b_accuracy_descriptives_by_industry_role_ALTERNATIVE.csv,results\sensitivity\h4b_industry_role_adjusted\h4b_accuracy_descriptives_by_industry_role_ALTERNATIVE.csv,85f49f137125ac25c2678fd9e9fa4f8c13cef0b44e2f66b84541ed1d01c99b60
results_H4b_accuracy_ALTERNATIVE\h4b_accuracy_descriptives_by_interface_task_ALTERNATIVE.csv,results\sensitivity\h4b_industry_role_adjusted\h4b_accuracy_descriptives_by_interface_task_ALTERNATIVE.csv,eeb7bca07589d2e5cd5df37b341cb2b65aa78119d2e00402b1c272c0a993206e
results_H4b_accuracy_ALTERNATIVE\h4b_accuracy_descriptives_by_role_interface_task_ALTERNATIVE.csv,results\sensitivity\h4b_industry_role_adjusted\h4b_accuracy_descriptives_by_role_interface_task_ALTERNATIVE.csv,89b33c7b993bb6d7b31c7e52a4a24a25f1875ae368f8976c5c272666c3f3d3a7
results_H4b_accuracy_ALTERNATIVE\h4b_accuracy_descriptives_by_task_ALTERNATIVE.csv,results\sensitivity\h4b_industry_role_adjusted\h4b_accuracy_descriptives_by_task_ALTERNATIVE.csv,a62db75083dfec577a1b6ef8c860680dd09565738c9c50ea00a69ac3e6d9cb7b
results_H4b_accuracy_ALTERNATIVE\h4b_accuracy_effect_size_summary_ALTERNATIVE.csv,results\sensitivity\h4b_industry_role_adjusted\h4b_accuracy_effect_size_summary_ALTERNATIVE.csv,95893f273c6b014e55bfde202a884b3d911d514b089bab7b420021220a21e8a0
results_H4b_accuracy_ALTERNATIVE\h4b_accuracy_industry_role_by_interface_ALTERNATIVE.csv,results\sensitivity\h4b_industry_role_adjusted\h4b_accuracy_industry_role_by_interface_ALTERNATIVE.csv,db50dc69437bb05f9814582ee8a25d4d864f828a2d16ca70c15df0b89e49d271
results_H4b_accuracy_ALTERNATIVE\h4b_accuracy_industry_role_counts_ALTERNATIVE.csv,results\sensitivity\h4b_industry_role_adjusted\h4b_accuracy_industry_role_counts_ALTERNATIVE.csv,cdc463d9c372f34c0fcd51afd5bbfa39cf701f8ce75231c3096ff6c3652821eb
results_H4b_accuracy_ALTERNATIVE\h4b_accuracy_industry_role_omnibus_ALTERNATIVE.csv,results\sensitivity\h4b_industry_role_adjusted\h4b_accuracy_industry_role_omnibus_ALTERNATIVE.csv,fd95c7211e8bdd564dde8c77e10953b3f5df702cb1da029ab662930f8c949cab
results_H4b_accuracy_ALTERNATIVE\h4b_accuracy_industry_role_terms_only_ALTERNATIVE.csv,results\sensitivity\h4b_industry_role_adjusted\h4b_accuracy_industry_role_terms_only_ALTERNATIVE.csv,9e48894e94916d8037af71288dbb0574364d3b9053b5203df896fbda211631ce
results_H4b_accuracy_ALTERNATIVE\h4b_accuracy_interface_summary_nuisance_ALTERNATIVE.csv,results\sensitivity\h4b_industry_role_adjusted\h4b_accuracy_interface_summary_nuisance_ALTERNATIVE.csv,42361863c9dd23298c24bc4c02e3ff5c6de840ccafdbcf3cc9d5de36c7af2f96
results_H4b_accuracy_ALTERNATIVE\h4b_accuracy_model_fit_ALTERNATIVE.csv,results\sensitivity\h4b_industry_role_adjusted\h4b_accuracy_model_fit_ALTERNATIVE.csv,69a036daa684ad41a311c04242754b9992c1d0c2255c5647b3144e37b35fc10b
results_H4b_accuracy_ALTERNATIVE\h4b_accuracy_omnibus_tests_ALTERNATIVE.csv,results\sensitivity\h4b_industry_role_adjusted\h4b_accuracy_omnibus_tests_ALTERNATIVE.csv,43939746c69317503b1059dc3b17b50b24b1f47c49bf643278e915a15718a67d
results_H4b_accuracy_ALTERNATIVE\h4b_accuracy_task_contrasts_ALTERNATIVE.csv,results\sensitivity\h4b_industry_role_adjusted\h4b_accuracy_task_contrasts_ALTERNATIVE.csv,0cca2edd824444c86017e10d182cd31e0722ebecad01324b27543f50ab927f4a
results_H4b_accuracy_ALTERNATIVE\h4b_accuracy_task_terms_only_ALTERNATIVE.csv,results\sensitivity\h4b_industry_role_adjusted\h4b_accuracy_task_terms_only_ALTERNATIVE.csv,607059354d37f0d9e72505fc7e8c79c993659b3af410efc2572ffa57ce86c46f
results_H4c_time_ALTERNATIVE\h4c_time_adjusted_means_by_complexity_ALTERNATIVE.csv,results\sensitivity\h4c_industry_role_adjusted\h4c_time_adjusted_means_by_complexity_ALTERNATIVE.csv,1a39f902892daba6e2092d56c3e2e8e5a8e23ad184483524cf411873f87e09c1
results_H4c_time_ALTERNATIVE\h4c_time_bootstrap_draws_ALTERNATIVE.csv,results\sensitivity\h4c_industry_role_adjusted\h4c_time_bootstrap_draws_ALTERNATIVE.csv,79fb9e4a942d239af73c4bf4a9ccb0a46b61376669f6e8f7e3aecdc70b148fa2
results_H4c_time_ALTERNATIVE\h4c_time_coef_table_ALTERNATIVE.csv,results\sensitivity\h4c_industry_role_adjusted\h4c_time_coef_table_ALTERNATIVE.csv,91a8d281f5fbee3c65f76e1738eed3430e80f451a8cabef66c4969d177262a53
results_H4c_time_ALTERNATIVE\h4c_time_complexity_contrasts_ALTERNATIVE.csv,results\sensitivity\h4c_industry_role_adjusted\h4c_time_complexity_contrasts_ALTERNATIVE.csv,eab02df5f544f8d5e3a00972f3e39be36303de94a2b13415174eda3a7be84fcc
results_H4c_time_ALTERNATIVE\h4c_time_complexity_terms_only_ALTERNATIVE.csv,results\sensitivity\h4c_industry_role_adjusted\h4c_time_complexity_terms_only_ALTERNATIVE.csv,20db2791fd2cd5da1dab24058428d6cf5e8094d5bcaa5371feeb6ebef258139a
results_H4c_time_ALTERNATIVE\h4c_time_descriptives_by_complexity_ALTERNATIVE.csv,results\sensitivity\h4c_industry_role_adjusted\h4c_time_descriptives_by_complexity_ALTERNATIVE.csv,0dab7f82d7c7278fb4c4423d8f57fb39219b59fb73ec35c43d44de740d00b5a1
results_H4c_time_ALTERNATIVE\h4c_time_descriptives_by_industry_role_ALTERNATIVE.csv,results\sensitivity\h4c_industry_role_adjusted\h4c_time_descriptives_by_industry_role_ALTERNATIVE.csv,b6ca826d5b4710ec33acdf9af74d1ad23926b4af3603686a515f6c9225c6f989
results_H4c_time_ALTERNATIVE\h4c_time_descriptives_by_interface_ALTERNATIVE.csv,results\sensitivity\h4c_industry_role_adjusted\h4c_time_descriptives_by_interface_ALTERNATIVE.csv,1347bd28d7584a5a950b7c4379825512fd21b23a162d240b2a05ef71fc8d4daf
results_H4c_time_ALTERNATIVE\h4c_time_descriptives_by_interface_complexity_ALTERNATIVE.csv,results\sensitivity\h4c_industry_role_adjusted\h4c_time_descriptives_by_interface_complexity_ALTERNATIVE.csv,42d44f841afed93ece38c912586e1699d9de739b832bf3a5f32655b6d3b1191a
results_H4c_time_ALTERNATIVE\h4c_time_descriptives_by_role_interface_complexity_ALTERNATIVE.csv,results\sensitivity\h4c_industry_role_adjusted\h4c_time_descriptives_by_role_interface_complexity_ALTERNATIVE.csv,c6d510117d863825d097cf28c0c8ba1e1d2286a3ce7c56c27e066bb1d753c13b
results_H4c_time_ALTERNATIVE\h4c_time_effect_size_summary_ALTERNATIVE.csv,results\sensitivity\h4c_industry_role_adjusted\h4c_time_effect_size_summary_ALTERNATIVE.csv,73e955c7d2548acf8021c02afe384f1511c1583f5cd8ec481e5b6ad2b9431310
results_H4c_time_ALTERNATIVE\h4c_time_industry_role_by_interface_ALTERNATIVE.csv,results\sensitivity\h4c_industry_role_adjusted\h4c_time_industry_role_by_interface_ALTERNATIVE.csv,db50dc69437bb05f9814582ee8a25d4d864f828a2d16ca70c15df0b89e49d271
results_H4c_time_ALTERNATIVE\h4c_time_industry_role_counts_ALTERNATIVE.csv,results\sensitivity\h4c_industry_role_adjusted\h4c_time_industry_role_counts_ALTERNATIVE.csv,cdc463d9c372f34c0fcd51afd5bbfa39cf701f8ce75231c3096ff6c3652821eb
results_H4c_time_ALTERNATIVE\h4c_time_industry_role_omnibus_ALTERNATIVE.csv,results\sensitivity\h4c_industry_role_adjusted\h4c_time_industry_role_omnibus_ALTERNATIVE.csv,bf24433bb04cd3cf9e65472c06961fe5f9a5f3ee3f5ecd8e3210be53d02772a8
results_H4c_time_ALTERNATIVE\h4c_time_industry_role_terms_only_ALTERNATIVE.csv,results\sensitivity\h4c_industry_role_adjusted\h4c_time_industry_role_terms_only_ALTERNATIVE.csv,179be8bd82346667a11b5858b45f94154b582f4a33c6df6e7dbd60e8a72d6335
results_H4c_time_ALTERNATIVE\h4c_time_interface_summary_nuisance_ALTERNATIVE.csv,results\sensitivity\h4c_industry_role_adjusted\h4c_time_interface_summary_nuisance_ALTERNATIVE.csv,8f3d865d566da74309bad8017518df04329188558aad02a3b92c86d73ae72827
results_H4c_time_ALTERNATIVE\h4c_time_model_fit_ALTERNATIVE.csv,results\sensitivity\h4c_industry_role_adjusted\h4c_time_model_fit_ALTERNATIVE.csv,6ae928b54c5636593b2353c7a7e108bfbcdae060be391d7a71ce7e2a4ad37eeb
results_H4c_time_ALTERNATIVE\h4c_time_omnibus_tests_ALTERNATIVE.csv,results\sensitivity\h4c_industry_role_adjusted\h4c_time_omnibus_tests_ALTERNATIVE.csv,0c1b29f20d894a6b2f274820d7917d45e4fdbbc2c221e52be6690e85db16487c
analysis_data\R_CLMM_frequentist\results_H5_reliance_clmm_ALTERNATIVE\h5_descriptives_raw_by_industry_role_ALTERNATIVE.csv,results\sensitivity\h5_industry_role_adjusted\h5_descriptives_raw_by_industry_role_ALTERNATIVE.csv,70e76a1d2e2b256f7ae4eefad9d34c37fddf860d87b12c52072d8daeeee08169
analysis_data\R_CLMM_frequentist\results_H5_reliance_clmm_ALTERNATIVE\h5_industry_role_by_interface_ALTERNATIVE.csv,results\sensitivity\h5_industry_role_adjusted\h5_industry_role_by_interface_ALTERNATIVE.csv,baebfd39d7eeb5f626572f58cdc3eb8c42d2de60b991f9698341d68abfb5d857
analysis_data\R_CLMM_frequentist\results_H5_reliance_clmm_ALTERNATIVE\h5_industry_role_counts_ALTERNATIVE.csv,results\sensitivity\h5_industry_role_adjusted\h5_industry_role_counts_ALTERNATIVE.csv,cdc463d9c372f34c0fcd51afd5bbfa39cf701f8ce75231c3096ff6c3652821eb
analysis_data\R_CLMM_frequentist\results_H5_reliance_clmm_ALTERNATIVE\h5_industry_role_omnibus_ALTERNATIVE.csv,results\sensitivity\h5_industry_role_adjusted\h5_industry_role_omnibus_ALTERNATIVE.csv,74a77c0e1b45ffe15cff6640f1bbdd75bcb46e3486e99619079ff1bd96113aaf
analysis_data\R_CLMM_frequentist\results_H5_reliance_clmm_ALTERNATIVE\H5A_interface_ALTERNATIVE\h5a_additive_coef_all_ALTERNATIVE.csv,results\sensitivity\h5_industry_role_adjusted\H5A_interface_ALTERNATIVE\h5a_additive_coef_all_ALTERNATIVE.csv,bcefd12f78fa1b786507729ca8731b500c7eddc4ad74b5a6014fe2e25154988c
analysis_data\R_CLMM_frequentist\results_H5_reliance_clmm_ALTERNATIVE\H5A_interface_ALTERNATIVE\h5a_additive_coef_location_ALTERNATIVE.csv,results\sensitivity\h5_industry_role_adjusted\H5A_interface_ALTERNATIVE\h5a_additive_coef_location_ALTERNATIVE.csv,a292ebbfc2ac2cfd4fd69e5140f90b51ad13d0f4fd72ad6a60a2f1464e2bf0c3
analysis_data\R_CLMM_frequentist\results_H5_reliance_clmm_ALTERNATIVE\H5A_interface_ALTERNATIVE\h5a_additive_industry_role_terms_only_ALTERNATIVE.csv,results\sensitivity\h5_industry_role_adjusted\H5A_interface_ALTERNATIVE\h5a_additive_industry_role_terms_only_ALTERNATIVE.csv,25977b75812cc642645a9da058499704eeada8b40f68b9a7133abb61b386cf18
analysis_data\R_CLMM_frequentist\results_H5_reliance_clmm_ALTERNATIVE\H5A_interface_ALTERNATIVE\h5a_category_probabilities_by_interface_ALTERNATIVE.csv,results\sensitivity\h5_industry_role_adjusted\H5A_interface_ALTERNATIVE\h5a_category_probabilities_by_interface_ALTERNATIVE.csv,7fb58ffea8e2cea89c3a52f4788372b9ee5e2f4cf77bbc98e179df36a1c2a86c
analysis_data\R_CLMM_frequentist\results_H5_reliance_clmm_ALTERNATIVE\H5A_interface_ALTERNATIVE\h5a_complexity_lrt_ALTERNATIVE.csv,results\sensitivity\h5_industry_role_adjusted\H5A_interface_ALTERNATIVE\h5a_complexity_lrt_ALTERNATIVE.csv,cb3405677f25d6ae855b54b5744e8b12ace66fcdb5042deaaf41c600a86809a6
analysis_data\R_CLMM_frequentist\results_H5_reliance_clmm_ALTERNATIVE\H5A_interface_ALTERNATIVE\h5a_descriptives_ordinal_by_item_interface_ALTERNATIVE.csv,results\sensitivity\h5_industry_role_adjusted\H5A_interface_ALTERNATIVE\h5a_descriptives_ordinal_by_item_interface_ALTERNATIVE.csv,8873b539f9bf3898ff12e00844d0040ae67dd65867a7a9454dcca12f430bfa86
analysis_data\R_CLMM_frequentist\results_H5_reliance_clmm_ALTERNATIVE\H5A_interface_ALTERNATIVE\h5a_descriptives_raw_by_item_interface_ALTERNATIVE.csv,results\sensitivity\h5_industry_role_adjusted\H5A_interface_ALTERNATIVE\h5a_descriptives_raw_by_item_interface_ALTERNATIVE.csv,8773f6418f9e496b8cdb18cd66647051f1b9cdeca3d5582fe3fc994b37bac08a
analysis_data\R_CLMM_frequentist\results_H5_reliance_clmm_ALTERNATIVE\H5A_interface_ALTERNATIVE\h5a_emm_interface_latent_ALTERNATIVE.csv,results\sensitivity\h5_industry_role_adjusted\H5A_interface_ALTERNATIVE\h5a_emm_interface_latent_ALTERNATIVE.csv,8718ce8eb288a6493e7637c825bab00801b29da11ef0111de7a86267be1495a1
analysis_data\R_CLMM_frequentist\results_H5_reliance_clmm_ALTERNATIVE\H5A_interface_ALTERNATIVE\h5a_emm_interface_meanclass_ALTERNATIVE.csv,results\sensitivity\h5_industry_role_adjusted\H5A_interface_ALTERNATIVE\h5a_emm_interface_meanclass_ALTERNATIVE.csv,13aafbd189357a5a15d4a4a170ce2b82d3ee3186e1870e8b2c7d0e14834fca70
analysis_data\R_CLMM_frequentist\results_H5_reliance_clmm_ALTERNATIVE\H5A_interface_ALTERNATIVE\h5a_interface_lrt_ALTERNATIVE.csv,results\sensitivity\h5_industry_role_adjusted\H5A_interface_ALTERNATIVE\h5a_interface_lrt_ALTERNATIVE.csv,1d59347e00813f5581e06b4d840e71f733fa9c80f6bbdda6035c9410c7c91770
analysis_data\R_CLMM_frequentist\results_H5_reliance_clmm_ALTERNATIVE\H5A_interface_ALTERNATIVE\h5a_model_fit_ALTERNATIVE.csv,results\sensitivity\h5_industry_role_adjusted\H5A_interface_ALTERNATIVE\h5a_model_fit_ALTERNATIVE.csv,b9e69c59a05ab370888e3d7397775e3d9623c94ed292874d6e4194f79f5f33dd
analysis_data\R_CLMM_frequentist\results_H5_reliance_clmm_ALTERNATIVE\H5A_interface_ALTERNATIVE\h5a_n_participants_by_item_interface_ALTERNATIVE.csv,results\sensitivity\h5_industry_role_adjusted\H5A_interface_ALTERNATIVE\h5a_n_participants_by_item_interface_ALTERNATIVE.csv,446d06ffe0dcd4a6119a0ac26e0a4444a4267d0323ba356dd0d4cde7203a43bd
analysis_data\R_CLMM_frequentist\results_H5_reliance_clmm_ALTERNATIVE\H5A_interface_ALTERNATIVE\h5a_omnibus_lrt_ALTERNATIVE.csv,results\sensitivity\h5_industry_role_adjusted\H5A_interface_ALTERNATIVE\h5a_omnibus_lrt_ALTERNATIVE.csv,2795aae4cb573aaab5c439f3520ab7ba4dd55615add6db34a2d5683cc2accca8
analysis_data\R_CLMM_frequentist\results_H5_reliance_clmm_ALTERNATIVE\H5A_interface_ALTERNATIVE\h5a_omnibus_lrt_ALTERNATIVE.txt,results\sensitivity\h5_industry_role_adjusted\H5A_interface_ALTERNATIVE\h5a_omnibus_lrt_ALTERNATIVE.txt,1a47b7ceccfbfec0efa9ade3475701e06ef36b9399c0e8110b72aaf0e592c160
analysis_data\R_CLMM_frequentist\results_H5_reliance_clmm_ALTERNATIVE\H5A_interface_ALTERNATIVE\h5a_overall_interface_contrast_latent_ALTERNATIVE.csv,results\sensitivity\h5_industry_role_adjusted\H5A_interface_ALTERNATIVE\h5a_overall_interface_contrast_latent_ALTERNATIVE.csv,85b5cfa83138b91d9f8c86e3650a8aea491cee180346121ff26c6fb3da05bd90
analysis_data\R_CLMM_frequentist\results_H5_reliance_clmm_ALTERNATIVE\H5A_interface_ALTERNATIVE\h5a_overall_interface_contrast_meanclass_ALTERNATIVE.csv,results\sensitivity\h5_industry_role_adjusted\H5A_interface_ALTERNATIVE\h5a_overall_interface_contrast_meanclass_ALTERNATIVE.csv,444d99c71317bd48fbba0e58aed13c33e74f4899b7974b6c53692a36a87d0076
analysis_data\R_CLMM_frequentist\results_H5_reliance_clmm_ALTERNATIVE\H5A_interface_ALTERNATIVE\h5a_r1_additive_model_summary_ALTERNATIVE.txt,results\sensitivity\h5_industry_role_adjusted\H5A_interface_ALTERNATIVE\h5a_r1_additive_model_summary_ALTERNATIVE.txt,7f8e4559feccd1f17b0500c66ab5842e9afbd08e5b2f2f9bd81a0cf88dd718b2
analysis_data\R_CLMM_frequentist\results_H5_reliance_clmm_ALTERNATIVE\H5A_interface_ALTERNATIVE\h5a_r2_additive_model_summary_ALTERNATIVE.txt,results\sensitivity\h5_industry_role_adjusted\H5A_interface_ALTERNATIVE\h5a_r2_additive_model_summary_ALTERNATIVE.txt,9f338c030f27323264a0da5e7bd55e06d58dd19c2364c5af653c1d82ca86fd61
analysis_data\R_CLMM_frequentist\results_H5_reliance_clmm_ALTERNATIVE\H5A_interface_ALTERNATIVE\h5a_r3_additive_model_summary_ALTERNATIVE.txt,results\sensitivity\h5_industry_role_adjusted\H5A_interface_ALTERNATIVE\h5a_r3_additive_model_summary_ALTERNATIVE.txt,10993891d15c7808042a78fd53caf36bcd597c02d76e727747189b3b93c43484
analysis_data\R_CLMM_frequentist\results_H5_reliance_clmm_ALTERNATIVE\H5A_interface_ALTERNATIVE\h5a_random_effect_sd_ALTERNATIVE.csv,results\sensitivity\h5_industry_role_adjusted\H5A_interface_ALTERNATIVE\h5a_random_effect_sd_ALTERNATIVE.csv,695c1de4e7a3816177e9004660db559130c5628b628840a7d005d22489f60828
analysis_data\R_CLMM_frequentist\results_H5_reliance_clmm_ALTERNATIVE\H5A_interface_ALTERNATIVE\h5a_random_effect_sd_diagnostics_ALTERNATIVE.txt,results\sensitivity\h5_industry_role_adjusted\H5A_interface_ALTERNATIVE\h5a_random_effect_sd_diagnostics_ALTERNATIVE.txt,444860d52d51cfb8134b43df46e61b7ef9c08278c43b9df89647023a6061dc20
analysis_data\R_CLMM_frequentist\results_H5_reliance_clmm_ALTERNATIVE\H5B_interaction_ALTERNATIVE\h5b_all_cells_latent_ALTERNATIVE.csv,results\sensitivity\h5_industry_role_adjusted\H5B_interaction_ALTERNATIVE\h5b_all_cells_latent_ALTERNATIVE.csv,b02d41790e39a89f2e5f1253e88661377a78b41538d79a8952d6580bc6792759
analysis_data\R_CLMM_frequentist\results_H5_reliance_clmm_ALTERNATIVE\H5B_interaction_ALTERNATIVE\h5b_all_cells_meanclass_ALTERNATIVE.csv,results\sensitivity\h5_industry_role_adjusted\H5B_interaction_ALTERNATIVE\h5b_all_cells_meanclass_ALTERNATIVE.csv,313f70f3d0b2817e6e0e85f891c45e96766dfbbfff11e9098069283aaa3ff8b6
analysis_data\R_CLMM_frequentist\results_H5_reliance_clmm_ALTERNATIVE\H5B_interaction_ALTERNATIVE\h5b_category_probabilities_by_cell_ALTERNATIVE.csv,results\sensitivity\h5_industry_role_adjusted\H5B_interaction_ALTERNATIVE\h5b_category_probabilities_by_cell_ALTERNATIVE.csv,8462c56c1d9c1f8cfc091565e03c7296cb2e8938a53b52d95ee2261340c2bef6
analysis_data\R_CLMM_frequentist\results_H5_reliance_clmm_ALTERNATIVE\H5B_interaction_ALTERNATIVE\h5b_descriptives_ordinal_by_cell_ALTERNATIVE.csv,results\sensitivity\h5_industry_role_adjusted\H5B_interaction_ALTERNATIVE\h5b_descriptives_ordinal_by_cell_ALTERNATIVE.csv,3256fcf144ebbf8c392aad66dac1ace6a8d32175831a84b16d00720dfbd7040d
analysis_data\R_CLMM_frequentist\results_H5_reliance_clmm_ALTERNATIVE\H5B_interaction_ALTERNATIVE\h5b_descriptives_raw_by_cell_ALTERNATIVE.csv,results\sensitivity\h5_industry_role_adjusted\H5B_interaction_ALTERNATIVE\h5b_descriptives_raw_by_cell_ALTERNATIVE.csv,a04eb1f62fd77f9cac24da57eff612a690428ae6c3712e3977caae77c95e6a84
analysis_data\R_CLMM_frequentist\results_H5_reliance_clmm_ALTERNATIVE\H5B_interaction_ALTERNATIVE\h5b_did_like_latent_ALTERNATIVE.csv,results\sensitivity\h5_industry_role_adjusted\H5B_interaction_ALTERNATIVE\h5b_did_like_latent_ALTERNATIVE.csv,77160fa165f5d399630a5946057d4a51d72408d92122ec94cf85ff1b3075afb6
analysis_data\R_CLMM_frequentist\results_H5_reliance_clmm_ALTERNATIVE\H5B_interaction_ALTERNATIVE\h5b_did_like_meanclass_ALTERNATIVE.csv,results\sensitivity\h5_industry_role_adjusted\H5B_interaction_ALTERNATIVE\h5b_did_like_meanclass_ALTERNATIVE.csv,66d650f0a6c469dec54657567a0aeee0087ad12988d15df960b939610c6eba7f
analysis_data\R_CLMM_frequentist\results_H5_reliance_clmm_ALTERNATIVE\H5B_interaction_ALTERNATIVE\h5b_emm_complexity_by_interface_latent_ALTERNATIVE.csv,results\sensitivity\h5_industry_role_adjusted\H5B_interaction_ALTERNATIVE\h5b_emm_complexity_by_interface_latent_ALTERNATIVE.csv,29989428d6e9978ef9343443c8806eea202ed46b3ada769e60bd5f05cd18762e
analysis_data\R_CLMM_frequentist\results_H5_reliance_clmm_ALTERNATIVE\H5B_interaction_ALTERNATIVE\h5b_emm_complexity_by_interface_meanclass_ALTERNATIVE.csv,results\sensitivity\h5_industry_role_adjusted\H5B_interaction_ALTERNATIVE\h5b_emm_complexity_by_interface_meanclass_ALTERNATIVE.csv,a58e140f07be107aadcac7ba9cd842a2b2ec15d406317237ff752c8ec707e0b6
analysis_data\R_CLMM_frequentist\results_H5_reliance_clmm_ALTERNATIVE\H5B_interaction_ALTERNATIVE\h5b_emm_interface_by_complexity_latent_ALTERNATIVE.csv,results\sensitivity\h5_industry_role_adjusted\H5B_interaction_ALTERNATIVE\h5b_emm_interface_by_complexity_latent_ALTERNATIVE.csv,b02d41790e39a89f2e5f1253e88661377a78b41538d79a8952d6580bc6792759
analysis_data\R_CLMM_frequentist\results_H5_reliance_clmm_ALTERNATIVE\H5B_interaction_ALTERNATIVE\h5b_emm_interface_by_complexity_meanclass_ALTERNATIVE.csv,results\sensitivity\h5_industry_role_adjusted\H5B_interaction_ALTERNATIVE\h5b_emm_interface_by_complexity_meanclass_ALTERNATIVE.csv,313f70f3d0b2817e6e0e85f891c45e96766dfbbfff11e9098069283aaa3ff8b6
analysis_data\R_CLMM_frequentist\results_H5_reliance_clmm_ALTERNATIVE\H5B_interaction_ALTERNATIVE\h5b_interaction_coef_all_ALTERNATIVE.csv,results\sensitivity\h5_industry_role_adjusted\H5B_interaction_ALTERNATIVE\h5b_interaction_coef_all_ALTERNATIVE.csv,348d7025df2fde076c164145bcb09ff070079d1e6f8c3b5ddd47d3cc29fb77be
analysis_data\R_CLMM_frequentist\results_H5_reliance_clmm_ALTERNATIVE\H5B_interaction_ALTERNATIVE\h5b_interaction_coef_location_ALTERNATIVE.csv,results\sensitivity\h5_industry_role_adjusted\H5B_interaction_ALTERNATIVE\h5b_interaction_coef_location_ALTERNATIVE.csv,db69534dfe5f4b56f4ccfa73d65bcf273909e4c2b3ea887e1dfddfd31eb6d231
analysis_data\R_CLMM_frequentist\results_H5_reliance_clmm_ALTERNATIVE\H5B_interaction_ALTERNATIVE\h5b_interaction_industry_role_terms_only_ALTERNATIVE.csv,results\sensitivity\h5_industry_role_adjusted\H5B_interaction_ALTERNATIVE\h5b_interaction_industry_role_terms_only_ALTERNATIVE.csv,c420f37a62c454e73b85b8ca611b0c4c13b1ab9ad20f68cf5caf45b6201b2494
analysis_data\R_CLMM_frequentist\results_H5_reliance_clmm_ALTERNATIVE\H5B_interaction_ALTERNATIVE\h5b_interaction_lrt_ALTERNATIVE.csv,results\sensitivity\h5_industry_role_adjusted\H5B_interaction_ALTERNATIVE\h5b_interaction_lrt_ALTERNATIVE.csv,07708e2b50e5a8e100b6c7ad676c13f442ec1b338daa46d27275b78c494269a6
analysis_data\R_CLMM_frequentist\results_H5_reliance_clmm_ALTERNATIVE\H5B_interaction_ALTERNATIVE\h5b_interaction_lrt_ALTERNATIVE.txt,results\sensitivity\h5_industry_role_adjusted\H5B_interaction_ALTERNATIVE\h5b_interaction_lrt_ALTERNATIVE.txt,c21ab9a3ec9f69db6a3929c9964d199ada6b7d0e67aea45520ce6b6b51a76ad0
analysis_data\R_CLMM_frequentist\results_H5_reliance_clmm_ALTERNATIVE\H5B_interaction_ALTERNATIVE\h5b_interaction_main_terms_only_ALTERNATIVE.csv,results\sensitivity\h5_industry_role_adjusted\H5B_interaction_ALTERNATIVE\h5b_interaction_main_terms_only_ALTERNATIVE.csv,aac5b1d75ec1dbfb14bd5b07ee03d95632a5525cea8e6ae5f0e99dec71c6789a
analysis_data\R_CLMM_frequentist\results_H5_reliance_clmm_ALTERNATIVE\H5B_interaction_ALTERNATIVE\h5b_interaction_terms_only_ALTERNATIVE.csv,results\sensitivity\h5_industry_role_adjusted\H5B_interaction_ALTERNATIVE\h5b_interaction_terms_only_ALTERNATIVE.csv,5f524e9e41d903391a3fe7ff6b9dd5fc6fc0dc0c2e2f0248627f9f903d3793b3
analysis_data\R_CLMM_frequentist\results_H5_reliance_clmm_ALTERNATIVE\H5B_interaction_ALTERNATIVE\h5b_internal_did_terms_only_ALTERNATIVE.csv,results\sensitivity\h5_industry_role_adjusted\H5B_interaction_ALTERNATIVE\h5b_internal_did_terms_only_ALTERNATIVE.csv,5f524e9e41d903391a3fe7ff6b9dd5fc6fc0dc0c2e2f0248627f9f903d3793b3
analysis_data\R_CLMM_frequentist\results_H5_reliance_clmm_ALTERNATIVE\H5B_interaction_ALTERNATIVE\h5b_model_fit_ALTERNATIVE.csv,results\sensitivity\h5_industry_role_adjusted\H5B_interaction_ALTERNATIVE\h5b_model_fit_ALTERNATIVE.csv,bc3963a391aaf1ac57fdb1ec647a3b7ba2c33f96ae3838ffe2aa2e69abcc33e1
analysis_data\R_CLMM_frequentist\results_H5_reliance_clmm_ALTERNATIVE\H5B_interaction_ALTERNATIVE\h5b_n_participants_by_cell_ALTERNATIVE.csv,results\sensitivity\h5_industry_role_adjusted\H5B_interaction_ALTERNATIVE\h5b_n_participants_by_cell_ALTERNATIVE.csv,aff94afa24cfadad41b11284dafc8a416cda7605b098a55cd625376e26d9122a
analysis_data\R_CLMM_frequentist\results_H5_reliance_clmm_ALTERNATIVE\H5B_interaction_ALTERNATIVE\h5b_r1_additive_model_summary_ALTERNATIVE.txt,results\sensitivity\h5_industry_role_adjusted\H5B_interaction_ALTERNATIVE\h5b_r1_additive_model_summary_ALTERNATIVE.txt,7f8e4559feccd1f17b0500c66ab5842e9afbd08e5b2f2f9bd81a0cf88dd718b2
analysis_data\R_CLMM_frequentist\results_H5_reliance_clmm_ALTERNATIVE\H5B_interaction_ALTERNATIVE\h5b_r1_interaction_model_summary_ALTERNATIVE.txt,results\sensitivity\h5_industry_role_adjusted\H5B_interaction_ALTERNATIVE\h5b_r1_interaction_model_summary_ALTERNATIVE.txt,52d79a9462144837533570f0c37793cc452626c62ed5ad3b324857d06338f8e9
analysis_data\R_CLMM_frequentist\results_H5_reliance_clmm_ALTERNATIVE\H5B_interaction_ALTERNATIVE\h5b_r2_additive_model_summary_ALTERNATIVE.txt,results\sensitivity\h5_industry_role_adjusted\H5B_interaction_ALTERNATIVE\h5b_r2_additive_model_summary_ALTERNATIVE.txt,9f338c030f27323264a0da5e7bd55e06d58dd19c2364c5af653c1d82ca86fd61
analysis_data\R_CLMM_frequentist\results_H5_reliance_clmm_ALTERNATIVE\H5B_interaction_ALTERNATIVE\h5b_r2_interaction_model_summary_ALTERNATIVE.txt,results\sensitivity\h5_industry_role_adjusted\H5B_interaction_ALTERNATIVE\h5b_r2_interaction_model_summary_ALTERNATIVE.txt,b3b5720d0eeda9405224819082ea1f65eeab2ee3c428f2136f5429b9d7273287
analysis_data\R_CLMM_frequentist\results_H5_reliance_clmm_ALTERNATIVE\H5B_interaction_ALTERNATIVE\h5b_r3_additive_model_summary_ALTERNATIVE.txt,results\sensitivity\h5_industry_role_adjusted\H5B_interaction_ALTERNATIVE\h5b_r3_additive_model_summary_ALTERNATIVE.txt,10993891d15c7808042a78fd53caf36bcd597c02d76e727747189b3b93c43484
analysis_data\R_CLMM_frequentist\results_H5_reliance_clmm_ALTERNATIVE\H5B_interaction_ALTERNATIVE\h5b_r3_interaction_model_summary_ALTERNATIVE.txt,results\sensitivity\h5_industry_role_adjusted\H5B_interaction_ALTERNATIVE\h5b_r3_interaction_model_summary_ALTERNATIVE.txt,c3b080826ed18ffb58fc15f4e72408a15cbf5622ed11d4577359b93f8c1ca3ba
analysis_data\R_CLMM_frequentist\results_H5_reliance_clmm_ALTERNATIVE\H5B_interaction_ALTERNATIVE\h5b_random_effect_sd_ALTERNATIVE.csv,results\sensitivity\h5_industry_role_adjusted\H5B_interaction_ALTERNATIVE\h5b_random_effect_sd_ALTERNATIVE.csv,a7f15f8e9f4b64157057cc283052fb1b0f33a7bec0ded3c6f3ff8f9e27811bed
analysis_data\R_CLMM_frequentist\results_H5_reliance_clmm_ALTERNATIVE\H5B_interaction_ALTERNATIVE\h5b_random_effect_sd_diagnostics_ALTERNATIVE.txt,results\sensitivity\h5_industry_role_adjusted\H5B_interaction_ALTERNATIVE\h5b_random_effect_sd_diagnostics_ALTERNATIVE.txt,7cef27e89a2ddc028a094b23b8b82835a7245a3d40564b4387d0adb056325a76
analysis_data\R_CLMM_frequentist\results_H5_reliance_clmm_ALTERNATIVE\H5B_interaction_ALTERNATIVE\h5b_simple_effects_complexity_by_interface_latent_ALTERNATIVE.csv,results\sensitivity\h5_industry_role_adjusted\H5B_interaction_ALTERNATIVE\h5b_simple_effects_complexity_by_interface_latent_ALTERNATIVE.csv,3667bf497243f49d224a8d8942ada78b050fd27ccbaab52422dc84b965640fae
analysis_data\R_CLMM_frequentist\results_H5_reliance_clmm_ALTERNATIVE\H5B_interaction_ALTERNATIVE\h5b_simple_effects_complexity_by_interface_meanclass_ALTERNATIVE.csv,results\sensitivity\h5_industry_role_adjusted\H5B_interaction_ALTERNATIVE\h5b_simple_effects_complexity_by_interface_meanclass_ALTERNATIVE.csv,e1e573bcd7e104532eaf757c728a2089f3c94fa83cc6bd93ff794f49a557a0be
analysis_data\R_CLMM_frequentist\results_H5_reliance_clmm_ALTERNATIVE\H5B_interaction_ALTERNATIVE\h5b_simple_effects_interface_by_complexity_latent_ALTERNATIVE.csv,results\sensitivity\h5_industry_role_adjusted\H5B_interaction_ALTERNATIVE\h5b_simple_effects_interface_by_complexity_latent_ALTERNATIVE.csv,00ac2caba1d0a32e01116b92f679efeab7d42e9652118715d9d2e2d458b262f5
analysis_data\R_CLMM_frequentist\results_H5_reliance_clmm_ALTERNATIVE\H5B_interaction_ALTERNATIVE\h5b_simple_effects_interface_by_complexity_meanclass_ALTERNATIVE.csv,results\sensitivity\h5_industry_role_adjusted\H5B_interaction_ALTERNATIVE\h5b_simple_effects_interface_by_complexity_meanclass_ALTERNATIVE.csv,d9446ce3a6a510bdd7d5b254bade777d044951fe48ddabae406cce6d2ac19e89
analysis_data\robustness_H3a_ordered_logit\h3a_robust_additive_model_summary.txt,results\robustness\h3a_ordered_logit\h3a_robust_additive_model_summary.txt,927fa521fbced811f739cd9a4f7e66175def917a0d08af7fe964e9fff2116ac2
analysis_data\robustness_H3a_ordered_logit\h3a_robust_bootstrap_draws.csv,results\robustness\h3a_ordered_logit\h3a_robust_bootstrap_draws.csv,2a2249a418f962a6180f5973ec492dde4868f4e0b7ee081602ef5726951a4b1f
analysis_data\robustness_H3a_ordered_logit\h3a_robust_coef_table.csv,results\robustness\h3a_ordered_logit\h3a_robust_coef_table.csv,eb16f872e5fb36f63d8406cef85b9c5c1a4ce9c4d197b59e4e432c4e59a49ac7
analysis_data\robustness_H3a_ordered_logit\h3a_robust_did.csv,results\robustness\h3a_ordered_logit\h3a_robust_did.csv,ac0697d70a8bfc9ad71b6f3abba472e6365888fcc0ad05400ab19dc60f6fdd7b
analysis_data\robustness_H3a_ordered_logit\h3a_robust_did_with_ci.csv,results\robustness\h3a_ordered_logit\h3a_robust_did_with_ci.csv,1af542099db0fa502a021a2018159d67f1a54840c80bcc8714aa6057c9129bf7
analysis_data\robustness_H3a_ordered_logit\h3a_robust_full_model_summary.txt,results\robustness\h3a_ordered_logit\h3a_robust_full_model_summary.txt,bd7d06b9c5fcd162b076dd4633febb6d41365535e10dadf865c730f6e5b6def8
analysis_data\robustness_H3a_ordered_logit\h3a_robust_high_low_dl_within_interface.csv,results\robustness\h3a_ordered_logit\h3a_robust_high_low_dl_within_interface.csv,80ecb548c97e19b332b9f91253320dd3116e12aa10533cb2e6113c83a7dd9d61
analysis_data\robustness_H3a_ordered_logit\h3a_robust_high_low_dl_within_interface_with_ci.csv,results\robustness\h3a_ordered_logit\h3a_robust_high_low_dl_within_interface_with_ci.csv,d9637271a966155d31a0505c88806c8d251fed0b117dbcbcc193b55e1fe808c1
analysis_data\robustness_H3a_ordered_logit\h3a_robust_lrt.csv,results\robustness\h3a_ordered_logit\h3a_robust_lrt.csv,1f57a9cf117ff5dbc92d19ccaa28c19e375f2c8c7abefb1e3eec00f739637e40
analysis_data\robustness_H3a_ordered_logit\h3a_robust_predicted_expected_classes.csv,results\robustness\h3a_ordered_logit\h3a_robust_predicted_expected_classes.csv,e029cd5f4d71b8347f9a33c8c22d5662942b4c33c6e86831be39105840d0626c
analysis_data\robustness_H3a_ordered_logit\h3a_robust_predicted_expected_classes_with_ci.csv,results\robustness\h3a_ordered_logit\h3a_robust_predicted_expected_classes_with_ci.csv,488f2785000b4cfef9dc883c36e61ba9671b644171441962f1ca4fcaddfd085b
analysis_data\robustness_H3a_ordered_logit\h3a_robust_simple_interface_effects.csv,results\robustness\h3a_ordered_logit\h3a_robust_simple_interface_effects.csv,4e640f5abb3f83867264b2b232eb1c011d807370f4e7bc950fa24140fe4e8c90
analysis_data\robustness_H3a_ordered_logit\h3a_robust_simple_interface_effects_with_ci.csv,results\robustness\h3a_ordered_logit\h3a_robust_simple_interface_effects_with_ci.csv,6dd3283858b5f2a5f0feadfa5296a86ab8392dc74314cfd41c8b08bfa7619a76
analysis_data\robustness_H3b_fractional_glm\h3b_robust_bootstrap_draws.csv,results\robustness\h3b_fractional_glm\h3b_robust_bootstrap_draws.csv,a9fd4e8b10c7d429ce5b4bd2fe8ca9404aa22ea1d174d5d26e932888b4898a8b
analysis_data\robustness_H3b_fractional_glm\h3b_robust_coef_table.csv,results\robustness\h3b_fractional_glm\h3b_robust_coef_table.csv,bfc4a34d193430f6132b8e10970c785feb9b549052195e91f3fcd8fcb4503be1
analysis_data\robustness_H3b_fractional_glm\h3b_robust_did.csv,results\robustness\h3b_fractional_glm\h3b_robust_did.csv,f4b8f86cf0fed284e27572d700f81a9522b73a08419a222a949f297f37b63e3d
analysis_data\robustness_H3b_fractional_glm\h3b_robust_did_with_ci.csv,results\robustness\h3b_fractional_glm\h3b_robust_did_with_ci.csv,816a91ee5627d5c3e6c721ac5a02d7519987e4f31329e751a5826e063fe8d354
analysis_data\robustness_H3b_fractional_glm\h3b_robust_high_low_dl_within_interface.csv,results\robustness\h3b_fractional_glm\h3b_robust_high_low_dl_within_interface.csv,b5e28fb94924107065248ebb09cd6e9182b734de2c99945e34535de2248f60c0
analysis_data\robustness_H3b_fractional_glm\h3b_robust_high_low_dl_within_interface_with_ci.csv,results\robustness\h3b_fractional_glm\h3b_robust_high_low_dl_within_interface_with_ci.csv,fe205d5c2e178363cbbbabfacbb7b1f4bf8b625a51502f3a7265d68901e94f7c
analysis_data\robustness_H3b_fractional_glm\h3b_robust_omnibus.csv,results\robustness\h3b_fractional_glm\h3b_robust_omnibus.csv,427c05e87265c44f83e1d406daca1fed803985d48fbc299e4e6edc4bcb3a9d89
analysis_data\robustness_H3b_fractional_glm\h3b_robust_predicted_probs.csv,results\robustness\h3b_fractional_glm\h3b_robust_predicted_probs.csv,936550d2877c887974f6aff5a40d3c731b048dcbb6cbba0e9435dd7aaa0b195e
analysis_data\robustness_H3b_fractional_glm\h3b_robust_predicted_probs_with_ci.csv,results\robustness\h3b_fractional_glm\h3b_robust_predicted_probs_with_ci.csv,cbfda52b1b446186651ed08383ef6cd815d06d785560246535a676375cbc9008
analysis_data\robustness_H3b_fractional_glm\h3b_robust_simple_interface_effects.csv,results\robustness\h3b_fractional_glm\h3b_robust_simple_interface_effects.csv,8c866b7ea498cfa6d5e1747d98baf79224baaa45baaf2eccae72968be733716e
analysis_data\robustness_H3b_fractional_glm\h3b_robust_simple_interface_effects_with_ci.csv,results\robustness\h3b_fractional_glm\h3b_robust_simple_interface_effects_with_ci.csv,96813af041be026ec0e871e7b601755efcdc002bb7d60d73e9b7dccd2f0588bd
analysis_data\H3b_accuracy_fractional_logit_dl_verbose\results\bootstrap_draws.csv,results\robustness\h3b_five_level_literacy\bootstrap_draws.csv,b421d02fc7fc44fc4fc547451d8be3ce5bba8ab5fde93bb0f746651111361bb4
analysis_data\H3b_accuracy_fractional_logit_dl_verbose\results\coef_table_additive.csv,results\robustness\h3b_five_level_literacy\coef_table_additive.csv,bb73e9553f768aa249b2473eaef150bb81e02d3f96b58b0761936843ec752014
analysis_data\H3b_accuracy_fractional_logit_dl_verbose\results\coef_table_full.csv,results\robustness\h3b_five_level_literacy\coef_table_full.csv,01a0d3272328ed9bcc1e34e79c5066f2694a98a123bff9c1535695a85ba5e377
analysis_data\H3b_accuracy_fractional_logit_dl_verbose\results\descriptives_by_interface_dl.csv,results\robustness\h3b_five_level_literacy\descriptives_by_interface_dl.csv,92fbbdd48967a5a9ee2140644099a1598dfe3b2ca991ed7f5cb8ad55b0147551
analysis_data\H3b_accuracy_fractional_logit_dl_verbose\results\dl_group_mapping.csv,results\robustness\h3b_five_level_literacy\dl_group_mapping.csv,437abe51386c77a2823ad9e4c88efad5d157832cb4ca3410bd6176f785fc8d72
analysis_data\H3b_accuracy_fractional_logit_dl_verbose\results\effect_sizes_summary.csv,results\robustness\h3b_five_level_literacy\effect_sizes_summary.csv,b39b584aac99ed9d3e01ded08761d1e7b5ea0ed3f63579f664b1cc7c4bd22d5f
analysis_data\H3b_accuracy_fractional_logit_dl_verbose\results\low_high_dl_within_interface.csv,results\robustness\h3b_five_level_literacy\low_high_dl_within_interface.csv,df82e85331089809957ffe3c4d32ece0de8e63e425d5880b3dd3ca90534864cf
analysis_data\H3b_accuracy_fractional_logit_dl_verbose\results\model_fit.csv,results\robustness\h3b_five_level_literacy\model_fit.csv,553665691185e6cfed3582d9aa17ff02861fe10f22d8a212fc0fdb9be5289da8
analysis_data\H3b_accuracy_fractional_logit_dl_verbose\results\omnibus_tests.csv,results\robustness\h3b_five_level_literacy\omnibus_tests.csv,5fd7e9a8c6f986254d0432414943296f9e33dd7adf005d34c0099707ab077052
analysis_data\H3b_accuracy_fractional_logit_dl_verbose\results\predicted_accuracy_interface_dl.csv,results\robustness\h3b_five_level_literacy\predicted_accuracy_interface_dl.csv,65c2a388dbffb683c166282d0829a0bc7249adf4d848e18d4be7175fdf4b5b9d
analysis_data\H3b_accuracy_fractional_logit_dl_verbose\results\primary_did_high_low_dl.csv,results\robustness\h3b_five_level_literacy\primary_did_high_low_dl.csv,abb6e2ad99ca814eae86b40b3de67d531250e3fc280a84f6e0d4afcc6c645747
analysis_data\H3b_accuracy_fractional_logit_dl_verbose\results\simple_interface_effects_by_dl.csv,results\robustness\h3b_five_level_literacy\simple_interface_effects_by_dl.csv,30535db40debfc9a64272a481f9244b92334bce6da2eb15680b67389fff8abc2
analysis_data\robustness_H3c_lognormal\h3c_robust_bootstrap_draws.csv,results\robustness\h3c_lognormal\h3c_robust_bootstrap_draws.csv,5ac985ea91860adeb323b4095ca8141231aac95b596cbb8836a7f10a22e8c210
analysis_data\robustness_H3c_lognormal\h3c_robust_coef_table.csv,results\robustness\h3c_lognormal\h3c_robust_coef_table.csv,c8b642128a90a196210e212f8b02e43ec7af1140f030c676fa7bc7d72dc99ca6
analysis_data\robustness_H3c_lognormal\h3c_robust_did.csv,results\robustness\h3c_lognormal\h3c_robust_did.csv,a6bdcf0bf4f424a98f17713029de162b4dc7e32e8d3ecaaf54d907660efc1c53
analysis_data\robustness_H3c_lognormal\h3c_robust_did_with_ci.csv,results\robustness\h3c_lognormal\h3c_robust_did_with_ci.csv,857b752de0801be2170aa2a4ab56cfdb89a4bc9bbaa2c850b4980a7868a99aa2
analysis_data\robustness_H3c_lognormal\h3c_robust_high_low_dl_within_interface.csv,results\robustness\h3c_lognormal\h3c_robust_high_low_dl_within_interface.csv,c4339e9f87383b83ea1b4878f95889af1c1ec481471e73c5bd23a18e986d7eae
analysis_data\robustness_H3c_lognormal\h3c_robust_high_low_dl_within_interface_with_ci.csv,results\robustness\h3c_lognormal\h3c_robust_high_low_dl_within_interface_with_ci.csv,5036be1f1990cf7ff456712cf0c56aa3e93344fa172226153a87789baefab3c0
analysis_data\robustness_H3c_lognormal\h3c_robust_omnibus.csv,results\robustness\h3c_lognormal\h3c_robust_omnibus.csv,bcf0d712d3fd804fbc93affdb3676904d0d85c3a60c4ba358937b5136cb805b2
analysis_data\robustness_H3c_lognormal\h3c_robust_predicted_geometric_means.csv,results\robustness\h3c_lognormal\h3c_robust_predicted_geometric_means.csv,93dbc5fd67bc585674cc5f3cdbe204875a345ca1edd52700564c9c8c81b0f8bd
analysis_data\robustness_H3c_lognormal\h3c_robust_predicted_geometric_means_with_ci.csv,results\robustness\h3c_lognormal\h3c_robust_predicted_geometric_means_with_ci.csv,1e85cb1bcf94239312aacd0a1b707c188777978c7f1d49f7fc07a06ca63e5ebd
analysis_data\robustness_H3c_lognormal\h3c_robust_simple_interface_effects.csv,results\robustness\h3c_lognormal\h3c_robust_simple_interface_effects.csv,4175f8a3085f783db30cfd4ea8ab55d775390bb39b7431567b4dffcbe45fe098
analysis_data\robustness_H3c_lognormal\h3c_robust_simple_interface_effects_with_ci.csv,results\robustness\h3c_lognormal\h3c_robust_simple_interface_effects_with_ci.csv,c0376e0c8e605181b4baa7afc0331f773d1920e22fb9c8e45aeb44eab412729d
