IFDIFF__low,IFH__low,CELL__chatbot__low,CELL__dashboard__low,IFDIFF__medium,IFH__medium,CELL__chatbot__medium,CELL__dashboard__medium,IFDIFF__high,IFH__high,CELL__chatbot__high,CELL__dashboard__high,DLGRAD__chatbot,DLH__chatbot,DLGRAD__dashboard,DLH__dashboard,DID__HIGH_LOW
-0.03407617460758816,-0.07699796736739817,0.7493402947624023,0.7152641201548141,-0.006828237110652724,-0.015148935746672088,0.7198085140954732,0.7129802769848205,-0.08336724480458468,-0.190771028575063,0.7823476752155417,0.698980430410957,0.033007380453139445,0.07798814823176592,-0.016283689743857077,-0.03578491297589892,-0.04929107019699652
-0.05514436620037699,-0.12773110322572467,0.7787775682655566,0.7236332020651796,0.04302535930552709,0.09548880540446425,0.69462743289017,0.7376527921956971,-0.010794559617578803,-0.0254234371734392,0.7694079010000718,0.758613341382493,-0.009369667265484716,-0.022406982226313765,0.034980139317313474,0.07990068382597171,0.04434980658279819
-0.08706777789148545,-0.21170435724716263,0.8251858333101361,0.7381180554186506,0.007391041259387721,0.016524951078207284,0.719789533759246,0.7271805750186338,-0.011535925312793571,-0.02758877489193745,0.7798754524913295,0.7683395271785359,-0.04531038081880656,-0.11398844642815709,0.03022147175988532,0.0701271359270681,0.07553185257869188
-0.09556834183272578,-0.2187211520970178,0.7878352322536877,0.6922668904209619,-0.002594310513481579,-0.005832139994568664,0.7296068480875372,0.7270125375740556,-0.059935395435476435,-0.14089348502553367,0.7914993434254739,0.7315639479899975,0.003664111171786222,0.0089907689457851,0.039297057569035565,0.08681843601726924,0.03563294639724934
-0.11749787939232459,-0.27812595232618076,0.8214619041698227,0.7039640247774981,0.0432090778229397,0.09434526826292067,0.6783990683847642,0.7216081462077039,-0.049821919013932736,-0.11664369277509135,0.7839956439709246,0.7341737249569918,-0.037466260198898094,-0.09424633173354025,0.03020970017949376,0.06723592781754917,0.06767596037839185
-0.06831035869653068,-0.15779231759781398,0.7827724969379314,0.7144621382414007,-0.024391089627390006,-0.054914852578950235,0.7416096953429272,0.7172186057155372,-0.023559459778526914,-0.05404777612357581,0.7565257451119567,0.7329662853334298,-0.02624675182597469,-0.06235786745376659,0.018504147092029077,0.04138667402047158,0.04475089891800377
-0.07441873676600519,-0.18452263601316954,0.830715807011933,0.7562970702459278,-0.0018930617208762213,-0.004484093890885443,0.7688450363121866,0.7669519745913104,-0.0318346387639965,-0.07773945965889917,0.8024441611802734,0.7706095224162769,-0.028271645831659642,-0.07310034677000443,0.014312452170349044,0.03368282958426594,0.042584098002008686
-0.10547286806336997,-0.24941809521505043,0.8157180140366156,0.7102451459732456,-0.022703072779760025,-0.051718228028107216,0.7505557006164157,0.7278526278366557,-0.07485891870064831,-0.1829070234209076,0.8226375171952137,0.7477785984945654,0.006919503158598128,0.01797950944437332,0.03753345252131979,0.08449058123851616,0.03061394936272166
-0.15726687844301313,-0.37447633352280696,0.8414538953831996,0.6841870169401865,-0.024667594541810445,-0.05509822035186662,0.7347623383272095,0.710094743785399,-0.03171671430413914,-0.07403312405360918,0.773322882848695,0.7416061685445559,-0.0681310125345046,-0.17338252068758697,0.05741915160436939,0.1270606887816108,0.125550164138874
-0.2623983295244794,-0.5993597053281707,0.8500968304761306,0.5876985009516512,-0.010458644749809398,-0.023469935346805748,0.7319619342085415,0.7215032894587321,-0.037708584408455925,-0.08744898132652557,0.7714806863498189,0.733772101941363,-0.07861614412631168,-0.2017091457464235,0.14607360098971178,0.31020157825522165,0.22468974511602346
-0.2196618913047107,-0.4706665717346836,0.7729038466259488,0.5532419553212381,0.023516147661536424,0.05356952594595388,0.727420054059646,0.7509362017211825,-0.008325049958008979,-0.019574551605962665,0.7670461708498676,0.7587211208918586,-0.005857675776081206,-0.01391897765765382,0.20547916557062051,0.43717304247106714,0.21133684134670172
-0.14251764330971106,-0.35237647825935525,0.85781875550273,0.715301112193019,-0.031900252378102234,-0.06959803230482464,0.7154051739247888,0.6835049215466865,0.0017422088806118285,0.004070893420915045,0.7576700746209235,0.7594122835015353,-0.1001486808818065,-0.2561318873451177,0.044111171308516384,0.10031548433515258,0.1442598521903229
-0.21415383128938126,-0.5044415598427738,0.8556606771647495,0.6415068458753682,0.003962310789657919,0.008871343480544525,0.7227609298358638,0.7267232406255217,-0.07108386103876085,-0.16224010219769913,0.7747772154261429,0.703693354387382,-0.08088346173860661,-0.20954555396720176,0.062186508512013794,0.13265590367787294,0.1430699702506204
-0.14253708742939575,-0.3281704064469888,0.8122169441783894,0.6696798567489937,0.023666699846198402,0.05347821060149327,0.7206865459497246,0.744353245795923,-0.10166843507967849,-0.22999562740994972,0.7811058723180798,0.6794374372384013,-0.03111107186030959,-0.07734872293092598,0.009757580489407669,0.0208260561061131,0.04086865234971726
-0.13437667349595095,-0.3160261173840673,0.824113041857494,0.6897363683615431,0.020531920826491246,0.04649246927972328,0.7240597631179853,0.7445916839444765,-0.09092457703050638,-0.21686385665583918,0.8150189477068231,0.7240943706763168,-0.009094094150670862,-0.02365044847182185,0.034358002314773706,0.07551181225640624,0.04345209646544457
-0.17115474995175772,-0.40242580175878495,0.838539988420724,0.6673852384689662,0.008959111557876098,0.020193892277705405,0.7260818446235076,0.7350409561813837,0.03250088982749966,0.07595248448515912,0.7420284384608548,0.7745293282883544,-0.09651154995986921,-0.2385024077317044,0.10714408981938817,0.23987587851223968,0.20365563977925738
-0.0931716414642555,-0.2136424656524465,0.7882700663916714,0.6950984249274159,0.0010197720141039701,0.002314123813857538,0.7357253694596821,0.7367451414737861,-0.023455577950649675,-0.05365767368496632,0.7542683089572028,0.7308127310065531,-0.03400175743446865,-0.08100346138638193,0.03571430607913717,0.07898133058109824,0.06971606351360582
-0.24741086176642035,-0.5755563173210025,0.858640895289303,0.6112300335228826,0.014102024482502862,0.0324183212851783,0.7394058735961557,0.7535078980786586,-0.0808515175141562,-0.18639981452862076,0.7869646525496866,0.7061131350355304,-0.07167624273961637,-0.18859728440635015,0.09488310151264778,0.20055921838603163,0.16655934425226415
-0.20096127724883428,-0.4756655871269313,0.8541003514911224,0.6531390742422881,-0.03877610012941746,-0.0861620542112771,0.7367671454515278,0.6979910453221103,-0.047472477312171746,-0.10761442870658655,0.7583687501511277,0.710896272838956,-0.0957316013399947,-0.2439105434181461,0.057757198596667836,0.12414061500219864,0.15348879993666253
-0.0394730429933946,-0.0988114284598316,0.819847838129076,0.7803747951356814,0.06420526353372746,0.1413013036881372,0.6752008245736741,0.7394060881074016,-0.05811548694958768,-0.1381898266539383,0.7983349067101478,0.7402194197605602,-0.021512931418928183,-0.054757427841034545,-0.04015537537512126,-0.09413582603514126,-0.018642443956193078
-0.1500923041555675,-0.3629190910519686,0.8481037235989705,0.698011419443403,-0.0007502209763690093,-0.0017341787272973086,0.7510732016678054,0.7503229806914364,-0.053811718885997895,-0.12540077112340198,0.7825593062071688,0.728747587321171,-0.06554441739180161,-0.16952356901844512,0.030736167877768006,0.06799475091012153,0.09628058526956962
-0.16319326206681206,-0.3635790587515424,0.793219830735548,0.630026568668736,0.038661849012485705,0.09002624325745456,0.7362367076699577,0.7748985566824435,-0.007651952914436988,-0.017924627141022942,0.7641131684805452,0.7564612155661082,-0.029106662255002802,-0.07014595239859878,0.12643464689737227,0.2755084792119207,0.15554130915237507
-0.06112448634301504,-0.14543069172625955,0.8001005924571776,0.7389761061141625,-0.03249193624140212,-0.07376168365368896,0.7524594425659209,0.7199675063245188,-0.08226509860120901,-0.19210117496976498,0.7969438385235569,0.7146787399223479,-0.003156753933620693,-0.007870215584273588,-0.024297366191814662,-0.05454069882777901,-0.02114061225819397
-0.13844592991696758,-0.3213770148919939,0.8166226577872848,0.6781767278703172,-0.003263014158590649,-0.007579379312742329,0.7559100063369072,0.7526469921783165,0.00840992684002917,0.02005048712970714,0.7679325363557192,0.7763424631957484,-0.04869012143156559,-0.12020722066604383,0.09816573532543116,0.2212202813556572,0.14685585675699675
-0.07351963418154062,-0.17182753359698388,0.7936406342412561,0.7201210000597155,-0.018890793714587573,-0.04393082604817744,0.7644519290829026,0.745561135368315,-0.07246802974956357,-0.16756073876558553,0.7853885655251864,0.7129205357756229,-0.00825206871606965,-0.020243723751154796,-0.0072004642840926,-0.01597692891975644,0.001051604431977049
-0.1455473581551916,-0.35130436065336346,0.8452368694047366,0.699689511249545,0.018602917203032532,0.04213508248850584,0.725259087389049,0.7438620045920815,0.02502303449532417,0.06156077459189824,0.778425027664037,0.8034480621593612,-0.06681184174069965,-0.1715551201060994,0.10375855090981612,0.24131001513916228,0.17057039265051577
-0.06496400667819024,-0.15226955862753,0.7917820568869278,0.7268180502087376,0.07552860633093272,0.16879453139013556,0.6834915751195467,0.7590201814504794,-0.032685957567647805,-0.08132069423619459,0.8133446521626088,0.780658694594961,0.02156259527568094,0.05418670878633591,0.05384064438622338,0.12513557317767132,0.03227804911054244
-0.15752640705579324,-0.3659887175063552,0.8249085629780039,0.6673821559222106,0.005987325466896731,0.013642667629693683,0.7365674546476232,0.7425547801145199,-0.04437637584882259,-0.10449131720649163,0.785408783233411,0.7410324073845884,-0.039499779744592844,-0.09984258135447499,0.0736502514623778,0.16165481894538858,0.11315003120697065
-0.12200212044821568,-0.27952583210894977,0.8000115105964672,0.6780093901482516,0.015838966733564552,0.03655363644817289,0.7414855581353185,0.757324524868883,-0.025968697722366096,-0.06152277228059155,0.7807685311065382,0.7547998333841721,-0.019242979489929035,-0.04728766823671471,0.07679044323592055,0.1707153915916435,0.09603342272584958
-0.0444847798244401,-0.11173267796456265,0.8239676659376505,0.7794828861132104,-0.009869192160278817,-0.021964224614770878,0.7242251404237904,0.7143559482635116,-0.019040832360060045,-0.0439797004337259,0.7595151648320613,0.7404743324720012,-0.0644525011055892,-0.15915456105323544,-0.03900855364120914,-0.09140158352239869,0.025443947464380057
-0.15118362800613006,-0.34414205944488563,0.8068472777621122,0.6556636497559821,-0.04381619221810085,-0.09799343749305822,0.7450480656322992,0.7012318734141983,-0.019528574908087015,-0.04819414730456062,0.8025546995966951,0.7830261246886081,-0.00429257816541706,-0.010828213357347405,0.12736247493262598,0.2851196987829776,0.13165505309804304
-0.12460514298890402,-0.2973544844685718,0.8296918002571327,0.7050866572682287,0.03274951328321252,0.07509089577499006,0.7277885061817365,0.760538019464949,-0.026558038000594864,-0.06160750283325056,0.7663532701607968,0.7397952321602019,-0.06333853009633594,-0.15820313048791723,0.03470857489197321,0.07754385114740403,0.09804710498830915
-0.10899224220133896,-0.2508915561443439,0.7980996758127428,0.6891074336114038,-0.01732589655950323,-0.03859177102075373,0.7286584963508328,0.7113325997913296,-0.015875864856096267,-0.0372677715652463,0.769632250149058,0.7537563852929617,-0.028467425663684764,-0.06919522302201075,0.06464895168155793,0.14442856155708683,0.0931163773452427
-0.08070250090243636,-0.19141775312291376,0.806906017797709,0.7262035168952726,0.027279468356720904,0.06249262068081585,0.729932952533588,0.7572124208903089,-0.10258768632918591,-0.23588639132196088,0.7945004793973902,0.6919127930682043,-0.012405538400318772,-0.031058240380239965,-0.034290723827068326,-0.07552687857928708,-0.021885185426749554
-0.15734733520494182,-0.36098505049834984,0.8154484940165535,0.6581011588116117,0.033385168329996384,0.07535152722507776,0.7146725093600728,0.7480576776900691,-0.02715409204888608,-0.06558917836335976,0.7936769009425779,0.7665228088936918,-0.02177159307397558,-0.05492344811402461,0.10842165008208016,0.24047242402096547,0.13019324315605574
-0.13457147623948285,-0.313552103675512,0.8177205207499717,0.6831490445104889,0.01608061965070906,0.03613364582632572,0.7197934975850933,0.7358741172358023,-0.1104201921839687,-0.24197928999535367,0.7556062384262882,0.6451860462423195,-0.062114282323683545,-0.15198462142312685,-0.0379629982681694,-0.08041180774296852,0.024151284055514144
-0.002718091575981574,-0.006007630801969199,0.714190336220602,0.7114722446446204,0.0049009410087763605,0.011391710077513828,0.7523174278103181,0.7572183688190944,-0.06865014871807174,-0.16045016163310422,0.7914544728141056,0.7228043240960339,0.07726413659350362,0.17960426197036616,0.011332079451413457,0.025161731139231147,-0.06593205714209016
-0.10261262982530917,-0.23840329136722227,0.8022223457859774,0.6996097159606682,-0.01361291829140665,-0.03137645851305004,0.7552754732075129,0.7416625549161062,-0.014533888321896282,-0.03514198120255285,0.7881810312898299,0.7736471429679336,-0.014041314496147539,-0.03479870110851557,0.07403742700726534,0.16846260905615384,0.08807874150341288
-0.12938924812677743,-0.29427958946678023,0.7972691863449008,0.6678799382181234,-0.0027626016938155917,-0.006418021657851547,0.7557752622944093,0.7530126606005937,-0.0842673420504606,-0.20196202721930456,0.8151712451677323,0.7309039031172717,0.017902058822831468,0.04530289434566814,0.0630239648991483,0.13762045659314381,0.04512190607631683
-0.14456079069504102,-0.3475290502153736,0.8424110709878977,0.6978502802928567,-0.009464200841942882,-0.021226980688269226,0.731002250976446,0.7215380501345031,-0.06428987056759428,-0.14195381250828532,0.7426662935025481,0.6783764229349538,-0.0997447774853496,-0.2476160800895153,-0.019473857357902857,-0.042040842382427,0.08027092012744674
-0.16733324298626018,-0.4013980123733276,0.8499870755795511,0.6826538325932909,-0.0872273010687602,-0.19597077604116664,0.7689068812574029,0.6816795801886427,-0.08027527667274548,-0.1921434118216241,0.8125813556253199,0.7323060789525744,-0.037405719954231254,-0.1000213140845676,0.04965224635928345,0.10923328646713593,0.0870579663135147
-0.14027930332516236,-0.31393788086989916,0.7880805139772379,0.6478012106520755,0.018786994103082044,0.042466997871553946,0.7234944973351051,0.7422814914381871,-0.020915365312484058,-0.050872861060085484,0.7948574240928794,0.7739420587803953,0.006776910115641521,0.016681774507982805,0.12614084812831983,0.2797467943177965,0.1193639380126783
-0.17749986461456413,-0.40049713914434015,0.8099128761448442,0.6324130115302801,-0.0064550992823303455,-0.01444418230761757,0.7274476504331331,0.7209925511508027,-0.056931421560912354,-0.13214328883019943,0.7811213203865276,0.7241898988256152,-0.0287915557583166,-0.07142546129709793,0.09177688729533517,0.1969283890170428,0.12056844305365177
-0.12760970459232035,-0.3035002906498039,0.8287732665507342,0.7011635619584139,-0.00791233946699288,-0.017766921826541715,0.7312490701587531,0.7233367306917602,0.005975649051123022,0.014159828983487444,0.7651491298568196,0.7711247789079426,-0.06362413669391465,-0.15860532187198073,0.06996121694952873,0.1590547977613106,0.13358535364344337
-0.1346718622270201,-0.3039164385494466,0.7930142166512022,0.6583423544241821,-0.0442816252594459,-0.09839511968714065,0.7393668797760244,0.6950852545165785,-0.015030475258638543,-0.03546403175390722,0.7727190237285996,0.757688548469961,-0.020295192922602623,-0.04923703036014393,0.09934619404577893,0.21921537643539546,0.11964138696838156
-0.17746401760440322,-0.4068130694384,0.8226739990363328,0.6452099814319295,-0.05140885085160174,-0.11602967127927433,0.7565550100123022,0.7051461591607004,-0.08304694202343565,-0.19176902990483846,0.7891492399678067,0.7061022979443711,-0.03352475906852603,-0.08483725443779377,0.060892316512441536,0.13020678509576777,0.09441707558096757
-0.1240350795581685,-0.2815527603050396,0.7934526628692691,0.6694175833111006,-0.00302048725745907,-0.006806455583768578,0.7318764246269581,0.728855937369499,-0.05458973557588287,-0.12930551298719495,0.7941656526491923,0.7395759170733094,0.0007129897799231788,0.0017623441087182279,0.07015833376220881,0.1540095914265629,0.06944534398228563
-0.11628055731456488,-0.2649517189250019,0.7932506031572265,0.6769700458426616,0.011929931332448351,0.027104421669337686,0.731202440776445,0.7431323721088934,-0.06714774558377135,-0.15985796919588946,0.8032372707160265,0.7360895251322551,0.009986667558799955,0.024886811702959033,0.05911947928959349,0.12998056143207148,0.049132811730793535
-0.1599724729330595,-0.3557554979741919,0.7902758844167054,0.6303034114836459,0.026114906562518247,0.058599651443855816,0.7134278693764632,0.7395427759389814,-0.014637240051390221,-0.03553187485410181,0.7906147383706992,0.775977498319309,0.0003388539539938007,0.0008325838537519559,0.14567408683566307,0.3210562069738421,0.14533523288166927
-0.07344694501636706,-0.15957671340169677,0.7302954263101887,0.6568484812938217,-0.0320839335131301,-0.07257678784686705,0.7493178745946268,0.7172339410814967,-0.01697412964259004,-0.03890369284604889,0.7525888629927011,0.7356147333501111,0.02229343668251238,0.050927140338385524,0.0787662520562894,0.1716001608940334,0.05647281537377702
-0.14104493533858553,-0.3295567059672855,0.8223352244643103,0.6812902891257248,0.0034563511160813354,0.007852236499182652,0.7354318994459371,0.7388882505620185,-0.009298391782683657,-0.02158677613798421,0.7585078090299967,0.749209417247313,-0.06382741543431358,-0.1572313758192485,0.06791912812158829,0.15073855401005276,0.13174654355590187
-0.11302628499135836,-0.2622390289313066,0.8056854246283706,0.6926591396370122,-0.004324410290890035,-0.009969572713692365,0.7508556581550418,0.7465312478641518,-0.05546568388698814,-0.1313894303622467,0.794616409673326,0.7391507257863379,-0.011069014955044532,-0.0276827512487956,0.04649158614932569,0.10316684732026427,0.057560601104370224
-0.17074477658758958,-0.4212981937124911,0.8676013976826008,0.6968566210950112,0.019411140480737665,0.041925730173835385,0.6789591838659267,0.6983703243466644,0.013456442014704195,0.03214583756624689,0.7666480329138546,0.7801044749285588,-0.10095336476874617,-0.26347361929960833,0.0832478538335476,0.18997041197912967,0.18420121860229377
-0.17177248482531426,-0.3947821862897345,0.8224561308156673,0.650683645990353,-0.03341842320805011,-0.0751527515859185,0.744961086158239,0.7115426629501889,0.014009339242408991,0.03561928448453511,0.8016415135140431,0.8156508527564521,-0.02081461730162415,-0.053297236348639476,0.1649672067660991,0.3771042344256301,0.18578182406772326
-0.1517594676316798,-0.35543117968846794,0.8282832744234584,0.6765238067917786,-0.002592483514472166,-0.0058351977759874,0.7306670048308412,0.7280745213163691,-0.08477933844118624,-0.20601603664500923,0.8238255712710838,0.7390462328298976,-0.0044577031523745925,-0.011760023143625009,0.06252242603811897,0.1376551198998337,0.06698012919049356
-0.11309545306789692,-0.26805895348413444,0.8204791941609694,0.7073837410930724,0.009238210376665279,0.021106298626074604,0.7370537695804816,0.7462919799571469,-0.07256197964183109,-0.17345210876816175,0.8082970981409323,0.7357351184991012,-0.012182096020037059,-0.031336903396407934,0.028351377406028777,0.06326994131956476,0.040533473426065836
-0.15177931076294293,-0.3368669405852156,0.7851673341626391,0.6333880233996961,0.0192182306086065,0.04296446121495201,0.7136937759830774,0.7329120065916839,-0.09074149360851291,-0.20697318385194596,0.7830462156518107,0.6923047220432977,-0.0021211185108284125,-0.005155359943081805,0.058916698643601606,0.12473839679018783,0.06103781715443002
-0.06105859860779772,-0.1517171601473022,0.8258578939435925,0.7647992953357948,-0.03165066156632068,-0.07100861286505644,0.7420482158079447,0.710397554241624,0.00522245407364863,0.012404322096786657,0.7670886300936103,0.7723110841672589,-0.05876926384998227,-0.1463102141185293,0.0075117888314640835,0.017811268125559554,0.06628105268144635
-0.1160576581076933,-0.2865926891835313,0.8463894411189515,0.7303317830112582,0.013269907263091518,0.02935906435129243,0.7071019931730644,0.720371900436156,-0.02392460475659497,-0.05820359708978984,0.7964291543424993,0.7725045495859043,-0.049960286776452256,-0.13073179535395818,0.04217276657464608,0.0976572967397833,0.09213305335109834
-0.14702102826106256,-0.3542349335462791,0.8447548418645674,0.6977338136035048,-0.015243770293363545,-0.034605824493652904,0.7441088107297995,0.728865040436436,-0.02949288780053816,-0.06915234012974292,0.7754208861150826,0.7459279983145445,-0.06933395574948475,-0.17743937602274373,0.048194184711039645,0.10764321739379246,0.1175281404605244
-0.14876562314956077,-0.3354714726466066,0.7981237261288644,0.6493581029793036,0.047770197260824876,0.10747944172053248,0.7044024181232037,0.7521726153840286,-0.00151637517263703,-0.003740753711605649,0.7934657900509352,0.7919494148782982,-0.004657936077929192,-0.011554891259943467,0.14259131189899454,0.3201758276750575,0.14724924797692374
-0.10654212391001572,-0.24569280905130197,0.7984074801660404,0.6918653562560246,-0.004524544206175651,-0.01019080080150081,0.7322097701835545,0.7276852259773788,-0.059912747845401904,-0.13947834492736177,0.7846560473144176,0.7247432994690157,-0.013751432851622725,-0.03385685673627137,0.03287794321299109,0.07235760738766883,0.046629376064613814
-0.13160921572997453,-0.31019313658762715,0.8244537533640456,0.6928445376340711,0.05221265643585804,0.1166020969563164,0.6954655852691122,0.7476782417049702,-0.0640227120249568,-0.15647913971446403,0.817940682391952,0.7539179703669951,-0.0065130709720936375,-0.01699774029484491,0.06107343273292409,0.1367162565783182,0.06758650370501773
-0.08899847262401883,-0.20791228011526952,0.8002202037432821,0.7112217311192632,-0.006100832991079552,-0.014001401656368984,0.7482710891561878,0.7421702561651082,-0.023418989251390743,-0.053020105598920786,0.7458391889247468,0.722420199673356,-0.0543810148185353,-0.13003557665187726,0.011198468554092789,0.024856597864471475,0.06557948337262809
-0.12760839889396014,-0.3011681133715909,0.8237083846735743,0.6960999857796142,-0.00884999458222413,-0.02029619431401386,0.7490770393559618,0.7402270447737377,-0.024718809825027832,-0.0591053451925867,0.7861819829320528,0.7614631731070249,-0.03752640174152155,-0.09480422496233754,0.06536318732741075,0.14725854321666665,0.10288958906893231
-0.15766722543447242,-0.3751088004027199,0.8410638972668368,0.6833966718323644,0.018879132612285354,0.042636740228204406,0.7226866916732804,0.7415658242855657,-0.03125290328030683,-0.07793090942510661,0.8138805960728027,0.7826276927924959,-0.027183301194034115,-0.07199485227240077,0.09923102096013148,0.2251830387052125,0.1264143221541656
-0.08591481866756112,-0.20003308192201352,0.7964601205422955,0.7105453018747344,0.03031820789231332,0.0661560043025673,0.6844804203952226,0.7147986282875359,-0.007497547291679285,-0.01802594279634917,0.7812204225146347,0.7737228752229555,-0.015239698027660786,-0.037345600684572045,0.06317757334822105,0.1446615384410923,0.07841727137588184
-0.12769351305924337,-0.3076026094421711,0.836821506046428,0.7091279929871847,-0.06386564614747547,-0.14397303350449953,0.7613017180967845,0.697436071949309,-0.03625407475993636,-0.08536405872098962,0.7815547790500509,0.7453007042901145,-0.055266726996377136,-0.14098320075994586,0.03617271130292987,0.08125534996123562,0.09143943829930701
-0.1451423515343374,-0.34973737605063016,0.8440576801003123,0.6989153285659749,-0.008721527128167872,-0.019934274227308535,0.7463715218389475,0.7376499947107796,-0.09514276307674396,-0.2230337170113339,0.8053235882921657,0.7101808252154217,-0.03873409180814669,-0.10201091795251171,0.01126549664944676,0.024692741086784542,0.04999958845759345
-0.07889553457132359,-0.18454956863008753,0.7966537294036999,0.7177581948323764,-0.03994369481667903,-0.09027336803465191,0.7522925023667917,0.7123488075501127,-0.0373466022146528,-0.08831078424327599,0.784946038251956,0.7475994360373032,-0.01170769115174397,-0.028786906273220225,0.029841241204926816,0.06745187811359132,0.04154893235667079
-0.0967260603872574,-0.22547065103956432,0.8020472643117963,0.7053212039245389,-0.023582395514571752,-0.05322634033596163,0.7433394806887856,0.7197570851742139,-0.038294923184978624,-0.08875969204179723,0.7713527986863411,0.7330578755013625,-0.030694465625455192,-0.07497413917280893,0.02773667157682358,0.061736819824958156,0.05843113720227877
-0.23238220102219087,-0.5134591609307297,0.8111050935866824,0.5787228925644915,-0.0003835471886782793,-0.0008556025186430283,0.7216583381992752,0.7212747910105969,-0.03427665376603939,-0.07997430283705897,0.7742411401158306,0.7399644863497912,-0.03686395347085181,-0.09101475026920891,0.16124159378529968,0.34247010782446186,0.19810554725615148
-0.09305710655062871,-0.21978129099235977,0.8095124469338871,0.7164553403832584,-0.00785858635834702,-0.017526995593311945,0.7251871991008734,0.7173286127425264,-0.02787713682327897,-0.067992200856557,0.7998347930154693,0.7719576561921904,-0.009677653918417795,-0.024412353451708224,0.055502315808931946,0.12737673668409455,0.06517996972734974
-0.0769854831591732,-0.18422867809107446,0.8109775597302784,0.7339920765711052,-0.0380642563821082,-0.08636245501430295,0.7546482663164009,0.7165840099342927,0.015532721020642626,0.03698977151914962,0.7635681910286194,0.779100912049262,-0.047409368701659016,-0.11600982828704032,0.045108835478156806,0.10520862132318376,0.09251820417981582
-0.12725578041650454,-0.290452499129628,0.7992127310833572,0.6719569506668527,0.0098775990829153,0.02184124617204919,0.7082763785385587,0.718153977621474,-0.0778498715225231,-0.18212870074096044,0.796283040020121,0.7184331684975979,-0.0029296910632362616,-0.007293651520505318,0.04647621783074518,0.10103014686816225,0.04940590889398144
-0.13366130638108387,-0.31103819889853423,0.816445647132615,0.6827843407515312,-0.03497043987851711,-0.08084996956220492,0.7679027878232265,0.7329323479447094,-0.10707535413346236,-0.2585548886773208,0.8296698885841262,0.7225945344506638,0.013224241451511132,0.03465838668435417,0.039810193699132634,0.08714169690556761,0.026585952247621503
-0.10090315497984848,-0.2347586249846607,0.8024903957873301,0.7015872408074816,-0.006842295895435058,-0.014876510906456808,0.6995067704936822,0.6926644745982471,-0.03438758500626937,-0.07804762273339927,0.7531819357128143,0.718794350706545,-0.049308460074515725,-0.11877888065523479,0.017207109899063378,0.03793212159602666,0.0665155699735791
-0.18526250363263752,-0.42712228376656647,0.8299682601074505,0.644705756474813,0.0652188576116789,0.15325236225636285,0.7284227900042028,0.7936416476158817,-0.06606378718305672,-0.15326095108925308,0.7849326832510833,0.7188688960680266,-0.045035576856367165,-0.11439226089175492,0.07416313959321363,0.15946907178555847,0.1191987164495808
-0.07913527250919417,-0.18610520792498697,0.8004777302972267,0.7213424577880325,-0.01364353121147266,-0.03056065216203052,0.7319061920105069,0.7182626607990342,-0.040884756154903834,-0.09463310068157771,0.7715708324512006,0.7306860762962968,-0.02890689784602607,-0.07052169329648228,0.009343618508264262,0.020950413946926982,0.03825051635429033
-0.12410256240885131,-0.29547848649491204,0.8280204655483706,0.7039179031395193,0.013876732824931626,0.03143165115057256,0.7277053749978495,0.7415821078227811,0.017110430292932688,0.04142537415098957,0.773114170267329,0.7902246005602617,-0.05490629528104163,-0.1377061622719591,0.08630669742074237,0.19919769837394252,0.141212992701784
-0.11421722202489482,-0.2632454522380274,0.8012632935080333,0.6870460714831385,0.10100822363203421,0.22884654782957936,0.6810628330511754,0.7820710566832096,0.021613255971651868,0.05091201294393688,0.7531956096143293,0.7748088655859812,-0.04806768389370397,-0.11566851999226468,0.08776279410284271,0.19848894518969962,0.13583047799654668
-0.053960037486594725,-0.12370918069245107,0.7704401298474072,0.7164800923608124,0.034334335903362545,0.07850942243281844,0.724816291449494,0.7591506273528565,-0.036987286845847955,-0.0898974706833191,0.8021157674580263,0.7651284806121783,0.03167563761061909,0.07731777001811091,0.04864838825136586,0.11112948002724288,0.01697275064074677
-0.20853160848927876,-0.4963055774476106,0.8603517594144805,0.6518201509252017,0.028449551782809612,0.06742340788277268,0.7537416433386268,0.7821911951214364,-0.08316196839709167,-0.19317132071431642,0.7935506800523336,0.710388711655242,-0.06680107936214685,-0.17734315375030762,0.05856856073004024,0.12579110298298657,0.1253696400921871
-0.14260445618620077,-0.3356660055802816,0.8280401018816965,0.6854356456954958,-0.028734327103023594,-0.06573851432851052,0.7568767232655906,0.728142396162567,-0.02183430172470313,-0.0529309787921699,0.79330674208033,0.7714724403556269,-0.03473335980136649,-0.08874214408450332,0.08603679466013114,0.19399288270360837,0.12077015446149764
-0.13290937904422728,-0.31047686369284033,0.8188567859917029,0.6859474069474756,-0.06360006586838818,-0.14331018312985955,0.7607980896374867,0.6971980237690986,0.02053862342608903,0.05029333682295256,0.7780721068881872,0.7986107303142762,-0.040784679103515686,-0.10178716988630088,0.11266332336680063,0.258983030629492,0.1534480024703163
-0.15874775313961187,-0.35965258004797374,0.8060058055808387,0.6472580524412268,0.04458280318380148,0.1020946104342002,0.720586695752526,0.7651694989363275,-0.050648500235514704,-0.12024435509815845,0.7938467173472701,0.7431982171117554,-0.012159088233568593,-0.03039666291124865,0.09594016467052857,0.20901156203856663,0.10809925290409717
-0.1386738072879654,-0.31731937368817675,0.8059229133082605,0.6672491060202951,-0.011251272326763373,-0.025749353963414823,0.7486302296250653,0.7373789572983019,-0.050564875828284395,-0.11947611430979244,0.7906469724512869,0.7400820966230025,-0.015275940856973591,-0.038074093394917075,0.07283299060270743,0.15976916598346724,0.08810893145968102
-0.138262353237264,-0.30652686689606523,0.7786445328458801,0.6403821796086161,-0.05846596592570341,-0.13197181886520593,0.7599212087417649,0.7014552428160615,-0.06699668312483165,-0.158324776983938,0.7983001436128968,0.7313034604880652,0.019655610767016718,0.04814092974092077,0.09092128087944906,0.196343019653048,0.07126567011243234
-0.13034154629703698,-0.2943171648356182,0.7917202543097237,0.6613787080126867,0.0016824615976042123,0.003712395720482764,0.7103658445700978,0.712048306167702,-0.10208575097873618,-0.24069511886643413,0.8122815647227086,0.7101958137439724,0.020561310412984923,0.051613472935625904,0.048817105731285726,0.10523551890480998,0.028255795318300803
-0.11949048995680545,-0.2745537632911963,0.8011567895940759,0.6816662996372704,0.05063843035427662,0.11455434656929175,0.7074944842475036,0.7581329146017802,-0.05747222057580181,-0.13835997045066506,0.8058887826215207,0.7484165620457189,0.00473199302744487,0.011909566728041998,0.0667502624084485,0.14810335956857323,0.06201826938100363
-0.11103006700828244,-0.26182293676586266,0.8162055099934854,0.705175442985203,-0.01975835406388049,-0.04462953104914247,0.7421295388954969,0.7223711848316164,-0.06446430355394495,-0.14227546714226946,0.7423134727696775,0.6778491692157326,-0.07389203722380788,-0.17872510624860727,-0.02732627376947039,-0.059177636625014074,0.046565763454337494
-0.15673664585256297,-0.3620619918146002,0.8203900796097566,0.6636534337571937,-0.008969374952453646,-0.02029124724401621,0.7381417710748003,0.7291723961223466,0.000717576190640834,0.001670597792684525,0.7555741497078596,0.7562917258985005,-0.064815929901897,-0.1589937516051041,0.09263829214130681,0.20473883800218062,0.1574542220432038
-0.1331274673934224,-0.3220474702718823,0.8415875513352541,0.7084600839418317,0.05464068930189436,0.12438852927710675,0.7105234604278197,0.765164149729714,-0.025772444617513934,-0.060499980240325435,0.7744463491352069,0.748673904517693,-0.06714120220004716,-0.17106281303315463,0.040213820575861314,0.09048467699840224,0.10735502277590847
-0.19999441118128447,-0.4524635525339684,0.8206297300942775,0.6206353189129931,0.049541066606337614,0.1130015798630164,0.714829168198726,0.7643702348050636,-0.04560311525450378,-0.113362355489381,0.8189721986815016,0.7733690834269978,-0.0016575314127759144,-0.004312532287217508,0.15273376451400478,0.3347886647573699,0.1543912959267807
-0.09112909318150642,-0.21817484843536317,0.8175124097919172,0.7263833166104108,0.02085278483805797,0.04688893252764004,0.717943437123138,0.738796221961196,-0.07954282588755957,-0.18605464676513384,0.7969086198267901,0.7173657939392305,-0.02060378996512713,-0.05224579699165055,-0.009017522671180278,-0.02012559532142122,0.01158626729394685
-0.1114528539330184,-0.26608577895638463,0.8244704349599598,0.7130175810269413,-0.007966501466599163,-0.018135802730302686,0.7427980298057877,0.7348315283391885,-0.022151280574947085,-0.05198717929697283,0.7725315050065628,0.7503802244316157,-0.051938929953396995,-0.12972728472852513,0.03736264340467432,0.08437131493088668,0.08930157335807132
-0.16710136774009376,-0.3816977603374636,0.8158988675317826,0.6487974997916889,0.01299620290442427,0.03006809926841303,0.7448038284683519,0.7578000313727762,-0.11603833156481114,-0.26799881765844313,0.8035911778509602,0.6875528462861491,-0.012307689680822409,-0.03136067742058346,0.03875534649446022,0.08233826525843702,0.05106303617528263
-0.11027654116599273,-0.26456560481829206,0.8270466367345085,0.7167700955685158,-0.009343839661311693,-0.020666870472303867,0.7181625339557294,0.7088186942944177,-0.03429421650172648,-0.08230042518651226,0.7930778056726203,0.7587835891708938,-0.033968831061888194,-0.08667762660963918,0.04201349360237805,0.09558755302214061,0.07598232466426624
-0.19880866553356102,-0.4627364909764604,0.8419292719894108,0.6431206064558498,0.006283415543274717,0.014239788844006007,0.7319872080062862,0.738270623549561,-0.0327586721825317,-0.07525652007903938,0.7620307465516976,0.7292720743691659,-0.07989852543771325,-0.20142529340987458,0.08615146791331607,0.18605467748754645,0.16604999335102932
-0.17657462271226232,-0.40082292820305976,0.8145638201737216,0.6379891974614593,-0.005128860130219071,-0.011630930225856151,0.7382416502396244,0.7331127901094053,-0.0469932287550936,-0.1119239270237049,0.7942308740864442,0.7472376453313506,-0.020332946087277426,-0.05127542949547692,0.1092484478698913,0.23762357168387793,0.12958139395716872
-0.13926201320349962,-0.334015869922204,0.8388565151335642,0.6995945019300646,-0.04287855223052839,-0.09549745176858737,0.7408338057222794,0.697955253491751,0.003659759328588752,0.008694699245634041,0.768031503319317,0.7716912626479058,-0.07082501181424716,-0.1788815519129523,0.07209676071784121,0.16382901725488574,0.14292177253208838
-0.0831667248551271,-0.19628485243118732,0.8046919399147023,0.7215252150595752,0.026553568614000045,0.05965853117229347,0.7142924005484298,0.7408459691624298,-0.038278819327007496,-0.09061183360378244,0.7861014851928497,0.7478226658658422,-0.01859045472185261,-0.04609375982332953,0.026297450806266998,0.05957925900407535,0.04488790552811961
-0.1815283341664029,-0.4477656210592511,0.8714503881027102,0.6899220539363073,0.0037360087908497874,0.008335583883100295,0.7197504369307639,0.7234864457216137,-0.062066248374735844,-0.14182889226625317,0.7716177559370613,0.7095515075623254,-0.09983263216564897,-0.2631073375803821,0.01962945362601809,0.042829391212615864,0.11946208579166706
-0.08644710338799777,-0.20143778670828594,0.7972839578730332,0.7108368544850354,-0.0006283360215381117,-0.0014665750880955564,0.7580758596451449,0.7574475236236068,-0.03689252295560952,-0.08690838546963242,0.7821802700244012,0.7452877470687916,-0.01510368784863203,-0.03706971249685642,0.03445089258375622,0.0774596887417971,0.04955458043238825
-0.15512113555710494,-0.36082746054688575,0.8248065227488266,0.6696853871917217,0.010730097636826641,0.024328503747804486,0.7301274032466393,0.7408575008834659,-0.01786896179601072,-0.042172521310340105,0.7742852848950275,0.7564163230990167,-0.05052123785379914,-0.12642170722475,0.08673093590729508,0.19223323201179565,0.13725217376109422
-0.10920200510899802,-0.2635753584903098,0.8303074539194046,0.7211054488104066,0.04705928281659699,0.10525844623498237,0.69961557505764,0.746674857874237,-0.02929512380884125,-0.07300003636234287,0.8125839809485156,0.7832888571396743,-0.017723472970889054,-0.046290836480887165,0.06218340832926772,0.14428448564707974,0.07990688130015677
-0.12008590779473638,-0.30565134022874174,0.8637621770151784,0.743676269220442,0.03293024588177329,0.07572273299578347,0.7299137309779304,0.7628439768597037,-0.05064950303811555,-0.11855696145058214,0.7842377188799013,0.7335882158417858,-0.07952445813527709,-0.21005508372658177,-0.010088053378656259,-0.022960704948422173,0.06943640475662083
-0.19530364402758915,-0.46217230828791656,0.8518898464330853,0.6565862024054961,0.010907196455596124,0.024491942837043368,0.7218265651952652,0.7327337616508613,-0.06934188368160932,-0.15907407794923056,0.7779931138471131,0.7086512301655038,-0.07389673258597218,-0.19115493176370535,0.052065027760007654,0.11194329857498064,0.12596176034597983
-0.22250572112731737,-0.4767213328667097,0.7737932363112406,0.5512875151839233,0.04344087456612822,0.09750162023246367,0.704586516881733,0.7480273914478612,-0.028426276833699138,-0.06885272304071632,0.7959722594524177,0.7675459826187185,0.022179023141177034,0.05399223110903373,0.21625846743479527,0.4618608409350271,0.19407944429361823
-0.22087218254234486,-0.4925821999842681,0.8157669917742129,0.594894809231868,0.0416721630582263,0.09412412743634757,0.7109411341283237,0.75261329718655,-0.0655526010452605,-0.1586233453600161,0.8127103141200399,0.7471577130747794,-0.0030566776541729457,-0.007859581393502957,0.1522629038429114,0.32609927323074905,0.15531958149708436
-0.20500077848243303,-0.4680193607231713,0.8297974164592995,0.6247966379768665,0.004326959375922423,0.009781315319004946,0.730873044880205,0.7352000042561274,-0.05936692438045932,-0.13691021415390914,0.7774568516930727,0.7180899273126133,-0.05234056476622684,-0.13202034666691986,0.09329328933574688,0.1990887999023423,0.14563385410197371
-0.07932019412782088,-0.1878254587722359,0.8051882793074188,0.7258680851795979,0.0015542830735236768,0.003506222364396905,0.7305043792653035,0.7320586623388272,-0.05803988307200281,-0.13105218601845192,0.7599962634787971,0.7019563804067943,-0.045192015828621646,-0.10969368805157043,-0.023911704772803577,-0.05292041529778646,0.02128031105581807
-0.07713336018914041,-0.17826967918996983,0.7871619153351529,0.7100285551460125,0.0007315409353728652,0.0016509632572603294,0.7312865191924297,0.7320180601278026,-0.029192001250855082,-0.06673019197125729,0.7564426143848436,0.7272506131339885,-0.03071930095030928,-0.07323555440245322,0.017222057987976047,0.03830393281625932,0.04794135893828533
-0.11086811636972294,-0.2766463026947217,0.8498574267049167,0.7389893103351938,0.02745749776270079,0.060170119501399943,0.69038235911296,0.7178398568756608,-0.023428474522303233,-0.056876395284500614,0.794931446544668,0.7715029720223647,-0.054925980160248744,-0.14410925048904932,0.03251366168717096,0.07566065692117174,0.0874396418474197
-0.143019394348057,-0.3327509084150626,0.8201200402550604,0.6771006459070034,0.05339852120616151,0.11846267520131537,0.6887357694487259,0.7421342906548875,-0.1359471055636391,-0.3116600944399277,0.8062545373317543,0.6703074317681152,-0.013865502923306017,-0.035579875063210586,-0.006793214138888115,-0.014489061088075683,0.007072288784417902
-0.016048290411940114,-0.039139902592663756,0.7940795552335224,0.7780312648215822,0.022919489232156143,0.0530814873505161,0.7404888414571322,0.7634083306892884,-0.02891689473620529,-0.06980865087978838,0.7941863874607407,0.7652694927245354,0.00010683222721830088,0.0002642179227452246,-0.012761772097046875,-0.0304045303643794,-0.012868604324265176
-0.10400836179153494,-0.2344961098461349,0.7792746055652228,0.6752662437736878,-0.002448492463923313,-0.00537181153325017,0.7067529096023781,0.7043044171384548,-0.11067136777622211,-0.25477795575247564,0.7988799883431914,0.6882086205669693,0.01960538277796864,0.04806829436003568,0.012942376793281474,0.027786448453694934,-0.006663005984687165
-0.12739734441228978,-0.2991187879406061,0.820116582206829,0.6927192377945393,-0.03603068975876711,-0.08136692089195563,0.7497814119549623,0.7137507221961952,-0.03234730894648907,-0.07790055310623423,0.7943323546272588,0.7619850456807697,-0.025784227579570218,-0.0653957262090592,0.06926580788623049,0.15582250862531266,0.09505003546580071
-0.07505023034677216,-0.1823651366400192,0.819485089689373,0.7444348593426008,0.025429138627159675,0.057875603976522694,0.7257123544374479,0.7511414930646075,-0.0431098787805162,-0.10043940495189485,0.7773987556305793,0.734288876850063,-0.042086334058793695,-0.10503918825263892,-0.01014598249253773,-0.02311345656451458,0.031940351566255964
-0.16512333548577718,-0.36874650011603216,0.7961141766141845,0.6309908411284073,0.035138197536176086,0.07894891347432109,0.7098611702562521,0.7449993677924281,-0.024740319617280182,-0.05832980590521197,0.7769265549855118,0.7521862353682316,-0.019187621628672713,-0.04683665656094327,0.12119539423982428,0.2635800376498769,0.140383015868497
-0.13291395028232933,-0.3119051836415161,0.8220236307591733,0.689109680476844,0.007341344564387509,0.016675156363256782,0.7333227725994144,0.7406641171638019,-0.0577239058722977,-0.13502385217925106,0.7870352420062899,0.7293113361339922,-0.03498838875288335,-0.08830870974837612,0.04020165565714828,0.08857262171388891,0.07519004441003163
-0.08614290857850027,-0.20992239675830549,0.8260895924516238,0.7399466838731236,0.037221768717949244,0.08435482073262035,0.7160861579238239,0.7533079266417732,-0.040422219133566806,-0.09692095032939996,0.7954263160226106,0.7550040968890438,-0.03066327642901323,-0.0783402965484945,0.015057413015920229,0.034661149880411024,0.04572068944493346
-0.1758306476059155,-0.39696835009571374,0.8097750575832308,0.6339444099773153,0.004069527498825387,0.009247472825046898,0.7353184737514775,0.7393880012503029,-0.08218697292187693,-0.20173403912314924,0.828517962356036,0.7463309894341591,0.01874290477280527,0.0487106817938141,0.11238657945684383,0.2439449927663786,0.09364367468403856
-0.1583741067590061,-0.3447101481535051,0.7682061331758698,0.6098320264168637,0.01998808043405287,0.0450243455567958,0.7199140394848687,0.7399021199189215,-0.062322843798314875,-0.14344071410189496,0.7773037131711663,0.7149808693728514,0.009097579995296479,0.021710864785313255,0.1051488429559877,0.22298029883692339,0.09605126296069122
-0.1299223283783023,-0.3049287594571397,0.8208926279750046,0.6909702995967023,0.02745260781905745,0.061768976096919115,0.7150972879458827,0.7425498957649401,-0.014640979335690751,-0.03459820038125727,0.7735659193447759,0.7589249400090852,-0.0473267086302287,-0.11789007870991508,0.06795464041238286,0.15244048036596736,0.11528134904261156
-0.08336333464363654,-0.19699562280868266,0.8056203936972793,0.7222570590536428,0.034186456745304294,0.07851983096295356,0.7283622859803103,0.7625487427256146,-0.039341716594302745,-0.09444921617379665,0.7957082045838609,0.7563664879895582,-0.009912189113418401,-0.02481314875752716,0.0341094289359154,0.07773325787735885,0.0440216180493338
-0.13444848300419543,-0.32621139275559985,0.8438897577788651,0.7094412747746697,-0.011241499694744306,-0.02539533228459545,0.7380703443780198,0.7268288446832755,-0.05215364703349368,-0.11898067819063529,0.7657224294256968,0.7135687823922031,-0.07816732835316831,-0.19812042341432345,0.0041275076175334435,0.009110291150641103,0.08229483597070175
-0.11039390667611737,-0.25711546687705455,0.8073331758430902,0.6969392691669728,0.026481080661948764,0.06011399996990985,0.7230604720485538,0.7495415527105026,-0.07421145030162712,-0.16999301462817984,0.7790446268839215,0.7048331765822944,-0.028288548959168658,-0.06988160740497795,0.007893907415321588,0.017240844843896763,0.036182456374490246
-0.2056068602739325,-0.4701061366582897,0.8311898893812634,0.6255830291073309,-0.002701033951169829,-0.005873347652358474,0.6975892193366126,0.6948881853854427,-0.04012234518211011,-0.09404240756975657,0.7802406718076603,0.7401183266255502,-0.050949217573603045,-0.12902397775811814,0.11453529751821934,0.247039751330415,0.16548451509182238
-0.1499238032266308,-0.34941822366490904,0.8241260625454265,0.6742022593187957,-0.019493808278378988,-0.04550733194707712,0.7674991459247019,0.7480053376463229,-0.10223359272615251,-0.23340235986112878,0.7888006275488744,0.6865670348227219,-0.03532543499655216,-0.08949952238925851,0.012364775503926118,0.02651634141452175,0.04769021050047828
-0.09866275915744105,-0.23076706051569285,0.8052882464800765,0.7066254873226354,-0.026834244237580518,-0.060528995459146806,0.7443948291512441,0.7175605849136636,-0.023469347829729648,-0.055158274662939544,0.7741448958312258,0.7506755480014962,-0.031143350648850654,-0.07647045581670753,0.04405006067886075,0.09913833003604577,0.0751934113277114
-0.07312729150313113,-0.1730855450431128,0.8021256956724221,0.728998404169291,0.030117789691314956,0.06937340193126484,0.7326762231289042,0.7627940128202192,-0.08997346685125818,-0.21733232568957073,0.8225100425629048,0.7325365757116467,0.02038434689048274,0.05222356060733979,0.0035381715423556948,0.007976779960881863,-0.016846175348127046
-0.02264803007519789,-0.058201332769256986,0.8250910102604941,0.8024429801852963,-0.030208334409396742,-0.06753369922090524,0.738225380294048,0.7080170458846513,-0.027316168322448653,-0.06638422229320273,0.7974333711298113,0.7701172028073626,-0.027657639130682865,-0.07072412383936655,-0.03232577737793363,-0.0789070133633123,-0.004668138247250764
-0.0055719871829919,-0.013834036433574504,0.7990400964100586,0.7934681092270667,0.005853835972623012,0.013135714943682153,0.7237831992882309,0.7296370352608539,-0.038861367348908216,-0.08983589657755653,0.7696718327312614,0.7308104653823532,-0.02936826367879719,-0.07144600385610556,-0.0626576438447135,-0.14744786400008758,-0.033289380165916316
-0.17244457363080412,-0.4003091682643045,0.8301150492665975,0.6576704756357934,-0.02356871636594937,-0.05293868755962672,0.7391771411712086,0.7156084248052592,-0.021892792347873224,-0.05186092750624027,0.7787262490829712,0.7568334567350979,-0.05138880018362635,-0.12981096306226947,0.09916298109930455,0.21863727769579477,0.1505517812829309
-0.05337792532141705,-0.13261759778912863,0.8222812441980102,0.7689033188765931,-0.007689881829710199,-0.017929658895855738,0.7608306922943469,0.7531408104646367,-0.09775500570787587,-0.22303410022071035,0.7863453018303337,0.6885902961224578,-0.0359359423676765,-0.0906666540437775,-0.08031302275413532,-0.18108315647535922,-0.04437708038645882
-0.10056555728683614,-0.24104691912068255,0.8223317485781338,0.7217661912912977,-0.01058273928617981,-0.023567188984333853,0.7251597986426368,0.714577059356457,-0.08425605988983942,-0.19209881323051126,0.7798377189296251,0.6955816590397856,-0.04249402964850879,-0.10658891984349905,-0.02618453225151207,-0.05764081395332776,0.01630949739699672
-0.20771794854079406,-0.4859323141906775,0.8487137978344923,0.6409958492936982,0.0708006867934785,0.1620453930653054,0.7060520213233026,0.7768527081167811,0.026166034608138267,0.06570387474314066,0.7889894697609073,0.8151555043690456,-0.059724328073584965,-0.15555185978535846,0.17415965507534736,0.3960843291484597,0.23388398314893233
-0.08056019490796185,-0.19367253010560592,0.8154531265936404,0.7348929316856786,0.005745401256053828,0.012809774668012253,0.7180973837990894,0.7238427850551432,-0.051977568029051846,-0.11966401993319042,0.7727384502578855,0.7207608822288336,-0.042714676335754986,-0.10576270411201127,-0.014132049456844986,-0.031754193939595776,0.02858262687891
-0.010554246577861304,-0.02534286096346028,0.781937296874319,0.7713830502964577,-0.0003019651415113733,-0.0006800917062568246,0.7300601165552475,0.7297581514137361,0.01802614419084514,0.04335536599339651,0.7685955709378016,0.7866217151286468,-0.01334172593651739,-0.03196650639675713,0.015238664832189053,0.03673172056009966,0.028580390768706443
-0.07950227185558822,-0.19017535315401268,0.8118456356351219,0.7323433637795337,-0.030808105144870646,-0.06963609804647497,0.7480487193089865,0.7172406141641159,-0.022457722685747528,-0.05257692645212497,0.7709643211656989,0.7485065984799514,-0.040881314469423,-0.10072588226784651,0.016163234700417695,0.0368725444340412,0.0570445491698407
-0.06017160181943071,-0.14247234625544358,0.7964812825584225,0.7363096807389918,-0.08051637562483183,-0.1786543266938938,0.7546768942919856,0.6741605186671538,-0.017474885523998784,-0.04323086361928841,0.8029113995346813,0.7854365140106825,0.006430116976258726,0.016066615747119872,0.04912683327169065,0.11530809838327505,0.042696716295431925
-0.16203789169939753,-0.3757761800758266,0.8253498722008771,0.6633119805014795,-0.035249062120656816,-0.07775729543408261,0.7281687665865793,0.6929197044659224,-0.06745959814162006,-0.1581861633578292,0.7932134017085438,0.7257538035669238,-0.03213647049233326,-0.08186517800633641,0.06244182306544421,0.13572483871166097,0.09457829355777747
-0.059342479434563944,-0.14270746164116055,0.8060745948490547,0.7467321154144908,0.01282160699862589,0.029294193954961578,0.7352630975362827,0.7480847045349086,-0.021183580972257032,-0.05101619971918314,0.7889695517661629,0.7677859707939059,-0.017105043082891846,-0.04257461582009503,0.021053855379415065,0.04911664610188238,0.03815889846230691
-0.10452761438655755,-0.2429459541254415,0.8033255899100494,0.6987979755234919,0.042474706572698584,0.09336363672503656,0.6856134089613483,0.7280881155340468,0.022630652970755283,0.05495348868039596,0.7720666260602475,0.7946972790310027,-0.03125896384980198,-0.07648557021492364,0.09589930350751086,0.22141387259091383,0.12715826735731284
-0.15273497910784162,-0.3541313056486415,0.8215288224754446,0.668793843367603,-0.038157426085293045,-0.08703592651543302,0.7590080369763373,0.7208506108910443,0.006097823155381543,0.014533458896152318,0.7688938537472101,0.7749916769025916,-0.05263496872823448,-0.1306734114853021,0.10619783353498868,0.2379913530594917,0.15883280226322316
-0.15003716285332003,-0.34771901780193004,0.8201230134627139,0.6700858506093939,0.019147200619173632,0.044571409689231345,0.7461486060741248,0.7652958066932984,-0.0230985464216239,-0.054138232730905234,0.7720644480336186,0.7489659016119947,-0.04805856542909526,-0.11946799733823621,0.07888005100260087,0.1741127877327886,0.12693861643169613
-0.07710801885948726,-0.18771546255388794,0.821505612441125,0.7443975935816377,-0.014797760417443184,-0.033795324665569115,0.7487287844448269,0.7339310240273837,-0.05373647512275681,-0.12356332195514419,0.7726294777339072,0.7188930026111504,-0.048876134707217744,-0.121725644354854,-0.025504590970487295,-0.057573503756110256,0.02337154373673045
-0.20255630790919954,-0.46963642822366447,0.8405336068195599,0.6379772989103604,0.03610103351186755,0.0814661619749506,0.7130950277043238,0.7491960612161913,-0.030835410360667503,-0.0737175700551771,0.7890076128840428,0.7581722025233752,-0.051525993935517156,-0.1329248052941132,0.12019490361301488,0.26299405287437416,0.17172089754853204
-0.11871731840579047,-0.28487290959187206,0.830718085903764,0.7120007674979735,0.01998028721592049,0.04747429336887565,0.7598209283377211,0.7798012155536416,-0.03001795787468109,-0.07240377898319483,0.794180843868099,0.7641628859934179,-0.036537242035664996,-0.09370081117994467,0.05216211849544439,0.11876831942873256,0.08869936053110938
-0.10241099452407587,-0.2459529145800623,0.824349185261289,0.7219381907372131,0.011093752610683572,0.02514532150121429,0.7296898176048643,0.7407835702155479,6.312305978051214e-05,0.00015495891779027104,0.7899048337459287,0.7899679568057092,-0.034444351515360294,-0.0873778067550548,0.06802976606849609,0.15873006674279777,0.10247411758385638
-0.07423366084361804,-0.16914546848897483,0.774862350605487,0.700628689761869,-0.00725262046563202,-0.01643131919408214,0.7385023085063316,0.7312496880406996,0.010137597393936715,0.023602983571160863,0.7508761976935266,0.7610137950874634,-0.02398615291196038,-0.05641118723753502,0.06038510532559438,0.13633726482260067,0.08437125823755476
-0.19107756111229557,-0.43161192942730087,0.8160014043170954,0.6249238432047999,0.023404262382279772,0.05397559434559618,0.7370811903371169,0.7604854527193967,-0.029684187158345643,-0.06924524343171168,0.7719005505791884,0.7422163634208427,-0.044100853737907064,-0.1091750236204656,0.11729252021604286,0.2531916623751236,0.16139337395394993
-0.14901115435514123,-0.3396542213520708,0.8070534782993656,0.6580423239442243,0.0523080526990668,0.11793671396289818,0.7037847419782154,0.7560927946772822,0.004869729395234446,0.011962262296496107,0.7878614005604244,0.7927311299556589,-0.01919207773894116,-0.04776604291982256,0.13468880601143451,0.30385044072874434,0.15388088375037567
-0.14875458778535977,-0.3524014445236039,0.8347849845323719,0.6860303967470122,0.021231383043320395,0.04826801726989727,0.726973952201488,0.7482053352448084,-0.029179616402416175,-0.07019558622050903,0.7921429048794375,0.7629632884770213,-0.04264207965293443,-0.10962992002506677,0.07693289173000917,0.17257593827802808,0.1195749713829436
-0.06504115895941531,-0.1748511691296044,0.8648297190285678,0.7997885600691524,-0.002122717833485943,-0.004875784335375499,0.7469507337557655,0.7448280159222795,-0.008747940318760583,-0.021545350115074413,0.7961407202043023,0.7873927798855417,-0.06868899882426549,-0.1839363632286437,-0.01239578018361076,-0.03063054421411371,0.05629321864065473
-0.14782173025152323,-0.34131240728012524,0.8164945483126512,0.668672818061128,0.010673132964818866,0.024215758741046756,0.7307151587922018,0.7413882917570207,-0.019937802283462758,-0.04725839699831669,0.7781783020302456,0.7582404997467829,-0.0383162462824056,-0.0954135436814223,0.08956768168565488,0.19864046660038626,0.12788392796806047
-0.1296924599158662,-0.319219921633461,0.8501852306137052,0.720492770697839,-0.022845922598304313,-0.052085848725233586,0.751276027899809,0.7284301053015046,-0.062177477646235935,-0.14783209214714477,0.8001244290915874,0.7379469514453515,-0.05006080152211778,-0.1321041602425943,0.017454180747512482,0.03928366924372195,0.06751498226963026
-0.1800879464019235,-0.40980288697626244,0.8178945961324484,0.6378066497305249,-0.05677581723737124,-0.12476322716385035,0.7344900094002628,0.6777141921628915,-0.041961031544673566,-0.09921628908357061,0.787088085530743,0.7451270539860695,-0.03080651060170536,-0.07743297465112597,0.10732040425554457,0.23315362324156585,0.13812691485724993
-0.12472493491987924,-0.2736446839846516,0.7628392875415589,0.6381143526216797,-0.04566915687516637,-0.10413989182875172,0.7623255745513908,0.7166564176762245,-0.05030830253224505,-0.11749192087523452,0.7824814201140319,0.7321731175817868,0.019642132572472937,0.04687561800392359,0.09405876496010712,0.20302838111334065,0.07441663238763419
-0.06826632827913315,-0.161958135400182,0.8014776284424135,0.7332113001632804,0.006048777574207742,0.013854048651231299,0.7406316054197633,0.746680382993971,-0.06800459313075036,-0.16537333240320962,0.8167815612598529,0.7487769681291025,0.015303932817439359,0.03894961244664419,0.01556566796582215,0.035534415443616574,0.0002617351483827912
-0.1259144622160192,-0.29838107299043837,0.825703997010933,0.6997895347949138,-0.026002967637068664,-0.05835752527709159,0.7396245807356371,0.7136216130985684,-0.06526829202285545,-0.14824501098395326,0.7682146355487431,0.7029463435258877,-0.05748936146218986,-0.14323829596877014,0.0031568087309739035,0.00689776603771497,0.06064617019316376
-0.1441987225880822,-0.3387746364605604,0.8273927642413814,0.6831940416532992,-0.006186578802331422,-0.013922939537937218,0.7323364092131178,0.7261498304107864,-0.10852205621588928,-0.25330899355173875,0.8080897406196532,0.6995676844037639,-0.0193030236217282,-0.05001617992607921,0.016373642750464712,0.03544946298274243,0.03567666637219291
-0.13530360944420872,-0.31422678781528757,0.8156707849097514,0.6803671754655427,0.006544822458531829,0.01495308945148821,0.7384306116591369,0.7449754341176688,-0.025000238317004264,-0.05994970133900335,0.7881334450653106,0.7631332067483063,-0.027537339844440845,-0.06912845961075842,0.08276603128276361,0.1851486268655258,0.11030337112720445
-0.07465010160165109,-0.17661267327865104,0.8025189892735897,0.7278688876719386,-0.02369283147675183,-0.052722786984496395,0.7308737008522195,0.7071808693754676,-0.06789829203125775,-0.15679622611193,0.7823740787214903,0.7144757866902326,-0.020144910552099327,-0.049685511126196236,-0.013393100981705985,-0.029869063959475195,0.006751809570393341
-0.0947670149910701,-0.22697468824966283,0.8193465061179258,0.7245794911268557,-0.009444858822597713,-0.021192771048787584,0.7313724698639262,0.7219276110413285,0.013584364120201253,0.03168916194319893,0.7505119190446111,0.7640962831648124,-0.06883458707331469,-0.16801708542287175,0.03951679203795666,0.09064676476999001,0.10835137911127135
-0.14888733638803175,-0.3425126292410354,0.8141647288363885,0.6652773924483567,-0.01653993997411729,-0.03626274813432495,0.7130225379517828,0.6964825979776655,-0.05606198582710342,-0.13484530361754477,0.8046904903733471,0.7486285045462436,-0.009474238463041407,-0.02412434098175309,0.08335111209788693,0.18354298464173757,0.09282535056092833
-0.19501757940465603,-0.4823510170104388,0.877823181014237,0.6828056016095809,0.0350329647087777,0.0792064529198977,0.7152578339281541,0.7502907986369318,0.017571468862276673,0.043765618916054905,0.7891024132763161,0.8066738821385928,-0.08872076773792081,-0.24011369000381677,0.12386828052901189,0.28600294592267694,0.2125890482669327
-0.14155116148793512,-0.3161060199144168,0.7866830573368574,0.6451318958489223,0.059558687779551533,0.13484693173778206,0.7034121297054129,0.7629708174849644,-0.04346645292784512,-0.10458751629900842,0.7990585783487875,0.7555921254209423,0.012375521011930068,0.0305411201369874,0.11046022957202006,0.24205962375239576,0.09808470856009
-0.1469677161579741,-0.3393937535765339,0.8162677267911179,0.6693000106331438,0.018038797296508147,0.04080761980377012,0.7245325997924354,0.7425713970889436,-0.016078465458923552,-0.03898070038038792,0.7905540043139022,0.7744755388549787,-0.025713722477215706,-0.06473287543084183,0.10517552822183485,0.23568017776530414,0.13088925069905055
-0.04716191382782531,-0.11351772047163466,0.8009979857762868,0.7538360719484615,-0.006505062322657018,-0.014670846417675243,0.7343142013776354,0.7278091390549783,-0.010241662903262228,-0.02360633179863214,0.7536259202477511,0.7433842573444889,-0.04737206552853568,-0.11400549582612429,-0.010451814603972598,-0.02409410715312177,0.03692025092456308
-0.12810862456549943,-0.3032662502860173,0.8259284010113259,0.6978197764458265,0.004812084271880512,0.010596457782271917,0.706806956820237,0.7116190410921175,-0.06600476748255935,-0.1527406120114274,0.783059577474766,0.7170548099922066,-0.042868823536559963,-0.10824008329297685,0.01923503354638012,0.042285554981613016,0.062103857082940084
-0.11981196326537702,-0.27725338467586713,0.8066249106755069,0.6868129474101299,0.03477363726937399,0.07853788957338637,0.7145129479947241,0.7492865852640981,-0.051707408904245966,-0.1207721269969455,0.7832072737455422,0.7314998648412963,-0.02341763692996468,-0.058019652251667164,0.04468691743116637,0.09846160542725446,0.06810455436113105
-0.10635017952845627,-0.25586483043690755,0.8271235582789221,0.7207733787504659,-0.02775576870150054,-0.060962450824264325,0.7202866796578179,0.6925309109563174,-0.010829998544440778,-0.0263126907591702,0.7892657680739956,0.7784357695295548,-0.03785779020492652,-0.09625948292062159,0.05766239077908897,0.13329265675711577,0.09552018098401549
-0.034940377727614824,-0.08022294423954168,0.7626344170350641,0.7276940393074492,-0.014421711126062164,-0.032016507159278174,0.7241645470338682,0.7097428359078061,-0.06203549254790297,-0.1468325640915804,0.7970948409261325,0.7350593483782295,0.034460423891068404,0.08322681247503994,0.007365309070780257,0.01661719262300121,-0.027095114820288146
-0.1264476651181674,-0.3293427707337404,0.8771187279974123,0.7506710628792449,-0.022745522476756874,-0.050638915740235824,0.7308530009728543,0.7081074784960975,-0.10806201987376596,-0.23905465917762725,0.7639107496485573,0.6558487297747914,-0.11320797834885499,-0.29845836641132584,-0.09482233310445354,-0.20817025485521268,0.01838564524440145
-0.13201820364922057,-0.31534627497468715,0.8333476124570989,0.7013294088078783,0.030155693964887043,0.0680869329517022,0.7166582493014284,0.7468139432663154,-0.060198582060390415,-0.13900034678787332,0.7787714265256773,0.7185728444652869,-0.05457618593142155,-0.1383430136568653,0.0172434356574086,0.03800291452994853,0.07181962158883015
-0.036492251270340614,-0.08755485508496141,0.7939754946193711,0.7574832433490305,0.03757647666007702,0.08656909709885996,0.7289135110220318,0.7664899876821089,-0.0715342775204525,-0.1646388779540242,0.7814878573662382,0.7099535798457857,-0.012487637253132955,-0.030541508307210474,-0.047529663503244834,-0.10762553117627327,-0.03504202625011188
-0.02720173470436893,-0.06282129717413643,0.7633731156402067,0.7361713809358378,0.032518970829527594,0.07367666950819407,0.7183168331219929,0.7508358039515205,-0.056382261658516786,-0.13067602338286655,0.7797879140953179,0.7234056524368011,0.01641479845511118,0.039105764625665174,-0.012765728499036677,-0.028748961583064947,-0.029180526954147856
-0.10860761479900094,-0.24903220720613062,0.794943043354858,0.686335428555857,-0.02035104092282869,-0.04633459425899078,0.7489670793769597,0.728616038454131,-0.029758835179292897,-0.0688918905379845,0.766390723124104,0.736631887944811,-0.028552320230754047,-0.06903380535922166,0.050296459388953996,0.11110651130892446,0.07884877961970804
-0.12637284870594567,-0.29076573818657714,0.805082774669469,0.6787099259635233,0.01154958716514809,0.026847855239848784,0.7490127373827495,0.7605623245478976,0.003629009139162531,0.008559768679580415,0.763241304817449,0.7668703139566115,-0.041841469852019975,-0.10181149015001179,0.08816038799308823,0.19751401671614577,0.1300018578451082
-0.06558909996422457,-0.1580184855809641,0.8100564048016878,0.7444673048374633,-0.0037471350689813887,-0.008648040122086087,0.7513828059594095,0.7476356708904282,-0.05085680324240327,-0.1162810562996488,0.7668867190593649,0.7160299158169616,-0.04316968574232294,-0.10582988413470984,-0.028437389020501636,-0.06409245485339454,0.014732296721821303
-0.1297761631035722,-0.29938415652074335,0.8084821946631102,0.678706031559538,-0.01727983459348903,-0.03924835395627202,0.7455295181477634,0.7282496835542743,-0.031180231619550747,-0.0751074059361545,0.7939187083954329,0.7627384767758821,-0.014563486267677339,-0.03649659634065472,0.08403244521634412,0.18778015424393413,0.09859593148402146
-0.1569482852245241,-0.3610358393650759,0.817335792546618,0.660387507322094,0.00932163531754282,0.020713553455650846,0.7132023643383144,0.7225239996558572,-0.017646938313372718,-0.04104646495138198,0.7639907403067694,0.7463438019933967,-0.053345052239848645,-0.13136147337240223,0.08595629467130272,0.18862790104129168,0.13930134691115137
-0.12358216428596247,-0.2832962575088016,0.8010850395592268,0.6775028752732644,-0.01554546654834077,-0.03597447858045211,0.759223531323769,0.7436780647754282,-0.03662312059889972,-0.08621849711723018,0.7816150942004941,0.7449919736015944,-0.0194699453587327,-0.04792664086927756,0.06748909832833005,0.14915111952229387,0.08695904368706275
-0.0505793614266693,-0.12057821106838951,0.796510314467096,0.7459309530404267,-0.015130599543041301,-0.03482441815101156,0.7549260508081382,0.7397954512650969,-0.05216520913645384,-0.11996166330592928,0.7719715494618681,0.7198063403254142,-0.02453876500522789,-0.05967607474170178,-0.02612461271501243,-0.05905952697924155,-0.001585847709784538
-0.1614818460461721,-0.3730334962365087,0.8222814372746959,0.6607995912285238,-0.002139507553766795,-0.0049076350031369564,0.7459014878894219,0.7437619803356551,-0.027209851130149287,-0.06339001055872817,0.7697708335557172,0.7425609824255679,-0.052510603718978754,-0.13055875470404477,0.08176139119704406,0.17908473097373578,0.13427199491602282
-0.10709592938357648,-0.25458860931569793,0.8198602965507025,0.712764367167126,-0.02939345932882642,-0.06626250278148493,0.7451236348477441,0.7157301755189177,-0.0246018879382075,-0.058576653109982946,0.783392939364613,0.7587910514264055,-0.03646735718608951,-0.09153536241729432,0.04602668425927947,0.10447659378842067,0.08249404144536898
-0.09912509174935791,-0.23113633153069313,0.8033153962048694,0.7041903044555115,0.02312078119836558,0.05238466483575088,0.723203656184384,0.7463244373827496,-0.07948682873819835,-0.18475703924211695,0.7923942406230924,0.712907411884894,-0.010921155581776976,-0.027196338393270736,0.008717107429382587,0.019182953895305443,0.019638263011159562
-0.08265258867522696,-0.20133222803329076,0.8243086566563,0.7416560679810731,-0.0013883600634361226,-0.0031102935272087073,0.7259679581997445,0.7245795981363083,-0.02439650803408422,-0.05649965052721262,0.764089337462789,0.7396928294287047,-0.06021931919351109,-0.14931215886812277,-0.0019632385523683515,-0.004479581362044627,0.05825608064114274
-0.10489114358267149,-0.241846761367551,0.7975773319940848,0.6926861884114133,-0.027542937027285275,-0.0625275901776372,0.7500942745455954,0.7225513375183101,-0.0026770873477468538,-0.006295517182671961,0.7643445182137039,0.761667430865957,-0.0332328137803809,-0.08040273724194202,0.06898124245454373,0.15514850694293703,0.10221405623492463
-0.15209763681853106,-0.3448657100506003,0.804024419103622,0.6519267822850909,0.013029953884585832,0.028881669203829397,0.7089848882525279,0.7220148421371138,0.02674311076221203,0.06332356435234843,0.7540427838339071,0.7807858945961191,-0.049981635269714886,-0.12063995544573469,0.1288591123110282,0.28754931895721403,0.1788407475807431
-0.21217390735564645,-0.5554649377149508,0.9106294477600549,0.6984555404044085,-0.02389644321713269,-0.05279242788391003,0.7241505765139864,0.7002541332968537,-0.003765557232487504,-0.008754270773228434,0.7567898701680914,0.7530243129356039,-0.15383957759196354,-0.4242623711317641,0.05456877253119541,0.1224482958099582,0.20840835012315895
-0.08399936864441748,-0.2081487790101897,0.8346093135514595,0.750609944907042,0.06053576189664245,0.1385804393739538,0.7117935704216,0.7723293323182424,-0.07317634456861144,-0.1716166505750314,0.79590176006795,0.7227254154993386,-0.038707553483509516,-0.09986233798463484,-0.027884529407703473,-0.06333020954947655,0.010823024075806043
-0.18350881431278654,-0.44646865230158705,0.864503008126378,0.6809941938135915,0.005747648383190196,0.012726921215727938,0.7116971520447951,0.7174448004279853,-0.00810459104204131,-0.018635525859730606,0.7507326418927183,0.742628050850677,-0.11377036623365977,-0.29157714227480414,0.06163385703708546,0.1362559841670523,0.17540422327074523
-0.15018511251212585,-0.3305966071878328,0.7765996272809672,0.6264145147688414,-0.01658209058341953,-0.036189843835045865,0.7083389543336563,0.6917568637502368,-0.059258116935887784,-0.13446290506032232,0.7646569741569534,0.7053988572210657,-0.011942653124013769,-0.028408034361923296,0.0789843424522243,0.16772566776558717,0.09092699557623807
-0.09179853043022057,-0.22107933587827988,0.8214811944064675,0.7296826639762469,0.015625487179527053,0.035929576219009274,0.7388224495555399,0.7544479367350669,-0.037250201026262864,-0.08908790572096548,0.7923110162284458,0.7550608152021829,-0.0291701781780217,-0.07394577663709301,0.025378151225936008,0.058045653520221396,0.05454832940395771
-0.0759542990056501,-0.1748579294319781,0.7836825086869567,0.7077282096813066,0.052357902542205514,0.11768548561227465,0.7011069973143916,0.7534648998565971,-0.012734594947466538,-0.030037666987259293,0.7713832980848614,0.7586487031373949,-0.012299210602095267,-0.029574807879196197,0.05092049345608829,0.1152454545655226,0.06321970405818356
-0.08546878504998845,-0.2062448225859561,0.8199273609276028,0.7344585758776143,0.018336595930772304,0.040565526926704676,0.7044374433865503,0.7227740393173226,-0.06168320144593342,-0.1471298407330135,0.8019842369137146,0.7403010354677811,-0.0179431240138882,-0.045838224668186545,0.005842459590166826,0.013276757184756072,0.023785583604055027
-0.09162708749409554,-0.2187345729804422,0.8158971050690933,0.7242700175749978,0.046328523181612846,0.10391257416332844,0.7024656388342572,0.74879416201587,-0.09627338229541293,-0.23315126165287392,0.8268042855611059,0.7305309032656929,0.010907180492012558,0.02847693100808657,0.0062608856906951615,0.014060242335654838,-0.004646294801317397
-0.08248745320353401,-0.19879852643150686,0.8178375705861286,0.7353501173825946,0.0004226730392855593,0.0009538276775473697,0.7313758715446101,0.7317985445838957,-0.05879857273545519,-0.14108797743267898,0.8044490584311991,0.7456504856957439,-0.013388512154929533,-0.03421201755836156,0.010300368313149288,0.02349853144046632,0.02368888046807882
-0.08267435495810482,-0.19178757079498787,0.7923804525061602,0.7097060975480554,0.004103681908441348,0.009243872458745805,0.7279891477266017,0.7320928296350431,-0.058924591166946705,-0.13721239114395178,0.7843822888349073,0.7254576976679606,-0.007998163671252834,-0.019582244943291194,0.015751600119905285,0.034992934707744894,0.02374976379115812
-0.10600582328770503,-0.23735875152126273,0.7741559903033817,0.6681501670156766,-0.0019504688244279533,-0.004433168181450675,0.7385131318558776,0.7365626630314497,-0.08790115715111346,-0.2063570514614912,0.8031552373094204,0.7152540801583069,0.02899924700603873,0.07106835899178243,0.047103913142630294,0.10207005905155397,0.018104666136591563
-0.11178060961612724,-0.2613243564376935,0.810581948033213,0.6988013384170858,-0.0036344237576629856,-0.008248820635287313,0.738186193384723,0.73455176962706,-0.05971072445063508,-0.1387433453823408,0.7831851319017986,0.7234744074511635,-0.027396816131414425,-0.06813205424918678,0.024673069034077733,0.054448956806165905,0.05206988516549216
-0.11373787410326297,-0.26322581939749456,0.8041398955533221,0.6904020214500591,-0.0027237456981350494,-0.006240852245385842,0.7453302864330796,0.7426065407349446,-0.04389934381338245,-0.10318197933245932,0.7839494433131264,0.740050099499744,-0.020190452240195667,-0.04994060717412685,0.04964807804968485,0.1101032328909084,0.06983853028988052
-0.13943423392160326,-0.32657914681704714,0.8233609400109279,0.6839267060893246,-0.04267154821078434,-0.09911788204272964,0.7750055199067976,0.7323339716960132,0.032905232521316385,0.07889086838666426,0.7589031704717547,0.7918084029930711,-0.06445776953917315,-0.15899389811017572,0.1078816969037465,0.24647611709353567,0.17233946644291964
-0.17705151854704115,-0.42367568918574294,0.8521799795566113,0.6751284610095701,0.031211318184458325,0.0695761428983801,0.704904895753913,0.7361162139383713,0.031050052234358416,0.0775559798824248,0.7836395921133311,0.8146896443476895,-0.06854038744328017,-0.17832285871651576,0.1395611833381194,0.322908810351652,0.20810157078139957
-0.16771769865322605,-0.38213164893968554,0.81412280817578,0.6464051095225539,0.015773758118268755,0.034826086289766245,0.7038219695050314,0.7195957276233002,-0.055037264383163254,-0.12724815133473166,0.7773609325475337,0.7223236681643704,-0.03676187562824629,-0.09126755824005084,0.07591855864181651,0.16361593936490304,0.1126804342700628
-0.1123683309147615,-0.27188845317624377,0.833134451233113,0.7207661203183515,0.0068665683497795005,0.015743495398836238,0.7410317885549187,0.7478983569046982,-0.00841322872958894,-0.019834976438033447,0.7689223647556774,0.7605091360260885,-0.06421208647743559,-0.16131564256407005,0.03974301570773697,0.09073783417414027,0.10395510218517257
-0.15439398876148058,-0.3621794131323204,0.8304286528346131,0.6760346640731325,0.02408382581779067,0.05582159544337184,0.7404636635066943,0.764547489324485,-0.05317171676386967,-0.12675381439812572,0.7976908850544995,0.7445191682906298,-0.032737767780113614,-0.08421974951834299,0.0684845042174973,0.15120584921585167,0.10122227199761091
-0.24202997374674495,-0.537698301898708,0.8196172943407345,0.5775873205939895,-0.004963874828921022,-0.011412867796242843,0.7491113157698008,0.7441474409408798,-0.07910363777995699,-0.18752630395625847,0.8058460258544357,0.7267423880744787,-0.013771268486298838,-0.03530483817597796,0.14915506748048912,0.3148671597664716,0.16292633596678796
-0.17304512853731724,-0.4134755868727005,0.84973721359554,0.6766920850582228,0.015091465162323403,0.033489117504688526,0.7090030231484086,0.724094488310732,-0.05789373389483843,-0.13812602224865245,0.8004094759067588,0.7425157420119204,-0.04932773768878118,-0.13013662064445608,0.06582365695369763,0.14521294397959195,0.11515139464247881
-0.14872611804967606,-0.3558417566793468,0.8411157753981954,0.6923896573485193,-0.027060398237421346,-0.06001556194091151,0.7293900372108388,0.7023296389734175,0.01527188686969494,0.03480256521896807,0.7319566121190314,0.7472284989887263,-0.10915916327916397,-0.26840303174606817,0.054838841640207026,0.12224129015224672,0.163998004919371
-0.10217285534225207,-0.24715817202794899,0.8286596814381963,0.7264868260959443,-0.021955051916923596,-0.05027859823639469,0.7543773609864557,0.7324223090695321,0.002357619871915073,0.005624137473133395,0.7713520612587131,0.7737096811306282,-0.05730762017948321,-0.14360290852216062,0.04722285503468393,0.10917940097892176,0.10453047521416714
-0.1313827815906542,-0.3132094236464926,0.8318327695646938,0.7004499879740396,-0.023033285662193093,-0.05133639683208946,0.7320064259536102,0.7089731402914171,-0.04380755611175691,-0.10646095285905588,0.8052560534012284,0.7614484972894715,-0.026576716163465353,-0.06900141088119138,0.06099850931543194,0.13774705990624536,0.08757522547889729
-0.11877805795695684,-0.2692904779032743,0.7902405777510483,0.6714625197940914,-0.019495314684110254,-0.04379625363762951,0.7373369833824873,0.7178416686983771,-0.04559349049746697,-0.11173576832811571,0.8110053037017506,0.7654118132042836,0.020764725950702334,0.05198842130186376,0.0939492934101922,0.20954313087702237,0.07318456745948987
-0.06506703069578834,-0.15266329685986335,0.7925223008777103,0.7274552701819219,0.003224045192200875,0.007486934649176824,0.7524788738884042,0.755702919080605,-0.009262415787441025,-0.02273171290924525,0.7943774794192836,0.7851150636318426,0.0018551785415733546,0.004582623986791656,0.05765979344992067,0.13451420793740976,0.055804614908347316
-0.14012612495251175,-0.31346782282759267,0.787656935630288,0.6475308106777763,-0.02521090901279588,-0.05676147418199262,0.7420192491986614,0.7168083401858655,-0.09005634490596282,-0.20101223800702028,0.7643833331581772,0.6743269882522144,-0.023273602472110855,-0.055841015249846304,0.026796177574438085,0.05661456957072608,0.05006978004654894
-0.12958116292615174,-0.306510653638723,0.8260145771269077,0.696433414200756,0.00937502243572197,0.02071178596154155,0.7076874780254214,0.7170625004611434,-0.09121825054675492,-0.2089331977322122,0.7865564259556534,0.6953381754088985,-0.039458151171254285,-0.09995824890653937,-0.0010952387918574669,-0.0023807930000285804,0.03836291237939682
-0.09793675767959142,-0.22918599935573947,0.8053311207819376,0.7073943631023462,-0.0029073977447580113,-0.006631010199148246,0.7417787203578556,0.7388713226130976,-0.041152424157896994,-0.09300165176207198,0.7528334559588856,0.7116810318009886,-0.05249766482305196,-0.1267417835445941,0.004286668698642471,0.009442564049073399,0.05678433352169443
-0.1375700611999009,-0.31508725282439665,0.8061977097513887,0.6686276485514878,-0.00432030597200983,-0.009743973692618368,0.7332646031839106,0.7289442972119008,-0.027665243178619292,-0.06538255692578332,0.7799575489290931,0.7522923057504738,-0.026240160822295633,-0.06480378292653022,0.08366465719898597,0.1849009129720831,0.1099048180212816
-0.22071925162764838,-0.48516122671889894,0.8018689743888323,0.5811497227611839,0.0008745266063001633,0.001954199745418883,0.7225727410905403,0.7234472676968404,-0.06068478801878263,-0.138004494215628,0.7671167836520688,0.7064319956332862,-0.0347521907367635,-0.08458094992567178,0.12528227287210225,0.26257578257759917,0.16003446360886575
-0.1606648788870748,-0.37892844763498656,0.8365454681486484,0.6758805892615736,0.02213539947598353,0.04963993760177843,0.7149495135767341,0.7370849130527176,-0.025586254327959357,-0.05932458315030287,0.7655299183734516,0.7399436640454923,-0.07101554977519675,-0.17852944316100583,0.0640630747839187,0.14107442132367787,0.13507862455911546
-0.07959510103553125,-0.1767008883031982,0.7547453189838521,0.6751502179483209,0.012640621042147804,0.028670766119491375,0.7294598452849516,0.7421004663270994,-0.05259238270239186,-0.12906897111560633,0.8150610986187474,0.7624687159163556,0.06031577963489532,0.14711783878988882,0.0873184979680347,0.19474975597748068,0.027002718333139386
-0.0996354714627874,-0.23138778506793378,0.8006264230660642,0.7009909516032768,-0.022440148955374384,-0.05151728701531155,0.7565442122368211,0.7341040632814467,-0.005821794396396185,-0.013743619432021958,0.7685366788755473,0.7627148844791511,-0.03208974419051691,-0.0781043209222636,0.0617239328758743,0.13953984471364822,0.09381367706639121
-0.11269013215721602,-0.2653514962756631,0.8159266748898784,0.7032365427326623,-0.03432729258507283,-0.07780169479148036,0.751998391610745,0.7176710990256722,-0.030999291390083172,-0.07474369345687437,0.7944276786281245,0.7634283872380413,-0.02149899626175389,-0.0543001457828578,0.060191844505378955,0.13630765703593095,0.08169084076713284
-0.15741332718337575,-0.35977612336744347,0.8125435363317112,0.6551302091483354,0.04414002817702245,0.10163419205492907,0.7250343350085026,0.769174363185525,-0.02544369352688225,-0.061114654642645316,0.7893916462089032,0.763947952682021,-0.02315189012280794,-0.05800719235787133,0.10881774353368556,0.24065427636692682,0.1319696336564935
-0.08181616720863727,-0.19248888368671357,0.8019520412610329,0.7201358740523957,-0.01929709136070601,-0.04462990815468837,0.7606164732300293,0.7413193818693233,-0.0016588403672357366,-0.003812443878447258,0.747156504137119,0.7454976637698832,-0.05479553712391394,-0.1313458372787104,0.025361789717487593,0.05733060252955591,0.08015732684140153
-0.19196440595643194,-0.4516492140765014,0.8468324032829327,0.6548679973265008,-0.029449340546659708,-0.06719245489487102,0.7550787420219626,0.7256294014753029,-0.07840367428102224,-0.18594940677162564,0.8058263756286793,0.7274227013476571,-0.04100602765425343,-0.10841655438885134,0.07255470402115627,0.1572832529160244,0.1135607316754097
-0.12721540030523293,-0.291815872855264,0.8031065027994378,0.6758911024942049,-0.028022123542809085,-0.06438043759368295,0.759820049680878,0.7317979261380689,-0.06883578637034049,-0.15956439427769675,0.7856089044647788,0.7167731180944383,-0.017497598334659026,-0.04330141706537516,0.04088201560023341,0.08895006151219209,0.05837961393489244
-0.16204295832669913,-0.3861430826960246,0.8438030822979613,0.6817601239712622,-0.05550411047722015,-0.12505574400867192,0.7569847375482773,0.7014806270710572,-0.07462836313067744,-0.17705621261282767,0.804362893530768,0.7297345304000905,-0.03944018876719335,-0.10373342606199154,0.04797440642882833,0.10535344402120539,0.08741459519602168
-0.1060137152915751,-0.24681160508981193,0.80516510480639,0.6991513895148149,0.00810714124276346,0.018567454533546357,0.7395487121417835,0.747655853384547,-0.07881421009941325,-0.18817461745382635,0.8103399435248699,0.7315257334254567,0.005174838718479902,0.013132159975835389,0.032374343910641756,0.07176914761182096,0.027199505192161855
-0.09775732428234685,-0.22974667424945538,0.8082152845589065,0.7104579602765596,0.004864729705784554,0.011236553816782902,0.747689308477875,0.7525540381836595,0.026217484699609606,0.06410289924944523,0.7742664166817657,0.8004839013813753,-0.0339488678771408,-0.08359296973558417,0.09002594110481565,0.21025660376331645,0.12397480898195645
-0.13466158181250876,-0.3303049510216409,0.8502564091458732,0.7155948273333644,-0.04216133940967848,-0.09437261864975977,0.7450246099267219,0.7028632705170434,-0.038809667919952884,-0.08855003496444525,0.7595553800872149,0.720745712167262,-0.09070102905865829,-0.23030562036556113,0.005150884833897584,0.011449295691634553,0.09585191389255587
-0.15536339008064648,-0.36963823360047443,0.8401778322427593,0.6848144421621128,0.034052782284981875,0.07717296695071774,0.7177441800025615,0.7517969622875433,-0.08504082595489149,-0.19974265408084424,0.8022396831912159,0.7171988572363244,-0.03793814905154347,-0.09913566843716559,0.032384415074211526,0.0707599110824646,0.070322564125755
-0.11376738431046418,-0.2705133111933349,0.8228456778428485,0.7090782935323843,0.054431027101834784,0.12238441987567117,0.7002752432856,0.7547062703874348,-0.018346858319323478,-0.04575206899907913,0.8077021685947671,0.7893553102754436,-0.015143509248081388,-0.03902948429827635,0.08027701674305932,0.1857317578959794,0.0954205259911407
-0.09068738506828522,-0.21594590403856806,0.8138662332566412,0.723178848188356,-0.00024107823175611998,-0.000554874345858547,0.7475729933559726,0.7473319151242165,-0.04024616237262035,-0.09262932926506062,0.7670153483453724,0.7267691859727521,-0.046850884911268764,-0.11527595942163682,0.0035903377843961026,0.008040615351870617,0.05044122269566487
-0.20454326842033355,-0.47522587436489894,0.8427437084399345,0.638200440019601,0.013816637064430703,0.0316168228983873,0.7359866837952058,0.7498033208596365,-0.04577309000256058,-0.11272324232353403,0.8138608927701995,0.7680878027676389,-0.02888281566973505,-0.07664984277288545,0.12988736274803792,0.28585278926847946,0.15877017841777297
-0.12659308806450154,-0.2957861848034542,0.8164024536222825,0.6898093655577809,-0.016068180464943405,-0.03666433470922348,0.7486481050334423,0.7325799245684989,-0.05333475021762968,-0.12278059798271546,0.773320225999237,0.7199854757816073,-0.04308222762304548,-0.10682340392984457,0.03017611022382638,0.06618218289089417,0.07325833784687186
-0.07707404505800974,-0.1875022347173867,0.8210803273529678,0.744006282294958,0.02836010328043459,0.06579095731694862,0.7388961471394869,0.7672562504199215,-0.03222419459122983,-0.08016953699636664,0.8131091692744457,0.7808849746832158,-0.007971158078522111,-0.020620317603706084,0.036878692388257805,0.08671238011731397,0.04484985046677992
-0.2103298356306228,-0.5015754395429726,0.8622346653987838,0.651904829768161,-0.03958724777679801,-0.09023481038626624,0.7591320364351759,0.7195447886583779,-0.022627604582709848,-0.05448411058228242,0.789558952242273,0.7669313476595632,-0.07267571315651078,-0.19261795132804682,0.11502651789140217,0.2544733776326433,0.18770223104791295
-0.09966883875057786,-0.2462349711949976,0.8397361090259907,0.7400672702754129,-0.0158628107153711,-0.03583611615931037,0.7403616047519219,0.7244987940365508,-0.08719618214437219,-0.19501794395172478,0.7649153374945504,0.6777191553501782,-0.07482077153144029,-0.18864215153855124,-0.06234811492523462,-0.13742512429527842,0.012472656606205668
-0.1020532772040944,-0.23755832700859458,0.8033618708316828,0.7013085936275884,0.041893445123086015,0.09396593572088574,0.704820425886134,0.74671387100922,-0.05842306780036033,-0.13546334968246088,0.7810413739294737,0.7226183061291134,-0.022320496902209053,-0.05503070154880607,0.021309712501525024,0.047064275777327635,0.04363020940373408
-0.13297026127419564,-0.30110769967297535,0.7951823639743892,0.6622121027001936,-0.026043324239037435,-0.05665898021057614,0.7095768334725189,0.6835335092334814,-0.021839632907007855,-0.05107823696941027,0.7699535945547645,0.7481139616477567,-0.025228769419624708,-0.061183802260843745,0.08590185894756308,0.18884566044272133,0.11113062836718779
-0.14298525619719193,-0.3521109015667996,0.8557928074369718,0.7128075512397799,-0.011752904767787564,-0.027275376214071834,0.7594577025592905,0.7477047977915029,-0.07039427383123631,-0.1653694866840265,0.7958072706998988,0.7254129968686625,-0.059985536737073075,-0.15869244480870037,0.01260544562888255,0.0280489700740727,0.07259098236595563
-0.2044679420517863,-0.4617801921579632,0.8208251852407499,0.6163572431889636,0.021946716310930703,0.04954388884363059,0.7207588636782584,0.7427055799891891,-0.04020133269035697,-0.09572163543351087,0.7908634080049286,0.7506620753145716,-0.029961777235821274,-0.07579797886607365,0.13430483212560806,0.29026057785837867,0.16426660936142934
-0.12741786122163734,-0.28627208526438475,0.7862060086781171,0.6587881474564797,0.04652601553389768,0.10431431064525798,0.702013555840665,0.7485395713745627,0.004558422497276116,0.010645163640392585,0.755844776300765,0.7604031987980411,-0.03036123237735211,-0.07229431699971567,0.10161505134156135,0.22462293190506166,0.13197628371891346
-0.10576974047425558,-0.24663526721984885,0.8061951167360675,0.7004253762618119,0.01712956486212125,0.03794112460381194,0.7062071677821,0.7233367326442213,-0.05427038633292558,-0.1262094050166458,0.7812889297976702,0.7270185434647446,-0.0249061869383973,-0.061579958849667715,0.0265931672029327,0.058845903353535345,0.05149935414133
-0.17491356501138666,-0.3825071791618402,0.7796551314853172,0.6047415664739305,-0.014959321480395693,-0.03483375451214643,0.7634777312274713,0.7485184097470756,0.002728662018314565,0.006372255464834886,0.7567734225575259,0.7595020845758405,-0.02288170892779129,-0.054240256472620096,0.15476051810190994,0.334639178154055,0.17764222702970123
-0.12273237578124574,-0.2790698769844504,0.7942903410528781,0.6715579652716324,0.042752148219617925,0.0973764997819675,0.7172796087756581,0.760031756995276,-0.0035854048162669017,-0.008394482642473555,0.7617369022529578,0.7581514974366909,-0.03255343879992034,-0.07837918362542551,0.0865935321650585,0.19229621071655134,0.11914697096497884
-0.017916044241480522,-0.041010384061810345,0.7520556443550979,0.7341396001136173,0.028947002053512194,0.0654668002721186,0.7186866954611352,0.7476336975146474,-0.034198656030394514,-0.0806942464936089,0.7820090080784511,0.7478103520480566,0.02995336372335322,0.07089096100474324,0.01367075193443923,0.03120709857294468,-0.016282611788913992
-0.1399582156554613,-0.32864860857094724,0.8253401402661494,0.6853819246106881,0.013951651431966083,0.03212276118887658,0.7406762598349592,0.7546279112669253,-0.0764005111567253,-0.17644334225549851,0.7862721982111962,0.7098716870544709,-0.03906794205495323,-0.09887405829782159,0.02448976244378276,0.05333120801762714,0.06355770449873599
-0.10154518234727306,-0.2427783807770516,0.8211545961684734,0.7196094138212004,-0.052354003718087405,-0.11686068648100001,0.7473034844193045,0.6949494807012171,-0.03600131312450239,-0.0833244459133824,0.7692074707978144,0.733206157673312,-0.05194712537065904,-0.12895233157641117,0.013596743852111626,0.03050160328725804,0.06554386922277067
-0.14474356400750454,-0.3440815696386488,0.8354200020742985,0.6906764380667939,0.024014700292954383,0.054514634208556956,0.7243270350020145,0.7483417352949688,-0.08168469117546584,-0.1887550626646961,0.7890640894962511,0.7073793983207852,-0.04635591257804739,-0.11890812546478813,0.016702960253991317,0.036418381509164544,0.0630588728320387
-0.18896605505429176,-0.46035556442824066,0.8672719556996016,0.6783059006453098,0.04075147448163996,0.09198836447595848,0.7109101680017506,0.7516616424833905,0.01256940618054092,0.029523323431294823,0.7558471084672808,0.7684165146478217,-0.11142484723232082,-0.2878387322681837,0.09011061400251186,0.2020401555913518,0.20153546123483268
-0.10702973966384233,-0.2663477134546559,0.8468083125926308,0.7397785729287885,-0.05174600125379658,-0.11799343302674625,0.7651448388241191,0.7133988375703225,-0.020382324748847602,-0.0472443157163247,0.7627841529112648,0.7424018281624172,-0.084024159681366,-0.2131147053311664,0.0026232552336287185,0.0059886924071648195,0.08664741491499472
-0.12240738707012955,-0.28122305804826153,0.8022922676212934,0.6798848805511638,0.030830556745058302,0.0707779479236832,0.7297417793979953,0.7605723361430536,-0.05311296265051302,-0.1267164618457537,0.7981860674423604,0.7450731047918474,-0.004106200178932928,-0.010270230331655306,0.0651882242406836,0.14423636587085253,0.06929442441961653
-0.10325941268938277,-0.2358028290621128,0.7894406756648719,0.6861812629754891,-0.004744443723220693,-0.011027851232329855,0.7571341877660374,0.7523897440428167,0.0005568537632025805,0.00131185882672602,0.7639550089194374,0.7645118626826399,-0.02548566674543451,-0.0612182899284619,0.07833059970715084,0.17589639796037693,0.10381626645258535
-0.16202226082885052,-0.36148239301882645,0.7940481711787095,0.632025910349859,-0.03394193188431016,-0.07829543088840962,0.7657223226399278,0.7317803907556176,-0.0745423251602706,-0.17552801754173064,0.7992940711145369,0.7247517459542663,0.005245899935827358,0.013034339172955711,0.09272583560440728,0.19898871465005152,0.08747993566857992
-0.12888455763290818,-0.2964204922833886,0.8058075562763087,0.6769229986434006,-0.04507115172381215,-0.09981567074530617,0.7366020584005815,0.6915309066767693,0.0032363531132119094,0.0075446782525459,0.7552726153043406,0.7585089684175526,-0.05053494097196809,-0.12228167439342519,0.081585969774152,0.18168349614250934,0.1321209107461201
-0.1372865715283188,-0.3330249260499256,0.8449076462101734,0.7076210746818546,0.044418713862259596,0.10195392135203818,0.7224689331886498,0.7668876470509094,-0.030787956063026423,-0.0711660620523249,0.765754413605396,0.7349664575423696,-0.07915323260477747,-0.20085305658318475,0.02734538286051491,0.06100580741441597,0.10649861546529238
-0.06654650205231083,-0.15336984161772227,0.7802650873380096,0.7137185852856988,0.010874814188862714,0.025229352708894925,0.7479121929535418,0.7587870071424045,-0.04237248566533458,-0.10458667703693969,0.8135487863944582,0.7711763007291236,0.03328369905644857,0.08279561111439504,0.05745771544342482,0.13157877569517762,0.02417401638697625
-0.06454611005066657,-0.14598775494144056,0.7643982415847974,0.6998521315341308,-0.011162200518082255,-0.025264168138315224,0.7396248165937667,0.7284626160756844,-0.04709178151141413,-0.1082124880532982,0.7690204224147901,0.7219286409033759,0.0046221808299926614,0.010929180898008095,0.0220765093692451,0.04870444778615046,0.01745432853925244
-0.12706572372957725,-0.29895904237531545,0.821393768263944,0.6943280445343667,0.0025091352763867425,0.005934560761452268,0.7656510010180072,0.768160136294394,0.015272907042378936,0.03647109580371888,0.7654744964994591,0.780747403541838,-0.05591927176448486,-0.13841154944470047,0.08641935900747133,0.19701858873433387,0.1423386307719562
-0.06448606343119012,-0.1527883462297157,0.7988901078231796,0.7344040443919895,0.025487481222590147,0.0577222016786596,0.7216276640512336,0.7471151452738237,-0.01925299422415616,-0.04458197228714278,0.761495374969726,0.7422423807455698,-0.03739473285345363,-0.09037319098207908,0.007838336353580333,0.017833182960493854,0.04523306920703396
-0.13782207278293657,-0.3357125336165052,0.8475488821095072,0.7097268093265706,0.007108279964931241,0.015789164264268685,0.7139611522057863,0.7210694321707175,-0.103442989887775,-0.23907202816400375,0.7987213263243326,0.6952783364365576,-0.048827555785174614,-0.12824763830918906,-0.014448472890013053,-0.03160713285668759,0.03437908289516156
-0.13670954852185535,-0.3321089724625268,0.8455332047501907,0.7088236562283353,0.0003406500478104757,0.0007569400036122609,0.7177007937587451,0.7180414438065555,-0.06721800060513372,-0.16696340772276042,0.8284557049239587,0.761237704318825,-0.017077499826231968,-0.04624845438744174,0.05241404809048966,0.11889711035232464,0.06949154791672163
-0.11023042921009407,-0.26205558271251483,0.8212319005448533,0.7110014713347592,0.04903394327101829,0.10934183699365119,0.6958237322548283,0.7448576755258466,-0.014272706783772238,-0.034455463518409335,0.7870791573693967,0.7728064505856245,-0.03415274317545658,-0.08613331626705101,0.061804979250865255,0.1414668029270545,0.09595772242632183
-0.17322405293700038,-0.39334959186360363,0.8135463464085662,0.6403222934715658,0.0024256781915205083,0.0056112363183400404,0.7500337629558361,0.7524594411473566,-0.08905931474830686,-0.2064356278627555,0.7946257323342317,0.7055664175859249,-0.01892061407433443,-0.04768314697224563,0.06524412411435909,0.13923081702860252,0.08416473818869352
-0.10903612473246616,-0.25427183023262057,0.8076483631377894,0.6986122384053233,0.022007165767320758,0.049344232395483356,0.714870516025,0.7368776817923207,-0.0777355512057406,-0.18255745813069701,0.7988897388401541,0.7211541876344135,-0.008758624297635298,-0.022033990777563073,0.022541949229090252,0.04968038132436048,0.03130057352672555
-0.08919926290421243,-0.2034140728236966,0.7822039972416966,0.6930047343374842,0.024391152932813354,0.055765446654922,0.7298712039516394,0.7542623568844528,0.006666457598566322,0.01676551163754869,0.7997852787535131,0.8064517363520795,0.017581281511816482,0.0432484873550556,0.11344700201459523,0.2634280718163009,0.09586572050277875
-0.10333779850281466,-0.2387506567996618,0.7984320582498078,0.6950942597469931,-0.0024245104362426995,-0.0054040039200091705,0.7219194253787233,0.7194949149424806,-0.06639546830380727,-0.15039272882767496,0.7664749343393004,0.7000794660354931,-0.03195712391050742,-0.07750399897518001,0.004985206288499966,0.010853928996806816,0.03694233019900739
-0.15549316013737624,-0.3658584993138987,0.8329143493019279,0.6774211891645516,0.0008172407686460881,0.001869477181868362,0.7422852668259899,0.743102507594636,-0.06899741897255285,-0.16077299118084598,0.7894539275402375,0.7204565085676846,-0.043460421761690404,-0.11121532502366582,0.04303531940313299,0.09387018310938688,0.08649574116482339
-0.05914891479925688,-0.1389526984329983,0.7906825450204502,0.7315336302211933,0.03130573326520969,0.07116271387340323,0.7216642516303963,0.752969984895606,-0.02143025658119946,-0.04968437883936794,0.7634572242250854,0.742026967643886,-0.02722532079536477,-0.06543938487539114,0.01049333742269265,0.023828934718239214,0.03771865821805742
-0.1662852219063954,-0.3898166169404802,0.8346355893282139,0.6683503674218185,-0.02387369486981028,-0.05490002714658182,0.7585245827569573,0.734650887887147,-0.05253313146547067,-0.12166791461292004,0.7774762628372069,0.7249431313717363,-0.05715932649100697,-0.144921564164461,0.056592763949917746,0.12322713816309916,0.11375209044092471
-0.19809312617105113,-0.4578378771795668,0.8365918523079096,0.6384987261368584,-0.010971184289700453,-0.025110675338063437,0.7485649045506604,0.7375937202609599,-0.015129420701753493,-0.03475346248591471,0.753421482660416,0.7382920619586625,-0.08317036964749358,-0.2069872121792642,0.09979333582180405,0.2160972025143879,0.18296370546929763
-0.1659603077872338,-0.3806859810203116,0.8187173052354355,0.6527569974482017,-0.029533519373635797,-0.06598066440291284,0.737297243266059,0.7077637238924233,-0.0411020628223836,-0.09430117782380831,0.764994536189346,0.7238924733669624,-0.053722769046089525,-0.13257648881338024,0.07113547591876068,0.15380831438312303,0.1248582449648502
-0.16006768478279243,-0.3617791006628297,0.8045475867488463,0.6444799019660539,-0.040259741956939266,-0.09046685544879995,0.7475377170071361,0.7072779750501968,-0.07736165438998355,-0.18521801410147454,0.8114499151534378,0.7340882607634542,0.0069023284045914846,0.017524837523394954,0.08960835879740037,0.19408592408475012,0.08270603039280888
-0.21385556517648052,-0.4890105516847516,0.8342485038332312,0.6203929386567507,0.028033452242206436,0.06244464748853651,0.7058619957020754,0.7338954479442819,-0.07786655087862815,-0.18083022058622067,0.7910248220015762,0.713158271122948,-0.043223681831655036,-0.11093898587656392,0.09276533246619734,0.197241345221967,0.13598901429785237
-0.10180105699436925,-0.23590855560007307,0.7999919732952603,0.698190916300891,0.02569192837935419,0.05706228558198134,0.70438032541167,0.7300722537910241,-0.09235283325359056,-0.22398070030212303,0.825971833608224,0.7336190003546335,0.025979860312963732,0.06666387944900976,0.035428084053742426,0.0785917347469598,0.009448223740778694
-0.06815100796299678,-0.15816835726213796,0.7861842915775583,0.7180332836145615,0.023483854363105183,0.05241539458701494,0.7100376743808489,0.733521528743954,0.006510539910219881,0.015967694663902243,0.7861333169710433,0.7926438568812632,-5.097460651504182e-05,-0.00012432345029012026,0.07461057326670162,0.17401172847575008,0.07466154787321666
-0.08788800423534693,-0.199598346252583,0.7782917940183217,0.6904037897829748,-0.02557458940349222,-0.056804965811127595,0.7300695706098586,0.7044949812063663,-0.020534337656627488,-0.04916190897708361,0.7849597456360482,0.7644254079794207,0.006667951617726486,0.016140002485176552,0.07402161819644593,0.16657643976067593,0.06735366657871944
-0.13347039456283216,-0.3096137961560761,0.8140863096412142,0.680615915078382,0.02801157054235337,0.06297473486544636,0.714095441751131,0.7421070122934844,-0.022401121503281662,-0.052304742512093494,0.7690535493501822,0.7466524278469006,-0.04503276029103198,-0.1110126518732919,0.06603651276851852,0.1462964017706907,0.1110692730595505
-0.0858636921576369,-0.20778863142849158,0.8218275016554114,0.7359638094977745,-0.009440259302235465,-0.021723429079582246,0.7519809771508509,0.7425407178486154,-0.025205660837130273,-0.061487783114350325,0.7986577173027289,0.7734520564655987,-0.023169784352682465,-0.05911493343882723,0.03748824696782416,0.08718591487531402,0.06065803132050662
-0.19062040005592207,-0.4412012993343175,0.8348728280919652,0.6442524280360431,-0.056329128283389984,-0.12400550667762444,0.7360790699608203,0.6797499416774303,-0.0496978453075646,-0.11554013078077263,0.7789395340572564,0.7292416887496918,-0.055933294034708814,-0.14203820637497655,0.08498926071364865,0.18362296217856833,0.14092255474835746
-0.1120479888105983,-0.2547627169516833,0.789730760676695,0.6776827718660967,-0.0037534581290328273,-0.008645046286310354,0.749848971077512,0.7460955129484792,-0.01158160754556714,-0.02823406017003549,0.7916379835892958,0.7800563760437287,0.0019072229126008144,0.004688134442354386,0.10237360417763197,0.23121679122400218,0.10046638126503116
-0.1773705245213547,-0.42085231379973975,0.8469252535783429,0.6695547290569882,0.034598455226932834,0.07846568136755039,0.7180495811886835,0.7526480364156163,-0.017501189864085,-0.04097161566781393,0.7685304962880238,0.7510293064239388,-0.07839475729031908,-0.19987330854817387,0.08147457736695063,0.18000738958375195,0.1598693346572697
-0.13621779143518908,-0.3208752127370511,0.8259609838417808,0.6897431924065918,0.01563255282609488,0.03631873295785626,0.7465282571676075,0.7621608099937024,-0.05726808537125061,-0.1328680795617081,0.7809651938403726,0.7236971084691219,-0.0449957900014083,-0.11339866505979002,0.033953916062530176,0.074608468115553,0.07894970606393847
-0.14588528150489255,-0.339429031793941,0.8212976915670935,0.675412410062201,0.021789253220706906,0.05022143567884063,0.7374677908703425,0.7592570440910494,-0.02572080526417697,-0.06123688344976941,0.7838916236663425,0.7581708184021655,-0.03740606790075107,-0.09407036680708725,0.0827584083399645,0.18412178153708436,0.12016447624071558
-0.2229631755245799,-0.5177504962445496,0.848961758540124,0.6259985830155441,0.012985097053310635,0.0295737912836036,0.7326455762632946,0.7456306733166053,-0.04173715780842402,-0.09552612816540718,0.7634018044297406,0.7216646466213166,-0.08555995411038342,-0.2176583202515041,0.09566606360577246,0.20456604782763832,0.18122601771615587
-0.1732815245122804,-0.3929089082517274,0.8123825660716905,0.63910104155941,-0.0035327258833832698,-0.007848398083865948,0.7194580013084911,0.7159252754251079,-0.07462842240533363,-0.17766082207100986,0.8065883113250257,0.7319598889196921,-0.005794254746664729,-0.014755035462217236,0.09285884736028205,0.20049305071850032,0.09865310210694678
-0.10018556460905437,-0.23309813467263707,0.8022078717541223,0.702022307145068,0.021886045755751482,0.049782969406970246,0.7270720027726026,0.7489580485283541,0.003401055132012276,0.008109422143118383,0.7705222389497047,0.773923294081717,-0.03168563280441761,-0.07735371867948393,0.07190098693664904,0.16385383813627152,0.10358661974106664
-0.17345491661523682,-0.40148967591052087,0.8283999583709517,0.6549450417557149,-0.00017829246806488896,-0.00039313513619854135,0.71062330585453,0.7104450133864652,-0.05976367756617729,-0.14127651813214692,0.7952088042787233,0.735445126712546,-0.03319115409222839,-0.08499093574346173,0.08050008495683114,0.17522222203491222,0.11369123904905953
-0.17623163996847413,-0.4186856083655528,0.8473180914272767,0.6710864514588025,0.023351071883028207,0.05272344203482504,0.7201846152264961,0.7435356871095243,-0.027665324792693458,-0.06549378807420592,0.7810930903938481,0.7534277656011547,-0.06622500103342854,-0.17088712134904016,0.08234131414235213,0.18230469894230672,0.14856631517578067
-0.14342371134663345,-0.3445949336053382,0.8415994287735642,0.6981757174269307,-0.0004168397372532606,-0.000941295328066527,0.7323635142341203,0.731946674496867,-0.05410743994137324,-0.12528695542741675,0.7780475764107357,0.7239401364693625,-0.06355185236282845,-0.16245423902339695,0.025764419042431763,0.05685373915452452,0.08931627140526022
-0.07868045082179231,-0.1869154980015706,0.8070379266547284,0.7283574758329361,0.03402275962959833,0.0763276920172773,0.7091290657903008,0.7431518254198991,-0.04190767955522534,-0.10278213652153356,0.8097213381455628,0.7678136585903375,0.0026834114908343976,0.006818065197503831,0.03945618275740137,0.09095142667754086,0.03677277126656697
-0.05439830468995732,-0.13486626782299505,0.8215912220539644,0.7671929173640071,0.015182492021790561,0.034376862869192504,0.7267399556488896,0.7419224476706802,-0.08789590336618758,-0.21115715225299514,0.8182450342457785,0.730349130879591,-0.003346187808185852,-0.00870831832777208,-0.03684378648441611,-0.08499920275777217,-0.033497598676230256
-0.12075052100212103,-0.2789615152064846,0.8057885682669691,0.6850380472648481,-0.0717128422901282,-0.15643899297721542,0.733827385205465,0.6621145429153368,-0.02155692250244101,-0.05013154466658509,0.7657573983697173,0.7442004758672763,-0.04003116989725175,-0.09766455812790298,0.05916242860242826,0.13116541241199653,0.09919359849968001
-0.1918903908822971,-0.43823800768495236,0.8252190995114912,0.6333287086291941,-0.0367239300329959,-0.08292700806832576,0.750056181660464,0.713332251627468,-0.10038221466531905,-0.23695995872552222,0.8123470829110153,0.7119648682456963,-0.012872016600475877,-0.033421393551213985,0.07863615961650217,0.16785665540821615,0.09150817621697804
-0.08593334046579582,-0.20671787641843542,0.8182098106032942,0.7322764701374984,0.02624021415005462,0.06159114762229656,0.7483540467865755,0.7745942609366301,-0.03456365678638429,-0.08324872492363422,0.795467456715132,0.7609037999287477,-0.02274235388816226,-0.057630321996229306,0.028627329791249267,0.0658388294985719,0.051369683679411526
